36 127 42 60 72 48 12 84 36 88 141 30 0 115 47 20 40 63 10 94 81 63 46 173 101 28 67 80 86 73 146 48 9 40 1 39 74 53 18 18 62 57 105 101 20 251 2 96 36 40 41 64 55 56 58 14 12 0 21 72 0 4 52 0 44 36 42 0 36 69 47 133 57 0 117 54 125 42 65 48 93 19 37 78 110 60 35 15 75 63 29 3 147 81 49 144 32 77 21 50 96 71 12 66 42 64 48 16 35 68 73 50 18 45 102 108 54 36 24 53 20 72 95 0 23 178 67 102 82 2 16 34 69 34 4 31 95 0 40 28 79 58 88 32 12 0 41 0 12 51 126 67 30 32 103 24 76 20 44 0 14 61 40 1 14 28 90 93 44 82 163 61 8 119 20 7 136 96 179 54 41 30 136 46 25 126 36 56 266 102 28 123 36 22 123 97 82 133 0 48 115 50 26 97 136 102 45 28 64 18 0 20 9 5 144 73 243 0 12 18 96 117 36 66 12 5 37 60 31 155 12 37 30 40 90 54 36 82 35 0 59 36 48 45 121 68 50 12 0 0 7 8 141 0 72 52
53 0 39 107 104 19 56 211 28 123 39 78 48 163 126 116 156 70 79 70 4 138 68 41 140 35 0 12 35 34 91 218 60 103 113 40 14 9 131 74 115 114 61 15 130 48 62 26 0 86 0 226 48 138 12 143 102 80 0 81 86 144 98 148 129 182 62 38 122 88 162 0 138 52 169 80 2 107 47 40 48 47 33 0 189 21 55 96 154 142 30 74 24 205 10 18 75 119 21 26 91 0 57 75 5 174 9 80 40 108 107 69 5 0 69 45 52 150 83 23 137 48 99 101 111 85 136 10 162 12 190 42 38 90 79 6 55 145 81 85 55 48 58 163 35 74 0 92 64 1 56 71 236 83 65 87 142 78 0 67 51 63 96 1 121 138 0 0 100 12 162 29 51 5 0 5 115 74 98 81 81 5 28 64 133 150 62 27 191 14 147 113 59 148 34 70 52 68 54 93 141 105 179 99 104 11 100 239 57 161 151 55 17 75 94 96 92 62 139 28 68 60 0 113 0 10 63 143 67 171 0 48 0 42 83 0 24 0 104 64 71 172 84 136 82 82 77 14 170 13 3 20 122 81 50 53
64 56 42 43 133 105 106 34 22 121 117 81 16 150 63 88 89 14 207 243 51 105 106 11 228 108 50 93 14 72 71 149 58 194 44 105 3 22 43 45 84 114 48 0 32 158 57 168 197 18 20 162 12 96 46 66 148 36 0 56 54 101 152 59 164 0 7 65 91 61 20 54 178 36 121 39 24 106 77 120 126 88 117 43 148 4 63 0 98 55 73 44 18 86 52 40 0 75 44 89 102 36 72 161 108 92 64 4 121 134 141 108 35 29 52 8 53 70 34 111 54 9 62 183 66 19 50 61 250 97 144 8 56 49 64 55 98 24 159 64 206 175 46 72 91 117 156 100 69 101 32 135 115 80 21 71 109 77 113 115 81 58 61 78 77 148 79 19 75 72 142 106 79 108 177 79 105 18 120 32 12 0 70 35 65 174 67 21 103 139 190 85 34 116 0 102 136 178 30 0 65 120 194 109 60 10 100 63 77 115 135 21 54 90 75 88 47 108 80 64 91 38 73 50 72 31 6 117 0 88 39 123 80 81 18 0 20 87 28 47 44 186 138 173 26 59 121 48 78 50 84 28 72 81 87 179
123 50 16 48 68 101 32 137 71 20 121 24 22 61 176 74 16 121 99 33 63 48 42 78 71 136 57 60 168 25 303 46 50 53 36 72 29 130 163 14 137 38 44 142 87 160 74 64 16 79 36 87 150 63 100 10 45 64 56 33 66 95 64 78 80 91 24 125 91 241 97 23 12 32 187 68 52 38 99 209 128 128 37 62 146 49 37 83 123 73 118 89 138 45 60 75 93 152 68 58 68 77 57 45 82 172 116 70 144 18 60 31 99 95 55 36 20 82 78 99 10 159 118 147 116 66 122 54 67 49 96 15 47 97 0 67 189 117 8 176 49 136 146 225 1 20 97 171 96 119 154 25 0 27 88 155 43 49 58 0 117 58 94 67 151 24 119 99 73 177 84 72 13 99 56 216 127 117 41 174 211 14 45 89 36 90 21 28 112 77 41 130 35 16 121 110 52 77 18 63 92 135 58 171 200 24 89 123 159 92 94 167 2 16 96 8 133 109 54 64 38 145 102 80 129 0 43 84 120 36 5 290 20 133 99 41 16 144 81 119 83 108 184 103 94 76 136 92 118 130 162 104 221 49 100 0
81 72 14 62 18 20 72 28 52 54 56 24 72 47 56 135 0 121 58 122 25 0 145 58 0 6 0 87 56 56 34 80 0 61 56 155 0 10 89 47 24 47 0 7 63 70 0 24 0 23 46 16 144 51 73 115 96 119 15 41 38 0 54 30 85 48 16 22 28 128 42 20 52 0 69 123 132 0 0 59 98 42 20 74 105 60 140 32 45 137 85 32 27 96 127 35 42 59 12 66 0 62 12 58 70 63 99 127 64 18 31 49 45 64 30 0 79 41 0 36 0 24 104 58 77 118 55 14 40 0 119 0 35 71 15 0 70 40 42 32 82 45 87 54 30 15 36 96 48 64 0 17 0 75 91 77 64 130 94 47 0 91 66 4 32 120 5 24 32 53 118 64 57 161 0 21 65 120 45 39 55 56 4 21 32 172 118 6 100 60 152 49 131 112 119 60 189 95 56 16 150 21 69 14 0 103 60 59 21 128 124 136 86 84 16 30 14 73 67 16 16 62 33 0 19 127 12 24 24 101 64 0 28 6 94 72 16 16 0 53 73 14 0 43 35 220 0 0 27 39 27 28 41 0 199 94
64 68 39 48 16 5 21 0 30 41 149 2 14 72 146 0 63 40 10 104 69 53 52 81 7 3 13 24 4 40 9 84 25 34 81 55 0 0 72 3 96 24 2 111 81 29 40 12 32 1 0 61 71 80 42 0 26 85 0 187 12 68 7 83 48 107 50 49 25 131 94 36 9 35 67 0 48 74 29 18 40 7 9 24 70 48 15 76 28 99 4 16 99 6 20 36 30 83 209 30 27 36 0 0 2 49 46 1 40 33 32 57 49 0 45 51 18 27 133 54 62 28 8 69 1 56 25 50 46 8 36 0 16 89 54 0 7 30 66 0 16 79 74 56 16 9 135 17 97 0 0 12 67 55 43 40 108 8 47 0 54 39 28 63 117 11 64 3 48 35 37 0 0 73 70 34 84 8 43 32 18 74 56 146 116 51 16 45 45 118 14 20 0 68 36 9 0 32 28 64 68 9 77 7 45 158 63 55 44 14 16 36 74 54 6 36 116 7 56 9 9 57 8 72 16 57 23 41 75 16 88 101 50 27 0 57 4 18 5 0 4 0 35 16 65 21 21 5 50 54 14 50 121 0 25 51
44 0 0 72 84 68 10 41 29 225 290 0 71 0 147 16 183 74 27 53 28 0 0 69 0 112 88 72 69 28 63 81 109 24 121 0 113 21 70 9 91 0 75 135 53 108 0 0 8 63 25 27 0 45 62 63 90 2 73 42 58 0 45 27 156 124 33 9 36 66 62 72 45 0 35 18 17 19 36 128 0 53 8 0 129 119 92 25 35 36 22 0 12 27 0 98 70 103 195 33 112 0 0 7 72 41 65 115 9 128 63 1 0 7 112 0 112 96 145 78 81 9 0 6 97 18 5 57 32 134 113 0 0 25 0 79 183 53 0 30 40 30 156 19 84 54 90 10 48 69 10 9 75 47 54 0 65 82 191 5 57 81 54 24 171 9 16 63 40 67 76 115 87 31 16 89 114 9 24 102 42 0 41 46 67 78 18 0 54 134 18 3 91 2 32 0 90 144 72 86 48 78 72 4 60 7 147 70 24 36 65 79 22 0 123 163 14 0 0 14 18 0 2 86 48 57 49 27 24 10 27 73 58 75 135 49 0 0 137 56 60 0 133 16 40 128 70 6 72 0 45 42 68 0 40 6
0 54 143 60 63 63 20 53 3 45 15 36 15 65 60 4 4 62 9 49 54 76 38 0 0 86 0 0 36 54 35 0 30 13 39 9 75 46 35 63 2 36 12 71 9 0 52 7 7 0 67 12 54 34 33 71 18 120 10 12 63 0 13 25 14 53 18 20 66 104 53 3 11 35 68 51 0 81 0 78 59 12 0 83 140 62 12 61 27 3 38 54 154 42 31 57 32 96 42 34 42 105 13 24 7 90 0 0 127 30 0 39 0 36 4 0 0 83 48 11 12 100 101 28 32 76 68 24 36 67 0 3 101 18 36 0 15 58 3 72 4 6 73 9 0 23 129 30 81 8 8 1 81 4 104 22 35 15 53 0 54 42 67 30 73 20 157 0 52 73 8 29 0 73 0 157 0 39 103 205 56 88 120 27 29 4 3 30 15 33 40 0 6 35 45 37 6 0 0 0 6 193 4 12 63 15 52 7 23 72 44 12 0 36 54 64 4 29 0 28 48 46 29 36 63 0 20 60 6 67 0 133 110 30 20 15 81 60 147 6 28 56 38 105 30 0 4 63 45 28 59 86 88 57 43 36
66 144 103 130 150 71 74 47 145 44 211 8 32 62 290 28 0 98 129 55 36 38 58 36 58 21 0 56 36 67 153 106 111 69 8 37 132 93 127 15 6 70 140 78 63 25 20 4 72 31 78 78 110 99 60 24 160 0 27 24 9 50 146 23 135 49 58 85 15 192 98 0 91 72 0 49 128 57 56 144 130 186 155 144 111 39 264 45 32 84 165 59 108 139 97 0 36 134 35 66 96 96 0 123 0 6 164 95 50 74 0 56 39 8 56 41 0 111 85 42 36 60 36 201 106 224 175 102 250 51 0 0 36 34 50 99 106 175 108 45 72 136 106 12 110 39 45 67 87 32 28 24 111 70 138 149 88 25 49 0 14 99 41 163 63 189 163 36 25 63 147 48 0 189 25 167 154 43 37 134 130 115 67 72 68 0 58 20 156 45 73 101 44 52 64 31 265 274 30 103 105 51 32 92 4 0 85 81 62 143 35 49 76 44 100 0 63 0 322 56 16 144 137 76 63 114 18 25 33 81 77 197 14 18 84 80 36 0 48 64 196 173 128 32 112 157 152 20 47 70 143 81 84 71 99 80
0 4 42 51 48 26 46 2 61 18 2 37 82 0 90 30 36 4 4 138 146 7 65 137 18 25 191 63 0 20 45 36 18 138 68 61 45 52 0 81 48 24 24 65 42 112 50 0 64 128 35 12 153 42 2 24 6 12 29 124 30 55 14 24 48 0 100 158 16 36 28 93 36 7 135 185 174 38 42 10 95 95 0 42 45 48 81 73 67 93 23 35 0 8 36 127 62 58 27 0 16 83 54 94 117 11 59 80 12 0 14 6 152 62 96 81 56 43 149 16 1 6 94 8 71 185 18 0 45 62 78 14 36 0 56 43 60 36 0 33 72 8 54 24 43 0 93 85 63 0 30 36 6 11 62 93 98 0 104 0 42 36 88 7 90 9 44 0 38 11 5 91 51 39 78 10 93 70 7 103 6 83 0 74 100 40 36 34 161 119 0 63 57 67 14 63 0 60 45 0 59 24 76 3 39 58 36 126 26 42 8 77 50 0 63 35 145 61 121 22 26 177 12 21 8 103 27 48 23 93 0 88 0 35 45 3 0 64 0 0 49 0 88 20 8 96 36 12 59 41 0 10 18 20 76 43
129 85 62 130 8 97 105 66 84 44 24 60 94 66 80 101 78 68 72 80 27 41 141 67 78 108 58 59 0 89 93 106 172 48 28 144 82 73 36 31 132 83 0 94 28 23 102 89 24 130 27 45 77 112 86 83 76 60 114 155 18 106 179 80 7 193 59 131 22 89 67 53 235 70 44 69 77 130 59 29 168 36 0 42 294 55 40 62 82 16 72 61 49 115 32 63 136 119 54 35 40 94 59 32 106 72 63 124 36 102 24 88 23 115 172 81 100 200 32 35 79 151 345 169 58 37 39 0 59 79 48 115 0 1 143 0 170 163 47 15 173 107 28 61 77 56 217 133 93 11 137 0 75 110 35 33 28 186 60 81 87 88 97 33 109 0 24 27 34 64 256 223 124 16 28 60 81 20 159 51 88 90 23 85 153 45 32 28 66 57 260 95 82 188 0 81 169 36 93 51 65 163 127 131 85 148 103 21 70 64 56 144 0 56 48 243 73 98 78 48 87 148 120 52 101 121 64 68 26 18 87 88 84 24 68 127 16 54 0 14 54 146 95 96 30 76 0 62 126 81 111 41 21 56 123 65
53 18 252 36 90 5 16 9 49 18 141 115 132 99 159 125 32 179 23 128 12 15 46 84 0 0 5 0 32 106 90 7 62 136 0 122 36 105 18 43 143 45 27 117 125 0 25 21 86 25 72 78 98 75 36 32 158 214 117 112 51 63 54 121 148 242 88 78 50 0 107 63 30 22 196 82 75 119 0 105 238 153 77 48 48 84 123 182 59 70 64 75 116 86 0 33 0 0 28 12 0 66 81 71 69 36 149 72 99 12 171 40 121 124 165 143 32 27 82 62 311 100 136 80 156 90 0 187 72 98 73 74 24 0 129 82 38 21 98 66 94 177 93 149 42 41 0 12 28 0 52 73 116 0 128 14 48 51 186 96 32 214 23 21 105 86 160 54 20 30 72 65 139 43 0 51 161 22 121 201 138 91 93 48 43 87 63 20 131 81 38 27 99 101 77 0 7 61 0 99 46 127 131 34 32 54 102 150 45 42 72 81 49 92 22 16 42 69 108 82 82 78 65 25 6 0 77 28 174 35 0 93 63 0 19 97 18 0 0 0 27 38 170 81 180 72 58 72 91 0 190 93 28 22 0 9
66 4 88 114 10 85 0 112 159 38 84 72 62 68 28 114 14 51 0 107 64 52 80 0 38 109 102 28 63 0 31 90 0 0 31 235 0 40 0 79 0 80 50 45 58 64 20 119 107 112 126 0 83 18 117 47 24 53 21 0 56 30 69 11 118 36 54 27 16 126 16 25 39 0 57 217 18 56 21 52 27 113 173 93 44 53 68 56 64 93 60 0 96 21 35 61 12 13 48 32 101 139 42 45 54 0 127 78 72 83 127 10 23 20 25 8 64 158 209 74 88 45 12 179 0 115 21 10 126 41 42 15 0 79 122 14 50 75 42 111 111 161 59 0 84 0 36 96 154 64 49 48 46 49 25 186 37 46 40 54 80 81 0 74 31 69 63 9 30 107 179 200 99 72 41 70 32 87 28 67 27 8 115 0 61 22 0 38 88 40 51 16 95 0 123 115 97 0 18 0 53 0 88 45 27 88 70 118 63 2 0 99 84 114 74 64 64 25 65 45 28 138 51 128 6 0 8 63 80 0 40 150 8 149 11 66 9 46 49 120 98 121 65 0 9 182 0 85 145 0 0 0 42 87 54 35
77 41 32 73 32 59 14 14 31 0 153 45 32 0 40 53 19 88 28 67 88 55 25 78 31 27 134 65 101 0 63 27 67 16 34 104 85 30 131 7 26 18 15 56 20 72 56 2 50 145 21 3 3 124 85 34 100 40 20 29 9 69 48 33 7 135 44 96 36 56 63 40 35 0 24 54 40 62 35 18 33 0 83 10 97 65 40 0 149 9 57 61 78 74 35 77 8 18 55 65 12 65 98 9 116 97 119 61 79 36 12 0 90 19 55 16 0 70 36 25 32 12 94 44 22 142 21 16 34 24 210 21 12 58 10 27 56 65 77 15 49 88 71 61 108 18 144 57 120 4 26 59 30 65 16 54 34 16 49 40 0 35 60 30 69 48 2 0 55 82 67 94 34 30 59 111 12 123 69 58 98 84 38 74 33 48 16 25 8 100 38 0 66 136 36 28 119 0 30 0 74 45 96 179 3 11 27 102 31 0 138 105 65 26 77 92 45 68 100 14 40 114 109 24 56 13 15 21 9 6 0 31 24 157 163 15 0 131 21 25 10 98 49 15 36 39 0 126 83 28 35 32 43 90 49 20
52 77 43 61 65 61 68 53 71 24 85 4 84 48 9 32 23 73 63 45 34 24 16 72 65 97 18 126 77 1 66 0 91 36 36 127 99 10 84 46 130 30 16 83 75 24 15 0 24 20 51 6 97 238 50 23 73 92 78 54 41 65 90 36 70 49 179 72 71 6 25 26 34 19 36 6 0 1 63 24 106 5 84 14 54 2 86 1 100 47 6 55 72 49 21 48 27 0 0 144 148 63 31 0 84 43 8 8 36 9 5 64 50 45 18 12 37 0 29 0 0 39 18 6 61 32 4 23 13 6 0 14 0 90 18 0 104 116 77 57 21 108 0 7 81 39 117 46 8 35 54 52 56 0 75 23 121 8 89 24 0 67 68 0 0 72 83 21 37 4 106 48 50 92 78 129 28 8 32 24 32 72 5 40 56 51 12 53 5 71 10 15 36 54 56 9 42 29 27 0 96 27 30 128 2 10 13 0 92 51 27 0 9 17 35 10 16 8 127 0 9 87 111 24 12 85 0 0 156 32 9 16 54 13 144 0 45 7 90 70 54 6 35 20 39 8 21 70 6 0 69 0 96 34 108 4
34 69 63 8 15 59 91 30 0 63 70 94 45 120 88 118 18 175 59 169 16 14 77 52 54 19 49 48 56 15 66 66 0 87 0 40 8 33 81 0 18 63 0 18 28 129 89 28 52 40 18 73 187 48 66 75 89 89 81 48 18 97 49 74 115 16 0 13 54 16 52 91 96 15 0 70 28 54 35 63 197 41 28 0 77 38 4 16 35 27 15 56 139 0 56 81 24 79 35 9 0 5 6 84 50 94 118 22 65 27 54 46 21 0 21 20 31 6 124 0 18 75 46 27 33 102 64 46 8 54 56 36 81 124 3 49 35 0 21 28 0 85 16 51 7 117 32 93 64 4 0 60 33 35 45 119 105 61 95 56 7 44 69 30 87 106 6 36 105 7 106 24 114 42 87 89 42 85 42 34 131 92 9 18 54 57 65 59 39 24 139 0 100 123 182 0 105 0 0 12 67 28 15 64 35 8 24 93 55 44 149 40 24 10 15 0 18 18 51 19 59 3 49 35 21 0 0 7 0 32 9 76 10 114 119 0 84 33 30 18 8 111 63 137 69 54 42 38 0 2 0 47 34 28 36 12
87 106 1 57 12 0 91 9 49 55 156 25 37 16 139 100 28 14 73 62 46 42 47 65 15 77 53 129 30 41 109 45 83 50 24 48 102 89 48 24 70 0 29 124 12 184 10 143 34 44 0 62 146 88 54 59 75 36 42 132 30 39 70 9 32 24 67 93 0 46 61 91 14 6 147 42 75 36 28 84 35 21 61 0 0 64 35 10 104 60 59 2 60 0 28 76 48 71 48 56 12 50 8 86 84 46 22 73 72 16 38 91 46 26 192 6 10 79 46 18 41 126 70 11 16 92 6 0 27 76 0 42 55 12 18 62 37 42 49 132 52 53 99 126 65 18 37 141 140 10 70 35 109 139 24 30 98 50 40 10 0 21 28 21 73 8 34 24 74 90 106 72 0 124 16 118 55 128 168 94 14 32 32 45 137 30 41 12 28 68 56 53 68 10 65 42 6 3 28 11 25 99 5 8 14 60 110 64 0 54 83 32 24 19 69 49 126 61 0 143 103 72 14 22 110 6 71 40 62 67 40 72 40 0 53 30 42 87 118 72 2 86 72 101 106 49 53 16 22 46 28 32 55 50 119 42
68 0 10 63 24 36 48 56 14 54 0 54 9 150 0 27 0 85 39 73 0 59 86 87 96 12 12 27 13 21 48 0 54 35 120 132 9 42 7 56 7 84 0 22 3 32 77 0 0 64 83 4 48 6 6 90 8 54 21 16 0 33 0 24 32 0 6 35 60 114 35 29 20 0 41 103 32 9 7 0 45 18 0 49 81 0 31 39 0 63 0 36 7 0 33 0 0 111 27 0 7 54 0 130 25 54 111 65 88 9 30 0 57 21 52 0 48 0 81 0 63 85 41 81 0 63 13 2 30 0 36 56 86 5 81 14 0 4 0 21 49 82 95 10 16 12 5 112 18 0 45 12 0 32 35 72 0 2 0 17 0 0 56 63 72 96 0 0 0 26 50 0 41 94 21 6 24 72 45 21 36 36 15 0 0 71 58 27 64 0 45 48 45 9 96 45 0 33 21 0 48 42 56 12 0 51 28 7 6 2 22 27 7 9 120 15 63 29 95 0 0 59 63 63 9 27 3 0 0 138 24 0 36 42 24 27 54 12 0 0 55 0 68 18 56 21 0 0 0 0 0 148 45 45 0 105
54 6 58 126 56 93 6 33 49 16 48 15 53 19 22 64 16 21 0 107 0 108 54 0 83 87 96 5 28 106 32 121 53 53 0 57 97 0 0 14 24 0 21 42 81 98 16 11 3 63 0 163 47 82 59 78 42 6 9 32 21 84 25 81 52 63 21 40 11 93 40 48 8 0 69 14 128 68 9 62 47 48 40 0 75 0 0 0 70 3 115 49 33 3 65 70 18 104 113 7 0 34 84 45 65 11 124 15 12 180 114 35 130 0 35 120 72 61 188 6 48 91 112 64 15 119 6 0 110 126 7 8 28 138 105 4 81 52 132 24 115 120 58 86 78 69 118 112 63 135 15 145 97 81 64 82 0 52 40 91 69 48 124 130 49 76 4 0 52 28 135 59 40 65 10 134 24 72 50 18 199 2 10 149 70 186 55 6 32 36 56 35 42 70 76 100 60 67 45 96 194 73 133 70 0 29 180 45 9 10 0 71 149 120 2 136 4 86 49 49 6 0 107 7 40 23 21 45 51 72 40 21 28 124 18 150 24 40 28 7 77 54 80 45 0 88 25 6 45 54 30 0 136 80 106 89
122 32 67 129 117 94 0 6 40 24 46 71 123 165 79 159 18 99 105 2 0 135 93 52 42 36 44 23 88 89 186 122 49 60 81 69 5 91 0 61 9 31 39 41 57 40 64 31 0 0 9 9 186 66 16 147 82 81 49 110 89 115 52 76 107 43 88 0 9 54 69 8 38 15 162 132 192 62 21 128 160 48 2 163 135 4 67 107 81 100 72 63 156 54 79 99 114 114 40 41 83 74 90 0 63 103 49 36 68 0 96 31 9 209 0 0 77 93 128 43 26 72 173 45 141 72 90 59 4 33 38 64 66 10 35 91 67 95 0 26 94 117 160 72 7 62 56 0 16 9 0 52 27 53 49 37 29 55 51 56 34 41 132 0 54 63 16 0 121 104 56 43 15 93 0 134 103 103 57 246 104 80 185 105 37 7 56 56 25 101 36 129 99 53 99 54 32 12 0 15 38 133 97 54 37 15 152 36 30 116 18 62 100 83 58 6 13 5 60 0 25 0 144 61 114 101 18 62 24 64 54 137 121 42 71 93 19 26 63 0 37 73 130 167 138 35 34 98 210 111 240 72 36 27 42 18
37 135 152 24 0 56 86 43 37 9 121 93 50 10 35 136 25 37 9 122 37 98 58 20 13 18 48 41 21 25 69 0 5 102 1 63 56 19 79 54 28 28 28 81 45 37 117 42 7 55 15 45 116 39 103 47 101 19 37 0 4 36 104 35 112 117 6 66 13 35 58 77 26 28 144 29 10 111 33 45 81 0 51 14 47 30 32 80 36 12 20 16 70 38 104 54 21 22 68 15 56 69 13 42 1 44 122 33 0 3 40 13 36 16 134 88 39 13 53 42 22 75 117 64 3 92 12 68 91 131 13 101 0 39 84 21 67 12 34 43 139 72 53 76 27 0 5 6 63 13 90 9 46 54 37 28 97 36 92 76 12 73 38 37 0 93 12 24 50 10 170 52 20 40 38 206 168 78 112 21 79 164 56 63 120 18 173 12 12 103 34 0 108 89 106 33 107 18 24 39 165 92 22 90 43 0 47 70 11 30 110 84 2 88 8 63 24 72 41 16 12 69 79 0 2 0 27 0 63 12 69 11 16 48 51 146 18 70 37 67 6 39 43 14 4 86 24 49 61 24 171 9 4 83 14 59
64 8 0 104 4 6 0 6 0 4 17 0 0 4 52 0 0 0 86 2 36 49 80 5 1 0 43 42 29 3 0 28 42 44 77 0 10 42 8 58 42 15 34 19 16 35 14 10 15 54 12 6 7 43 8 0 84 32 0 68 33 35 18 8 86 0 10 0 4 36 59 52 0 36 64 18 2 9 2 0 72 26 0 38 92 0 68 28 10 0 52 32 46 0 0 39 42 2 35 13 0 0 25 64 0 8 75 20 1 20 3 1 8 109 24 5 15 58 6 32 18 16 24 8 14 8 10 84 8 0 28 19 12 21 56 16 94 16 39 65 39 37 57 73 54 40 92 69 0 1 32 0 0 16 0 21 36 0 8 4 21 26 76 40 37 20 70 13 0 0 57 29 1 74 0 6 49 42 0 49 32 93 36 38 42 0 2 0 42 49 91 7 0 36 0 56 120 28 20 8 0 44 73 56 15 8 122 2 72 0 54 48 0 65 54 0 0 61 0 0 0 8 0 34 48 16 42 32 0 24 32 54 32 10 48 12 0 0 53 0 0 50 12 121 0 6 28 72 0 0 78 94 9 8 0 54
0 0 2 116 0 108 20 30 37 71 187 12 12 73 241 0 57 68 45 35 28 24 16 36 80 0 45 0 0 119 77 65 12 102 27 33 88 0 2 125 38 140 25 63 37 135 49 69 45 42 0 36 34 151 5 4 35 66 0 156 0 197 92 30 0 88 63 0 86 83 181 101 83 30 5 100 116 68 9 81 10 35 109 127 94 45 65 72 0 84 15 79 42 68 12 56 2 13 58 12 0 0 70 133 27 33 51 0 5 86 162 60 29 32 0 37 1 72 108 0 42 3 32 16 24 99 120 0 60 35 85 0 49 49 4 41 40 73 28 7 45 155 2 72 26 70 102 6 74 20 27 0 50 30 108 35 186 0 0 40 11 14 174 91 84 158 36 52 21 0 12 70 170 0 111 48 94 100 0 76 126 32 91 35 31 87 56 27 110 77 68 0 116 81 84 100 0 196 101 10 81 28 40 108 40 0 25 78 0 16 28 0 127 157 43 47 160 54 64 16 64 44 99 24 20 98 0 83 105 0 35 21 42 57 16 112 48 0 49 0 89 36 135 27 33 0 107 48 51 0 98 0 9 54 15 54
50 145 31 7 25 6 66 169 20 87 54 12 146 140 9 101 18 96 0 8 26 24 39 32 0 0 47 40 2 58 130 9 35 53 18 112 16 97 81 129 92 72 1 99 42 14 57 0 45 87 82 110 90 69 107 141 208 32 82 10 74 71 30 102 37 40 31 126 0 76 63 112 24 86 60 81 56 18 16 24 100 68 45 57 216 44 32 69 46 147 7 157 200 217 89 48 52 33 10 59 52 81 40 56 1 54 88 38 0 18 42 10 32 0 90 8 94 124 12 0 16 172 84 129 102 81 5 121 198 0 89 140 99 0 44 60 102 32 59 86 56 103 56 117 28 12 63 97 74 12 72 39 109 100 134 109 82 48 0 4 14 143 49 35 60 112 132 21 10 79 193 10 145 123 69 28 65 87 26 93 145 102 32 23 74 95 120 0 127 39 8 79 135 36 17 94 103 1 35 129 210 18 104 81 95 97 76 143 26 38 180 99 68 64 8 103 78 18 0 0 46 26 24 25 26 45 30 0 98 97 61 16 8 145 72 109 32 12 167 151 172 39 121 4 74 59 110 175 63 27 44 102 62 63 88 84
10 79 61 90 141 94 37 57 53 100 156 35 70 99 72 58 67 97 10 10 0 0 90 32 18 85 95 32 0 89 121 138 10 42 80 38 83 68 85 65 8 142 86 57 96 156 93 31 81 42 82 50 45 55 29 10 61 15 0 50 4 0 112 140 90 35 53 64 53 72 52 20 160 7 49 95 110 164 24 108 0 31 30 131 187 72 80 73 28 54 44 84 20 72 15 0 18 64 229 31 147 0 143 83 0 21 180 45 0 16 133 85 35 40 102 5 76 165 229 88 69 32 105 26 96 49 71 51 191 94 2 0 0 87 110 78 69 123 14 90 68 88 194 24 81 34 78 75 14 69 0 121 38 33 84 15 174 0 135 168 77 113 35 171 165 18 63 97 62 57 3 15 64 112 72 100 108 93 4 30 53 50 150 167 147 25 35 80 177 64 10 21 129 104 119 52 48 169 33 122 75 55 140 45 50 2 96 30 95 63 57 35 66 132 109 107 109 92 71 10 81 86 206 3 0 128 103 20 14 90 24 255 97 27 24 63 8 1 16 28 42 42 144 50 75 150 142 45 127 0 43 16 137 0 121 37
48 84 128 36 51 46 6 28 20 81 8 28 51 68 120 48 50 34 98 72 0 0 56 10 19 115 0 30 6 91 78 64 109 19 50 61 8 57 52 39 12 71 49 29 3 128 48 8 31 9 10 12 136 30 63 0 74 73 8 47 54 202 85 11 68 60 17 9 39 42 97 95 122 10 190 161 81 78 6 112 106 46 151 144 105 66 0 128 83 44 3 16 0 59 18 15 24 91 36 0 109 0 56 61 77 25 122 19 35 10 104 36 38 45 92 65 11 0 181 2 16 20 27 86 97 3 72 56 92 19 20 10 0 0 56 28 16 111 24 34 64 66 71 30 19 0 14 10 13 39 57 16 34 10 96 8 196 33 42 82 38 69 32 5 14 73 99 23 87 60 166 12 54 26 61 5 25 34 114 6 14 79 54 12 60 4 7 54 63 138 4 66 100 124 107 119 8 196 25 10 114 5 30 149 26 0 76 69 70 0 29 36 124 106 42 48 99 182 0 2 0 54 6 39 0 9 53 19 71 0 0 0 10 4 26 24 0 0 45 2 130 0 103 18 95 94 66 49 65 66 223 38 0 3 23 0
72 73 113 84 167 32 91 21 7 63 279 0 24 28 7 117 84 95 0 174 63 170 63 117 32 0 44 86 0 134 0 24 156 92 79 12 74 0 65 48 14 16 97 75 72 251 50 14 7 98 25 158 58 109 100 49 105 9 189 36 100 64 49 66 158 24 79 209 95 32 82 247 16 28 49 50 63 7 71 71 185 58 6 16 68 50 103 63 128 15 119 95 105 75 81 293 56 76 42 28 0 100 66 0 0 150 7 56 16 145 74 36 18 63 104 147 136 14 165 78 140 27 42 104 171 74 24 59 56 70 107 0 28 25 52 20 235 83 42 0 98 123 146 191 44 165 214 85 42 105 6 58 147 42 95 0 20 93 149 63 42 223 120 142 100 73 70 62 0 0 4 21 117 48 44 53 160 216 0 156 113 48 14 110 74 206 154 7 158 64 98 65 173 2 99 126 105 43 0 101 161 63 53 153 63 84 150 126 0 54 178 119 21 62 85 101 90 42 81 18 167 149 90 78 32 40 0 83 47 82 30 121 18 131 12 76 135 63 56 0 102 52 134 148 28 51 18 104 120 36 27 0 0 105 54 72
133 9 71 83 77 31 40 37 96 53 157 102 42 88 99 154 0 11 6 24 54 24 203 12 37 52 85 89 61 59 63 39 63 35 33 135 6 86 63 0 54 49 43 25 71 189 39 52 139 51 80 86 101 47 132 69 79 117 19 32 31 39 16 62 94 104 55 24 143 65 89 110 77 86 111 177 232 82 0 157 164 36 99 68 112 23 46 77 103 54 86 83 9 117 36 95 0 2 81 15 76 72 6 12 77 95 144 16 92 64 17 24 72 162 27 60 69 102 32 0 44 21 192 94 58 146 19 54 67 34 15 60 14 82 56 81 30 104 61 58 23 116 116 110 0 113 44 92 69 17 58 150 63 95 92 201 84 74 200 86 14 86 125 38 121 149 6 81 110 30 114 252 121 22 35 71 24 136 88 52 46 114 29 9 21 143 42 54 88 46 65 183 98 77 210 124 84 215 0 45 24 86 181 132 0 25 24 21 82 48 101 43 73 87 83 0 165 134 21 38 0 71 53 135 40 0 7 3 172 120 79 33 24 122 14 103 87 7 32 0 91 71 157 109 45 62 33 8 51 32 94 72 135 47 36 53
31 45 52 64 43 88 12 24 177 72 84 40 28 136 13 87 32 80 0 27 35 0 61 70 44 39 157 24 0 0 108 6 36 0 42 12 0 64 16 87 36 60 24 36 104 176 1 72 77 8 1 54 141 60 90 9 0 40 0 0 13 9 22 0 156 0 10 40 44 22 32 43 57 8 36 108 42 56 14 112 112 0 32 66 58 10 6 0 50 0 32 12 132 28 10 38 0 0 35 19 48 53 96 56 51 0 100 34 18 49 36 14 31 32 29 0 0 0 37 22 15 131 0 61 36 88 0 58 49 45 22 17 0 223 24 59 38 24 36 49 14 89 7 8 30 0 6 20 104 16 0 65 0 128 0 38 105 48 64 0 12 0 45 65 0 80 0 18 42 80 54 69 51 16 91 26 122 0 81 6 16 0 50 0 50 0 12 129 116 5 69 6 42 115 142 12 15 20 45 28 37 4 0 99 32 71 68 54 88 0 0 67 3 0 153 42 89 6 28 0 54 44 68 96 0 0 0 16 0 0 0 80 12 76 36 48 36 35 104 42 48 170 128 95 64 8 52 12 0 0 0 0 45 16 56 33
24 6 0 30 9 0 101 12 0 0 154 0 0 102 0 29 5 5 96 72 32 14 9 15 74 36 27 96 36 5 22 35 8 121 75 36 48 0 5 34 94 9 77 18 39 0 36 35 3 14 102 73 15 99 43 68 52 17 0 10 66 45 34 22 36 64 17 56 22 5 29 0 0 140 8 123 72 0 10 51 0 18 27 15 26 2 20 0 20 35 5 28 32 23 0 16 0 0 25 33 47 0 10 122 93 0 127 25 36 16 21 16 12 56 10 6 2 76 81 4 20 4 0 30 16 11 17 48 32 36 67 79 35 9 3 17 0 39 32 110 5 190 0 57 10 36 44 48 22 0 0 28 49 101 8 0 10 24 32 36 10 107 75 92 12 30 21 9 15 0 21 16 29 133 73 3 99 20 8 24 36 0 53 0 50 69 24 4 56 20 2 0 16 75 1 10 0 16 45 61 38 9 163 18 90 0 20 58 48 4 95 0 0 12 2 0 10 52 68 35 40 25 0 0 27 0 0 0 91 144 0 57 30 63 4 0 0 8 29 19 45 23 5 30 0 40 16 16 0 0 0 6 0 27 32 48
111 28 26 60 24 52 113 0 70 68 123 30 87 97 44 0 32 73 12 7 38 20 82 40 45 64 94 14 0 18 36 51 88 7 130 12 8 73 48 66 72 27 62 83 26 67 20 42 27 66 66 78 83 42 28 67 24 112 52 53 83 44 99 58 87 30 59 80 58 102 10 59 4 65 39 87 20 99 47 14 47 28 77 21 36 81 35 129 99 0 12 63 0 63 40 16 114 131 140 3 0 65 33 42 40 52 96 21 172 72 14 21 32 30 46 0 0 98 18 0 110 73 81 54 72 15 49 72 39 46 28 42 54 66 53 36 110 72 30 53 34 50 11 110 33 16 59 76 0 12 85 18 66 133 31 30 36 16 64 14 53 129 8 100 49 176 38 50 54 72 1 24 0 114 30 101 26 85 15 72 0 80 76 101 77 96 65 24 58 115 6 40 78 23 41 27 54 103 34 24 48 15 57 18 80 92 49 50 136 52 0 95 54 51 177 35 46 17 134 32 16 76 65 19 240 120 0 80 72 14 35 64 48 15 21 0 70 0 12 64 20 63 27 27 56 57 69 72 18 0 0 174 70 15 25 71
132 74 43 93 40 186 0 27 81 60 101 6 46 125 101 32 55 91 6 60 16 53 80 43 78 111 24 0 91 12 75 45 24 80 24 54 18 40 102 18 14 77 3 65 15 65 54 66 112 96 156 77 50 39 3 49 33 122 54 20 77 26 85 53 51 0 64 3 116 148 80 1 86 0 37 62 18 60 40 63 138 103 108 0 201 55 0 104 115 77 19 7 88 106 62 56 28 124 127 71 93 62 53 166 5 151 143 36 96 48 28 10 32 15 72 28 52 94 144 66 196 96 35 145 78 76 77 68 72 45 69 134 87 106 13 56 117 102 98 33 71 186 78 87 9 74 54 84 9 55 5 11 54 36 83 60 0 0 112 37 83 167 13 49 22 103 141 63 62 48 74 7 51 135 74 183 30 104 0 113 72 28 101 135 86 121 45 15 72 158 0 0 85 88 73 26 65 47 79 44 4 36 73 56 196 100 60 21 252 82 41 0 27 34 182 48 120 48 113 17 37 29 31 0 72 51 14 56 58 115 1 88 88 44 72 1 30 22 35 103 85 33 19 54 93 34 37 92 18 12 10 117 148 67 72 66
54 77 3 10 76 33 32 42 102 60 72 0 0 36 28 38 80 48 20 24 0 0 30 28 47 53 52 40 17 12 98 16 35 0 36 30 0 20 0 0 24 0 30 20 26 78 42 108 51 42 27 0 96 8 25 42 39 15 12 30 27 29 61 0 104 132 58 28 56 0 0 15 62 0 65 86 53 96 31 33 42 0 16 64 132 0 0 0 95 0 30 104 0 83 25 60 20 4 83 0 49 60 30 24 15 0 64 12 45 48 141 0 28 42 0 0 0 56 16 122 48 56 6 34 65 56 21 0 131 42 54 0 40 12 56 0 55 75 0 28 91 63 41 0 45 27 16 67 68 28 48 0 0 60 15 47 4 0 0 112 84 0 57 15 84 15 36 0 105 43 24 88 5 56 5 20 16 57 132 59 0 0 30 46 134 18 0 30 24 24 15 54 24 33 40 42 0 0 0 60 6 47 70 99 40 20 28 0 117 0 21 48 33 0 46 49 40 30 42 36 80 24 0 60 0 15 88 18 12 44 0 56 27 58 48 29 0 18 70 7 54 69 16 72 20 0 0 88 58 8 35 0 93 0 0 0
107 65 30 52 24 55 57 102 64 95 109 8 117 80 103 85 60 30 44 59 42 10 52 11 50 65 29 0 40 92 129 30 0 48 70 17 29 35 8 91 114 51 13 82 172 0 30 97 42 65 77 156 94 10 40 22 92 201 6 138 0 60 52 138 113 43 79 30 39 41 176 3 19 37 107 90 141 40 0 48 32 118 51 9 20 255 136 89 163 69 12 68 38 194 5 58 43 49 52 80 91 89 103 71 160 109 130 73 1 120 99 34 70 113 175 0 10 48 68 0 117 90 24 97 138 50 36 100 125 35 8 123 40 61 1 89 45 227 137 17 14 65 77 195 81 39 0 28 104 25 0 49 29 103 12 81 104 43 22 0 10 159 59 6 87 169 100 66 0 23 74 16 13 107 14 24 79 42 54 68 64 24 42 31 38 93 52 16 103 54 6 6 37 59 38 26 156 8 43 52 64 54 114 20 84 11 48 135 78 163 85 130 79 55 76 49 166 89 51 39 10 9 49 16 46 36 36 68 109 86 8 61 40 0 60 65 6 84 11 79 30 78 52 73 138 101 120 18 30 0 0 14 78 15 45 14
18 36 59 24 15 72 72 12 16 68 62 0 0 5 68 16 66 84 51 86 0 2 61 4 100 15 16 0 56 18 115 39 3 20 8 58 0 20 14 11 0 15 0 67 78 66 20 59 24 47 27 35 78 0 23 95 57 4 60 12 29 41 10 51 60 45 28 96 28 27 29 13 15 0 68 96 18 102 7 12 48 51 52 7 30 0 24 71 48 20 0 5 45 18 0 52 0 95 9 24 36 0 0 99 10 28 149 0 8 48 9 48 15 9 52 33 42 15 125 35 36 14 34 62 91 77 42 60 3 21 48 24 65 75 0 0 75 32 26 135 21 167 50 40 2 35 56 111 25 84 56 0 0 3 38 56 9 15 0 0 88 0 0 20 142 41 47 108 30 82 129 28 0 52 9 81 81 12 0 6 0 0 21 12 15 103 47 21 100 42 15 87 119 0 180 69 28 53 9 9 94 32 97 61 0 17 56 104 12 91 0 66 82 40 84 12 122 23 0 54 14 79 102 24 0 10 32 24 66 21 52 38 38 43 85 0 42 68 0 0 58 46 67 39 18 29 29 24 24 30 1 0 36 0 60 6
30 72 65 260 3 84 79 90 32 37 112 36 44 90 100 73 2 32 161 26 7 89 81 18 33 77 52 45 14 117 208 20 5 84 0 116 79 83 87 133 116 139 22 43 98 103 13 39 25 5 10 228 93 66 23 110 13 60 52 56 35 117 215 56 63 0 62 58 118 191 102 61 20 0 79 111 50 22 65 43 174 90 48 57 97 45 35 14 46 78 49 77 0 199 0 45 64 30 51 23 0 81 52 120 9 89 108 40 49 87 25 25 152 0 33 60 84 77 218 46 86 54 56 94 26 256 49 25 104 63 2 74 32 87 20 56 81 83 94 68 21 238 70 248 9 0 72 153 63 27 0 103 15 6 227 144 74 0 115 0 47 35 120 9 9 0 96 14 0 57 74 11 161 45 103 25 166 10 18 149 102 101 79 15 66 59 56 9 236 153 3 0 161 81 152 15 8 115 49 73 83 45 84 0 73 86 76 170 20 19 103 122 105 72 94 56 184 54 91 133 80 51 63 6 72 54 0 35 0 54 87 25 48 4 50 47 8 75 120 87 65 66 139 26 18 87 97 42 99 40 42 0 77 21 92 46
12 9 38 16 36 40 27 120 92 2 63 40 23 87 151 46 36 68 0 85 0 24 61 82 28 3 14 55 32 58 0 35 62 68 18 4 24 0 23 55 72 20 24 64 14 89 3 48 30 35 0 30 0 0 120 21 40 82 0 69 0 95 0 47 18 86 11 96 28 190 47 20 53 37 95 51 113 63 12 8 48 42 0 64 34 95 15 37 106 61 0 16 39 0 55 28 66 0 40 18 25 0 60 4 0 24 94 0 14 64 30 10 82 0 32 0 28 98 0 88 100 63 153 45 58 126 16 64 15 40 54 0 4 72 0 0 52 0 0 64 56 50 5 121 0 48 32 16 0 32 120 16 61 75 25 0 58 126 28 3 41 43 44 16 12 52 0 45 8 82 57 108 43 0 0 32 131 103 48 90 161 12 40 32 40 40 88 47 16 101 26 109 37 72 99 80 49 88 92 20 51 4 40 87 41 84 36 49 22 4 43 87 25 62 14 0 40 102 68 22 50 58 24 6 0 78 62 50 79 0 36 16 20 20 10 73 16 8 56 64 0 49 80 59 14 33 10 10 41 64 99 18 63 63 0 24
173 0 49 165 15 105 0 36 19 150 0 0 33 146 142 110 36 172 182 51 71 93 105 48 70 28 35 142 1 111 65 101 123 40 109 76 12 78 15 9 0 102 0 0 5 143 26 28 48 18 0 104 136 23 22 155 54 106 70 81 8 93 39 29 153 25 9 112 65 169 51 153 39 52 118 67 27 36 0 7 135 63 28 45 30 112 134 24 129 90 21 3 58 103 160 186 164 55 18 108 107 116 60 58 91 24 132 88 54 46 37 36 22 48 4 3 72 217 57 36 6 75 99 108 78 92 205 73 4 28 57 91 28 37 0 33 15 204 51 60 169 129 97 141 96 12 180 63 12 12 177 28 34 165 9 75 65 34 0 0 6 9 58 72 102 49 60 0 122 90 76 105 148 105 36 60 0 131 13 298 119 103 56 45 5 60 32 34 6 119 47 116 0 149 71 200 69 24 44 72 88 20 50 55 13 152 96 0 131 56 54 70 46 36 27 76 68 64 63 5 64 9 52 3 89 11 24 3 0 26 32 14 102 18 84 65 36 8 63 24 35 121 0 107 45 167 6 112 52 102 80 9 44 48 13 61
3 32 0 82 30 57 16 60 68 60 0 62 98 57 44 48 66 42 73 10 68 0 51 29 0 45 0 0 12 116 30 74 12 86 81 122 22 54 9 3 68 2 40 116 0 0 70 18 34 64 0 0 137 31 46 51 72 55 17 61 8 30 34 65 20 57 0 4 18 18 102 5 59 1 107 34 74 58 83 12 55 30 20 43 68 39 159 98 90 23 88 0 84 125 0 51 43 24 54 18 24 0 117 32 140 15 59 22 0 72 18 3 63 134 64 16 65 76 82 0 102 94 100 54 95 132 6 36 27 6 60 84 36 4 5 36 50 125 30 18 32 107 62 51 7 0 0 22 32 18 40 3 8 0 33 24 79 42 0 84 8 39 56 48 60 52 8 15 63 111 112 118 52 6 88 73 54 52 24 97 48 52 68 68 24 1 0 22 36 86 29 75 59 20 107 62 0 8 17 33 9 84 24 8 162 0 146 34 30 39 3 0 66 168 58 6 55 6 96 0 4 67 113 0 0 43 36 0 54 10 0 21 22 36 6 134 27 0 20 0 102 0 72 19 12 52 0 32 54 54 111 96 31 24 24 6
111 18 54 190 72 49 56 25 21 21 0 0 105 34 144 53 24 84 147 116 21 42 5 45 52 77 58 0 54 89 173 54 0 4 41 90 0 84 61 86 0 25 21 83 23 0 19 0 20 54 48 81 64 0 75 68 15 56 0 78 16 117 100 0 15 21 69 34 69 40 117 10 14 45 35 109 47 112 0 33 91 90 226 14 36 41 59 114 71 25 48 58 18 28 0 45 162 16 103 0 88 75 63 20 36 151 58 63 28 39 53 12 60 0 119 24 81 83 78 19 88 21 0 87 45 159 52 26 31 72 22 58 9 6 0 154 0 140 61 7 125 36 15 134 34 25 120 44 36 25 75 165 42 22 65 63 33 0 20 24 1 95 42 74 64 0 50 0 17 127 106 61 21 127 28 5 0 56 48 90 54 176 7 83 66 0 131 60 72 166 33 53 161 70 40 73 5 25 9 0 28 85 77 93 24 0 34 84 66 111 68 71 39 56 97 48 66 47 78 68 36 56 48 0 72 113 52 36 0 0 34 59 6 0 66 40 8 69 28 8 42 30 19 0 101 42 24 24 93 0 20 3 48 51 55 35
41 48 130 60 41 0 28 27 0 8 50 0 87 86 138 36 92 50 95 63 16 94 11 10 0 21 54 90 0 60 104 247 78 42 76 228 8 108 0 42 62 148 48 134 8 105 7 64 15 156 97 138 40 109 0 30 41 135 48 110 13 151 64 76 122 116 65 133 15 173 28 63 41 58 83 53 14 27 57 24 23 0 42 0 0 61 44 94 102 205 0 52 133 43 35 42 174 66 99 29 63 49 63 0 10 42 76 18 55 37 40 64 48 40 108 53 66 151 75 0 103 59 0 28 94 48 92 141 61 0 67 0 16 108 81 35 24 144 12 39 40 12 77 122 150 70 147 18 11 107 96 80 144 84 76 104 185 12 65 16 29 18 32 16 0 10 38 111 136 0 0 13 99 156 20 79 116 200 44 52 93 54 92 28 40 54 153 110 5 58 63 0 77 38 80 15 122 137 21 48 44 72 51 79 21 103 177 119 85 39 47 14 70 57 197 27 119 72 94 13 12 96 45 21 131 45 4 58 160 56 72 24 112 58 0 48 69 32 16 48 14 61 89 38 68 238 1 87 16 0 102 28 104 25 70 93
18 65 90 26 107 8 76 17 25 30 90 9 39 82 54 26 40 66 45 51 54 76 61 8 44 100 49 8 86 81 18 140 55 70 82 0 57 114 10 38 48 64 112 145 54 77 5 51 80 63 93 16 36 56 12 0 156 119 72 99 140 130 57 63 95 107 96 219 51 88 78 78 11 119 56 30 178 100 56 81 34 112 95 120 122 116 59 112 74 75 63 57 126 45 92 131 47 72 77 101 110 106 12 67 43 24 81 63 67 84 58 27 0 80 164 0 1 113 68 44 115 57 135 74 27 30 38 155 94 36 32 34 63 94 36 16 88 24 9 71 126 62 40 68 70 0 154 72 58 16 18 51 23 108 144 133 35 36 56 0 42 93 81 72 8 311 116 0 24 27 71 57 35 53 44 69 125 6 16 6 18 117 75 82 75 32 12 51 134 117 98 26 65 0 168 105 82 174 52 21 94 124 76 32 36 117 15 45 74 66 16 5 100 117 24 62 119 90 35 6 4 158 12 32 88 77 48 58 90 75 34 105 42 0 45 56 60 36 85 8 72 48 160 104 69 24 40 88 21 0 45 106 72 54 102 96
0 39 24 128 6 56 26 72 42 33 105 92 63 157 77 18 2 34 16 75 0 18 7 56 3 31 69 0 6 0 92 0 7 69 56 138 0 21 0 30 36 96 0 18 101 110 54 56 105 53 112 3 32 42 39 3 49 120 0 12 12 27 24 81 85 20 36 30 52 28 99 22 8 35 28 44 14 2 38 24 42 122 7 87 0 10 0 114 64 78 36 0 40 52 29 19 10 9 73 14 6 0 22 90 4 13 66 7 9 64 40 35 6 14 53 0 141 50 56 70 48 82 24 36 46 56 24 12 33 49 14 0 34 46 20 64 64 2 2 27 33 35 52 86 11 96 40 33 16 0 0 16 49 59 39 21 24 64 63 0 0 62 116 38 68 73 30 32 28 67 169 112 46 1 37 9 83 48 117 39 58 94 0 40 0 7 25 42 63 10 50 28 33 57 198 21 16 96 29 0 36 71 83 98 28 48 88 30 36 7 0 0 0 49 137 52 114 76 0 14 114 58 80 54 0 5 24 32 94 145 0 40 48 102 44 36 58 0 0 0 60 9 41 53 119 36 2 28 0 0 0 0 77 55 0 56
81 116 3 252 0 90 113 66 94 198 88 40 59 111 0 98 32 96 39 22 49 7 134 68 9 49 112 66 0 76 69 0 100 78 0 46 70 75 26 75 71 46 53 2 30 153 24 15 24 134 24 53 105 27 71 3 12 28 69 37 0 52 21 33 108 34 77 35 20 140 53 66 18 7 0 121 43 12 44 44 76 0 32 48 88 72 69 42 15 180 61 103 44 8 94 105 92 54 142 45 18 5 0 112 72 53 31 17 0 109 93 9 36 52 33 30 111 116 235 54 5 103 115 118 86 27 6 38 45 116 73 31 0 62 169 21 191 72 56 42 0 170 146 159 5 77 103 161 67 82 12 53 30 63 75 31 4 38 40 60 102 0 54 9 98 18 64 64 71 22 78 143 57 93 25 52 85 141 132 90 93 119 43 17 26 100 46 3 119 78 12 147 177 21 133 66 41 114 49 30 205 93 15 68 37 170 18 155 75 21 102 143 93 15 38 135 171 7 108 76 1 64 30 0 117 63 80 62 9 57 83 63 26 90 85 174 0 24 0 6 97 28 53 62 77 87 120 110 135 14 77 0 12 35 48 32
94 43 75 166 8 16 29 40 72 93 86 0 49 161 63 136 40 56 157 103 12 24 99 29 24 62 40 45 63 68 108 52 28 32 253 28 61 80 57 49 12 6 60 52 94 42 54 34 1 27 18 6 128 144 128 156 41 21 9 72 99 86 126 4 88 104 90 70 52 82 25 44 27 51 77 85 90 4 45 58 17 25 33 36 33 37 175 61 16 22 0 56 27 32 89 38 87 20 77 27 33 52 36 146 51 75 114 32 6 47 160 12 9 69 116 74 81 51 130 17 67 32 31 63 6 89 8 126 78 53 32 51 26 17 52 68 27 52 49 59 105 116 42 88 93 0 30 23 5 21 128 24 38 97 0 28 76 48 0 64 15 51 200 66 132 54 8 0 99 80 86 25 46 54 45 96 80 30 96 109 0 56 91 56 115 112 6 43 183 158 58 74 48 74 49 42 35 17 28 100 44 37 117 129 53 145 83 40 122 12 0 33 11 2 44 57 6 20 86 41 53 53 59 87 51 105 45 8 6 76 0 26 14 84 56 0 24 18 15 40 62 19 18 68 24 2 0 23 64 42 173 32 87 23 26 81
0 26 42 70 76 36 0 32 2 95 70 31 47 16 43 39 80 56 21 81 63 0 28 117 8 9 31 35 0 34 21 26 15 87 0 63 29 51 28 73 4 40 3 14 39 54 3 0 94 70 2 54 51 50 17 110 0 24 18 0 12 8 4 87 34 10 8 0 45 23 23 63 30 34 3 71 42 12 33 46 78 44 4 33 12 44 64 148 96 54 19 16 54 24 6 63 23 45 5 25 20 49 26 120 4 16 44 0 0 6 9 6 1 0 56 7 80 13 81 24 76 53 30 17 96 77 27 0 46 71 71 0 84 29 32 4 36 16 14 18 6 107 4 1 80 22 21 60 14 0 2 2 46 0 65 42 86 13 89 0 18 37 50 8 32 74 28 0 64 15 47 43 35 7 45 50 120 12 20 18 18 39 0 6 10 0 28 17 125 60 0 21 131 54 74 3 60 35 49 0 84 14 26 44 54 42 34 61 1 69 9 6 18 14 75 34 105 0 40 25 0 43 45 15 8 2 21 4 73 43 0 57 0 83 49 5 36 0 14 44 34 8 34 44 43 8 0 8 42 0 38 8 28 22 42 25
60 85 69 190 56 24 6 42 65 32 137 119 19 50 123 62 123 50 27 77 0 35 113 106 31 0 80 92 80 80 93 81 10 18 33 0 78 65 9 201 24 108 42 44 75 80 24 40 64 0 85 122 144 49 191 108 135 0 0 99 182 78 186 36 117 81 80 56 26 51 100 97 75 0 207 38 76 101 47 20 54 53 52 113 127 89 132 135 64 15 169 75 48 41 96 49 72 45 10 62 85 32 35 139 35 89 38 81 27 71 217 35 36 82 58 0 63 16 0 0 75 24 95 74 44 56 15 36 64 68 58 37 26 46 0 0 18 0 87 18 33 19 99 161 10 87 59 20 9 4 47 90 66 28 9 9 147 0 69 18 27 96 58 70 75 70 72 0 109 56 35 14 65 18 81 0 124 67 96 168 157 84 79 96 87 65 20 67 40 56 144 100 73 116 64 9 2 95 53 40 72 87 117 37 0 35 113 212 54 97 182 89 25 79 32 24 99 2 54 78 61 40 8 0 40 89 42 60 106 42 100 33 45 72 38 70 0 108 42 42 0 104 153 35 8 10 55 43 0 55 51 90 132 76 35 98
151 42 20 108 40 86 107 42 8 12 202 174 48 32 114 3 20 22 59 22 2 49 86 0 60 37 92 0 81 14 29 99 0 56 96 79 11 8 13 56 132 34 44 20 0 36 60 28 97 45 72 118 62 36 41 22 22 54 0 24 56 0 22 51 84 114 87 64 12 4 21 0 83 28 62 32 92 22 20 48 52 61 8 57 80 30 90 88 136 0 39 28 20 3 16 30 0 55 40 14 35 0 67 48 44 20 100 2 2 12 72 20 2 90 52 16 0 63 60 0 42 16 30 59 104 127 0 62 25 21 4 48 13 37 0 38 23 0 34 146 18 114 74 53 35 0 68 59 74 0 6 36 91 4 0 0 92 18 50 5 28 95 29 16 31 62 74 10 60 0 108 115 18 63 48 21 56 14 108 64 31 88 12 32 16 66 18 20 24 0 53 21 40 71 104 0 0 39 0 18 90 48 104 28 12 9 40 58 78 49 63 92 71 0 40 108 0 6 36 63 40 75 18 115 56 0 18 45 253 24 35 20 16 82 66 27 0 0 2 34 21 26 32 63 52 15 60 102 38 14 22 8 28 101 36 6
177 76 79 175 118 198 54 7 154 32 64 81 50 252 21 91 0 195 120 48 26 274 217 71 130 46 93 49 179 164 86 54 23 117 5 152 79 31 14 32 74 29 78 159 132 44 83 20 45 2 150 100 153 139 93 163 182 104 19 72 84 48 56 91 181 110 67 42 51 34 10 38 41 30 131 125 84 15 4 104 182 73 0 6 106 44 190 6 0 8 7 81 146 48 126 127 68 69 89 16 46 112 60 154 85 89 150 26 65 11 278 8 75 27 8 0 150 215 63 12 77 127 62 82 34 28 79 66 77 10 2 32 40 30 0 17 18 104 66 69 158 89 27 166 26 0 206 47 15 72 70 58 24 118 101 129 44 24 70 9 20 10 44 64 0 229 155 27 49 40 99 100 16 85 85 24 62 130 49 191 74 68 32 15 18 154 98 67 49 43 80 24 25 104 114 72 24 53 25 4 0 32 57 53 89 28 49 3 116 125 9 133 76 5 0 82 64 0 68 32 76 64 90 40 75 51 4 27 84 18 45 100 146 36 124 21 101 12 183 3 0 85 109 234 80 56 67 119 48 32 144 94 117 16 29 51
27 60 13 177 78 5 64 58 96 31 114 63 5 172 27 32 66 0 106 193 0 48 52 89 131 98 150 140 6 15 111 97 36 122 21 98 18 3 42 27 8 134 93 10 74 127 1 120 24 0 9 56 0 75 61 0 93 10 70 49 27 65 89 71 177 49 27 0 20 70 27 63 120 21 124 74 8 98 88 6 104 1 4 70 2 6 36 9 37 0 0 44 14 54 0 63 40 3 3 3 35 48 81 0 99 35 71 12 32 58 101 0 21 0 0 9 0 34 110 51 36 89 10 25 0 108 0 9 28 153 8 35 0 6 0 27 60 20 42 0 56 145 10 87 11 41 35 38 96 14 8 78 122 99 15 9 186 14 149 68 10 21 62 21 12 5 0 3 35 109 132 70 198 115 114 63 42 2 211 51 72 20 176 78 97 119 90 45 54 13 125 3 103 27 89 0 48 24 41 45 39 9 103 138 117 109 58 0 65 5 71 62 35 50 81 39 8 254 91 21 72 4 16 70 48 3 7 0 4 76 14 63 15 75 0 57 0 5 28 8 16 36 7 21 36 72 0 25 0 18 54 0 116 86 54 8
49 12 155 0 35 35 16 178 24 0 28 79 72 38 150 67 120 77 17 87 0 0 5 48 24 112 2 0 63 2 75 25 82 157 48 15 124 0 144 0 120 38 8 11 122 0 24 50 56 10 48 64 68 16 43 40 24 51 2 72 0 49 77 75 2 49 56 14 100 32 32 28 58 0 64 63 4 35 0 91 7 79 101 30 8 0 0 91 58 0 10 0 48 68 28 0 10 69 88 0 88 54 106 0 0 137 108 71 147 20 61 16 0 14 190 49 5 7 75 0 73 118 56 80 32 16 8 49 150 32 32 17 2 20 32 0 66 84 53 62 66 48 58 46 0 0 58 87 120 102 0 16 31 0 71 117 0 13 16 102 37 147 0 35 96 48 102 0 8 144 120 32 48 135 105 78 52 70 111 0 42 0 0 200 72 52 97 0 56 135 0 6 0 35 0 72 80 0 0 16 128 8 75 57 40 39 56 0 90 8 100 135 0 110 97 42 16 0 0 106 10 90 4 62 0 25 0 138 129 0 0 176 49 29 0 30 14 0 72 139 24 69 45 88 0 115 70 49 54 4 42 39 179 28 194 24
99 24 24 87 2 44 24 48 0 57 124 25 48 78 0 80 46 90 9 42 57 12 104 90 28 54 3 2 33 3 60 10 12 86 0 62 9 35 5 0 39 9 24 0 109 82 14 39 90 20 22 15 73 70 10 61 39 118 80 43 81 10 96 67 36 50 57 59 25 153 60 46 30 24 27 55 100 44 15 52 26 36 28 0 66 99 40 90 124 67 79 0 18 71 19 67 37 33 30 54 45 21 10 112 57 42 154 90 64 55 45 1 72 48 1 1 19 17 134 67 8 17 121 140 65 66 0 10 1 116 82 4 71 111 36 0 18 108 33 35 34 176 147 24 9 72 70 28 16 0 8 57 0 122 0 52 15 7 162 0 0 0 120 18 53 163 0 0 59 12 77 78 77 110 11 109 66 6 63 57 45 24 88 18 51 63 0 9 30 107 8 71 58 21 47 0 81 53 0 0 156 0 113 0 64 79 91 134 90 42 129 0 24 0 9 54 64 89 74 18 3 0 16 18 48 0 9 79 46 22 0 44 30 8 116 45 0 7 16 0 0 41 8 7 35 159 18 44 90 0 33 22 27 2 20 22
54 6 139 48 167 25 36 10 61 36 24 12 28 60 25 96 8 51 28 47 0 12 82 18 24 95 90 0 0 24 0 155 35 43 84 32 28 130 12 24 69 39 9 27 63 125 8 58 137 0 78 0 64 18 30 8 43 0 0 24 45 0 67 117 0 45 54 60 12 36 12 0 85 5 65 92 95 0 57 0 6 107 114 9 76 59 33 109 127 25 14 3 3 0 36 54 99 21 0 43 32 25 42 95 28 135 71 32 0 0 4 62 9 44 182 0 12 103 36 47 32 37 63 141 58 6 44 36 32 5 27 80 27 93 0 85 45 32 36 181 63 51 90 103 69 75 53 0 0 42 81 81 90 40 39 9 63 81 130 0 18 21 72 33 0 0 68 67 40 126 130 74 9 76 45 46 80 88 0 9 0 0 69 37 0 0 71 69 103 107 58 58 6 0 35 24 72 62 80 18 58 46 64 32 56 18 20 9 38 64 34 80 13 27 198 16 107 56 42 10 81 99 0 121 6 24 0 27 128 30 21 81 27 0 45 0 74 0 16 46 50 64 132 45 176 72 17 44 143 71 43 43 27 18 43 79
105 20 75 84 70 36 24 115 63 63 57 135 73 66 75 8 111 67 105 0 3 42 126 48 87 159 78 66 0 82 36 123 43 0 101 110 7 94 53 56 7 72 108 68 63 81 2 0 88 93 43 104 18 14 63 122 55 53 7 35 134 34 59 67 196 111 14 0 71 45 20 39 63 30 87 63 56 194 70 42 94 127 73 31 51 118 144 96 96 14 48 36 7 22 0 94 28 154 61 28 28 0 9 221 13 81 127 0 43 53 143 21 27 60 6 0 3 72 172 44 4 67 60 14 14 99 81 77 56 83 3 56 72 7 23 18 119 25 0 77 142 136 0 90 30 62 38 138 27 67 3 18 46 56 0 121 96 24 10 35 11 117 0 91 37 133 77 0 66 93 145 78 34 22 0 7 17 63 62 69 70 52 32 14 42 117 74 124 60 81 118 114 189 59 211 4 0 46 0 45 56 9 77 70 78 0 0 69 92 14 54 111 54 29 139 8 81 8 150 29 0 92 26 49 24 101 9 4 98 0 61 0 28 130 48 70 66 3 24 0 0 43 133 180 78 56 50 77 67 28 0 136 194 79 21 49
93 51 0 36 0 4 101 98 81 117 61 21 57 27 35 13 7 5 0 150 18 60 9 6 36 64 73 71 50 32 120 20 35 18 0 46 67 88 81 4 105 70 15 50 43 99 0 73 34 36 12 60 3 26 36 24 26 52 28 0 5 37 0 48 102 41 0 30 71 72 66 93 27 35 111 43 14 180 40 81 60 45 16 81 40 36 37 30 3 94 106 8 88 95 79 5 0 147 15 0 87 56 30 39 48 54 20 45 9 90 3 15 1 96 95 7 59 47 9 60 0 60 58 12 115 0 9 5 97 66 27 100 12 15 9 0 183 77 33 0 72 33 0 113 100 72 50 193 62 0 51 74 36 115 99 152 20 101 0 35 0 46 42 24 111 20 39 9 0 112 112 106 128 24 1 27 14 93 87 26 87 71 20 9 15 42 0 15 111 55 124 79 72 18 63 91 101 56 73 30 210 150 0 87 71 57 59 67 6 72 144 106 72 69 29 65 60 120 11 75 74 85 70 58 15 0 103 0 1 68 9 64 0 58 28 61 22 70 81 78 55 68 0 159 42 45 130 6 32 36 30 0 138 26 145 59
26 43 57 109 18 8 27 184 0 2 201 0 39 88 104 59 46 16 63 78 0 0 62 42 13 77 69 44 16 75 120 12 0 9 72 24 118 112 78 48 61 7 6 104 23 73 93 74 44 0 99 81 49 0 36 0 36 0 0 159 85 24 24 61 38 4 6 93 104 16 73 32 42 0 175 69 74 0 31 0 0 132 64 7 14 120 85 14 92 18 69 15 1 93 12 55 14 24 0 105 73 0 12 26 62 175 104 56 18 36 32 56 3 7 107 0 59 30 44 38 32 39 114 54 62 27 21 34 116 102 40 24 60 24 0 2 90 82 28 90 61 0 0 30 34 78 0 69 66 40 0 125 53 10 60 86 84 48 25 8 0 63 45 6 211 0 74 38 32 9 20 22 21 77 105 16 80 84 51 30 24 93 36 123 63 0 8 12 72 74 110 26 6 76 24 35 18 69 0 24 42 116 67 42 34 36 140 133 112 80 78 36 47 32 56 34 128 11 0 33 46 18 63 81 12 21 10 16 56 72 21 36 16 95 20 24 48 72 54 75 143 30 89 0 15 63 6 69 45 27 0 9 84 30 100 56
89 6 15 0 60 83 24 90 16 48 36 0 42 44 88 127 8 112 28 83 32 123 0 4 17 65 0 12 98 31 138 0 48 0 7 13 0 54 79 40 63 16 75 32 12 16 2 0 0 113 96 122 78 26 80 40 28 80 67 0 27 86 4 0 97 0 30 0 35 124 42 24 73 36 120 81 0 109 8 0 40 50 81 0 44 0 0 0 78 16 54 0 0 4 50 20 52 8 43 48 117 50 24 0 1 36 35 69 11 0 25 0 0 42 55 28 52 0 28 39 0 0 0 66 117 52 61 28 30 139 112 9 12 27 0 54 36 43 0 15 84 89 50 42 0 98 40 145 0 0 64 94 136 124 45 159 99 83 55 59 0 101 24 102 225 27 0 96 79 40 92 70 145 65 10 134 46 2 16 90 24 66 10 45 77 47 32 7 132 10 92 21 100 9 0 204 48 48 0 35 67 15 15 112 79 62 84 97 31 34 32 24 35 113 19 33 16 86 65 0 0 61 73 18 9 2 102 34 0 6 0 88 46 0 115 30 63 67 56 104 0 51 36 21 35 0 10 56 69 0 0 4 86 45 6 63
99 77 0 124 26 36 21 42 63 124 118 0 129 122 9 89 30 145 153 45 34 150 118 105 14 44 83 122 148 77 78 90 0 53 172 80 9 21 108 16 0 12 120 68 9 186 18 0 9 240 113 24 100 52 43 62 63 81 0 88 24 47 40 62 81 0 84 0 22 106 20 76 40 0 42 58 17 121 40 0 129 3 146 6 128 122 66 63 88 77 11 0 37 95 12 219 35 28 114 96 0 45 36 117 98 12 91 95 24 57 48 91 25 81 44 0 102 160 127 118 103 114 135 96 22 33 105 42 0 0 0 43 40 52 63 33 188 28 97 77 38 176 167 121 69 99 177 57 0 58 127 43 30 42 0 64 10 90 0 8 7 125 72 63 24 72 72 99 104 177 75 20 34 105 7 25 64 237 56 153 32 134 44 34 83 148 64 36 168 241 127 77 62 20 55 98 80 23 72 38 56 23 106 115 141 125 169 40 133 64 25 54 28 61 130 0 144 72 187 35 143 63 80 36 40 103 100 68 18 93 0 9 108 42 138 30 42 0 71 78 23 54 59 89 27 107 27 131 35 58 159 62 167 71 88 65
72 49 25 28 12 8 21 5 101 0 123 0 0 70 96 0 0 143 10 0 17 125 82 25 10 32 31 0 65 35 40 90 20 68 11 70 0 59 10 24 35 35 95 51 10 30 8 4 41 44 107 36 32 40 10 15 0 40 24 25 80 43 43 0 18 0 107 65 18 88 50 0 48 0 131 72 20 26 0 54 0 56 55 30 16 47 40 20 11 85 92 47 125 52 40 69 0 36 39 0 12 12 21 33 57 36 47 19 35 10 55 75 50 29 81 5 71 12 36 0 66 80 0 43 40 37 37 29 56 24 0 0 0 63 20 50 0 6 0 0 0 37 58 30 21 0 0 40 105 12 18 20 72 44 20 28 2 15 16 5 3 15 25 25 25 65 0 14 24 0 37 75 0 72 0 4 40 113 93 0 64 63 5 6 41 10 0 26 28 8 55 34 15 7 87 5 0 151 59 0 60 35 74 30 36 35 54 0 24 40 64 60 86 47 40 78 112 0 35 0 40 89 0 61 108 66 35 18 120 59 76 26 64 0 16 89 24 46 49 69 24 72 32 0 0 43 0 16 24 0 85 30 20 21 56 75
102 28 86 80 104 50 0 53 52 81 6 36 24 110 178 83 51 22 90 0 0 16 150 94 22 146 90 24 56 134 70 125 27 73 116 60 53 22 30 0 36 80 125 82 77 119 24 0 81 133 16 125 109 135 49 149 175 37 42 63 154 124 44 139 28 226 40 45 54 74 44 2 12 49 44 92 244 137 28 92 32 88 119 72 77 98 167 43 42 0 49 101 62 40 124 45 36 99 189 0 46 10 28 137 9 33 191 32 89 45 144 75 179 10 104 117 77 107 192 0 0 119 99 40 70 63 26 0 157 48 52 16 96 83 181 14 90 96 6 41 189 138 21 64 72 24 40 97 0 60 97 61 62 117 28 198 57 26 92 54 2 24 102 92 44 191 24 26 109 60 135 64 53 103 58 13 54 207 8 82 37 32 72 110 18 77 132 71 204 108 32 0 163 8 209 44 82 192 14 38 3 88 228 36 75 36 163 110 32 79 0 28 84 79 128 38 78 75 229 0 81 169 14 37 72 106 47 91 42 106 108 78 0 75 65 75 126 38 0 12 0 72 149 176 108 30 12 24 56 16 18 55 136 19 44 81
16 76 107 0 73 65 72 58 115 68 216 34 6 81 0 132 54 100 95 74 18 12 78 73 96 70 24 85 0 42 50 130 62 28 87 28 32 97 0 56 112 16 74 24 0 116 83 88 74 71 55 102 48 145 21 182 34 48 32 95 126 225 100 18 57 267 4 112 61 54 44 11 92 26 42 30 56 79 0 74 107 24 157 8 104 33 0 0 83 0 83 64 14 92 0 38 16 93 79 161 93 30 27 35 0 135 31 27 0 97 133 155 6 90 35 112 6 185 125 116 118 62 228 30 14 56 67 49 94 52 18 2 0 62 104 34 84 130 151 0 58 56 22 45 50 48 105 38 174 43 0 125 0 71 30 16 8 0 104 0 97 49 20 48 18 8 115 0 106 24 75 31 54 34 77 35 34 74 78 42 30 73 110 10 133 59 86 84 70 49 30 42 88 163 46 24 80 114 8 32 162 194 32 66 72 26 176 154 45 29 76 0 112 172 26 57 31 70 83 30 16 0 61 211 49 40 48 21 123 52 12 78 93 57 0 104 24 147 88 2 47 88 119 36 90 112 0 96 82 28 81 48 14 68 68 48
79 101 0 166 22 141 157 141 30 64 69 20 70 135 174 74 24 20 18 44 148 72 121 33 90 55 85 80 2 95 9 82 98 18 0 81 79 46 0 52 24 29 159 122 39 96 100 89 22 42 86 69 68 160 121 59 15 132 18 72 110 64 180 51 105 96 40 36 167 111 14 63 18 79 90 51 70 24 68 0 8 0 97 25 121 64 175 164 79 0 62 142 69 55 52 89 0 127 97 56 64 117 0 48 71 0 28 0 85 99 202 82 5 73 129 90 99 231 87 70 22 54 158 157 0 0 8 0 63 48 5 45 63 138 78 91 40 108 0 63 0 159 61 99 20 42 103 74 39 5 90 66 147 1 52 0 32 0 35 83 77 93 112 132 0 126 63 24 92 68 77 104 75 109 99 0 161 144 92 129 54 141 106 64 19 111 150 18 48 146 29 132 49 116 75 0 6 216 32 98 143 122 51 92 118 56 78 94 92 69 10 42 94 92 42 97 111 0 156 122 0 49 18 71 127 35 19 93 69 37 130 0 85 172 16 201 115 49 98 58 138 70 53 105 83 133 80 111 96 0 128 126 168 14 49 94
183 94 36 55 136 110 73 40 66 146 140 41 39 116 125 60 10 36 0 74 88 132 54 78 119 7 50 18 32 30 87 72 70 88 68 74 54 50 66 16 99 89 94 82 65 0 76 0 85 69 68 75 50 0 58 40 65 55 16 0 66 68 63 50 15 0 115 16 40 0 61 108 30 0 133 60 40 92 12 22 162 105 0 13 149 0 75 35 56 0 111 102 7 54 49 97 0 30 17 0 0 129 40 55 51 150 128 67 105 44 9 32 7 66 61 0 0 38 32 15 141 63 67 212 25 125 121 0 71 38 94 39 32 54 8 42 19 72 145 0 50 30 54 45 99 15 30 40 174 40 18 0 198 49 54 129 66 0 50 9 38 76 44 15 43 116 4 0 0 20 118 146 13 98 33 80 153 7 183 52 62 48 48 36 27 92 73 4 100 106 10 153 8 82 14 46 0 65 78 17 87 25 40 113 16 52 72 77 60 28 80 28 16 0 90 302 67 129 103 32 4 99 126 58 84 0 43 123 12 72 54 16 0 57 52 61 0 52 44 7 8 157 39 70 81 34 12 90 85 54 24 9 24 68 58 73
85 50 172 185 42 145 98 77 116 64 59 47 18 110 47 80 25 88 92 121 79 10 77 117 134 105 6 102 40 72 176 282 69 60 85 171 82 21 51 146 135 61 117 90 73 93 24 38 96 55 67 135 154 6 59 87 62 82 28 132 63 167 124 54 159 70 134 62 62 143 114 139 0 126 129 216 137 113 15 158 113 32 119 55 164 162 17 20 221 99 114 75 22 124 28 62 62 99 112 137 106 3 79 66 43 102 182 45 77 82 68 78 63 33 136 21 83 66 218 114 54 67 193 36 185 249 49 83 151 116 56 60 10 260 68 53 162 171 210 79 52 79 134 36 144 74 48 256 36 22 88 86 160 40 102 27 47 63 73 78 60 148 235 56 113 86 0 10 119 0 96 50 144 158 49 55 52 54 84 20 167 81 84 91 67 112 8 72 21 123 140 0 75 214 157 35 135 233 94 39 72 117 198 16 72 28 72 171 88 77 163 53 115 243 112 129 178 42 74 58 49 123 15 0 63 150 3 0 58 181 45 52 50 87 45 10 48 73 9 47 85 30 108 91 44 119 42 10 24 24 55 42 131 72 104 121
0 24 21 0 24 32 64 31 52 64 93 115 49 130 16 16 105 70 36 32 16 0 51 73 48 25 0 108 0 0 34 12 71 52 66 68 34 84 22 25 50 4 36 28 14 100 38 21 41 131 15 24 118 46 9 69 68 30 66 0 8 95 79 14 16 42 72 72 6 12 20 47 92 0 62 148 0 72 2 50 73 0 160 18 130 24 71 42 109 92 68 0 74 203 0 70 24 32 24 81 12 89 24 55 44 40 39 28 44 0 0 0 27 40 102 0 72 110 4 45 16 14 68 35 36 123 8 30 94 18 16 16 75 76 36 8 128 34 72 10 76 89 56 19 4 16 93 92 108 44 30 49 0 16 82 26 72 18 0 65 49 72 21 42 35 116 9 9 81 68 86 99 15 58 61 62 46 20 158 78 22 72 4 85 171 8 52 16 24 104 18 39 116 77 76 41 6 42 31 6 128 16 83 49 49 6 0 27 61 2 130 12 99 74 0 188 86 32 70 0 60 88 92 18 43 56 24 57 81 82 0 77 0 27 78 24 9 0 74 16 73 59 91 97 43 21 0 17 106 4 0 36 85 16 88 54
84 16 42 98 46 53 86 119 71 52 90 0 21 175 27 20 8 23 156 72 12 38 74 28 191 64 70 81 64 57 48 66 44 116 43 35 22 79 78 4 148 47 33 52 0 39 24 58 62 4 27 20 101 28 95 10 71 36 0 29 51 67 39 30 40 110 4 37 53 56 71 15 29 22 12 67 46 25 11 24 2 18 2 12 107 141 52 44 48 37 56 8 24 86 50 20 46 70 36 31 33 0 62 118 78 50 91 83 109 170 21 8 6 38 40 12 18 67 109 105 104 18 76 120 21 21 36 12 63 72 65 32 18 109 0 12 121 63 0 131 43 138 64 118 6 84 10 86 12 66 59 18 0 78 35 93 43 68 34 36 4 14 43 17 6 49 0 63 33 87 27 76 9 79 73 35 8 12 0 25 99 0 46 47 20 90 8 10 18 112 9 85 19 98 60 74 28 63 102 26 137 3 74 76 119 46 0 18 47 52 89 54 40 54 79 35 120 72 52 0 30 104 41 27 27 45 0 6 74 127 43 66 10 15 0 39 6 22 54 114 21 66 12 67 12 53 5 6 53 155 54 46 36 51 66 53
42 129 159 67 0 20 68 22 7 206 97 80 51 129 175 8 159 63 61 0 0 76 108 47 52 7 0 109 0 60 24 114 9 50 45 40 36 64 10 86 23 105 21 75 0 126 0 32 89 80 60 94 161 25 87 42 57 68 79 14 19 34 95 32 99 28 16 95 12 40 76 105 15 0 15 93 49 83 58 18 118 112 6 9 17 17 121 8 68 0 14 96 60 18 23 91 0 28 28 15 18 9 68 49 52 94 59 101 24 24 107 0 19 5 40 101 57 43 97 36 177 21 29 83 76 82 9 35 12 39 69 24 56 19 55 62 60 10 0 65 35 30 78 104 28 21 57 111 20 36 7 8 61 21 77 34 139 63 125 38 0 142 0 6 56 26 110 49 108 21 12 90 135 18 2 35 42 52 141 227 9 55 30 95 40 83 91 4 50 94 64 18 94 0 36 20 12 49 3 64 63 90 103 0 67 42 31 51 38 96 119 0 0 43 104 113 25 48 66 72 77 95 75 0 8 33 3 56 74 56 80 25 0 6 66 25 0 26 96 0 0 114 161 0 99 26 42 39 45 87 21 39 125 72 6 43
27 73 128 141 86 59 42 54 34 30 186 16 28 169 40 94 106 86 51 32 63 158 30 188 11 76 106 66 32 28 62 123 48 74 9 94 0 97 89 114 80 3 132 125 40 163 6 30 45 116 109 63 60 167 67 38 204 193 0 68 87 120 251 99 140 27 57 33 28 24 40 161 157 56 115 157 100 42 72 127 38 111 111 47 133 69 32 228 141 75 18 24 248 97 42 63 0 82 68 92 54 0 37 92 15 64 112 51 0 128 135 48 50 91 0 103 47 162 84 120 18 30 110 168 45 40 33 132 88 78 24 68 59 144 40 7 90 78 50 35 172 120 88 134 51 56 90 121 47 96 0 67 44 69 70 51 57 24 130 81 109 60 69 95 65 165 38 135 84 40 153 56 30 53 37 53 100 20 30 24 28 21 73 85 121 238 79 44 169 44 92 24 30 78 106 170 155 166 1 115 87 9 175 60 253 36 60 71 186 76 21 15 66 148 63 77 166 85 0 40 110 0 43 44 10 72 48 33 87 49 24 242 10 108 80 0 60 28 47 87 130 92 124 165 102 122 21 42 96 20 5 72 90 16 94 30
41 12 0 80 14 12 72 137 103 30 53 0 43 9 48 24 13 80 6 118 0 89 0 50 42 0 0 42 69 43 24 43 33 30 36 38 64 9 0 0 44 128 42 33 18 42 0 24 0 3 24 16 75 16 55 16 8 87 0 36 2 10 34 0 24 92 4 0 48 96 25 29 0 28 29 12 90 189 14 81 54 9 52 12 141 9 42 23 66 33 0 8 0 0 43 64 0 98 35 12 0 3 45 0 33 78 2 91 46 14 135 0 17 43 20 42 24 36 40 110 123 0 69 117 78 42 10 2 91 0 14 0 0 6 0 64 8 18 0 0 10 39 24 14 0 0 0 44 0 0 8 6 16 28 72 18 4 24 16 40 12 0 14 36 86 31 57 0 20 44 44 57 7 99 0 41 87 28 0 34 78 96 0 156 44 29 64 4 24 72 21 34 16 102 64 16 16 35 17 51 108 87 44 58 90 22 81 70 48 8 0 50 71 90 64 37 21 90 114 169 46 129 45 32 78 39 72 12 25 83 16 0 18 71 9 87 0 80 0 0 30 0 42 34 91 11 5 64 37 0 6 0 159 67 63 18
61 83 49 66 69 0 0 74 142 123 129 57 21 37 178 89 128 179 35 78 0 108 47 111 52 72 30 11 0 88 144 56 49 131 21 56 76 96 100 8 128 52 39 108 51 114 14 24 0 126 34 18 106 41 86 103 42 47 72 24 141 82 51 74 62 128 84 91 98 157 68 20 138 72 0 33 73 146 46 63 54 56 5 140 20 6 110 134 41 95 124 33 72 40 60 81 0 44 10 49 75 155 30 119 3 58 48 0 44 37 164 79 4 25 141 61 0 103 45 86 99 0 235 126 74 12 66 98 120 102 1 7 135 24 9 8 167 18 5 6 79 81 0 61 0 173 69 151 0 45 54 28 30 21 142 154 17 53 44 0 19 159 81 0 7 36 66 89 120 4 92 140 0 37 16 65 43 86 165 144 41 0 119 110 206 66 165 18 184 39 119 120 106 9 9 12 127 129 98 48 196 104 60 58 125 84 0 113 27 148 116 147 35 27 42 24 126 48 13 54 71 123 24 42 51 102 48 146 47 41 60 25 35 6 57 102 120 45 201 80 121 96 154 46 128 103 84 131 45 0 111 81 211 81 134 184
6 26 55 59 138 56 22 34 118 72 270 9 122 39 82 0 75 4 0 37 33 29 138 8 8 48 87 20 45 63 130 112 14 0 120 42 72 106 0 40 28 133 90 40 67 37 18 18 12 74 93 20 67 62 21 13 80 39 32 75 151 152 157 44 162 98 128 200 16 7 19 46 6 82 17 196 16 10 61 36 85 118 0 147 70 59 40 18 59 75 105 60 97 1 17 56 108 75 88 13 72 40 0 125 28 77 168 106 32 52 50 21 2 77 78 8 17 66 174 16 22 50 27 6 24 113 65 64 97 140 28 0 0 17 8 40 72 147 0 117 16 86 48 30 86 10 66 77 43 44 42 58 75 17 180 25 67 8 160 2 21 136 134 56 105 65 43 18 28 21 10 43 0 24 10 63 40 12 39 26 18 88 125 45 138 55 0 55 89 84 22 10 87 86 75 21 0 103 6 96 42 49 106 47 2 0 51 41 34 28 40 114 10 32 48 16 24 55 78 23 23 173 54 66 5 96 21 15 104 103 0 296 24 39 64 73 9 85 0 12 72 12 100 105 42 18 113 24 58 6 72 46 25 46 28 24
128 31 40 72 0 23 57 44 58 0 263 36 25 117 68 73 7 174 82 39 13 6 158 27 11 2 71 63 0 5 81 0 97 0 96 40 19 137 7 0 18 9 30 28 48 106 24 0 97 2 123 56 81 28 36 30 42 82 0 28 119 98 71 9 85 30 16 58 4 0 5 22 42 16 72 156 105 64 40 87 102 50 28 42 30 3 153 42 6 10 121 5 153 1 16 31 0 157 8 13 26 42 48 56 18 99 161 0 78 0 0 16 12 84 66 2 6 96 54 0 0 36 27 12 54 53 23 70 50 21 6 0 2 72 0 0 64 62 0 133 70 30 11 23 18 34 0 64 81 92 9 4 0 45 23 45 68 21 9 0 9 54 15 90 35 150 98 0 6 19 4 28 0 112 0 82 73 30 110 10 30 42 0 28 49 16 26 114 44 0 63 8 126 11 91 71 12 6 0 0 92 6 103 57 70 4 7 26 122 20 36 60 51 28 48 35 0 12 120 30 0 52 119 110 76 30 37 56 158 16 49 178 7 59 66 98 33 74 48 0 7 162 111 148 76 25 63 78 35 9 98 48 8 4 52 2
44 14 73 85 81 0 52 70 68 48 137 22 44 205 36 59 49 54 21 4 66 60 12 2 58 48 75 0 31 8 73 89 66 36 77 104 27 113 0 117 0 132 77 66 8 87 28 116 13 87 6 81 102 24 40 76 18 63 8 87 76 5 0 54 85 14 8 9 39 78 60 36 42 38 230 54 104 84 0 70 0 23 65 64 172 60 50 105 118 64 75 16 94 40 0 9 148 2 0 49 30 30 135 48 49 148 2 76 139 109 58 12 43 86 93 28 64 46 262 26 101 84 193 178 14 70 15 36 87 28 9 0 74 12 68 5 79 50 0 43 6 102 14 0 32 138 0 92 95 106 57 0 75 43 68 154 222 27 28 40 87 0 111 67 50 67 98 36 25 2 63 65 0 32 0 49 40 34 14 58 120 22 137 93 42 52 20 48 86 1 58 0 99 0 53 89 8 47 10 36 66 160 62 88 0 0 167 147 66 74 82 57 139 85 86 73 108 87 24 67 0 47 128 35 72 2 28 38 57 58 23 48 0 76 0 132 24 129 111 56 80 30 100 68 48 178 0 29 211 0 96 135 29 45 40 5
0 0 0 72 0 26 0 64 4 2 18 0 9 66 10 6 16 0 48 0 76 40 34 3 16 32 37 0 0 62 0 12 16 0 0 72 35 27 35 14 0 16 4 16 0 14 22 74 32 6 2 43 59 18 52 72 15 27 2 0 54 0 26 49 0 50 0 10 29 32 0 0 36 0 2 24 37 2 2 67 0 43 0 60 26 72 35 67 49 10 0 0 134 3 0 39 54 6 72 6 16 45 24 12 0 80 0 14 69 21 79 8 45 0 47 15 37 56 38 24 0 45 63 26 65 9 0 5 104 53 24 63 24 10 4 0 24 0 33 30 10 65 30 57 60 66 0 40 102 67 16 27 0 0 14 99 16 5 0 4 0 24 0 0 49 0 0 0 0 59 24 24 20 35 18 45 12 24 0 23 0 15 40 20 72 8 0 2 24 18 0 12 76 32 0 72 23 6 10 9 32 21 56 0 21 16 0 130 25 89 21 20 35 0 16 80 43 0 0 0 32 0 0 0 12 0 20 35 0 18 9 61 0 12 0 64 0 27 0 48 0 16 28 73 4 80 0 8 35 2 14 59 0 4 28 14
35 54 146 81 152 22 144 168 93 36 134 23 80 218 56 57 0 64 177 117 42 5 153 29 53 118 75 95 19 16 18 142 28 95 110 63 0 102 0 84 8 24 105 72 29 119 210 14 35 30 50 36 72 123 30 49 107 100 51 76 87 87 217 97 132 132 42 97 72 36 106 53 10 108 90 63 28 70 28 45 68 28 0 47 156 12 100 99 200 25 126 50 53 0 28 28 188 59 76 57 29 64 80 54 35 150 23 21 63 123 18 48 84 58 8 111 40 104 78 0 4 54 143 66 77 5 63 28 84 4 0 52 18 30 43 0 70 126 37 77 87 112 107 26 28 143 157 121 64 36 165 21 0 28 43 63 0 62 128 28 106 111 203 0 214 82 46 83 45 12 112 83 19 82 156 47 53 0 67 0 0 36 25 9 4 67 0 6 56 82 154 12 58 74 36 66 40 28 9 0 61 126 70 131 81 118 91 0 134 87 53 127 42 70 0 3 0 63 44 0 5 44 118 108 21 30 50 70 4 156 19 151 48 89 19 9 81 77 28 0 77 36 102 36 75 41 19 88 102 42 54 73 105 32 12 22
18 60 30 0 40 52 22 54 42 40 152 292 113 1 53 100 31 13 7 0 14 157 28 76 25 66 68 0 3 61 18 89 0 0 64 148 93 21 118 72 40 89 87 0 18 11 63 0 27 197 37 94 14 6 45 67 88 140 65 42 16 71 145 40 199 18 96 63 31 45 37 17 53 35 141 0 0 91 33 78 131 69 48 131 92 40 56 125 128 0 92 57 24 8 0 68 19 56 18 16 80 28 22 63 0 90 41 24 0 0 57 43 24 74 111 0 7 31 40 32 19 60 135 124 0 167 90 28 13 32 65 12 0 8 121 27 30 70 10 0 26 43 169 82 28 58 78 0 81 40 128 33 130 15 161 84 83 16 0 0 25 22 54 99 5 273 21 78 76 9 103 99 33 11 0 72 155 30 72 35 57 72 63 3 42 80 103 16 176 55 117 72 104 1 126 72 100 105 45 0 98 42 152 154 36 32 18 133 36 35 65 75 3 68 15 56 52 61 55 5 35 113 109 72 34 56 67 177 144 46 116 6 31 102 41 84 12 44 8 64 34 20 40 40 20 45 87 54 26 7 90 83 31 53 17 103
42 36 86 108 20 32 45 15 20 15 246 12 16 73 79 54 11 14 63 27 0 18 50 50 26 0 75 91 34 90 83 64 52 86 41 5 51 133 25 143 28 66 0 75 168 269 18 88 0 40 18 165 72 31 83 0 41 57 55 114 19 42 23 115 0 51 3 24 72 11 49 36 58 23 141 16 32 42 44 16 10 27 32 54 61 119 88 135 62 8 112 9 63 117 28 57 29 90 25 62 91 12 0 14 84 108 0 17 75 65 51 53 0 105 131 40 81 149 67 54 26 102 123 65 47 39 87 90 42 27 40 5 108 40 18 43 83 0 63 13 12 101 126 116 16 111 6 53 72 5 83 0 161 45 36 0 112 109 64 8 54 58 0 14 78 18 32 27 40 96 106 41 56 37 72 3 160 104 26 173 72 0 186 116 6 20 27 37 63 60 76 32 91 107 16 79 45 24 40 0 0 101 54 63 0 27 212 0 53 48 40 47 35 83 135 40 198 3 103 24 126 51 125 25 120 0 51 56 69 24 22 39 26 30 80 25 168 99 21 24 4 180 125 43 80 42 32 115 74 60 91 90 0 27 24 75
20 5 63 61 7 32 53 56 18 56 56 24 116 132 7 47 97 10 15 138 45 50 33 66 11 0 5 0 2 13 95 78 43 31 8 7 3 16 44 7 74 48 51 61 58 91 6 14 66 86 0 120 79 40 5 36 0 57 0 18 5 79 33 27 60 72 8 0 8 7 13 113 19 66 62 54 33 91 44 51 86 49 90 0 0 17 5 55 151 0 21 40 138 60 48 12 32 0 86 85 0 7 42 12 7 21 0 6 0 42 67 63 30 72 26 103 60 68 56 81 1 68 74 9 4 45 17 30 94 62 9 32 10 163 72 18 66 116 79 0 0 24 38 119 36 60 21 55 8 36 0 89 32 15 15 69 62 32 5 6 5 12 16 0 111 52 13 12 150 86 22 43 0 72 18 0 15 95 32 47 32 16 34 37 9 5 35 76 53 21 57 3 38 181 87 32 0 130 9 0 223 104 12 90 20 34 181 169 64 50 56 51 48 36 6 0 64 78 69 66 80 30 73 28 12 1 49 14 28 19 12 40 18 135 37 0 97 64 57 44 51 56 55 117 56 48 15 6 27 6 36 63 29 93 59 48
30 6 33 28 30 0 35 1 21 90 16 87 145 55 72 8 60 0 14 0 14 21 45 48 0 78 97 0 21 17 0 48 28 23 84 74 49 116 48 40 49 0 5 71 50 19 43 50 47 113 0 9 79 56 30 66 6 43 9 35 62 0 12 19 72 16 49 17 54 7 31 6 42 0 78 58 38 6 28 57 60 57 0 42 0 78 68 16 8 98 0 88 69 63 27 6 0 0 72 0 14 0 1 56 19 0 0 54 8 38 44 98 47 63 157 15 68 41 58 4 46 15 38 7 0 0 0 54 63 63 0 24 0 61 44 8 93 0 0 4 0 19 42 13 106 0 23 40 0 40 56 14 0 59 35 7 35 49 39 0 39 76 28 21 28 4 26 0 100 23 0 8 27 8 0 0 6 33 68 36 7 92 6 40 0 12 44 14 73 0 56 102 0 13 3 16 0 115 68 8 41 103 25 38 60 60 41 35 3 6 8 105 30 18 42 42 56 34 9 18 42 60 72 25 23 6 6 48 113 6 63 40 40 97 0 6 72 4 7 0 73 1 11 12 24 7 44 4 76 12 14 14 14 3 53 35
3 81 1 67 63 52 20 16 58 42 148 116 94 25 68 21 36 13 0 64 24 120 122 45 68 11 104 64 9 57 51 37 84 0 19 12 150 127 83 78 14 133 21 18 25 229 71 0 93 0 68 168 69 169 42 34 15 100 27 18 35 12 67 0 43 14 35 68 74 39 73 82 121 102 77 90 148 42 189 112 79 56 29 165 149 14 156 16 36 48 24 29 83 5 64 49 80 45 43 24 19 107 16 74 14 107 72 70 0 39 56 6 0 56 0 99 0 20 103 4 86 5 117 99 80 57 37 6 16 10 78 127 63 82 16 103 120 58 28 79 99 116 84 136 85 48 85 36 71 84 121 91 109 0 65 45 187 7 64 0 42 60 44 24 23 93 97 2 0 17 51 21 147 0 98 113 68 21 91 25 48 28 53 74 91 136 15 66 42 36 46 87 71 126 97 98 41 47 40 48 190 156 7 105 81 12 55 29 47 19 63 71 43 62 35 113 104 60 111 3 55 20 63 3 12 5 29 12 21 81 6 0 53 6 64 85 58 48 39 64 61 19 49 49 117 51 50 44 30 86 157 89 141 17 6 54
90 53 52 111 79 48 33 24 106 2 0 63 25 125 174 59 15 99 119 96 44 28 76 21 36 41 48 21 151 46 56 92 6 84 0 210 0 182 61 88 104 48 108 38 6 30 67 82 73 79 106 108 20 115 24 115 52 60 71 52 45 0 55 26 46 113 45 0 87 18 75 12 102 27 291 53 269 68 72 42 105 83 69 61 155 44 155 100 80 30 120 111 100 77 35 62 86 30 64 37 14 24 93 128 82 56 145 0 10 132 24 52 87 255 0 56 12 65 104 2 28 158 134 79 78 142 40 102 109 28 70 260 28 44 8 59 36 54 35 12 163 104 24 228 25 136 35 11 101 34 50 59 46 36 106 59 53 18 63 64 20 63 44 0 96 103 0 90 90 75 87 145 116 47 118 144 0 103 84 192 201 140 161 170 49 52 124 0 95 68 64 102 96 87 179 56 92 124 6 47 0 149 77 170 34 14 127 137 77 94 35 96 108 88 133 8 71 97 109 105 35 130 138 79 83 59 0 0 215 20 118 21 69 180 7 164 54 72 21 80 47 14 131 28 133 68 0 96 28 0 102 145 36 91 177 91
36 65 17 15 8 49 35 42 58 83 32 0 0 98 0 0 54 32 0 87 24 21 120 46 28 13 112 46 19 31 20 0 79 49 6 0 0 20 0 0 70 0 24 7 99 54 11 40 56 20 0 109 21 10 30 84 31 35 40 0 18 87 87 36 35 0 9 0 6 23 77 28 72 56 56 142 81 6 28 30 45 10 72 74 156 18 35 0 69 45 54 15 35 161 24 60 38 68 32 65 55 20 0 54 40 15 66 61 36 11 12 64 20 7 0 60 32 120 91 110 0 78 48 69 87 52 49 86 130 55 16 30 32 21 0 45 57 1 166 0 77 120 61 7 3 60 0 132 114 0 0 87 0 82 36 108 6 0 0 63 67 48 63 0 75 0 40 0 16 35 129 99 4 92 0 36 67 8 49 12 10 3 12 70 97 36 0 53 36 21 60 8 81 111 62 77 43 48 0 61 48 96 63 62 60 49 40 0 131 24 0 0 34 91 45 88 100 24 153 0 102 7 30 4 52 0 51 44 4 130 30 104 30 20 28 12 78 106 35 40 35 73 13 148 0 9 55 68 54 37 35 0 92 113 0 64
36 58 68 92 36 27 42 8 78 16 56 32 15 67 86 47 91 100 51 12 26 99 12 90 63 85 12 6 102 120 33 6 90 128 0 47 54 69 40 96 51 40 76 133 51 30 18 83 29 0 26 44 84 40 29 12 36 71 21 74 60 27 34 87 15 48 28 46 95 28 99 70 50 3 8 24 12 98 82 70 65 65 4 0 91 123 0 37 78 55 25 48 72 21 16 48 145 70 78 3 54 0 86 43 28 80 64 27 50 8 106 47 82 30 0 20 25 44 92 42 84 89 141 67 42 105 28 21 32 104 6 123 3 30 33 89 92 157 35 75 0 42 99 157 24 55 58 36 46 69 56 85 18 95 84 74 36 16 8 36 6 74 56 0 107 67 52 132 78 84 106 109 8 63 0 36 25 132 101 81 30 68 20 30 60 57 73 55 23 0 16 42 66 77 135 80 101 4 0 57 82 83 64 79 21 21 92 56 49 40 96 18 50 9 56 58 82 89 20 43 19 75 41 0 79 0 123 84 181 50 40 64 124 0 25 0 4 10 79 118 6 0 61 93 40 119 28 60 0 6 60 54 54 64 43 27
142 47 15 103 77 73 49 106 13 92 36 46 32 138 50 90 0 89 94 72 134 0 87 81 5 2 61 25 85 0 230 83 47 30 35 24 61 25 97 105 16 63 128 45 20 101 73 0 7 218 138 10 122 12 65 58 74 108 0 12 30 67 0 4 133 10 48 6 62 114 0 75 59 101 3 45 75 54 0 66 177 9 41 4 24 19 49 8 72 122 44 14 18 17 132 101 16 55 24 101 59 149 24 137 9 52 64 37 16 14 24 0 5 30 63 0 57 117 39 32 2 30 72 28 63 145 88 48 18 8 0 27 52 54 0 10 61 28 47 105 35 147 34 55 6 20 59 39 57 54 0 43 20 65 30 73 12 24 40 0 72 89 72 113 64 45 96 111 0 14 146 0 0 60 79 58 244 63 70 56 64 208 45 112 47 40 72 0 168 139 30 26 131 20 64 117 54 23 25 9 62 121 174 150 138 66 74 18 180 139 92 130 0 30 87 36 85 32 9 10 0 51 224 41 10 18 6 0 54 122 15 58 40 63 106 9 0 140 38 115 0 85 2 109 45 68 0 130 78 0 0 16 126 51 213 71
42 20 72 92 0 6 54 69 37 30 103 18 43 28 42 60 48 35 0 47 15 58 45 0 73 188 37 40 26 50 37 47 30 18 36 30 82 24 5 0 45 141 18 15 12 143 83 109 0 9 120 67 30 56 61 110 26 75 0 120 130 76 112 11 80 121 56 36 42 74 38 70 61 58 166 194 84 15 24 30 0 81 68 75 103 25 20 21 122 61 13 0 0 16 14 80 48 49 5 17 4 73 1 45 30 50 117 71 37 24 108 104 30 59 59 25 3 44 114 7 61 22 119 150 107 15 52 30 4 40 56 43 8 0 31 0 0 84 36 75 18 82 10 46 47 93 0 33 8 9 118 24 114 79 72 21 58 36 27 66 87 139 90 25 76 7 61 37 30 89 72 34 173 63 0 0 25 0 33 52 31 4 99 16 72 20 2 21 51 9 123 51 16 97 32 25 72 40 24 15 94 119 118 39 12 0 46 87 19 48 71 67 0 99 119 18 8 62 57 40 56 101 38 90 39 26 33 68 80 84 10 125 28 59 0 30 30 6 0 56 34 54 45 12 49 170 33 18 160 20 0 0 81 25 32 30
108 63 12 42 84 82 46 68 142 95 120 0 110 75 227 84 30 81 21 43 110 96 0 57 14 22 27 101 34 67 49 105 57 87 15 131 77 81 178 16 156 93 120 43 24 30 30 67 56 0 99 34 72 263 76 134 72 133 18 24 84 0 76 53 45 62 82 27 45 100 76 13 20 12 260 6 36 0 59 0 59 133 0 44 60 36 100 8 27 6 54 53 85 54 41 40 0 57 0 46 3 76 27 120 75 4 101 24 0 17 0 28 6 73 29 0 27 190 2 50 129 17 76 141 121 20 133 24 56 38 107 69 12 41 20 86 0 110 35 45 70 134 0 216 72 77 70 85 175 72 72 2 196 89 2 128 84 43 83 0 9 74 28 43 18 132 75 9 32 38 0 42 102 129 22 92 23 29 107 175 56 18 69 33 96 10 103 28 39 35 0 77 150 92 13 63 124 55 73 24 16 22 40 128 8 16 93 205 68 27 98 26 31 3 29 216 8 118 72 54 42 57 72 106 72 78 18 72 38 58 0 4 97 12 56 21 28 5 119 122 14 58 72 56 97 18 53 18 42 40 85 18 56 8 7 62
87 46 12 97 38 4 51 78 0 52 37 0 30 52 83 69 30 22 24 90 144 26 17 42 58 37 126 5 93 11 57 103 10 114 80 9 3 7 11 52 61 28 35 102 141 48 39 7 52 29 162 137 19 17 32 11 44 137 33 88 84 5 15 72 27 0 112 119 18 59 102 32 12 45 48 66 46 10 12 26 31 45 58 6 17 45 67 2 127 12 2 32 18 166 96 38 55 24 54 33 74 19 105 83 117 78 131 96 37 85 99 81 45 50 40 0 0 171 61 9 114 17 52 156 65 47 61 0 31 41 87 52 56 18 0 58 24 110 73 45 67 47 58 60 6 109 62 44 77 27 86 23 73 179 105 105 15 16 47 0 12 47 78 19 9 221 48 0 21 29 93 8 13 99 6 81 127 82 15 97 48 8 49 12 10 74 31 8 78 180 64 16 14 4 12 43 54 42 157 39 94 0 78 16 40 29 89 64 46 139 136 83 6 48 167 61 106 75 56 0 72 139 22 24 48 36 51 26 0 110 22 23 68 37 152 3 48 93 92 6 18 97 50 93 160 100 2 24 5 0 52 38 44 37 30 59
57 43 86 85 124 141 0 56 155 25 107 0 155 63 103 97 91 62 98 120 21 130 93 6 61 53 143 67 126 143 108 117 130 17 107 81 87 88 51 98 80 104 33 126 26 145 18 52 42 32 37 174 104 62 208 84 43 111 111 9 63 115 50 20 16 159 28 78 127 80 18 43 18 35 36 77 72 16 7 24 160 55 59 74 204 66 8 13 42 57 128 177 28 0 5 24 149 84 50 0 50 43 67 2 48 142 131 164 71 96 89 0 25 54 125 56 8 140 90 64 229 42 102 209 89 93 25 55 51 60 113 0 61 127 28 49 18 55 103 77 94 113 66 113 45 74 54 63 57 87 66 89 131 12 171 76 182 33 84 15 42 95 50 56 17 105 226 23 70 134 75 64 116 37 98 36 117 108 63 110 63 28 30 49 8 137 10 71 53 103 9 109 240 146 19 117 68 86 88 67 79 24 67 58 0 49 86 98 45 77 117 81 95 49 58 85 77 83 0 4 84 5 7 29 36 0 53 40 25 0 56 8 50 116 101 7 24 79 30 74 46 44 188 83 62 153 147 121 53 143 151 79 108 59 0 55
106 0 87 82 15 0 56 9 104 111 107 0 83 66 54 90 27 163 99 185 45 73 25 77 106 49 183 2 60 120 64 207 92 54 221 132 0 135 0 50 46 167 73 16 81 35 2 40 49 59 99 108 50 8 36 66 10 0 137 5 79 44 94 68 54 51 148 86 85 168 60 42 182 82 58 73 107 167 63 67 45 104 42 59 72 0 73 105 118 132 10 37 28 19 106 172 54 27 78 93 162 45 81 20 128 194 36 125 94 10 52 91 9 0 76 0 220 75 180 0 56 57 58 108 4 66 101 0 71 79 7 7 0 95 28 17 42 0 116 54 16 21 90 15 89 89 138 63 111 78 81 221 138 30 9 116 0 0 187 74 17 0 113 120 21 58 73 0 70 105 120 71 109 207 35 156 23 134 92 42 202 111 12 88 80 104 75 62 135 37 70 34 0 14 65 37 128 78 211 72 0 4 104 64 20 173 108 59 18 76 110 164 90 112 258 47 109 99 28 56 97 199 81 74 9 118 56 28 59 214 86 36 48 94 45 240 70 22 101 0 14 50 153 130 68 167 2 27 45 0 0 68 121 112 135 74
91 0 0 193 98 135 122 48 0 36 49 184 32 53 88 0 65 104 73 48 32 49 53 102 35 36 48 45 46 24 49 27 71 166 42 28 94 81 72 107 184 12 30 18 63 10 139 62 20 38 4 92 56 46 85 75 30 93 14 0 57 89 131 114 34 56 63 35 24 92 85 37 63 24 64 65 124 0 22 54 79 63 63 12 101 4 29 67 65 53 43 104 48 92 0 80 0 68 103 16 56 62 101 85 77 16 120 24 108 65 0 71 0 105 99 40 56 80 36 0 96 50 32 149 16 42 42 66 157 21 12 172 60 51 45 71 109 0 0 33 71 165 84 35 95 20 27 91 46 40 49 0 47 77 102 68 0 12 40 69 91 176 53 41 35 45 32 6 53 0 156 64 0 135 35 0 140 40 164 24 50 128 44 99 73 63 138 12 118 0 16 98 36 100 32 25 56 141 36 48 210 98 113 36 60 116 22 24 71 42 25 104 0 12 0 133 53 8 131 128 64 71 93 0 87 16 8 128 140 54 63 63 110 102 32 72 100 14 42 0 26 0 7 66 123 192 58 32 42 0 0 61 49 53 78 82
68 30 88 4 54 0 0 77 31 0 0 0 112 24 99 102 68 45 45 37 50 75 51 0 0 32 0 6 65 0 50 14 32 0 29 75 9 109 0 77 35 28 55 56 0 50 18 40 45 50 48 36 0 60 64 0 81 30 7 91 45 30 0 100 121 77 82 10 40 69 10 16 70 8 93 90 160 36 0 106 0 57 16 100 120 58 76 163 127 25 80 4 182 19 0 0 76 35 32 31 102 46 60 0 8 36 54 72 41 72 15 64 84 177 10 61 49 13 3 6 18 41 181 64 72 42 21 80 95 102 24 6 27 36 0 0 88 49 18 2 114 74 10 8 63 167 5 16 0 108 66 10 47 72 92 184 71 90 24 48 57 75 146 78 121 60 0 114 115 0 0 91 136 123 12 47 10 5 26 81 91 8 93 121 49 112 81 34 46 34 69 22 55 16 9 124 0 0 5 0 22 147 92 31 0 93 93 0 0 81 33 111 0 0 25 8 20 99 42 35 18 66 48 3 40 70 41 12 82 0 43 100 27 50 0 142 36 46 14 0 16 10 0 25 35 58 25 0 70 0 81 72 42 72 80 12
55 40 1 82 46 35 65 128 24 113 42 81 0 22 46 9 16 38 0 116 66 58 48 67 6 15 160 30 63 0 30 110 4 39 96 128 21 64 0 0 32 54 39 28 31 107 0 37 52 53 0 79 37 42 111 58 0 108 44 15 0 37 55 36 26 42 0 89 42 70 0 35 86 8 71 6 86 132 162 10 8 7 24 39 0 29 66 44 116 0 20 45 120 63 32 98 36 42 40 14 30 45 24 0 48 127 84 39 36 34 22 0 4 0 6 63 0 116 25 47 41 40 61 68 0 63 44 0 114 3 12 42 82 45 9 32 143 48 0 45 52 64 0 32 69 9 98 73 55 40 30 3 44 36 20 49 0 58 74 0 22 48 0 0 48 63 0 0 72 20 122 148 131 54 54 0 4 10 95 61 112 71 15 132 75 90 32 0 119 21 100 60 59 37 126 45 90 61 30 27 91 41 10 87 107 70 67 75 73 14 109 109 16 14 49 49 90 4 63 82 0 129 16 19 36 12 12 0 87 14 35 0 28 55 17 18 60 14 28 65 56 0 64 28 56 36 100 76 15 42 0 9 85 88 157 39
42 59 58 84 98 0 6 12 16 111 110 89 16 46 63 66 36 136 0 15 0 0 63 24 0 5 33 73 8 40 0 127 0 81 0 40 36 87 0 46 76 16 7 22 67 184 62 0 58 87 20 0 167 0 121 20 76 83 8 70 28 114 26 75 76 64 57 22 0 119 16 98 39 10 100 47 74 64 6 0 72 35 16 42 0 21 71 32 0 35 7 57 4 0 22 35 6 0 10 21 0 28 54 77 20 36 172 10 99 28 23 0 75 49 64 2 8 49 9 31 113 52 56 39 56 49 26 16 32 0 0 88 61 32 11 13 49 0 0 0 129 5 32 12 4 3 8 45 24 16 0 0 10 36 45 18 62 0 35 16 42 0 60 5 20 32 15 3 72 12 27 73 72 14 16 57 15 30 131 144 0 29 91 22 79 70 42 6 107 61 7 52 18 34 32 51 0 78 84 26 53 19 131 56 50 52 16 8 12 80 55 117 10 51 72 14 74 66 28 72 4 34 0 36 0 82 10 4 91 59 40 7 77 10 27 36 18 16 83 0 25 20 77 18 74 84 85 4 12 16 3 36 87 0 14 42
150 111 41 227 99 88 72 0 72 153 232 0 28 235 114 43 24 80 150 101 130 20 129 80 110 37 0 0 46 63 105 40 32 74 87 40 51 100 81 122 18 49 182 173 9 70 87 183 78 0 40 0 76 0 56 74 95 146 9 114 6 48 104 118 62 59 24 102 78 107 82 104 72 104 72 86 74 60 66 87 176 36 132 76 114 189 84 278 148 17 36 16 114 27 32 44 198 148 157 124 72 0 25 75 163 175 124 32 45 91 153 10 9 40 214 50 100 48 161 62 17 0 84 161 72 74 66 93 55 47 12 36 7 131 10 36 48 187 108 49 65 193 87 0 67 128 206 26 39 49 24 110 52 81 102 45 190 43 86 0 66 133 8 124 20 123 80 153 195 114 162 160 9 75 112 0 132 70 71 145 56 0 73 24 18 95 109 50 40 131 23 67 46 132 201 102 97 113 94 158 184 64 12 48 60 78 0 68 118 187 85 0 103 99 78 4 282 86 144 63 32 138 45 56 64 8 35 54 96 6 24 67 134 8 68 49 0 120 0 54 224 41 93 18 15 206 0 8 56 78 36 120 61 0 168 89
228 51 207 156 116 36 32 37 111 41 160 12 137 178 117 52 143 184 34 24 16 49 0 47 0 120 55 31 112 167 109 138 76 103 86 116 126 133 89 175 97 34 35 219 17 45 43 39 0 48 73 182 96 35 102 57 159 27 41 71 107 134 0 126 202 307 177 22 48 191 0 127 69 93 177 159 99 52 45 60 159 24 84 84 117 135 52 132 266 125 105 94 108 88 102 65 108 77 167 99 145 87 10 63 106 168 127 89 59 16 67 48 87 175 36 92 74 44 124 0 72 191 78 158 103 162 58 54 80 0 94 181 24 162 15 84 46 187 24 14 99 160 66 99 89 92 16 215 64 124 66 39 199 53 208 55 0 80 86 36 66 233 144 82 30 56 36 60 148 273 0 108 125 139 42 35 57 38 92 75 133 48 54 123 40 109 112 69 12 147 145 145 207 209 120 164 126 91 49 47 142 131 90 72 45 61 99 20 136 9 76 149 98 83 102 264 63 18 121 57 60 145 70 15 217 141 48 37 204 31 56 93 48 231 22 115 174 99 0 60 115 35 137 63 90 88 73 122 89 24 43 89 39 60 120 110
10 143 18 111 79 99 79 69 21 105 135 0 31 63 22 48 74 0 0 15 74 48 0 20 103 78 66 0 47 74 6 59 6 80 80 23 0 0 38 74 19 90 97 23 32 60 102 70 0 117 129 20 48 144 29 0 20 42 0 35 61 22 8 44 30 42 41 53 56 18 39 17 46 72 1 63 16 24 32 8 25 9 20 45 111 41 18 28 18 0 0 5 67 32 18 0 16 16 16 7 31 83 21 63 55 38 49 65 63 6 145 67 3 14 0 45 0 49 43 27 14 70 120 68 0 68 24 59 32 69 8 4 48 86 48 0 104 104 87 78 31 28 0 27 0 21 28 21 14 75 63 12 28 18 27 63 42 40 25 54 47 87 101 80 29 74 41 105 52 49 29 87 128 131 43 54 62 0 61 52 42 18 18 28 27 183 46 4 71 23 24 110 56 116 24 66 52 56 68 52 21 18 82 92 118 34 84 48 29 0 48 5 49 114 35 107 99 16 45 92 18 96 20 27 105 59 50 81 82 108 37 36 49 53 65 31 10 8 28 135 100 57 70 73 52 47 46 45 102 0 84 14 22 25 44 52
21 54 88 56 2 76 12 31 0 235 105 0 7 117 105 38 7 3 72 58 72 18 92 87 0 94 78 3 0 24 20 36 47 24 29 24 16 6 45 27 28 10 0 100 0 0 56 62 91 22 35 0 56 56 24 24 25 48 8 0 0 60 128 65 51 0 8 32 30 143 124 132 63 18 0 259 52 156 0 36 0 0 168 73 61 69 0 162 69 0 103 22 111 1 16 64 64 48 97 80 18 36 61 21 72 148 27 20 11 51 102 45 40 8 33 85 56 79 76 108 0 0 87 80 14 0 89 48 36 113 8 96 0 99 10 18 112 113 104 45 31 72 111 22 38 88 69 114 0 32 64 72 45 46 12 120 126 21 84 12 0 194 36 45 148 4 98 82 79 40 94 124 68 58 6 75 63 0 123 64 0 0 38 85 18 36 65 27 42 130 33 0 42 77 164 111 51 154 28 24 113 173 0 54 128 128 3 51 157 70 103 20 42 133 53 72 240 125 92 8 43 38 0 2 8 63 32 42 0 0 20 45 0 8 51 18 15 110 113 16 107 0 103 28 45 84 99 0 18 16 45 0 30 125 32 48
24 67 31 117 0 8 92 81 48 190 147 30 18 193 228 59 171 98 111 118 0 7 81 34 6 102 112 105 0 36 64 82 18 30 189 28 60 16 43 60 30 123 61 70 58 124 99 76 33 42 37 18 0 104 81 118 72 132 57 36 31 68 131 3 182 65 53 135 45 88 124 97 151 13 244 81 77 122 0 0 51 108 85 89 134 3 183 97 104 0 87 0 0 64 32 78 103 72 70 85 36 48 122 108 42 87 78 8 2 0 99 38 9 24 81 5 63 112 80 2 69 40 41 63 132 78 116 30 35 16 127 59 18 45 6 24 16 0 20 48 138 73 9 68 76 9 0 66 36 25 184 18 127 80 55 23 180 0 0 43 45 60 155 112 233 69 93 0 31 120 60 16 88 42 0 15 69 68 102 52 80 18 79 29 61 60 50 143 216 78 89 41 218 68 132 111 0 40 0 96 109 54 37 220 0 112 106 81 140 3 42 18 49 126 199 103 51 132 107 35 96 82 34 121 36 90 52 78 79 82 17 40 28 89 27 57 28 0 56 12 108 26 56 66 121 205 24 36 50 7 86 56 177 21 3 138
34 42 45 89 21 94 27 42 13 65 9 45 54 99 55 18 32 25 18 75 75 18 0 66 6 50 90 0 15 54 30 66 0 43 52 3 18 108 49 37 38 18 2 53 50 92 54 99 0 48 5 83 119 24 73 32 9 54 36 33 64 0 75 156 56 24 38 27 40 40 39 27 50 42 67 27 75 0 75 30 83 28 12 54 99 91 18 43 56 12 8 0 151 109 18 120 159 80 36 10 30 36 3 4 0 56 102 0 48 85 0 90 0 0 49 45 72 26 36 0 0 90 100 36 5 90 49 91 68 70 0 149 102 4 0 0 150 105 92 15 42 27 0 18 63 92 70 6 24 36 0 4 0 27 64 91 61 30 31 18 20 167 63 18 40 24 92 54 45 18 129 33 27 62 0 41 92 27 66 15 36 80 9 8 0 6 42 0 54 40 0 44 12 50 108 39 140 53 0 70 101 129 8 0 63 78 68 59 42 42 5 45 54 0 96 35 37 0 18 8 2 97 75 3 54 0 40 77 107 117 50 84 102 69 56 57 0 54 0 54 61 21 27 118 95 208 25 19 9 42 0 66 17 33 28 51
88 99 67 56 171 16 121 168 129 108 78 34 90 120 106 53 30 3 135 278 0 175 17 76 201 142 150 96 153 97 71 25 148 168 63 61 63 18 18 35 9 55 0 125 101 27 28 63 78 51 63 142 49 66 124 106 88 81 24 63 183 86 0 67 129 48 111 40 79 48 64 42 54 0 12 31 156 87 80 77 129 16 28 7 168 31 135 141 118 36 30 0 110 50 36 118 112 45 20 48 172 39 48 58 226 188 44 171 110 87 91 0 7 129 207 64 173 88 8 9 113 28 74 202 27 128 44 0 134 86 59 5 7 7 69 16 75 19 120 18 68 73 166 97 100 226 113 63 112 141 137 165 72 106 0 8 28 112 94 32 0 72 95 41 44 187 2 81 52 195 63 40 51 165 56 50 45 36 61 111 107 4 7 49 44 329 28 28 84 115 153 182 28 68 96 216 120 90 100 100 130 88 189 221 104 9 177 54 48 20 262 65 8 0 108 32 99 42 27 8 23 127 12 79 94 61 53 60 68 120 0 75 113 66 54 117 0 28 131 0 49 121 148 51 75 65 102 6 56 18 115 18 24 134 48 98
198 28 0 19 55 8 93 0 32 53 92 81 20 75 70 12 0 180 92 90 73 49 0 142 40 40 60 48 86 68 73 45 48 113 20 82 50 49 41 0 100 16 0 158 45 69 34 51 16 126 54 136 80 16 52 22 0 132 6 74 15 26 6 44 68 56 8 71 0 245 15 23 7 31 107 5 90 72 65 36 98 0 0 25 4 65 20 23 130 23 56 112 16 77 156 31 56 97 0 61 0 81 12 14 48 39 240 102 81 0 58 68 6 56 135 0 0 97 16 12 30 0 48 144 78 105 77 48 21 0 0 76 40 0 81 48 97 114 42 28 35 113 58 49 137 21 110 117 8 65 108 35 50 197 54 79 46 72 38 8 0 110 24 167 90 220 24 24 6 41 90 40 36 111 0 109 85 166 0 110 82 14 3 23 0 47 31 0 25 62 158 18 43 72 27 90 147 62 48 24 71 45 12 12 80 98 79 64 76 34 103 49 37 12 121 49 7 32 84 36 79 113 156 29 175 48 24 102 78 22 52 72 18 27 35 36 66 9 48 0 36 162 40 41 55 72 80 0 31 8 32 81 9 0 79 82
69 63 87 138 20 17 97 108 6 134 176 0 14 168 148 134 32 0 37 25 50 119 62 29 77 0 48 93 24 87 182 204 95 64 24 81 24 60 56 24 16 12 88 43 42 155 72 162 114 66 94 42 44 35 130 129 207 36 63 101 97 64 103 13 28 59 51 72 12 69 55 20 70 105 165 139 76 94 56 50 126 67 102 92 58 78 60 55 0 109 38 89 94 0 5 53 127 152 30 117 231 35 7 191 65 88 52 8 43 16 204 27 44 70 125 8 60 112 22 75 46 0 97 84 94 108 113 47 99 45 6 141 8 52 12 45 40 111 50 168 70 86 23 174 43 10 12 73 118 115 9 70 210 35 41 186 96 72 77 7 67 88 124 3 113 5 135 99 17 27 195 116 73 151 1 66 137 66 110 133 8 32 130 0 124 6 81 130 169 46 24 45 68 39 140 45 16 5 0 110 5 157 133 69 54 6 24 103 86 120 144 23 37 6 18 120 215 60 63 73 144 0 96 107 100 6 3 27 62 74 63 0 97 77 79 40 0 126 61 51 46 92 90 106 143 77 116 58 6 129 0 60 224 58 29 105
62 10 45 134 80 0 63 15 0 41 8 109 24 0 5 65 9 45 45 16 0 14 72 25 55 76 5 35 16 95 90 72 5 70 56 104 18 23 0 65 0 8 2 2 4 128 54 14 127 116 17 94 43 0 42 147 0 126 1 18 94 0 170 0 62 14 28 59 61 24 0 63 54 60 85 42 223 70 99 18 78 4 63 33 97 101 76 133 193 18 56 3 0 0 0 0 71 93 85 112 120 88 29 83 0 0 72 22 34 63 53 6 63 7 102 0 61 54 94 19 0 0 0 157 67 63 71 28 31 10 56 120 63 72 16 135 53 40 78 110 147 30 0 93 56 35 68 14 60 53 47 81 32 144 23 36 71 0 104 5 30 0 6 84 49 54 0 27 54 0 114 119 44 151 45 12 65 9 0 48 0 103 27 72 12 87 133 86 124 0 10 3 52 30 157 41 7 0 36 0 102 88 111 37 21 20 96 41 15 77 0 56 67 63 27 20 29 12 204 72 8 81 95 7 93 16 0 37 95 26 21 72 14 71 39 59 0 33 0 0 20 32 49 72 71 152 0 0 56 77 0 25 24 42 106 72
42 129 0 53 15 115 41 41 45 109 126 57 18 34 136 156 76 27 70 27 8 106 76 77 79 23 112 153 15 22 124 127 21 69 68 58 125 32 72 113 72 0 87 45 60 101 65 0 49 115 25 29 16 195 66 148 139 77 1 103 11 204 93 14 107 198 39 129 4 166 60 48 17 87 198 45 137 28 69 0 125 170 99 135 97 61 147 88 6 64 3 42 55 65 48 0 67 159 59 81 148 84 0 79 0 42 63 144 56 28 30 122 151 35 4 96 40 116 72 50 7 60 119 89 22 117 87 14 118 105 20 45 78 48 195 57 26 108 40 27 97 130 53 106 93 7 10 71 30 35 43 125 187 43 156 176 104 3 35 18 90 94 163 150 85 141 112 0 38 48 175 192 173 24 89 131 84 150 27 129 6 168 75 36 82 0 13 78 169 88 21 114 88 116 76 174 89 166 4 56 27 76 56 135 0 41 84 180 32 36 63 0 72 110 84 57 103 98 271 49 35 59 118 32 103 35 113 97 17 67 36 115 148 0 118 33 35 40 63 116 123 92 148 81 92 96 159 61 16 141 104 63 71 86 0 95
20 0 85 73 69 98 12 22 72 184 120 28 18 118 242 0 96 63 5 45 32 0 63 71 24 90 72 31 43 49 82 21 76 55 56 9 24 110 54 69 36 56 67 4 0 8 21 0 0 6 9 84 182 49 113 85 147 28 35 88 27 80 116 77 60 45 5 25 102 82 124 45 140 69 132 190 0 86 0 112 92 22 89 134 6 4 54 81 101 0 0 0 0 20 64 0 68 81 9 48 46 109 36 153 30 20 125 9 12 24 121 7 40 12 107 42 0 40 110 2 0 109 130 68 41 32 87 35 40 0 56 13 72 48 0 0 0 97 51 0 116 111 0 45 28 0 40 125 63 44 111 18 12 108 24 139 75 0 119 40 42 15 109 48 57 60 70 12 51 0 109 24 0 71 77 36 72 36 72 64 88 16 124 95 81 146 122 54 165 45 0 72 49 43 134 56 56 56 0 72 63 7 70 154 0 58 56 110 56 6 4 84 14 136 28 42 80 68 84 7 22 30 24 16 49 19 14 54 107 56 0 28 0 0 0 15 54 6 6 62 79 48 0 27 29 18 48 28 49 0 109 77 145 16 65 99
0 23 18 95 72 10 6 0 138 9 108 0 15 51 36 40 48 0 35 83 15 0 0 85 8 19 85 0 40 30 78 18 61 98 120 81 12 124 27 42 54 57 30 26 42 50 6 97 61 0 15 21 40 6 54 48 0 1 15 100 49 43 49 27 70 81 9 11 14 0 0 111 2 72 103 0 47 0 6 105 63 36 24 90 63 46 12 78 60 10 0 0 0 41 0 79 54 19 40 48 8 72 62 70 135 30 36 13 0 105 21 9 0 60 44 21 77 42 66 42 4 15 60 28 30 87 2 0 46 63 10 16 8 22 0 20 13 18 102 29 15 60 70 16 8 62 15 0 92 12 0 96 32 78 27 51 156 20 81 20 2 17 47 77 8 0 16 30 115 108 38 40 45 6 0 14 32 32 71 18 42 0 56 12 31 15 6 39 24 34 5 167 60 9 46 51 0 8 4 78 2 34 12 131 36 15 80 15 0 28 42 0 26 36 43 33 69 64 30 42 25 0 37 73 15 6 30 29 43 50 0 50 14 0 0 48 4 32 0 16 11 22 34 78 71 56 0 16 68 46 158 81 87 40 12 6
17 0 0 18 26 24 24 54 54 0 71 0 63 80 0 56 46 114 35 55 0 59 0 54 36 99 0 54 117 42 78 34 28 10 65 92 0 114 55 118 83 0 78 81 0 60 0 12 6 0 40 52 58 141 45 81 52 0 72 2 135 0 58 0 82 72 0 0 43 72 27 93 50 16 97 0 7 0 35 35 12 35 0 24 57 0 64 0 44 46 61 72 8 0 0 78 83 0 0 13 4 20 37 59 78 0 56 78 14 72 122 0 24 60 12 0 2 40 45 36 0 56 63 67 119 56 55 14 24 50 37 71 7 41 9 76 5 39 7 24 99 75 74 28 12 78 0 0 0 0 107 17 10 96 0 22 69 26 0 35 39 25 74 94 5 0 24 24 67 69 18 0 49 3 20 43 56 20 14 133 7 20 36 11 54 16 78 27 20 0 50 133 2 86 15 40 0 0 34 79 126 18 76 15 72 23 114 87 61 54 92 30 25 0 2 24 30 15 0 0 7 42 0 8 0 54 14 0 40 0 25 42 10 45 149 5 0 2 14 4 5 4 112 54 64 72 72 28 70 37 61 118 95 35 0 58
88 31 88 0 12 72 0 46 140 56 47 4 50 139 66 57 1 98 6 27 90 0 47 11 53 43 100 75 12 99 95 82 75 0 36 49 89 22 34 21 18 11 25 123 60 108 38 60 9 12 35 74 140 78 83 87 171 118 18 45 0 28 14 61 72 51 14 36 47 182 17 34 47 20 113 0 10 92 0 23 141 12 46 20 203 52 63 30 97 6 42 53 64 72 56 24 6 9 96 72 81 49 18 9 27 11 120 84 0 31 84 5 49 18 43 0 30 90 4 0 55 87 30 78 0 151 96 98 21 50 0 15 32 122 82 7 14 82 27 7 26 22 39 22 55 52 128 49 52 0 46 38 66 125 88 36 45 73 17 0 6 32 94 210 3 137 65 22 56 78 42 55 0 45 69 90 71 0 52 72 177 52 56 13 51 30 17 56 27 125 84 7 42 25 73 0 173 0 7 31 105 21 68 94 79 35 118 0 74 39 56 0 44 16 55 78 10 0 33 0 18 0 35 35 0 48 12 27 45 37 0 31 66 86 0 19 49 0 52 24 0 76 31 20 5 123 45 16 29 0 72 12 134 15 33 18
27 75 21 45 28 182 50 50 60 156 0 9 0 70 142 89 0 36 10 126 80 64 72 122 44 104 155 9 54 27 99 72 25 69 25 40 3 129 40 86 170 0 20 66 63 55 59 29 62 102 72 219 120 80 80 146 60 52 8 100 72 54 78 28 84 94 90 16 30 35 47 88 28 47 176 192 191 26 27 68 117 27 112 102 132 42 67 126 85 92 79 62 103 127 24 149 0 56 60 61 23 102 54 27 66 99 119 33 0 18 76 76 64 159 20 65 74 100 146 87 33 147 169 4 81 106 80 140 88 57 64 120 76 102 152 10 125 99 107 2 38 142 122 72 58 106 114 81 29 15 98 45 1 24 0 113 60 15 47 8 65 94 49 0 54 47 16 18 82 22 37 92 108 76 25 43 63 54 55 165 133 87 81 108 39 24 40 15 234 168 81 73 74 249 92 32 88 210 20 47 103 177 120 90 8 90 187 161 41 24 145 123 61 80 27 113 202 34 78 21 33 69 40 20 50 118 12 44 113 70 66 71 184 88 0 3 40 56 74 72 112 30 13 61 0 98 190 0 121 77 131 83 24 61 73 46
102 67 24 69 69 50 74 25 40 36 129 36 111 72 112 99 42 80 81 36 0 46 34 168 127 0 6 41 153 56 87 132 22 196 56 214 15 95 72 66 81 40 60 152 94 12 41 0 38 109 174 114 77 101 45 35 131 75 56 191 96 25 52 52 24 88 78 90 84 34 117 51 103 42 118 43 81 63 0 90 100 110 48 18 110 36 73 37 76 69 83 41 77 126 72 54 89 81 40 27 128 2 75 55 54 78 146 34 0 44 138 70 35 63 238 0 64 156 81 0 84 30 30 37 117 151 0 99 151 68 75 147 0 45 30 70 71 66 144 42 21 194 24 73 186 129 108 99 115 18 73 88 88 63 90 133 64 36 27 32 18 213 26 138 75 117 131 15 43 0 116 56 80 100 100 0 7 72 42 91 67 11 9 67 63 81 100 90 141 51 148 0 38 150 36 54 64 55 45 124 21 27 92 18 45 89 26 87 103 75 203 30 56 72 81 81 23 48 142 42 22 159 80 0 109 23 30 96 166 65 9 136 99 134 48 0 49 22 198 12 128 126 145 65 107 33 121 26 39 0 98 56 67 28 25 53
93 18 82 40 27 28 0 26 9 100 213 0 0 57 69 89 35 157 81 27 36 71 0 0 41 47 45 54 40 0 80 48 132 60 48 18 63 32 24 17 12 0 3 21 18 136 27 0 0 160 6 18 86 0 97 94 45 15 3 12 17 20 53 57 0 47 48 0 18 84 35 18 96 30 66 72 21 62 15 30 123 26 46 36 35 25 22 17 48 0 0 25 125 0 60 71 132 80 63 81 30 18 9 0 27 53 84 0 31 39 0 113 6 24 71 28 32 6 96 18 0 0 48 0 6 76 92 40 0 102 54 0 12 76 0 26 73 0 33 0 0 112 54 44 83 72 123 45 75 54 2 6 11 99 12 83 56 105 35 48 85 0 39 134 106 108 12 0 72 27 40 94 90 110 25 105 56 105 16 141 90 18 20 21 34 135 0 48 66 15 41 0 69 0 32 81 27 0 54 0 68 54 40 52 21 46 52 63 21 55 51 29 60 0 81 78 10 54 60 0 26 8 27 0 159 2 48 51 0 38 18 40 70 63 18 6 12 0 19 0 30 175 15 0 39 15 0 40 27 42 0 0 37 53 53 56
66 10 47 206 341 16 16 75 33 48 32 126 30 81 221 0 90 5 80 139 74 8 35 21 125 165 163 64 24 100 114 174 67 44 122 76 50 104 38 48 0 172 54 43 72 44 60 128 82 0 19 108 40 21 116 72 33 0 33 15 57 27 78 96 137 6 21 87 0 75 86 15 30 3 75 0 0 157 116 85 54 53 77 99 32 82 112 139 93 56 4 124 72 30 24 96 128 24 105 0 56 96 7 140 27 159 81 20 42 52 168 7 26 42 85 42 24 139 42 26 17 57 38 54 28 126 101 12 251 37 6 3 40 54 82 41 15 86 27 93 94 62 166 127 65 12 56 107 243 108 0 103 36 74 76 72 127 0 209 45 0 66 48 71 138 78 24 8 78 178 70 0 0 52 63 55 20 77 176 52 48 18 138 66 122 96 131 69 126 79 72 74 149 54 63 157 160 129 33 166 153 10 64 148 58 25 40 136 36 52 116 47 62 30 35 201 82 75 153 44 0 76 72 18 90 42 105 4 74 39 0 32 8 72 18 48 32 12 0 71 75 39 164 31 71 63 67 78 128 0 0 25 150 15 92 60
34 49 35 0 8 33 13 0 34 108 110 0 8 45 42 31 55 61 9 98 0 131 23 85 30 6 7 45 83 12 22 46 6 27 40 72 0 27 0 38 22 65 0 27 22 35 27 0 20 53 36 39 45 87 0 53 0 90 66 29 2 53 17 23 93 0 40 4 70 55 0 9 61 1 21 33 52 76 55 88 128 37 72 0 62 0 40 8 89 21 0 24 107 57 37 0 31 107 11 99 0 21 10 9 7 119 42 0 59 3 54 57 0 12 21 73 48 31 49 27 27 9 111 10 98 0 47 0 82 26 39 3 68 16 2 0 176 35 103 0 0 7 6 40 0 41 96 108 8 0 66 58 44 45 106 65 6 63 20 5 75 129 20 0 32 49 7 0 108 0 104 97 11 15 15 83 12 36 40 101 63 86 48 45 21 128 0 7 69 68 105 3 50 29 8 25 123 0 69 0 76 0 0 27 93 13 0 20 28 62 0 45 9 21 52 16 28 107 95 49 76 73 6 0 70 18 54 57 0 30 0 31 7 51 12 5 44 77 52 0 64 54 45 30 59 0 0 28 0 0 15 30 78 2 90 16
91 36 2 103 34 51 81 54 40 72 113 0 63 34 83 95 6 56 39 55 29 18 13 18 43 90 61 18 8 30 15 48 17 10 35 10 5 18 18 5 51 0 39 16 76 6 42 4 21 42 5 190 64 52 25 122 45 20 40 6 0 58 87 77 46 91 34 36 15 0 39 8 25 58 46 35 0 36 35 0 2 32 44 9 24 0 45 18 44 15 28 71 48 63 22 45 2 56 14 48 6 82 54 54 21 1 10 30 63 88 3 24 29 46 78 82 1 52 5 27 0 105 32 0 30 9 67 15 64 15 0 50 0 60 22 12 14 32 162 6 72 72 46 66 6 41 31 0 96 4 2 22 23 21 53 9 88 44 35 0 10 6 12 19 36 54 9 10 93 64 114 0 18 47 10 63 63 40 32 0 6 36 40 8 42 42 4 0 80 8 5 24 74 51 81 21 12 54 0 0 168 45 77 85 49 64 28 139 77 37 0 75 16 30 0 37 0 20 124 42 40 103 0 16 85 9 12 73 0 0 22 74 12 51 36 6 4 32 28 89 3 103 72 18 0 0 44 6 21 18 21 32 42 54 77 55
161 103 122 41 40 7 181 66 58 127 337 8 6 78 62 147 21 83 17 43 8 36 30 32 30 66 80 49 30 29 87 103 35 143 190 30 40 88 87 19 66 38 82 24 141 67 23 79 4 63 5 99 66 102 126 26 51 47 3 30 47 40 7 161 92 164 141 55 33 195 18 32 141 4 70 180 47 50 137 129 206 0 54 40 73 37 129 63 116 53 11 48 0 58 122 44 80 27 102 12 93 59 0 140 30 99 14 3 36 6 120 107 62 48 101 0 32 81 76 36 32 54 142 51 92 128 62 0 72 103 97 42 67 0 60 0 39 72 74 50 64 194 86 140 113 54 94 109 48 36 101 10 103 81 46 50 95 99 166 133 7 6 96 84 95 163 70 27 73 21 109 68 128 53 12 61 90 187 52 138 54 81 181 32 79 99 112 73 256 80 30 46 93 82 189 117 105 94 105 70 80 109 85 141 14 39 30 1 10 70 117 110 43 18 67 16 40 81 151 73 71 195 54 133 26 12 150 63 137 76 20 8 72 0 112 15 66 24 84 36 35 86 109 76 115 0 44 60 102 2 104 48 87 60 15 73
46 50 44 41 31 86 133 74 3 39 8 0 21 156 80 40 50 0 66 127 49 87 146 54 86 43 102 59 0 81 90 123 66 51 99 44 51 78 96 0 97 79 78 154 14 43 27 12 12 9 79 44 78 139 32 56 112 66 63 108 40 35 147 5 137 48 15 152 23 50 46 24 24 111 80 0 28 0 68 99 50 42 50 0 118 56 89 104 48 27 63 128 115 121 28 49 56 71 27 11 0 35 18 76 0 148 39 59 40 105 160 31 30 30 35 45 0 84 0 30 95 42 41 150 43 111 79 125 151 57 28 24 0 3 108 95 104 64 93 45 61 45 45 135 84 55 121 49 63 103 21 63 58 40 52 79 90 84 77 27 0 107 60 104 102 129 183 78 44 14 42 0 27 143 106 104 127 74 47 128 120 149 0 116 176 80 149 26 16 0 6 20 10 36 45 101 89 69 0 52 89 43 86 15 147 18 0 104 68 110 73 129 52 53 46 80 76 21 45 105 99 88 107 50 45 30 50 24 113 79 55 48 5 24 0 43 0 93 87 76 59 33 132 30 43 115 92 21 84 0 147 70 44 40 174 48
48 10 0 143 0 39 35 0 102 59 57 0 25 130 0 10 73 43 87 50 0 50 81 36 19 50 31 43 35 37 79 0 6 36 20 35 12 20 0 35 19 65 1 52 70 49 24 2 25 21 5 34 77 100 12 79 139 50 76 66 52 35 53 2 149 8 0 71 38 7 3 23 33 0 49 52 56 87 68 46 156 42 56 8 81 0 48 21 35 4 47 3 60 77 44 63 119 16 0 104 90 49 22 63 12 53 11 22 0 67 82 18 36 38 9 3 110 14 19 3 44 3 42 60 57 132 7 21 74 52 49 78 0 25 61 0 56 88 56 35 4 42 34 126 13 77 153 21 68 35 82 54 0 89 45 4 89 16 0 8 6 43 82 9 122 12 0 29 27 43 101 24 43 59 52 25 76 36 20 118 16 92 32 20 8 20 31 13 45 103 72 9 83 61 67 0 64 46 41 0 146 0 103 56 0 62 90 90 99 67 11 18 35 14 56 31 96 22 49 0 50 28 74 116 20 52 41 42 49 6 2 28 46 31 72 48 0 0 56 0 54 108 97 30 31 8 6 30 30 16 63 52 14 10 40 28
6 16 35 31 115 72 0 62 48 86 49 28 70 71 200 126 23 50 123 72 35 97 4 31 25 127 3 111 77 53 10 80 0 32 72 51 12 96 64 110 106 109 64 55 2 38 4 64 42 0 66 24 64 37 69 144 19 192 0 22 64 24 103 0 123 178 0 24 57 97 110 152 8 8 182 72 49 46 43 65 107 116 64 18 68 80 75 12 122 80 33 0 71 128 4 24 33 113 79 65 140 118 116 122 126 40 94 83 0 195 25 0 42 66 99 88 88 142 108 86 88 78 38 50 144 12 83 17 201 55 128 109 31 81 0 101 21 136 53 104 155 48 107 165 0 22 0 0 63 54 88 4 100 85 192 20 26 163 140 0 0 24 32 116 89 42 15 83 57 163 79 136 154 34 30 82 47 32 0 60 26 0 28 57 110 18 96 4 64 171 11 151 80 28 22 93 12 32 5 72 11 26 20 111 79 56 106 94 81 16 54 44 76 170 20 76 79 172 56 84 66 109 47 24 0 0 12 36 0 8 0 160 38 0 64 50 0 56 22 87 121 47 177 92 102 72 64 16 80 134 94 100 76 45 6 70
37 24 27 72 66 57 14 18 84 24 93 0 0 0 32 80 51 73 12 107 0 0 0 8 36 35 36 0 13 40 29 115 16 63 24 0 22 36 18 27 42 18 5 20 39 18 75 24 9 15 84 109 96 2 58 31 7 54 6 69 58 0 42 40 74 82 36 57 76 24 40 18 14 21 90 124 83 73 45 96 0 6 18 12 18 52 45 41 113 48 0 35 16 12 16 30 28 64 51 38 136 24 58 63 54 0 179 0 25 17 72 30 7 106 24 21 0 104 87 68 64 60 44 121 161 12 39 21 79 29 0 157 57 110 12 0 35 109 65 99 126 14 54 9 38 24 6 0 50 4 81 56 30 111 12 87 17 0 15 24 78 17 34 21 0 104 48 14 62 0 28 32 10 54 0 76 65 0 52 66 6 0 113 7 40 80 8 0 57 90 0 0 35 50 27 15 28 46 95 75 118 100 151 79 21 3 18 141 21 129 16 91 0 39 95 129 18 78 29 0 4 26 0 0 75 44 98 24 3 147 13 25 18 40 18 30 15 9 35 67 36 12 33 56 84 90 72 103 0 21 46 3 73 2 18 78
132 178 37 126 92 161 63 17 252 160 129 49 74 54 126 74 14 16 36 19 76 0 61 55 153 74 122 48 18 100 200 109 108 78 140 0 46 28 42 57 55 15 104 109 125 0 42 76 12 40 67 24 26 130 62 22 82 35 8 6 93 52 41 88 124 59 125 15 139 61 94 53 77 72 44 54 56 57 77 30 93 91 12 87 10 39 176 53 66 87 119 92 15 33 38 24 0 43 97 56 54 40 21 141 93 72 121 57 0 75 180 99 36 117 54 6 34 75 64 65 64 31 162 123 97 56 51 40 188 255 49 0 92 87 88 33 63 90 204 58 0 51 50 101 66 98 40 0 103 36 59 103 63 141 61 28 42 42 0 121 54 131 176 93 91 139 26 0 35 35 52 117 37 178 38 102 56 135 102 76 68 28 42 36 46 200 9 40 106 91 40 102 4 129 60 94 96 92 216 100 126 57 21 148 36 97 110 80 148 150 128 67 91 0 45 109 0 167 36 72 70 12 58 101 83 24 134 32 96 121 55 42 27 74 73 69 68 25 42 98 138 101 46 136 140 0 83 104 24 106 159 0 9 31 20 55
102 33 125 42 32 18 26 6 51 85 54 77 74 107 82 81 18 46 167 161 18 8 74 64 38 46 182 118 8 64 15 191 18 12 64 30 36 159 0 69 74 63 5 24 15 128 50 56 51 0 64 127 6 60 18 147 21 84 5 12 3 39 91 0 84 14 34 79 24 30 31 23 99 101 137 89 51 88 56 0 92 108 123 112 36 10 139 50 69 16 74 1 28 22 32 86 141 95 19 113 86 58 38 16 9 79 14 15 8 3 36 132 0 98 37 15 70 180 31 54 16 31 103 45 88 58 142 96 108 75 38 15 28 12 4 0 1 84 108 50 70 30 41 0 62 0 114 8 43 3 170 54 94 66 30 0 49 0 89 0 16 0 24 42 125 8 66 0 19 108 136 36 70 124 0 0 66 87 34 95 32 58 45 24 0 20 24 43 66 46 64 12 40 102 42 66 40 116 0 12 121 136 54 56 42 67 36 86 111 102 0 72 93 142 143 31 36 70 35 9 125 150 45 54 33 21 44 4 0 24 46 67 0 0 80 0 53 54 0 22 47 59 48 76 70 172 35 41 30 14 46 36 52 65 78 126
23 27 48 6 105 70 52 0 30 87 76 54 0 8 55 21 72 67 0 36 12 39 3 9 6 15 105 0 36 27 0 81 36 36 114 45 52 54 15 36 36 66 14 6 30 6 26 36 18 39 15 33 16 30 46 63 24 20 3 12 32 0 24 44 106 128 63 123 12 0 53 32 22 0 35 18 27 0 63 4 86 4 2 20 26 71 76 20 25 0 13 32 14 54 55 63 36 31 25 18 45 59 36 3 16 20 68 40 32 2 4 0 15 0 44 27 75 84 7 54 58 13 21 16 68 49 57 18 77 17 114 0 0 64 0 11 38 5 28 108 4 0 58 84 63 6 88 0 78 0 0 20 0 3 0 27 4 36 171 0 0 0 0 6 98 28 18 15 7 4 35 125 0 3 65 53 139 57 34 12 18 36 0 50 73 48 45 3 62 34 0 6 87 47 61 0 27 82 0 35 24 14 28 58 0 8 20 99 33 18 79 33 0 0 91 9 0 48 45 6 1 96 4 3 0 0 12 12 74 0 27 40 28 30 19 30 8 14 52 68 0 33 118 0 0 0 18 89 37 60 36 0 24 62 63 27
107 52 16 36 28 90 92 88 24 87 108 20 118 49 162 132 60 30 9 18 8 79 98 141 14 40 32 54 35 56 18 4 16 0 4 38 62 6 2 33 28 60 46 0 4 35 60 63 15 18 108 45 56 189 66 18 92 36 23 92 41 120 107 26 64 0 28 44 39 9 114 109 177 75 90 142 32 18 40 85 32 44 168 95 50 7 102 72 99 85 122 75 72 25 4 0 8 37 25 11 50 0 4 140 28 111 40 33 44 25 137 91 4 40 45 81 38 85 9 0 34 2 61 16 104 43 84 4 26 102 145 3 71 68 48 58 16 14 49 9 98 203 88 20 21 84 62 23 83 74 35 116 106 146 80 192 154 143 50 42 15 72 26 85 180 51 171 32 122 0 83 38 124 94 56 2 84 59 97 90 40 53 105 126 128 156 137 48 48 41 71 132 111 142 146 174 32 219 0 0 138 50 106 142 159 88 48 99 93 48 107 7 48 108 10 53 82 96 24 13 74 19 27 35 0 91 34 32 64 44 23 48 98 0 62 68 40 71 22 34 93 46 9 39 41 168 58 20 112 0 88 36 42 35 113 103
36 137 92 143 39 106 65 54 170 207 67 36 24 34 93 103 79 97 56 103 52 40 30 63 70 81 98 32 70 69 26 67 42 72 136 36 6 190 135 63 8 159 48 0 10 111 60 118 0 0 53 0 144 125 45 146 69 11 0 60 62 2 106 72 38 9 52 69 161 61 20 61 18 25 86 110 12 6 9 99 144 82 106 119 44 7 16 28 53 34 66 54 18 54 56 48 76 129 75 54 0 81 12 72 121 72 42 36 27 12 89 113 1 64 204 15 49 85 0 19 66 10 79 72 36 79 53 42 49 96 134 103 14 126 24 32 85 102 130 70 12 127 78 0 70 64 51 56 91 18 89 0 59 67 8 0 54 34 0 99 76 129 36 0 46 10 88 48 154 166 135 91 182 142 128 69 148 44 92 6 9 42 54 27 63 104 78 59 154 50 27 199 155 248 132 48 64 122 87 39 82 34 0 35 54 121 0 20 0 0 79 52 58 87 112 29 165 11 91 112 27 195 54 48 70 26 24 144 0 16 81 92 138 81 86 40 48 22 0 87 37 26 96 19 142 82 78 16 160 83 104 36 28 40 76 42
121 47 12 65 36 64 0 102 0 32 68 9 12 0 68 46 53 8 0 49 0 0 136 7 51 72 33 18 0 33 60 84 89 110 4 6 9 72 63 0 40 0 0 51 63 95 92 9 98 124 18 125 70 27 4 52 0 51 28 0 98 60 8 58 8 0 0 40 170 111 48 4 40 16 107 126 90 133 16 30 42 18 8 71 42 70 36 119 32 35 60 45 20 99 5 5 0 205 131 27 239 30 72 271 12 2 83 0 51 102 55 0 52 56 138 16 81 77 192 30 101 72 0 82 159 7 29 0 138 35 6 24 96 80 0 0 55 72 10 66 15 211 7 24 58 66 40 190 0 69 57 0 54 72 40 177 0 6 71 40 80 46 44 27 49 12 28 0 96 57 122 42 0 35 1 4 109 82 50 79 81 59 0 18 20 81 14 45 8 0 44 64 53 5 99 60 0 121 160 72 79 131 78 108 118 0 27 0 14 124 36 33 56 87 2 84 68 3 6 8 0 28 127 101 72 4 15 0 93 72 42 28 49 108 12 78 132 99 122 0 20 93 104 117 0 193 62 52 111 42 112 0 118 0 22 69
36 50 30 64 61 122 10 108 126 132 92 25 181 17 117 120 74 71 16 14 35 32 0 22 48 28 2 3 28 29 67 0 18 43 16 47 26 0 54 8 46 52 26 40 0 37 5 0 26 65 31 98 16 118 63 114 27 48 112 6 89 40 24 20 143 60 134 72 72 0 44 15 21 45 81 21 47 18 81 10 158 36 0 0 110 0 151 30 16 97 71 36 118 79 0 86 72 0 32 45 84 85 8 72 40 80 133 44 20 28 67 0 8 0 264 18 114 38 25 0 60 100 4 70 118 81 30 63 72 45 92 35 21 2 48 36 49 20 103 12 58 123 88 141 2 12 14 19 0 30 21 42 63 0 78 0 92 18 65 0 66 48 133 48 60 64 60 0 0 72 45 90 81 68 42 57 78 0 45 40 14 105 20 61 52 120 30 21 136 85 0 59 207 66 41 57 53 70 56 91 163 30 84 76 33 0 68 81 34 18 20 0 6 9 42 75 0 87 0 0 0 56 0 63 32 16 19 83 21 75 0 47 16 77 56 119 0 12 30 54 107 0 24 7 44 122 20 10 100 21 40 34 72 27 0 133
124 2 55 95 113 127 34 111 278 101 148 20 26 56 25 72 8 140 33 105 0 80 113 100 72 105 94 36 107 77 94 107 75 42 0 106 12 146 156 18 104 72 91 141 60 94 40 14 85 54 94 120 104 185 66 107 113 38 84 27 52 68 85 90 157 58 51 0 148 68 66 48 93 0 134 87 24 145 20 106 30 35 49 9 72 63 116 23 148 27 46 21 161 151 0 114 58 95 63 25 142 78 136 193 107 12 109 62 10 197 64 35 56 56 191 0 128 122 39 30 87 74 33 54 136 195 35 79 182 66 34 36 0 178 0 15 90 143 138 45 96 42 45 126 53 109 145 21 172 14 7 75 58 175 5 9 102 124 81 70 0 18 128 63 11 54 52 93 20 28 46 106 99 35 48 41 82 130 31 139 81 48 80 64 101 86 111 0 111 26 65 63 54 137 66 3 72 57 122 79 44 2 54 218 230 87 210 150 152 70 81 152 15 48 7 80 84 35 51 36 90 35 96 244 0 37 9 46 65 89 0 78 70 101 183 93 38 8 137 114 48 215 95 191 10 15 131 66 96 20 26 50 51 88 57 5
137 42 20 125 85 32 46 76 80 130 6 0 97 59 70 10 57 121 143 0 70 14 96 88 57 12 37 26 18 55 62 20 10 119 42 53 14 75 47 49 44 36 128 102 68 37 117 10 71 54 59 0 0 24 10 152 35 11 16 15 0 14 18 53 74 65 61 45 36 104 58 10 2 55 24 67 40 15 61 12 93 98 9 42 14 98 108 60 52 61 54 88 21 31 33 2 117 166 73 32 96 56 27 192 77 20 75 24 5 61 0 6 0 66 101 0 101 62 130 50 0 63 15 107 57 12 56 58 126 106 0 30 64 53 18 20 168 136 68 27 117 119 119 65 18 10 126 153 89 44 50 38 0 93 10 168 61 0 18 0 30 96 13 42 34 45 0 44 45 0 102 160 7 36 37 47 42 8 99 136 30 25 68 31 18 24 42 38 48 126 0 42 131 63 56 9 42 15 76 8 67 16 28 38 70 91 16 61 16 75 35 157 49 7 79 4 87 6 159 62 10 60 30 27 44 70 35 0 47 16 120 43 44 0 54 110 50 31 65 69 63 8 19 35 68 111 47 0 12 14 38 55 98 6 49 64
97 16 12 79 56 36 0 8 0 42 271 0 21 112 195 68 87 54 49 146 108 35 26 72 28 56 41 0 21 87 126 81 135 79 0 73 72 123 9 56 24 7 147 71 27 105 6 37 63 23 9 126 93 0 12 38 81 0 27 0 133 5 0 56 12 8 54 99 52 210 59 76 13 0 156 39 64 24 0 97 117 113 40 0 14 58 48 48 56 54 8 55 14 53 99 239 42 9 89 79 178 56 74 0 36 81 115 0 81 110 0 0 41 43 0 0 71 56 219 10 62 42 52 38 27 121 35 1 28 86 70 54 32 27 8 20 67 111 0 40 110 137 24 57 81 30 146 119 122 75 40 126 185 0 0 184 0 0 28 0 58 126 8 137 37 0 18 36 32 75 31 85 14 137 19 81 64 44 114 117 125 100 54 0 0 10 42 0 174 64 0 56 12 4 111 8 80 83 40 64 95 152 47 26 0 48 56 53 0 0 72 72 54 17 94 177 101 35 72 0 0 96 125 60 176 0 6 0 109 126 112 64 48 50 27 48 32 82 75 36 115 120 36 46 12 191 18 100 77 0 25 0 72 42 96 0
12 24 23 135 69 4 52 3 0 18 168 42 38 31 12 32 8 66 42 95 27 7 15 62 116 142 140 2 74 12 52 14 11 97 42 82 64 4 70 11 16 9 24 51 104 22 36 130 42 45 102 43 97 70 73 0 124 14 25 67 165 18 192 97 63 2 1 21 52 26 149 118 77 1 65 94 132 54 41 63 27 2 89 7 97 0 27 27 63 20 78 0 18 82 36 33 22 0 76 27 0 21 52 0 20 19 115 109 109 154 2 61 47 15 77 90 7 64 114 0 26 28 64 0 25 131 45 17 71 12 27 1 12 68 68 37 28 0 36 97 35 48 67 54 63 6 119 27 87 20 32 64 14 151 10 81 48 63 175 70 20 56 0 194 3 62 8 44 16 95 69 87 70 1 49 20 42 15 48 6 14 0 58 105 7 94 84 0 40 60 115 77 33 86 103 52 72 184 47 0 0 83 250 20 53 31 161 0 0 60 42 18 121 138 20 29 130 82 117 16 26 33 25 0 9 60 0 72 0 12 0 81 46 94 54 18 4 2 7 9 2 32 83 103 18 7 22 8 10 48 19 28 94 4 126 61
56 38 50 95 7 81 14 5 127 101 116 54 52 97 98 63 58 32 15 136 72 35 216 45 25 14 91 79 24 80 26 65 74 15 41 0 36 36 82 0 86 67 43 46 136 116 44 133 57 115 174 77 116 69 112 122 77 58 70 37 148 85 204 129 237 15 7 56 160 151 4 129 46 72 105 95 70 47 42 126 110 46 78 74 80 54 50 65 16 60 86 99 75 88 34 112 26 14 209 72 30 70 39 128 12 153 183 14 54 109 64 61 63 132 22 35 56 40 96 93 22 114 149 45 4 106 52 105 207 89 62 78 42 102 28 0 121 28 82 99 25 76 80 101 15 35 137 57 76 26 42 13 24 97 7 50 57 6 0 51 7 110 75 106 31 48 30 49 140 82 122 34 65 72 25 124 14 77 103 61 77 78 38 74 72 119 2 52 110 52 50 119 20 63 56 58 99 109 21 24 55 110 176 99 118 59 65 40 88 81 86 72 6 193 105 14 66 101 50 45 49 26 14 150 12 34 42 18 76 80 101 121 44 147 56 150 56 126 50 69 97 115 77 219 0 48 15 15 6 32 108 100 154 58 47 76
72 12 88 99 28 149 36 81 118 24 53 90 18 63 9 74 75 149 18 50 22 75 0 46 61 59 79 9 60 37 6 167 0 99 49 25 24 44 40 88 108 114 73 0 24 68 89 24 48 60 13 121 160 25 60 58 71 95 0 24 68 36 133 47 58 124 135 71 54 124 0 0 21 27 0 107 0 108 57 92 54 83 41 12 40 2 2 64 72 35 9 20 0 9 8 14 56 57 93 76 176 10 95 154 9 65 0 60 132 78 127 8 14 0 32 0 0 8 54 72 64 126 74 143 139 15 28 0 36 105 2 0 48 192 4 2 35 6 62 127 39 73 98 35 14 64 14 76 48 66 0 12 30 108 42 115 53 8 143 32 90 59 60 33 54 7 92 18 68 90 153 90 53 91 0 96 161 0 101 11 7 28 80 15 76 59 36 0 9 0 46 85 45 27 8 6 40 105 54 6 182 184 128 35 16 15 36 157 18 97 34 76 0 0 19 143 21 24 45 36 26 132 63 12 7 12 57 87 73 76 60 111 0 49 40 81 0 144 9 65 5 20 21 122 0 215 92 95 31 0 0 62 110 55 59 70
56 56 6 1 24 0 48 6 96 66 145 162 21 144 80 18 59 84 135 36 20 60 88 40 57 87 152 42 2 39 32 96 18 50 74 99 0 42 0 98 4 90 19 78 68 52 0 82 47 126 25 100 30 79 36 52 97 168 20 67 69 8 92 108 126 42 6 8 85 16 51 0 51 0 173 0 56 84 53 18 141 120 8 48 83 43 42 92 108 78 36 123 14 92 0 0 113 53 64 87 54 5 67 11 1 157 92 61 66 30 141 12 0 21 38 0 13 99 0 42 129 58 81 145 27 81 0 54 91 68 18 78 126 50 49 7 72 41 0 12 18 0 92 30 87 35 63 0 66 54 140 65 119 109 40 126 117 0 46 0 44 104 104 48 73 78 110 0 109 56 129 137 0 76 0 0 54 70 140 57 38 80 56 40 32 131 18 91 56 47 165 64 93 32 128 0 110 80 0 10 54 78 122 132 8 159 45 24 74 2 107 18 2 46 225 88 89 0 114 34 48 85 130 28 106 14 68 52 191 74 86 0 28 54 9 0 150 0 48 0 96 109 70 46 12 27 74 164 45 0 66 82 158 113 16 68
67 48 35 52 144 7 42 31 21 114 31 64 44 54 42 56 19 39 0 24 34 146 58 115 24 0 9 0 59 2 111 192 54 62 38 152 0 192 144 8 104 24 84 66 41 8 26 0 62 91 32 100 87 88 45 0 56 99 57 167 84 87 18 18 2 120 49 37 18 21 34 0 51 0 132 21 32 37 9 132 182 79 70 42 188 18 81 66 42 40 126 50 131 56 12 27 24 3 15 8 5 0 45 84 50 42 0 63 24 12 0 152 34 108 156 45 8 116 35 0 143 109 51 108 56 83 102 42 0 52 96 36 21 56 137 2 54 64 90 12 16 57 40 18 78 58 128 0 50 0 67 50 108 0 20 45 64 9 23 74 11 24 81 0 54 109 32 0 63 7 25 60 81 0 10 73 24 163 26 69 100 9 72 70 8 12 70 44 68 61 169 117 15 0 61 0 64 180 53 0 55 132 109 188 60 97 184 153 0 56 6 26 73 110 41 79 9 0 48 51 20 113 155 192 42 43 1 218 97 18 18 63 86 113 14 42 0 0 0 21 0 41 96 150 99 39 18 52 39 0 140 88 28 75 40 118
176 93 110 82 136 24 33 8 135 40 155 23 0 57 96 144 69 150 76 80 77 121 44 56 0 14 123 12 53 34 121 34 37 52 26 45 23 37 98 78 45 71 219 4 149 49 73 25 29 34 52 15 126 90 93 27 179 0 72 30 107 16 179 26 140 42 151 207 25 88 54 91 4 27 170 109 45 0 49 71 33 187 67 2 62 17 22 65 36 55 0 1 21 24 24 82 0 84 35 81 111 41 66 0 75 54 57 52 72 69 54 70 68 24 92 81 3 46 111 0 87 78 82 171 13 14 116 42 144 81 84 72 28 81 91 19 77 49 46 40 89 104 31 26 25 37 13 52 25 2 9 15 151 90 62 107 8 105 100 62 32 150 34 184 0 191 42 27 59 91 212 125 75 169 5 181 63 85 78 16 18 16 96 77 85 15 76 0 25 54 27 81 30 82 8 21 191 11 37 39 187 27 93 78 56 13 132 73 62 127 26 60 1 13 93 69 31 5 164 12 0 162 38 141 87 30 4 198 110 64 20 218 48 9 96 27 28 42 0 0 69 76 41 113 51 56 4 32 31 8 57 69 37 34 21 104
12 78 164 26 69 40 14 71 7 24 68 20 13 19 85 16 38 68 13 102 21 127 201 0 59 103 93 37 38 111 50 63 18 27 84 55 53 76 44 23 128 90 0 15 39 73 16 54 45 15 40 16 123 60 64 44 63 46 23 36 68 123 120 28 116 68 44 81 76 28 36 52 30 0 131 60 55 79 49 34 32 23 32 57 164 49 16 30 0 35 0 140 45 78 18 65 70 21 76 0 28 178 21 59 13 4 129 49 41 21 130 7 4 66 52 35 18 54 76 32 26 0 31 60 0 25 30 77 104 58 76 0 0 142 14 50 91 58 12 96 100 8 0 124 59 11 73 104 69 3 57 53 13 4 68 36 53 15 132 78 12 84 21 60 54 61 103 12 64 10 136 68 56 37 68 34 104 12 48 18 54 66 23 75 115 56 61 45 100 76 15 51 0 83 50 71 64 119 0 0 44 35 26 12 20 4 0 26 21 28 33 58 43 148 21 25 34 90 15 54 0 152 8 8 18 4 54 49 88 71 143 26 62 12 18 63 84 20 97 84 28 74 62 58 0 32 39 99 78 79 84 26 90 36 107 22
83 50 60 33 72 57 68 14 179 135 146 28 52 51 49 88 19 161 39 34 53 139 14 0 95 51 170 20 42 103 24 53 42 8 65 54 137 95 62 0 50 85 102 16 27 0 28 58 91 14 3 8 109 12 67 38 9 101 15 86 83 53 59 28 20 117 4 86 59 28 28 52 94 52 200 42 0 118 4 33 36 24 77 135 110 182 50 18 93 0 7 0 18 69 0 36 40 66 61 8 72 87 0 131 62 96 83 98 96 51 103 0 0 48 38 0 15 0 98 70 130 48 104 198 0 36 36 0 63 56 37 0 68 18 5 9 0 68 36 16 32 5 65 26 36 45 25 3 29 22 2 66 76 72 154 198 36 40 75 0 20 12 27 40 0 93 97 42 51 17 28 27 106 49 110 33 52 72 42 0 35 112 69 44 80 0 45 81 122 57 61 91 82 116 34 30 87 66 35 24 65 79 20 145 36 0 68 157 19 25 124 32 10 0 75 57 48 59 50 25 20 78 42 98 0 0 54 59 72 67 47 36 0 28 44 36 38 45 40 0 5 12 137 76 43 88 134 72 20 0 96 167 69 119 31 118
90 94 93 73 17 120 26 30 130 76 127 25 21 59 83 35 0 85 19 27 0 47 115 47 6 48 56 29 50 110 54 63 0 60 0 28 9 2 52 0 187 44 7 60 54 64 0 102 52 79 93 147 14 89 97 51 31 46 54 28 66 75 64 98 93 154 87 60 26 115 7 22 19 76 139 127 194 72 9 60 73 32 8 172 32 143 38 104 56 54 59 95 126 49 26 58 0 7 20 65 54 117 86 18 61 66 268 52 7 35 60 21 128 63 45 57 18 73 48 71 98 107 117 122 115 83 57 104 76 72 35 102 30 68 20 7 10 113 81 77 10 109 7 128 93 15 47 101 88 16 2 63 63 97 93 107 10 46 142 0 0 131 187 7 77 28 82 56 27 71 124 164 98 98 6 73 60 29 155 85 55 87 59 23 0 49 0 35 106 108 0 45 26 124 111 27 11 91 35 67 93 69 134 42 86 124 21 12 100 114 96 45 50 0 57 98 0 190 10 18 76 40 10 35 88 45 32 55 113 73 96 154 46 7 112 153 16 12 84 112 50 69 77 86 49 53 18 92 24 152 39 3 23 38 4 32
60 48 18 32 81 56 56 23 4 4 125 0 36 95 168 147 0 6 35 71 32 88 19 9 31 28 34 0 14 90 52 115 163 2 103 1 10 82 26 83 18 70 24 55 30 8 13 53 98 74 135 63 64 75 101 2 102 71 22 0 93 131 18 33 49 112 29 74 66 23 99 38 76 0 2 106 136 11 3 24 41 140 100 16 76 78 138 115 138 9 12 59 58 0 6 9 65 40 51 36 64 81 42 41 14 53 80 3 12 54 104 15 72 135 97 70 35 84 85 12 44 47 113 88 64 109 3 106 52 14 28 48 35 64 63 57 73 94 56 130 31 10 10 192 96 137 141 88 0 40 72 119 72 15 115 88 16 36 15 49 5 48 14 26 77 6 0 139 95 63 30 120 54 3 45 8 69 174 37 68 65 17 0 24 39 95 88 31 60 34 29 64 139 93 6 89 50 89 57 36 10 77 154 92 30 67 157 112 81 48 96 41 65 51 0 114 104 100 0 86 65 31 17 62 41 2 69 62 40 0 8 9 6 106 21 128 12 2 63 22 50 36 70 96 54 0 8 21 0 14 0 55 3 7 0 48
113 64 38 158 10 21 47 8 75 120 0 75 32 121 48 35 0 199 10 12 28 45 75 46 42 8 27 0 81 77 63 79 42 128 24 121 41 84 0 107 79 96 30 44 110 58 13 13 0 7 77 0 34 0 59 63 7 106 0 126 72 183 4 87 8 20 81 27 0 143 13 32 56 40 45 35 132 0 69 0 37 2 0 67 83 0 103 61 0 108 56 87 15 0 148 29 58 11 63 12 12 15 48 105 42 61 115 55 98 0 83 57 110 17 17 5 91 20 80 0 121 74 77 63 70 157 36 0 27 48 0 128 0 12 12 53 32 48 42 22 63 0 6 129 33 12 45 54 8 1 0 14 40 101 55 16 66 6 24 8 32 8 127 24 0 8 0 0 42 31 8 42 62 0 14 36 0 0 24 149 6 48 12 47 28 0 72 24 64 67 88 122 28 0 71 0 4 109 67 3 24 66 154 14 33 67 5 0 12 69 0 156 40 18 70 6 27 53 0 112 0 140 0 0 75 189 0 16 12 8 90 21 56 63 0 81 16 18 0 34 0 6 99 62 96 37 44 23 16 0 36 81 68 43 96 149
78 0 12 0 55 34 32 14 56 56 109 18 86 0 0 29 34 64 9 36 0 65 13 85 60 41 135 21 0 49 24 103 24 18 72 22 3 60 0 111 64 114 74 0 47 36 34 14 0 66 19 0 38 118 0 63 55 87 35 0 79 16 23 35 10 98 8 99 24 17 42 3 59 0 2 8 0 21 103 0 23 42 6 0 54 0 9 18 0 10 6 39 42 0 16 79 44 190 0 3 36 97 34 0 48 23 0 0 144 12 35 18 0 40 35 1 4 36 39 15 2 19 42 34 76 9 36 0 63 72 46 6 81 0 44 6 74 0 0 55 56 18 52 66 63 72 105 9 42 0 63 12 81 87 36 16 32 3 180 0 54 30 0 21 43 27 0 0 4 0 16 30 0 54 30 78 6 82 0 111 72 32 172 35 42 42 49 32 21 0 0 45 92 0 0 15 56 0 24 0 116 0 98 62 56 17 56 118 79 30 46 9 0 36 54 30 48 5 125 0 8 137 65 8 135 72 4 94 62 42 30 71 0 54 28 0 45 0 0 0 10 97 81 10 0 66 69 160 102 0 13 27 8 86 27 63
153 108 226 84 64 28 46 147 45 72 217 10 158 203 77 162 78 182 101 97 2 94 69 35 16 79 104 19 91 128 99 184 0 70 135 28 0 74 66 0 0 6 94 19 16 86 100 8 44 47 42 62 216 48 63 207 64 81 11 0 155 35 87 52 106 95 134 59 48 85 40 24 41 49 84 186 20 77 20 53 92 85 123 0 75 66 51 57 20 55 14 76 138 36 5 33 80 114 90 16 59 10 0 139 91 25 152 96 118 49 94 0 31 72 123 34 70 63 158 11 153 107 109 138 88 63 6 61 74 99 80 24 114 73 40 28 52 20 70 68 59 123 42 67 22 62 8 126 96 20 53 0 93 0 112 133 107 38 70 92 18 21 42 50 139 138 41 0 61 127 180 91 0 175 22 0 107 160 131 0 6 79 75 17 127 84 0 64 96 38 84 56 145 91 87 89 66 55 7 73 81 110 79 10 9 0 71 151 56 35 56 35 14 61 92 94 36 0 48 60 82 87 42 148 66 0 42 0 32 100 21 70 50 120 0 10 39 100 43 77 63 98 28 94 14 173 32 69 51 86 81 76 57 49 64 18
142 14 15 206 8 93 102 162 18 43 113 115 93 18 8 56 33 190 69 3 42 34 156 132 37 46 37 18 12 28 4 54 63 28 102 103 36 36 38 64 96 0 78 105 29 51 9 8 24 51 60 62 54 2 62 109 16 87 0 18 76 78 23 0 61 54 114 6 60 35 0 109 66 114 91 118 111 39 0 36 126 8 0 87 111 39 91 98 166 0 99 85 28 9 0 39 45 12 24 21 101 69 33 75 0 66 46 41 0 42 21 46 39 28 130 0 135 69 0 25 0 65 21 12 132 129 37 51 10 104 37 34 18 108 72 15 41 44 111 42 73 51 9 73 78 60 90 50 12 18 29 72 63 8 83 0 74 0 0 0 0 45 129 119 88 84 174 55 87 49 194 165 27 113 0 72 102 8 168 93 0 148 4 54 15 24 44 122 94 22 66 63 57 105 108 32 49 101 30 0 144 18 76 6 0 41 45 108 129 71 153 57 66 43 36 105 10 32 57 45 39 64 61 12 0 3 41 107 99 56 15 40 60 128 162 147 78 18 161 63 0 6 60 94 61 94 59 90 0 0 122 72 70 36 5 0
101 48 0 84 30 73 45 75 15 98 99 0 0 88 68 51 44 0 39 34 17 12 57 24 0 65 12 18 88 3 124 44 47 32 8 51 21 7 20 34 2 41 10 41 9 120 77 105 0 92 16 42 78 0 45 8 0 8 49 125 16 73 59 10 45 14 7 50 30 102 56 19 58 7 66 62 62 46 4 46 21 41 74 51 36 125 12 0 8 64 0 10 0 7 34 0 56 48 48 73 41 63 0 100 63 0 0 3 15 48 113 3 25 0 86 0 28 60 78 90 14 61 42 149 78 8 14 0 36 47 12 16 38 115 22 32 102 62 41 67 2 173 104 63 34 24 15 37 31 48 6 11 3 117 21 40 111 44 0 66 84 72 3 33 151 4 130 0 110 1 91 51 92 36 78 18 70 35 54 94 12 73 60 89 57 35 32 4 45 84 9 24 12 28 53 24 31 96 8 0 13 103 56 46 8 145 19 42 56 93 0 65 34 58 88 0 163 7 92 100 0 66 107 9 109 30 0 63 43 26 97 41 12 62 18 9 8 136 42 86 31 2 46 5 71 76 43 46 63 30 26 21 142 24 130 31
40 12 32 75 23 68 35 58 67 87 90 87 40 44 0 94 0 42 83 43 70 28 32 60 54 29 92 36 25 48 111 0 0 69 0 68 21 93 54 42 48 48 75 85 45 60 47 0 42 0 0 72 54 12 43 3 82 30 27 30 6 10 22 41 0 25 16 118 94 45 0 104 83 0 35 118 12 0 6 82 72 106 50 14 20 33 66 56 0 0 35 45 18 38 0 54 0 69 77 0 10 0 48 63 118 139 58 0 42 64 0 12 81 0 18 0 24 25 158 14 7 26 28 75 41 80 33 0 0 135 16 0 8 30 6 65 48 42 21 16 0 156 130 48 2 30 9 117 81 0 0 84 42 45 99 97 71 126 141 30 24 60 24 97 76 51 15 93 63 13 28 0 210 112 100 58 71 0 49 36 36 67 0 30 42 26 24 21 64 72 14 0 47 75 122 30 0 18 80 30 130 23 0 45 103 25 0 54 0 0 98 165 0 1 118 41 118 0 86 38 16 101 98 35 27 0 21 0 20 0 64 111 0 0 125 21 33 123 54 42 54 30 131 62 69 37 99 10 61 0 5 0 76 0 100 51
170 114 163 87 70 123 164 62 150 42 63 4 57 172 62 53 0 181 196 144 75 112 104 144 117 40 91 56 59 99 73 101 84 0 28 86 72 160 0 24 67 14 222 11 73 83 10 49 81 14 25 172 84 36 59 128 87 98 81 53 63 77 69 32 128 61 38 66 138 88 21 99 111 124 151 151 69 40 40 67 210 45 128 40 85 145 53 63 131 45 62 0 78 74 51 128 108 68 25 66 101 0 24 38 56 293 38 24 32 73 25 56 2 20 88 54 118 44 58 120 0 64 141 34 30 55 98 47 125 158 7 0 24 42 0 0 0 109 206 20 74 63 15 12 53 113 107 102 76 30 55 205 35 8 59 144 6 32 0 32 59 67 12 56 30 95 51 24 150 16 121 48 23 133 127 72 138 92 114 48 109 153 66 69 12 118 42 109 88 6 78 45 103 248 50 21 54 83 42 25 82 140 36 78 94 10 8 170 139 204 84 26 33 42 73 0 41 23 110 35 10 127 15 23 18 8 18 5 41 14 47 24 12 79 131 3 28 123 66 0 25 49 124 127 63 40 28 12 66 0 91 159 53 124 61 101
87 41 97 161 28 190 62 34 78 51 154 0 149 5 73 55 67 122 85 14 0 96 73 69 123 57 86 3 26 140 33 69 42 28 38 86 89 54 25 143 88 216 37 41 11 71 0 88 47 102 18 133 140 31 52 66 27 49 7 24 0 38 99 9 105 138 74 123 83 208 0 36 27 32 82 162 54 9 9 54 0 55 73 108 149 29 39 73 202 99 15 42 108 44 35 84 51 48 137 49 35 30 42 133 20 111 132 109 66 36 16 0 12 95 0 0 75 94 114 93 160 53 60 106 138 89 42 112 16 56 56 40 9 188 64 5 68 55 50 77 69 122 36 33 20 0 95 137 1 87 78 75 104 45 97 133 84 0 45 0 79 32 7 5 24 4 55 49 124 18 30 13 138 160 81 57 137 55 6 46 20 63 122 72 54 48 30 71 168 115 74 95 114 181 19 42 40 115 99 23 11 5 30 87 17 155 57 169 42 24 0 156 56 61 130 71 102 0 56 63 20 105 68 48 8 147 0 29 64 21 75 90 46 112 75 75 81 14 42 49 101 9 71 145 70 116 113 58 111 41 1 0 78 97 72 61
0 57 81 15 46 49 72 55 12 36 84 87 41 28 89 46 2 82 29 75 45 54 102 55 29 35 42 22 0 3 0 115 0 62 26 22 52 69 32 0 22 55 39 15 45 64 99 21 59 3 116 30 59 41 45 31 42 91 16 33 82 90 124 37 73 21 0 91 4 30 98 51 76 23 119 17 87 85 2 33 63 79 29 45 46 48 48 18 77 0 120 0 45 12 9 32 37 43 48 8 7 72 111 52 23 193 120 38 12 0 40 93 12 60 56 44 12 61 169 16 81 33 130 82 138 133 81 55 59 75 62 0 14 77 32 48 39 28 21 3 61 4 93 54 31 30 41 21 124 16 40 0 71 0 16 17 23 51 58 114 24 88 3 83 39 62 34 32 0 16 68 51 115 16 21 158 91 18 84 25 14 21 8 157 152 20 54 86 24 128 105 38 27 108 20 18 12 87 32 10 30 42 38 92 24 18 108 50 33 48 96 16 122 210 24 79 50 63 90 39 0 65 105 113 12 59 27 39 125 25 12 58 58 27 24 219 34 95 49 56 12 79 83 10 70 23 64 25 54 22 99 35 96 42 105 54
79 81 29 135 71 33 93 77 18 65 264 0 5 85 107 75 72 0 0 63 15 36 79 42 16 18 100 0 18 43 36 108 66 131 158 66 74 27 53 78 24 66 12 105 4 121 97 12 22 139 18 16 143 53 26 5 111 13 20 48 114 0 111 78 14 36 55 77 36 4 112 0 118 49 92 169 79 42 37 24 48 104 2 46 144 14 4 31 31 138 18 24 46 98 76 28 70 52 10 63 13 26 33 151 11 0 37 63 0 24 53 0 1 22 0 7 52 203 38 41 48 30 108 78 42 72 23 80 101 7 47 0 119 68 32 0 123 21 81 93 56 113 6 28 37 14 89 73 94 46 6 0 72 49 123 27 126 12 133 77 146 114 91 67 140 8 42 71 78 4 62 76 54 72 0 4 193 96 191 63 18 66 49 62 150 47 78 0 80 35 48 7 86 159 64 12 72 32 0 0 79 117 173 4 95 54 53 76 143 72 128 80 58 42 0 181 76 68 50 25 108 46 84 79 64 7 0 16 63 180 46 144 16 110 37 15 36 51 119 30 158 20 85 118 10 27 53 91 88 25 18 59 92 12 44 27
40 3 39 49 79 37 0 65 36 50 133 10 6 26 45 30 60 1 66 36 12 91 148 11 86 36 44 14 0 38 6 108 110 6 12 44 86 54 50 92 41 0 7 24 12 126 23 0 90 112 16 73 69 60 12 87 82 12 109 50 75 82 120 20 43 45 69 104 5 40 127 39 76 56 125 108 64 81 0 102 70 24 35 75 74 17 84 64 42 63 42 0 0 47 0 112 167 103 125 97 64 0 49 80 16 75 60 18 93 71 65 44 44 16 84 3 120 84 170 30 68 136 101 34 21 30 108 17 36 86 3 41 32 30 56 110 82 59 58 120 35 57 81 112 6 0 83 120 59 96 100 75 62 99 7 24 104 21 62 4 99 12 28 16 93 51 58 9 24 129 109 91 9 45 54 96 47 3 18 18 110 43 32 6 17 108 10 111 111 23 1 15 55 75 66 51 0 48 27 16 91 72 18 51 88 97 87 90 54 26 25 24 92 118 34 116 58 43 90 0 0 48 2 15 143 28 66 72 88 26 53 166 103 35 24 62 27 8 89 48 97 3 7 136 83 59 18 37 71 63 33 61 27 72 36 56
21 0 42 165 40 116 0 0 9 7 81 16 3 204 67 45 111 67 8 72 31 27 28 76 87 136 161 32 62 103 104 36 0 72 33 96 79 75 72 174 6 12 81 71 31 69 6 71 73 85 36 105 102 175 9 15 126 0 0 23 21 8 110 95 44 13 43 40 46 197 1 59 40 7 130 165 17 66 0 48 31 8 39 9 78 108 0 99 21 117 3 8 14 31 37 60 49 39 55 50 127 21 42 36 25 21 132 15 57 51 125 10 48 48 27 5 128 36 189 8 5 68 58 32 0 96 54 92 50 7 54 12 44 100 88 0 44 87 0 63 103 134 32 24 45 56 57 163 0 65 27 8 45 59 31 127 0 20 128 30 54 56 42 165 0 104 6 114 55 67 133 79 20 20 50 48 47 113 44 6 143 81 111 0 16 165 148 28 223 80 30 9 88 94 132 45 68 23 0 136 33 54 80 22 7 24 30 122 32 8 42 0 179 28 137 81 124 15 0 0 16 11 35 72 150 36 0 99 155 95 0 92 80 60 58 0 24 24 63 68 99 45 94 62 27 161 63 42 151 0 54 24 52 29 26 46
42 44 72 35 74 31 4 96 30 36 37 76 9 160 119 28 36 85 24 89 4 54 24 46 48 47 9 6 35 124 72 63 80 67 57 20 29 6 174 36 72 82 48 49 51 12 10 26 32 70 9 93 64 30 50 30 57 50 81 0 20 24 85 64 52 54 24 48 26 89 112 23 140 0 46 50 124 35 39 97 108 49 95 83 104 110 79 126 79 18 30 111 40 90 54 44 7 95 98 4 63 65 24 0 71 95 55 147 108 17 220 0 113 83 120 130 21 16 59 25 74 102 135 79 30 56 28 61 52 9 64 36 0 25 72 9 104 56 30 26 27 52 117 149 73 12 58 112 18 15 16 42 24 20 71 190 78 82 185 29 1 86 6 9 111 141 88 0 38 71 40 90 82 104 0 66 111 36 125 87 96 12 9 54 47 125 24 0 64 19 66 39 73 94 110 41 33 143 42 158 187 30 162 42 53 101 101 57 20 94 277 133 146 81 0 80 121 80 197 0 104 33 32 0 70 58 54 89 30 40 63 56 38 23 78 157 0 12 81 63 51 49 202 65 30 35 14 3 71 48 4 44 113 28 87 27
0 60 81 99 38 50 35 0 24 79 40 0 9 128 74 21 2 75 45 60 38 71 4 36 19 32 191 18 0 6 51 30 20 59 29 19 0 33 33 151 5 47 39 25 31 135 20 0 15 86 18 0 112 59 27 102 20 128 18 30 44 26 33 21 52 44 32 72 34 145 74 65 14 6 68 155 24 45 4 34 40 41 103 5 47 28 4 70 56 155 0 0 29 82 10 62 90 0 65 15 6 72 5 42 46 47 51 11 60 98 29 35 15 6 40 28 127 45 128 0 76 27 69 63 63 0 85 92 118 91 42 0 82 20 64 26 133 21 113 57 76 49 12 26 5 63 80 76 0 8 48 6 92 62 61 72 90 0 10 34 108 72 45 35 49 4 24 0 49 117 133 110 121 49 36 62 62 31 24 24 25 44 40 34 44 135 15 4 114 170 45 48 182 129 87 44 56 45 28 63 63 1 8 23 29 64 46 116 45 54 0 42 84 54 58 83 116 0 96 40 58 84 81 23 25 58 14 0 27 0 105 137 38 40 12 18 46 78 84 30 87 13 26 58 56 90 101 2 69 18 61 88 75 6 62 39
42 16 115 24 55 0 0 119 0 96 0 24 57 0 36 4 20 144 31 70 0 9 0 84 0 72 5 32 63 107 15 18 0 78 41 68 30 90 111 72 0 5 54 0 24 18 2 0 48 0 27 45 36 54 34 24 36 0 0 22 151 0 32 24 0 0 54 11 16 0 35 57 0 0 0 8 39 82 27 36 36 32 0 12 40 80 24 94 6 44 0 7 0 0 8 3 0 21 40 21 122 0 0 88 56 36 24 62 18 0 3 42 0 6 62 0 101 0 152 16 24 0 42 24 21 72 6 54 40 56 52 95 21 45 0 4 21 0 6 34 28 6 24 17 44 0 22 12 44 9 21 56 51 36 32 56 0 90 148 45 0 81 0 0 36 7 0 128 63 45 2 0 77 60 0 9 24 4 0 0 0 0 10 54 0 37 54 40 68 136 27 8 60 81 27 15 14 6 0 18 32 41 0 0 32 63 78 0 0 0 63 2 28 24 16 63 6 1 28 16 2 42 81 0 0 0 0 51 16 48 0 72 38 54 129 62 0 0 30 3 1 0 40 35 75 42 74 2 5 27 7 76 92 0 24 8
108 0 62 21 66 9 48 61 20 4 135 4 0 32 54 90 90 124 18 63 0 36 0 16 0 32 24 0 52 0 21 3 138 18 24 64 75 33 20 35 22 0 0 0 42 136 60 0 0 0 20 12 0 1 81 30 64 4 12 43 5 24 83 53 6 42 9 0 8 15 21 42 170 0 146 153 0 0 4 99 15 0 60 13 62 53 16 60 77 21 18 48 16 96 0 105 8 0 86 11 28 36 12 28 0 64 70 0 0 54 0 43 35 45 87 42 35 72 122 0 0 76 0 6 42 53 36 42 170 48 6 36 12 16 23 29 64 0 24 54 148 101 60 18 51 53 107 61 36 66 4 0 60 88 15 56 56 92 0 159 117 27 86 124 145 0 60 48 56 12 73 0 138 6 0 0 60 0 84 27 80 0 31 77 63 24 44 48 6 59 81 49 0 97 72 48 32 1 0 0 66 81 99 66 5 50 3 0 75 45 36 8 0 24 18 143 85 0 66 30 120 51 6 4 0 16 9 12 30 18 0 84 10 21 0 0 72 12 48 0 27 0 108 82 121 0 2 0 69 0 48 92 78 53 0 28
60 92 72 38 87 77 7 6 129 37 36 32 0 83 42 108 72 127 0 90 50 169 63 24 36 61 70 3 61 102 127 0 132 10 90 82 63 6 88 99 127 18 14 225 50 9 12 0 76 0 0 100 140 132 36 77 93 103 48 61 54 81 78 12 159 149 101 80 0 170 45 48 79 15 41 82 45 102 0 117 99 24 0 45 75 82 12 142 0 45 120 100 136 65 44 50 0 234 75 143 230 102 27 139 67 0 142 99 81 45 51 72 63 56 0 11 0 73 129 14 40 61 25 154 73 121 101 67 97 61 12 40 48 108 18 45 88 65 43 24 78 87 99 87 45 7 119 102 72 59 0 72 66 67 147 93 9 0 144 0 35 89 36 141 3 101 27 45 42 8 87 53 104 137 42 106 120 52 54 150 101 73 20 27 93 54 25 82 22 3 15 53 42 105 112 78 24 25 15 87 110 0 0 32 9 29 75 37 104 0 0 36 6 36 0 51 45 52 0 17 0 0 87 121 5 0 20 21 117 0 3 105 94 21 43 72 36 36 161 0 56 123 202 115 52 0 126 0 0 74 29 30 45 63 18 75
20 74 26 54 109 36 36 18 56 82 250 36 17 89 36 85 70 48 16 112 39 132 5 40 61 10 67 54 100 168 36 121 8 82 41 4 24 38 53 89 54 34 102 109 42 77 77 68 32 98 57 96 149 3 58 54 116 76 8 136 21 41 57 97 70 60 41 135 23 88 90 29 66 51 78 4 131 130 4 15 73 100 18 60 36 72 25 76 19 18 7 44 50 24 74 57 0 131 82 91 3 24 65 11 39 20 31 15 36 30 108 12 9 35 71 41 50 51 130 44 88 63 112 127 8 6 75 5 69 0 45 54 48 31 9 16 174 125 90 0 88 87 2 138 16 10 61 112 108 108 46 63 96 35 71 80 32 49 49 38 4 128 51 72 95 112 52 36 74 93 105 75 0 51 49 28 50 32 104 91 1 15 20 34 96 137 6 0 37 3 40 63 57 22 32 180 56 53 57 101 56 56 25 30 66 54 74 48 23 30 23 78 76 151 0 20 124 58 151 25 28 139 122 16 32 64 90 47 32 27 48 118 24 6 24 125 0 44 96 0 88 23 58 31 28 108 3 0 8 28 47 39 81 6 26 48
197 54 167 76 104 53 45 40 54 104 184 42 21 68 167 38 12 101 75 133 6 18 127 90 46 59 60 0 27 1 102 232 11 120 6 24 5 141 141 64 0 8 9 71 145 80 9 35 36 73 84 86 78 55 144 28 104 34 67 42 213 63 91 91 141 126 172 63 31 158 67 30 25 35 175 42 145 59 7 197 77 56 88 0 107 99 45 87 29 70 21 14 76 135 44 59 118 81 27 103 24 7 28 0 10 65 130 60 2 22 60 63 52 0 228 128 0 87 153 143 96 42 86 147 0 103 76 168 117 66 68 75 59 155 48 29 63 59 87 48 64 113 146 36 99 107 65 57 184 25 100 92 122 34 42 117 72 74 32 93 18 76 31 106 49 118 9 45 82 48 123 153 0 109 20 53 190 0 120 44 66 6 135 50 24 28 97 62 90 198 57 75 60 49 32 0 94 148 0 0 75 57 81 38 0 252 0 42 49 41 177 60 48 40 12 81 126 6 201 0 0 227 73 16 84 84 62 154 77 0 27 16 132 137 106 5 36 16 5 6 91 135 112 25 25 89 25 83 12 32 69 12 9 41 75 15
30 119 8 143 115 49 25 70 72 113 144 97 27 95 32 180 70 134 94 20 5 55 56 82 9 17 36 77 75 136 256 91 20 51 145 68 0 24 6 99 42 41 136 16 48 54 0 9 45 0 162 136 260 46 27 150 81 103 21 86 201 10 41 20 60 39 107 111 74 56 28 38 0 0 37 238 184 24 81 127 99 46 50 24 113 78 64 90 84 86 5 4 62 140 36 57 104 101 79 85 0 54 0 48 123 0 140 74 0 63 138 0 54 72 70 0 62 0 162 29 144 106 3 28 44 108 79 113 68 2 179 99 79 6 7 40 53 93 133 140 133 160 54 117 75 112 40 46 101 22 63 0 104 64 126 6 80 47 121 28 57 89 51 49 52 76 130 71 117 94 77 45 117 88 0 16 80 93 45 36 20 6 52 82 67 72 56 18 116 144 9 107 86 56 144 122 111 75 0 58 154 66 205 63 0 28 86 10 26 60 56 84 42 126 26 46 36 39 206 0 0 118 124 52 20 44 57 71 7 172 0 128 90 117 68 99 16 16 14 4 115 54 101 152 82 121 35 88 73 125 98 36 63 9 0 18
38 18 27 66 32 72 8 48 54 78 67 72 0 66 153 0 0 148 28 15 25 32 116 24 72 16 62 72 0 65 64 0 10 72 4 60 90 117 65 0 84 42 60 12 64 144 18 0 3 90 167 0 64 81 159 72 0 168 2 0 35 56 0 52 56 24 16 27 124 162 40 68 34 9 188 48 6 36 16 10 0 24 52 0 120 45 75 0 81 82 72 141 109 63 24 51 48 90 129 18 0 101 66 108 0 40 90 35 56 62 193 0 0 32 84 0 65 98 54 60 110 0 64 128 72 48 52 81 72 27 128 0 0 187 0 4 0 54 0 27 16 105 82 39 5 18 74 63 118 2 162 34 114 15 54 20 22 27 6 10 48 0 117 116 51 126 103 42 72 0 6 36 69 36 20 24 100 120 114 36 138 129 57 45 68 87 0 35 184 95 50 106 72 23 95 0 0 121 0 108 4 30 52 167 102 69 21 64 72 24 6 139 99 57 71 85 140 0 109 69 0 49 25 38 0 9 27 36 68 82 87 18 152 80 66 15 124 33 48 42 36 75 5 116 2 67 148 59 27 2 54 8 303 28 87 145
166 55 79 124 64 8 0 63 99 9 255 68 143 63 97 58 68 219 28 135 35 151 41 63 21 21 127 12 169 5 172 126 99 6 85 107 18 6 49 167 42 70 114 2 124 54 46 34 73 75 46 117 114 100 28 60 176 112 126 41 66 68 90 44 120 156 51 147 10 185 173 102 87 0 150 58 28 169 89 90 79 114 74 22 84 59 69 35 141 83 0 50 135 53 35 156 0 64 35 34 108 30 54 34 160 84 62 135 68 70 69 12 43 0 23 102 97 116 95 12 170 92 56 98 36 66 36 40 99 68 90 6 56 83 22 45 88 98 81 77 0 76 97 116 2 60 87 66 130 12 104 105 165 165 35 15 28 30 56 47 22 160 72 105 75 82 64 50 67 47 148 95 113 100 48 103 153 167 106 38 248 40 60 35 96 93 43 55 18 31 124 20 60 133 98 0 129 23 45 121 177 45 80 164 121 94 80 136 66 72 98 72 35 112 27 7 6 44 149 62 66 75 106 140 54 0 0 63 185 64 32 231 0 108 134 35 40 24 14 0 79 67 88 81 216 98 0 136 28 0 0 56 138 223 0 0
68 0 75 166 20 28 12 18 103 20 114 14 111 103 118 0 35 94 24 28 20 24 84 64 10 39 137 0 42 60 35 56 46 64 12 0 4 112 54 85 39 112 18 75 33 30 0 0 36 10 96 0 67 21 21 52 131 130 10 0 116 42 124 24 60 0 16 90 16 181 139 92 45 66 88 15 112 119 31 35 111 98 0 104 0 7 40 79 46 24 77 88 45 5 188 12 32 72 40 54 0 56 88 64 18 69 79 0 48 32 54 12 54 97 6 0 54 97 64 0 48 15 85 88 85 70 85 57 0 53 24 92 54 45 0 89 45 30 0 28 3 16 0 154 4 83 55 47 0 57 129 0 81 15 51 71 42 8 86 64 44 40 24 55 0 48 47 60 62 0 50 33 40 26 0 76 98 16 28 266 99 50 118 44 24 86 87 66 0 0 30 110 55 42 40 15 0 34 97 48 43 0 109 50 2 56 55 99 79 4 0 99 64 183 39 101 106 56 30 0 35 56 141 71 72 115 0 66 97 6 64 24 6 76 24 263 75 70 28 24 10 62 122 105 72 0 85 78 21 0 142 63 49 34 42 42
6 28 157 43 123 105 85 7 133 41 18 45 68 121 142 129 76 112 64 164 76 10 86 0 56 2 0 50 54 83 59 82 170 40 79 4 72 128 62 45 66 58 81 58 5 71 0 60 24 26 22 127 138 54 120 30 64 64 63 63 26 66 198 72 50 169 65 76 0 112 0 78 40 121 67 91 22 32 25 106 148 31 99 48 96 68 35 118 132 16 155 25 45 37 108 28 201 122 44 136 62 48 42 37 72 115 155 16 2 59 98 28 0 128 120 61 16 156 76 76 0 89 162 9 61 167 39 76 78 7 40 25 41 269 9 40 39 68 24 152 64 124 65 155 78 52 70 152 40 23 23 65 177 81 93 86 35 66 102 64 0 47 62 114 36 74 2 76 144 135 84 92 32 69 30 56 72 75 148 71 184 41 0 10 28 105 50 82 0 122 111 163 174 87 124 66 36 104 0 6 106 29 0 10 0 63 56 12 50 68 95 79 71 8 6 89 68 85 39 32 10 66 24 14 90 12 69 12 61 0 0 4 25 96 0 8 69 33 0 76 8 80 74 38 124 0 81 16 127 112 221 118 77 44 30 57
25 50 18 43 0 3 0 54 0 52 114 0 11 20 87 43 18 25 27 16 83 54 0 0 38 0 16 46 18 0 109 4 54 36 2 76 99 9 72 27 8 30 0 65 18 0 0 107 18 101 72 0 32 32 37 23 9 43 0 89 0 0 21 0 20 0 11 16 2 32 74 0 28 35 111 27 36 0 28 0 20 0 36 30 87 88 32 15 12 0 6 0 63 44 24 0 21 0 0 87 4 24 34 2 65 30 12 38 34 22 40 0 0 0 84 0 0 114 0 15 56 0 13 45 0 16 12 0 98 36 0 0 0 0 8 3 8 34 81 12 54 77 12 0 81 0 75 60 45 48 0 0 24 37 0 60 187 7 16 21 66 47 43 59 16 24 48 56 0 0 25 4 0 44 26 92 51 53 18 37 12 78 50 51 70 48 29 0 64 9 9 0 30 106 0 53 25 0 0 4 5 36 63 32 139 5 45 49 74 43 15 0 0 12 67 77 103 44 24 27 34 43 40 0 24 4 0 18 12 26 72 115 0 0 96 66 2 85 14 106 14 37 26 18 0 11 18 0 18 0 28 63 0 77 65 42
109 20 23 27 48 65 82 33 89 24 72 15 53 84 21 78 60 135 10 83 44 44 82 8 50 64 100 4 137 28 100 187 70 117 84 140 0 108 0 42 138 54 59 144 165 84 30 42 57 60 81 48 138 72 6 22 41 113 31 181 8 19 52 37 52 107 41 110 68 28 25 46 52 72 27 60 134 73 113 37 9 32 0 0 40 16 70 96 101 65 17 126 84 6 120 123 52 72 109 24 22 79 30 0 110 84 109 0 54 48 256 37 66 126 51 4 55 118 91 65 64 9 108 27 95 0 57 36 111 60 25 48 0 56 112 45 159 71 0 98 0 84 63 77 68 12 131 99 47 48 97 71 5 81 104 114 51 83 130 92 61 106 48 11 101 171 93 13 43 0 119 116 25 180 134 80 38 99 43 37 16 5 15 66 112 52 18 67 140 22 168 21 64 82 0 63 72 74 28 79 105 61 30 70 42 22 50 73 140 48 0 65 42 8 44 91 62 23 63 5 28 101 51 20 109 36 119 63 166 40 0 103 0 49 60 41 43 0 72 32 87 41 72 12 25 15 59 127 94 14 41 72 12 24 108 29
137 8 2 162 127 70 6 16 14 0 97 28 73 100 170 125 24 66 143 14 40 72 70 49 25 18 101 56 20 80 210 105 42 80 63 159 80 29 72 140 49 49 74 36 58 49 30 40 81 36 57 0 174 66 62 10 52 80 27 46 90 54 42 35 35 36 62 83 16 126 68 49 6 63 228 89 100 21 17 69 77 135 1 111 56 58 44 69 5 140 10 37 97 30 60 108 24 89 6 37 17 19 54 37 64 15 68 10 135 74 24 69 49 114 30 63 46 20 27 1 48 122 106 213 21 21 113 20 153 27 130 42 141 0 39 35 18 0 12 16 93 72 90 0 63 56 0 41 84 0 24 13 274 24 244 106 16 1 52 22 79 55 83 21 39 145 117 74 35 116 28 124 30 72 100 37 46 64 91 126 27 163 107 0 0 61 32 14 121 68 14 142 28 73 169 86 56 65 21 0 66 136 66 90 0 69 8 209 55 84 119 36 34 69 163 135 26 21 33 39 0 53 57 115 173 29 12 124 20 154 38 149 22 54 50 91 89 13 0 0 121 178 311 195 179 19 66 159 76 100 59 36 14 82 0 133
81 74 58 202 0 7 32 71 39 16 170 0 27 45 5 58 48 7 36 100 21 22 20 61 59 156 96 57 86 56 80 92 59 193 16 51 123 54 32 12 87 56 9 37 72 63 83 8 48 80 15 204 0 72 22 23 108 82 150 77 14 71 172 76 87 115 38 93 66 76 54 31 107 80 180 47 109 5 12 53 40 38 10 136 208 27 52 64 156 59 85 63 159 148 25 74 171 64 39 34 50 47 4 251 149 9 162 92 20 81 53 40 40 123 4 32 35 177 104 16 32 201 72 114 130 121 33 113 78 149 38 113 20 91 16 4 59 73 66 60 163 216 48 134 27 58 38 159 55 66 63 39 27 219 190 93 37 9 215 75 159 63 145 6 146 135 191 16 110 31 87 14 45 173 54 126 73 36 3 72 180 64 156 79 76 175 18 0 122 116 0 6 17 69 102 37 71 61 72 105 175 170 221 81 47 94 54 108 60 174 94 65 0 24 64 100 44 66 0 16 104 26 111 3 179 24 44 16 61 286 7 126 34 112 113 38 12 35 42 21 61 40 35 114 181 122 55 32 90 36 0 0 117 102 32 84
8 64 59 60 57 20 29 91 82 0 64 0 37 2 174 32 56 36 6 73 16 11 88 29 21 56 81 49 23 48 57 56 84 24 44 18 10 108 13 55 35 82 48 24 0 187 16 16 16 0 54 98 29 35 44 60 68 76 28 150 36 112 131 25 30 111 26 44 51 0 34 36 85 92 206 3 51 59 84 29 37 45 11 146 143 9 42 89 80 39 64 57 145 42 18 21 47 192 25 27 45 45 72 0 0 0 158 31 56 36 61 71 9 103 90 7 2 28 93 28 58 106 137 50 49 116 15 82 72 24 5 51 137 4 18 0 48 56 66 41 93 21 38 69 23 42 114 16 16 8 8 1 105 43 77 26 195 36 136 16 67 84 58 0 144 33 108 0 4 36 103 12 18 30 0 36 34 20 78 220 163 80 215 48 69 53 4 15 8 41 62 87 90 166 198 48 35 9 0 38 137 183 80 141 9 22 204 98 0 24 81 21 28 40 42 40 6 112 19 9 12 64 16 26 67 22 72 46 73 98 104 140 30 0 37 12 43 16 10 0 21 70 48 144 147 131 21 146 82 123 140 115 30 96 25 63
96 29 17 19 0 62 73 156 60 12 117 0 31 139 72 130 46 29 91 74 10 21 59 12 200 127 25 63 117 131 143 156 31 175 42 34 12 82 30 102 30 69 43 83 32 14 3 95 50 133 55 86 56 63 18 29 39 67 24 54 98 77 5 54 40 0 100 27 148 38 51 14 96 17 126 78 28 116 9 12 0 20 62 45 42 97 71 47 134 33 69 36 6 36 0 65 48 164 19 66 134 127 42 40 92 56 3 42 109 82 167 34 6 0 155 0 35 0 43 42 124 112 128 73 36 81 40 10 130 65 70 40 81 0 18 20 111 134 14 21 0 99 0 8 41 28 0 76 70 69 197 36 249 0 102 2 70 128 69 82 54 115 62 56 2 28 80 84 4 118 50 8 132 157 79 4 60 48 102 120 101 64 103 21 40 103 10 0 50 36 34 84 39 127 90 113 56 18 24 32 21 69 66 149 44 24 124 20 82 20 151 32 75 156 70 193 131 20 123 48 23 192 102 0 164 45 54 125 59 118 4 45 0 0 0 64 49 96 20 72 42 153 104 80 8 62 93 105 204 6 75 26 66 66 40 77
0 36 103 36 24 4 23 12 0 42 63 9 0 123 0 19 28 1 0 79 20 24 83 19 0 0 0 65 0 49 0 87 75 12 6 0 80 0 40 56 14 24 51 84 0 201 3 34 0 1 0 42 0 69 0 0 74 30 63 40 0 0 21 15 15 99 0 0 0 115 24 12 81 24 81 36 8 102 0 93 3 0 0 2 50 7 36 27 24 0 0 0 54 0 30 49 0 71 84 7 120 0 0 0 78 40 9 0 63 64 0 43 9 0 0 0 8 102 83 6 1 108 30 4 0 79 28 42 0 52 0 0 0 0 54 14 109 5 0 98 24 15 58 14 5 0 139 0 51 42 0 9 103 27 0 0 30 7 27 0 42 81 8 0 0 28 50 0 7 64 74 81 86 63 15 124 10 6 149 0 110 54 24 15 51 64 21 28 85 0 56 0 0 18 0 64 30 21 45 72 50 119 8 3 48 72 24 0 92 54 15 72 0 0 8 104 0 7 15 27 24 0 0 30 0 6 36 21 45 18 3 93 0 0 0 3 0 24 98 16 21 0 1 49 63 58 0 0 33 0 42 55 3 36 31 2
48 9 24 21 54 30 0 83 23 74 119 0 42 82 102 28 33 0 9 45 78 21 32 36 9 48 36 13 54 7 99 4 105 3 63 91 80 20 50 8 85 83 3 198 49 25 0 3 28 141 225 81 78 67 105 13 77 213 114 42 90 25 48 24 42 72 119 99 77 126 110 36 27 31 91 129 47 64 0 21 83 96 21 24 89 47 20 4 126 51 132 117 63 86 24 110 24 2 43 16 57 127 68 37 0 63 127 16 8 88 6 88 57 3 38 35 4 54 167 21 96 26 59 144 175 32 58 0 27 4 77 12 50 24 7 96 15 101 26 116 0 52 7 71 0 76 48 64 0 29 28 14 24 35 37 32 36 0 12 0 6 100 69 40 0 32 123 45 24 76 83 43 21 80 42 27 115 7 52 127 33 30 0 129 15 42 47 27 100 114 73 12 65 0 13 117 113 4 36 18 20 62 115 75 99 41 31 38 76 78 14 53 15 98 60 97 83 78 25 0 0 47 100 58 74 9 32 32 141 62 3 31 62 87 96 0 99 82 66 51 8 27 40 8 63 65 72 132 75 0 35 9 126 24 86 22
70 36 38 36 0 42 21 20 78 81 50 3 82 94 36 90 18 20 90 54 56 33 0 44 24 28 87 18 40 61 32 9 1 72 83 20 23 56 7 63 54 0 64 98 12 166 0 56 64 27 2 6 105 106 52 12 18 0 70 25 54 44 0 12 108 32 45 0 42 7 25 0 50 8 77 19 4 40 54 98 36 16 96 8 64 0 72 32 84 81 55 0 30 34 84 27 35 49 45 9 88 56 0 150 111 60 20 52 14 56 40 73 43 57 113 49 15 53 8 8 45 0 12 53 9 48 32 0 40 46 58 53 50 2 16 41 86 26 0 81 15 151 66 0 34 50 42 25 64 10 97 44 120 81 36 103 32 24 54 30 0 62 12 65 16 121 0 18 129 121 143 64 117 21 32 63 7 153 25 4 63 12 44 63 63 84 9 0 128 152 35 95 42 77 26 147 44 18 4 84 56 18 18 52 42 10 132 0 72 34 115 2 18 22 107 8 85 4 49 57 85 68 0 83 24 3 21 0 50 12 18 8 62 78 63 80 54 0 119 18 164 125 18 69 118 24 78 18 45 54 72 138 13 0 5 104
137 77 107 99 128 135 10 54 83 102 90 0 48 93 209 68 0 14 0 119 8 18 46 30 84 38 60 64 58 155 63 125 0 63 0 34 16 199 41 18 60 35 54 52 35 208 39 73 113 71 42 72 76 133 142 58 63 66 91 42 18 77 21 101 105 145 0 37 93 112 56 44 139 0 109 115 53 31 30 36 59 107 46 9 0 192 72 120 62 45 70 115 0 66 30 28 21 188 118 71 141 106 35 91 16 69 98 53 19 73 166 32 85 87 230 40 86 165 16 115 72 105 125 60 79 16 36 27 147 77 43 51 21 147 85 56 57 150 40 77 58 42 92 194 82 220 0 122 70 4 59 49 34 62 21 102 58 172 113 83 3 101 45 115 186 36 8 36 242 24 16 59 94 55 0 109 84 84 171 48 135 39 115 26 38 60 41 0 83 46 6 24 76 37 115 42 89 155 32 94 74 97 96 84 44 50 180 102 53 105 140 22 159 26 40 71 72 98 62 16 42 111 75 68 30 0 72 36 183 24 29 56 56 54 18 85 60 52 0 75 36 61 135 60 131 27 179 21 62 90 75 8 60 0 84 9
114 95 64 119 34 32 4 45 0 54 187 54 99 138 134 83 75 184 176 46 86 2 153 36 56 128 101 60 28 72 108 197 158 180 59 28 117 116 114 10 6 101 91 103 78 198 22 29 64 22 39 157 140 108 66 86 45 109 64 124 77 112 80 14 96 80 46 96 110 171 107 61 104 101 96 48 149 242 141 158 108 44 124 70 182 87 99 112 114 125 82 6 229 110 106 77 298 193 88 94 141 40 209 36 18 180 75 42 115 115 50 87 61 50 107 35 36 143 179 48 43 158 127 37 120 307 94 118 203 102 52 164 10 84 31 11 113 110 40 9 26 40 68 250 77 106 66 122 90 45 96 113 133 169 178 66 175 57 0 82 38 118 91 176 80 233 112 45 45 124 76 142 45 150 75 219 125 77 63 205 69 197 54 89 101 107 39 36 66 138 97 13 140 98 272 91 106 195 40 35 72 160 116 111 89 120 125 113 161 127 91 0 165 114 73 42 66 80 94 20 0 68 137 0 203 116 64 72 54 199 21 136 0 63 56 139 0 9 35 37 130 222 252 141 118 184 110 17 62 6 124 68 161 95 159 67
74 27 0 102 48 29 46 155 127 111 114 0 35 62 9 75 117 63 98 85 95 87 9 60 112 73 20 54 0 73 90 128 70 54 152 211 0 49 55 57 185 79 44 99 23 0 3 103 111 65 72 42 44 157 24 176 137 53 0 82 24 74 47 56 87 172 43 16 43 31 46 25 9 95 101 74 0 167 14 24 122 25 89 154 65 14 60 116 0 58 60 0 144 56 6 2 133 110 76 98 88 82 58 8 38 62 30 93 27 79 91 137 56 15 63 8 70 56 0 133 122 0 46 0 23 18 110 32 138 77 22 32 0 1 10 0 19 203 71 18 100 108 50 86 26 16 59 120 87 104 94 20 31 88 38 140 16 38 126 46 27 146 92 89 47 0 83 0 45 60 74 136 158 48 70 36 42 38 32 94 12 44 72 41 76 8 82 100 39 75 21 36 106 94 65 96 57 37 37 42 46 104 22 53 56 28 111 61 62 58 20 39 48 112 47 136 106 65 99 23 3 74 54 94 76 57 31 56 97 102 55 31 75 0 36 24 2 112 24 88 14 30 49 30 71 4 76 56 175 63 0 26 82 78 32 54
24 32 100 21 35 81 8 5 69 18 65 64 121 105 0 73 0 172 0 2 1 198 0 91 42 46 8 75 65 107 96 236 14 137 74 92 79 150 15 112 74 36 90 60 60 141 11 44 60 25 26 65 38 21 43 223 91 102 8 16 90 72 72 101 106 74 131 8 36 167 52 83 0 80 70 60 110 50 39 73 165 73 29 160 61 51 14 111 40 84 42 96 58 68 45 72 77 153 109 105 139 94 81 49 14 20 70 55 140 18 43 33 61 97 24 0 8 130 63 64 104 0 129 9 64 87 181 37 43 126 86 85 75 93 52 11 143 136 28 1 130 36 32 64 70 0 61 115 65 113 28 40 114 13 112 138 0 22 144 92 53 58 15 18 43 78 7 27 69 0 113 85 8 231 14 41 3 168 83 129 63 49 126 77 82 174 63 92 209 7 18 75 82 74 53 110 120 63 63 36 60 31 49 9 43 117 139 32 40 0 0 117 85 201 68 62 22 56 105 46 39 36 118 64 124 126 66 24 107 32 93 17 181 51 0 126 42 42 63 28 12 46 42 71 44 241 37 66 36 106 65 119 67 79 90 91
57 16 191 112 78 157 88 97 73 8 168 20 27 97 143 25 36 107 84 83 12 126 32 108 13 152 40 64 2 122 91 148 54 86 68 80 92 46 94 46 62 0 146 92 12 120 19 54 103 0 0 180 73 21 21 86 103 24 0 21 100 30 65 21 193 86 6 0 26 94 58 24 61 35 262 35 66 250 87 143 63 99 60 0 100 127 63 69 81 0 59 48 96 69 32 80 80 108 74 14 206 72 58 87 0 96 33 66 19 37 60 43 113 36 104 36 37 152 115 54 24 24 250 114 54 218 149 69 181 86 56 90 0 18 93 0 194 210 30 32 147 84 96 106 73 18 66 68 40 107 126 54 138 70 52 152 26 54 68 79 12 145 54 99 183 167 56 0 95 40 159 44 0 146 0 52 147 176 110 140 119 89 54 92 18 0 52 145 100 140 109 57 82 95 129 105 114 96 0 55 155 41 93 98 66 23 111 161 161 29 69 21 32 80 121 74 4 34 88 40 83 144 14 143 44 89 69 106 167 56 99 0 56 0 55 111 92 29 148 6 66 100 85 99 84 174 0 0 33 28 53 113 48 49 104 87
9 109 105 86 0 62 21 13 46 78 126 18 40 147 64 24 36 18 56 43 1 53 44 54 66 29 120 48 39 112 0 90 101 97 13 126 153 99 0 4 18 56 9 72 84 123 74 42 119 56 3 90 93 98 72 27 99 36 3 60 63 65 90 77 114 0 0 86 73 43 34 98 98 0 210 46 20 18 28 69 67 95 0 48 48 103 39 120 42 56 64 0 121 39 0 101 56 4 54 54 65 56 30 63 48 15 50 30 24 143 99 0 16 72 6 0 53 135 90 18 21 116 176 49 0 63 87 84 127 90 0 40 26 1 8 18 163 30 78 3 20 2 20 104 7 40 88 82 60 102 59 36 0 63 12 58 52 120 88 5 54 110 63 146 91 64 57 0 48 36 146 71 0 72 117 6 90 72 86 128 133 200 83 90 66 109 38 24 0 61 122 8 0 117 28 83 86 28 32 36 54 204 62 34 76 54 208 63 80 34 0 15 49 0 0 165 20 0 86 18 74 9 28 13 0 24 54 0 85 28 0 110 14 6 12 47 18 20 108 0 88 41 128 95 0 78 35 9 21 0 134 101 12 95 97 42
23 137 27 80 18 153 41 45 226 12 90 35 36 179 40 84 33 178 106 58 33 135 28 38 59 44 212 61 69 71 61 147 10 44 132 120 72 107 0 0 42 96 110 0 26 111 12 65 8 74 112 14 151 31 72 46 32 126 14 88 131 47 84 28 155 57 65 88 154 32 0 25 0 0 165 126 36 80 56 42 139 0 67 30 103 98 40 39 67 23 7 40 32 36 10 138 162 99 11 57 38 96 43 12 91 64 172 12 64 92 67 22 36 36 72 10 33 32 160 49 56 92 183 76 37 28 50 0 61 32 15 18 64 16 43 46 110 42 100 132 0 59 88 69 151 84 161 63 0 34 70 52 25 42 15 130 93 42 64 0 84 146 120 0 6 0 114 0 72 64 166 87 20 58 39 0 139 114 114 2 5 68 25 38 35 67 72 35 24 87 99 90 86 94 72 33 86 71 56 6 103 91 136 140 14 24 37 106 24 82 30 44 15 0 90 89 0 86 80 0 24 126 64 16 48 8 82 65 25 35 96 8 72 45 28 117 44 112 40 0 40 42 104 66 70 166 0 155 87 24 212 63 86 10 89 81
39 100 79 20 21 46 91 111 90 168 108 63 65 41 66 24 46 69 105 85 54 94 57 0 93 173 63 20 51 12 107 0 52 63 48 48 67 18 157 15 65 51 126 80 6 49 24 0 32 12 104 50 0 68 48 5 8 0 15 36 63 12 72 42 0 35 1 0 50 54 30 54 18 12 94 133 12 90 0 104 24 31 153 32 72 81 4 139 99 0 0 5 107 89 48 44 91 82 113 57 113 0 87 63 132 271 162 109 106 6 26 33 0 48 66 28 21 9 122 0 80 73 91 108 52 99 45 39 101 86 20 42 3 64 24 6 100 72 108 81 64 0 53 92 72 7 16 85 73 78 64 56 37 33 96 122 0 49 56 45 18 117 0 81 104 50 0 44 43 106 46 100 58 52 8 122 38 42 103 3 55 10 6 79 47 56 31 48 16 265 61 87 82 95 69 39 2 81 26 16 58 14 117 37 71 74 74 10 112 54 149 59 60 65 123 36 81 6 20 75 24 83 2 3 50 54 104 3 36 0 27 24 0 99 48 45 54 3 71 49 38 42 48 30 78 7 57 12 31 0 146 30 144 77 68 10
38 10 60 78 37 106 89 90 40 93 45 68 65 210 82 26 22 38 91 31 86 0 35 9 36 143 123 9 21 84 81 92 73 10 45 6 30 50 21 18 102 90 121 20 19 126 84 53 0 55 18 98 244 18 71 81 15 187 0 21 135 0 90 37 104 63 34 8 74 109 58 40 39 56 60 117 30 109 0 51 34 28 18 57 37 79 48 75 129 145 4 0 39 82 76 60 72 24 38 45 74 140 79 76 35 0 45 78 75 191 64 3 47 117 14 78 80 15 118 6 12 57 222 96 100 18 69 0 30 36 0 55 97 100 6 71 95 102 75 66 105 136 80 64 0 72 81 23 0 57 18 27 0 72 18 103 30 35 0 18 66 51 24 18 103 96 48 16 56 83 206 59 45 0 35 12 102 26 66 66 76 99 54 56 10 0 6 25 104 93 7 68 30 24 30 111 36 84 0 13 132 125 109 49 47 57 64 215 83 153 42 145 34 78 8 126 17 10 0 12 30 29 63 61 27 6 51 49 21 15 33 18 64 60 22 39 0 129 61 134 29 12 93 84 24 136 94 18 73 30 35 142 70 0 31 65
50 17 0 48 0 49 45 58 83 125 98 0 110 0 84 43 110 72 165 16 4 48 102 45 43 229 15 78 23 72 162 36 36 50 91 24 41 62 39 20 14 96 22 22 132 18 0 0 43 225 57 89 24 123 44 21 44 28 9 10 15 66 63 58 199 134 30 40 87 95 36 99 23 63 60 144 0 132 22 85 21 87 99 159 56 75 86 84 126 37 80 76 132 63 93 30 164 84 45 39 158 55 62 33 0 202 53 110 20 81 50 43 50 10 85 63 0 54 5 35 46 97 68 40 59 9 90 75 77 156 8 141 0 9 43 8 96 245 91 24 54 68 54 9 126 8 6 84 72 92 207 88 53 32 176 151 6 30 76 51 66 105 143 24 218 42 80 0 45 27 93 70 50 126 0 74 87 85 18 18 4 122 77 81 21 50 0 4 64 112 37 37 57 14 93 83 4 0 63 73 70 103 7 166 0 177 42 14 173 38 90 296 0 33 154 102 34 136 82 32 22 115 71 0 64 81 90 0 16 85 78 141 0 0 98 156 0 98 32 28 38 177 97 122 54 10 36 29 69 12 38 18 62 93 16 75
86 29 69 70 30 37 7 16 114 27 165 0 7 41 100 87 28 102 75 77 43 45 68 0 9 78 78 6 30 47 41 17 115 11 63 88 24 37 0 61 106 63 12 82 0 93 15 68 0 35 132 54 43 131 125 70 62 64 0 80 96 16 84 8 46 136 124 63 88 60 115 8 65 10 90 236 0 72 16 79 8 68 106 42 47 55 8 25 28 110 7 97 176 110 2 5 0 0 68 21 12 18 66 34 34 65 132 0 0 72 66 72 110 0 0 9 103 78 99 136 104 30 7 63 18 32 27 47 97 65 95 20 26 135 0 16 118 0 35 149 16 106 0 98 8 81 35 59 55 15 37 27 30 64 100 91 54 172 20 58 36 51 42 59 114 87 86 27 90 91 104 100 61 54 25 6 149 78 94 15 96 47 21 40 125 0 4 24 47 45 16 65 40 12 85 36 96 103 9 0 69 74 102 99 4 30 60 71 14 94 7 102 12 28 81 28 58 56 0 8 44 40 92 42 45 3 42 7 72 69 93 87 9 96 16 0 84 71 63 56 34 47 0 12 39 119 18 96 51 56 27 36 39 35 90 20
55 42 123 83 45 10 105 34 34 29 91 2 10 8 35 41 18 0 74 20 0 6 76 44 12 0 29 31 0 15 115 36 46 34 49 34 27 84 20 41 0 38 40 54 57 46 5 20 31 59 84 54 70 97 41 60 62 25 89 12 115 66 154 20 80 88 59 134 16 78 38 51 6 85 87 18 57 42 0 20 67 0 54 71 9 32 55 3 60 0 93 12 24 6 10 53 12 50 0 8 51 63 26 88 19 57 22 12 44 38 27 9 9 38 80 57 0 37 98 12 7 18 44 144 121 48 15 23 37 16 28 36 3 0 37 72 55 8 40 51 0 24 13 72 0 43 52 127 0 5 38 8 32 27 21 29 56 0 25 24 0 56 36 36 0 34 18 6 0 9 49 29 36 132 27 59 69 22 16 66 8 181 40 76 104 45 74 33 40 6 64 42 1 74 27 79 0 48 0 16 8 122 39 57 0 0 24 165 0 4 9 52 35 85 8 16 18 0 122 155 40 98 71 88 83 0 4 4 109 21 0 102 5 0 69 41 63 118 66 24 0 50 26 65 86 1 13 80 32 30 109 36 70 32 44 19
0 195 115 21 61 77 21 92 202 81 14 0 10 92 0 71 72 63 54 70 22 56 46 48 47 57 56 96 52 20 37 61 15 66 27 54 0 48 0 79 87 35 111 128 60 48 6 145 141 54 14 3 24 16 90 30 97 44 0 0 49 81 58 49 141 99 1 15 42 2 36 37 49 20 75 101 49 47 23 8 24 58 45 109 18 88 0 69 4 21 28 27 66 20 45 143 42 159 13 104 136 87 71 66 85 0 183 70 144 92 87 54 0 7 102 0 17 108 0 126 24 96 93 90 0 24 0 61 144 46 83 5 112 48 14 6 4 55 35 40 76 45 36 47 156 0 45 29 36 0 0 0 63 98 42 96 49 35 35 49 75 202 56 77 6 0 61 0 10 83 71 122 94 62 9 36 35 78 153 65 0 3 63 17 7 0 0 40 54 20 24 24 0 57 48 44 8 57 48 40 60 134 37 72 172 82 34 21 107 54 60 0 0 123 186 91 28 85 35 28 92 91 0 58 107 0 6 77 84 2 38 78 0 67 0 24 63 100 91 96 80 246 84 46 0 0 72 172 69 76 64 0 72 72 0 98
106 116 78 78 162 162 12 2 207 78 182 10 25 119 141 180 88 72 122 45 76 10 66 67 205 82 143 63 18 104 64 122 111 68 50 81 118 166 41 18 52 57 37 76 30 99 70 211 123 74 75 63 118 138 94 89 223 95 12 69 138 66 0 63 295 260 123 106 152 32 23 57 112 28 146 54 0 79 49 162 180 12 103 45 165 75 90 0 181 48 118 54 57 163 30 65 88 120 108 90 97 87 120 30 106 63 210 92 123 96 160 36 63 44 62 0 14 154 65 140 174 36 162 88 10 193 60 10 95 10 112 49 16 171 25 54 91 233 98 101 48 24 36 160 160 54 126 112 221 54 211 71 144 147 75 87 62 111 204 16 96 77 124 128 54 154 141 49 103 105 202 169 95 94 141 68 161 39 308 113 167 203 41 44 135 153 78 30 110 137 10 111 94 183 122 65 108 208 66 78 167 112 139 102 143 81 208 58 126 101 166 97 123 55 115 318 86 225 73 0 50 54 13 35 40 32 88 4 101 59 42 74 52 103 104 38 48 68 74 105 89 138 91 84 21 84 110 153 79 56 69 42 77 21 161 54
172 92 56 100 22 40 64 18 30 9 142 16 56 99 91 20 54 86 266 122 0 137 49 62 108 98 55 125 112 6 149 238 24 117 45 165 0 14 65 26 21 23 0 95 7 18 73 14 0 80 86 102 133 121 103 68 106 6 156 133 81 155 48 22 58 64 4 28 14 239 57 22 93 73 140 110 38 139 35 52 98 66 78 30 42 10 52 42 0 67 66 36 109 0 7 14 226 30 35 53 30 8 19 16 83 122 229 107 28 4 35 43 46 15 105 87 37 146 96 10 63 59 56 149 122 24 114 0 22 46 58 44 21 17 0 28 68 34 15 81 105 58 32 112 83 64 78 217 81 27 66 15 51 50 24 16 59 62 0 56 0 134 60 81 82 60 153 12 10 102 223 114 127 105 168 63 89 111 66 62 78 63 87 68 159 105 30 90 72 174 133 10 70 64 21 63 36 77 30 15 0 72 135 15 63 76 67 52 42 144 103 48 15 87 198 0 33 29 39 32 44 71 0 57 151 57 10 0 5 81 27 38 59 45 87 0 78 56 48 0 70 56 93 0 100 49 117 84 0 83 4 9 42 76 46 53
48 52 68 43 54 90 16 71 4 49 79 44 9 2 34 46 10 7 6 24 34 18 21 124 10 47 171 6 20 71 58 146 16 14 56 22 129 140 106 2 0 36 78 23 42 48 100 48 57 106 68 32 95 20 88 51 74 34 10 36 133 18 61 60 56 72 62 212 4 42 63 2 28 15 83 74 22 28 49 108 94 60 43 0 146 153 40 46 44 25 0 79 115 51 0 106 44 108 74 2 36 56 0 101 0 57 1 49 0 0 55 102 22 0 151 74 75 40 104 36 30 33 66 18 36 8 28 2 106 46 138 122 0 26 52 19 166 106 40 60 6 163 56 90 141 82 129 40 63 24 16 10 79 66 29 28 46 52 56 33 62 146 10 96 149 65 22 6 55 14 80 39 36 8 126 30 78 146 0 53 91 76 8 77 37 77 68 15 63 100 0 0 93 95 0 45 58 87 41 77 28 90 87 93 86 99 88 183 24 43 42 54 50 17 7 64 48 9 106 14 20 202 110 15 12 54 14 76 32 33 20 66 126 223 0 28 0 22 6 13 74 8 137 12 16 127 60 90 0 3 0 37 55 108 45 52
7 18 0 42 125 7 48 75 22 114 62 0 28 35 62 8 0 0 14 38 108 63 8 53 0 8 69 36 2 139 8 9 13 28 15 16 45 9 10 21 14 93 108 183 4 0 12 21 18 0 42 94 0 101 20 0 153 55 36 13 75 42 49 129 11 40 20 69 9 13 57 35 49 65 8 86 63 39 112 51 50 75 78 97 8 22 84 98 32 52 74 36 72 0 0 0 56 0 10 71 12 12 44 51 120 0 30 0 0 0 117 21 69 16 63 37 0 99 28 0 32 10 100 142 73 100 52 51 71 18 31 49 87 0 0 40 0 28 36 0 126 24 0 114 42 42 43 77 0 45 0 39 51 85 81 27 63 64 89 5 0 185 69 68 6 54 76 24 0 19 20 81 20 8 40 15 68 11 8 113 44 36 121 69 36 58 127 11 54 113 60 23 12 38 144 164 72 74 15 0 77 34 36 74 67 54 81 36 18 34 12 35 19 98 45 0 67 54 45 0 30 32 20 7 0 27 9 18 52 61 0 21 18 7 24 51 99 84 0 0 216 12 45 41 6 27 51 119 75 0 20 74 12 50 0 28
59 26 33 23 45 30 0 96 27 52 27 0 36 36 57 59 18 0 91 0 16 36 123 0 16 85 21 24 20 62 96 90 36 8 36 68 0 92 81 28 128 16 8 130 31 35 9 32 63 0 74 18 142 151 122 9 27 52 7 44 107 34 89 53 21 20 76 44 4 19 13 28 56 35 5 108 23 11 3 38 14 24 24 52 49 55 42 76 0 92 28 9 112 77 0 12 126 0 0 48 35 35 42 161 31 83 47 66 0 0 103 79 48 51 102 9 12 47 16 0 51 48 27 101 7 12 30 100 23 45 60 38 22 5 24 16 72 36 0 8 7 62 24 45 9 123 54 71 0 45 66 48 4 36 149 132 69 60 0 24 0 21 142 67 81 48 34 105 113 54 0 24 36 15 0 30 15 36 35 0 50 40 52 56 58 38 63 65 56 63 9 32 30 53 53 56 51 35 72 75 160 39 34 123 99 94 10 9 86 8 91 82 44 55 40 28 89 22 0 0 0 30 20 77 24 16 28 27 226 103 0 56 82 24 20 32 12 44 81 87 55 0 76 84 44 94 13 31 26 31 110 0 129 34 72 63
170 27 151 72 42 56 41 9 0 32 317 42 13 0 187 15 7 63 102 69 22 71 84 75 66 81 84 18 160 49 71 159 0 116 18 18 51 180 86 87 63 35 9 30 12 93 65 90 16 69 115 31 61 108 132 52 60 99 53 25 196 75 116 29 0 42 54 154 29 213 100 48 0 49 177 135 55 83 73 166 179 51 74 42 145 34 42 132 79 111 99 41 156 46 18 30 219 84 99 25 0 63 20 91 23 117 146 50 41 48 48 103 75 161 179 43 53 83 64 38 149 52 120 62 65 165 39 204 60 58 129 155 157 87 0 15 171 52 36 128 123 153 22 188 82 55 208 185 145 86 118 29 117 112 106 4 25 16 28 36 124 24 72 81 163 97 19 120 48 129 104 80 44 92 30 100 200 85 72 182 204 56 246 78 80 129 115 44 96 116 43 82 137 5 134 124 118 67 0 9 33 199 188 99 70 175 156 93 72 79 171 8 105 193 33 125 145 110 24 59 27 212 99 40 108 27 98 116 75 32 3 70 135 187 53 69 20 91 0 0 36 63 61 15 16 35 64 98 10 34 123 60 39 52 62 31
115 57 159 104 158 82 23 31 87 64 69 40 39 60 63 51 18 68 41 60 0 111 162 36 79 38 187 52 88 130 52 40 35 14 0 13 14 56 32 45 75 54 24 31 93 90 79 56 5 35 29 67 3 21 164 176 35 98 36 12 60 143 77 81 65 117 78 25 13 42 24 21 114 0 39 40 35 60 3 96 131 36 28 18 119 41 153 0 73 40 46 134 54 25 4 71 8 97 55 35 35 99 0 113 63 40 148 0 0 43 91 75 8 68 70 55 68 84 80 72 38 152 86 229 131 66 88 50 154 73 45 20 0 79 48 10 81 16 172 37 38 120 135 62 9 52 52 3 222 53 14 173 51 0 73 39 0 67 0 0 68 8 137 52 7 98 46 3 16 39 95 99 0 2 12 50 137 1 143 9 27 63 103 34 83 178 0 27 74 14 58 156 133 45 24 60 6 81 15 135 99 27 63 205 9 0 102 61 88 54 13 43 99 60 3 90 40 56 182 49 30 60 92 25 0 37 47 78 19 54 63 67 32 25 98 92 3 68 0 15 49 115 44 124 0 111 46 106 51 93 27 0 218 44 56 147
8 198 108 76 18 17 80 74 53 67 45 107 59 35 51 45 62 84 0 4 28 0 42 24 18 99 27 118 0 45 192 12 42 54 9 33 141 103 164 41 124 20 0 80 101 108 153 63 40 68 8 97 171 149 151 12 64 51 0 130 79 112 35 43 0 36 63 65 1 48 172 110 26 0 5 171 53 24 144 24 74 0 25 0 132 28 96 7 8 23 32 81 117 43 68 42 0 48 28 41 30 6 41 13 21 12 83 71 42 59 0 114 0 18 154 8 0 130 69 8 137 8 93 10 12 69 18 7 3 81 98 83 35 0 36 70 85 89 0 68 35 72 24 104 168 15 156 100 154 5 50 62 99 87 33 67 122 54 32 12 45 54 70 63 104 74 153 9 13 0 66 28 56 16 100 96 16 105 127 105 127 67 76 27 112 0 31 23 72 35 72 45 64 97 69 36 36 20 42 26 146 187 26 153 133 36 127 81 18 92 91 104 8 36 24 100 28 80 54 53 46 42 113 0 0 108 40 35 0 36 12 136 153 117 72 32 12 40 179 138 20 108 78 12 8 18 66 109 0 59 63 47 98 98 110 55
109 12 23 66 29 133 6 0 20 18 28 0 0 50 59 82 32 41 36 0 33 115 72 40 210 40 109 0 136 0 24 32 102 87 56 142 81 23 16 56 90 9 68 155 135 33 0 39 28 45 54 0 32 72 67 192 53 74 12 97 72 64 32 88 16 100 45 86 56 0 64 0 68 40 102 137 108 0 11 87 65 57 191 45 35 77 12 4 0 55 56 12 108 54 112 0 94 160 80 16 48 0 50 129 8 36 131 67 56 96 69 93 108 24 57 111 53 58 171 44 0 84 104 32 16 0 68 0 94 103 52 24 64 72 76 20 107 32 12 113 49 56 60 84 14 117 123 72 0 52 76 102 136 96 144 244 4 24 0 0 0 20 39 75 0 80 0 171 0 57 76 202 9 45 98 0 120 37 36 60 64 72 40 154 56 135 63 74 54 56 48 90 150 94 243 117 32 135 40 0 174 21 179 137 0 10 0 115 59 80 32 0 84 102 35 55 235 32 181 12 16 48 36 0 54 9 0 36 134 30 62 32 28 27 24 36 48 8 24 57 6 56 204 24 121 70 40 63 40 146 36 27 91 122 49 93
70 80 59 122 121 19 93 66 89 92 106 0 118 28 114 53 150 120 6 166 52 111 91 95 7 22 56 22 92 45 64 59 96 42 37 79 87 6 29 112 7 98 94 57 6 86 8 30 0 14 119 79 32 89 130 50 164 6 113 35 112 147 72 25 56 135 27 56 2 113 0 69 125 72 5 41 90 88 99 73 71 14 34 25 121 7 103 69 91 18 147 36 163 65 77 77 96 72 74 76 121 50 35 55 135 184 24 114 36 94 81 18 15 152 12 151 104 84 119 18 54 67 54 102 52 213 36 20 11 12 8 29 8 135 0 38 104 12 93 0 47 45 51 65 66 168 86 65 83 46 43 107 217 79 126 40 99 90 85 32 42 206 100 100 23 5 48 120 64 59 44 129 187 60 0 52 21 107 61 95 218 40 77 72 134 118 131 155 75 30 148 92 127 49 56 138 85 0 45 111 83 87 43 178 145 82 144 0 28 11 88 120 10 133 0 80 41 40 79 61 75 6 56 98 66 3 40 28 64 65 0 112 27 111 0 133 138 173 0 0 21 44 25 49 85 82 52 85 35 0 102 21 85 123 14 100
82 31 67 20 63 42 44 19 99 34 13 50 50 112 112 203 18 39 49 0 55 15 71 33 2 68 7 42 49 61 126 173 116 76 66 54 85 207 38 32 2 13 40 48 31 54 8 42 27 0 36 84 63 32 42 0 108 106 56 158 21 137 90 124 0 54 45 40 19 105 126 35 117 115 24 72 76 70 67 170 191 63 0 125 140 78 212 85 63 115 132 15 89 0 4 0 120 77 12 61 144 81 138 23 50 42 5 36 0 4 0 63 43 84 106 0 24 134 100 24 18 92 173 109 179 3 27 21 52 46 0 62 6 69 65 0 61 80 32 3 2 91 64 114 141 127 93 77 61 0 113 63 41 194 30 152 83 129 47 94 22 0 98 84 76 53 63 5 53 7 28 91 101 20 90 91 15 28 91 70 38 0 41 44 27 40 14 35 81 174 223 112 56 64 54 30 94 142 60 36 14 135 72 99 38 158 196 57 64 155 46 36 140 64 42 86 59 64 34 16 0 12 134 71 82 45 51 83 6 36 6 94 36 0 22 96 0 5 21 32 84 55 167 141 90 18 108 0 77 42 186 151 150 4 90 99
18 30 44 42 28 0 66 72 68 0 78 0 0 24 21 16 37 18 45 57 3 87 78 40 0 2 0 38 63 30 0 0 38 69 19 28 18 39 34 54 24 89 18 12 69 11 0 0 24 9 4 0 6 5 42 0 60 72 0 0 0 48 72 42 68 0 8 0 0 87 41 0 55 0 42 0 24 66 0 169 54 72 36 14 100 16 28 67 70 0 16 32 20 12 0 5 7 98 36 22 24 24 33 52 0 125 46 26 66 20 0 6 8 20 19 0 3 0 8 26 0 54 36 144 72 97 0 3 83 70 3 0 0 24 8 103 6 64 9 36 16 0 134 75 24 0 17 0 74 6 0 0 0 64 72 2 21 62 36 0 5 45 0 24 38 34 30 1 16 66 142 69 0 85 0 54 50 18 50 46 98 84 0 63 16 0 63 24 35 1 15 49 16 101 48 14 0 0 0 24 62 18 68 76 24 0 81 54 36 48 61 39 0 0 18 76 20 88 66 134 45 83 0 28 90 16 46 18 113 0 80 63 36 0 0 27 12 72 101 56 44 55 25 106 48 18 12 42 54 54 0 55 36 102 66 8
114 21 60 139 111 67 28 44 55 84 121 4 66 124 105 125 122 29 55 143 48 42 48 100 36 50 79 47 71 27 93 108 151 118 79 65 107 30 76 129 67 36 69 73 75 116 44 0 48 102 44 31 75 56 56 102 126 4 20 28 110 153 47 90 95 126 24 38 118 73 31 89 93 16 42 147 146 86 18 59 78 83 140 28 21 50 18 92 189 106 22 0 0 30 105 134 74 199 104 103 165 40 18 45 18 130 40 99 0 151 111 56 77 9 86 59 159 32 205 40 40 26 56 109 95 32 69 20 132 59 131 15 64 0 94 16 194 31 76 48 32 122 62 58 26 36 176 150 8 63 25 97 56 45 47 114 64 51 110 0 123 88 100 42 81 48 115 14 39 49 86 108 97 22 37 7 40 24 12 139 24 80 72 89 0 40 51 15 162 174 52 86 122 32 111 8 87 120 8 8 153 132 159 33 0 32 78 190 60 30 69 121 58 38 50 164 66 37 111 0 42 41 53 84 95 19 4 90 14 74 64 105 0 166 21 1 54 116 0 0 157 81 191 90 18 58 159 22 193 66 31 16 40 40 94 68
139 125 104 63 129 147 44 69 73 90 111 110 54 57 95 30 70 54 81 67 24 59 148 115 115 113 6 16 6 15 24 175 11 24 28 73 18 95 40 0 62 45 57 27 20 139 103 67 88 174 0 159 196 95 137 90 72 53 9 86 69 235 75 79 40 116 18 9 10 56 69 20 86 86 42 139 68 12 72 50 165 53 125 63 97 52 29 64 137 35 8 90 121 48 11 0 145 102 9 0 36 81 93 113 18 158 139 27 21 144 81 40 7 5 128 112 153 86 105 54 50 108 68 48 56 62 2 28 0 28 62 20 84 152 90 49 147 190 83 58 75 111 77 94 66 120 158 117 179 12 32 136 127 25 51 128 121 88 48 66 17 141 56 0 116 80 48 38 64 6 189 106 72 42 150 45 0 125 82 98 63 63 41 71 145 88 82 76 66 0 30 4 91 134 160 25 0 98 49 0 70 92 19 195 96 45 172 198 16 75 88 181 6 81 42 93 43 1 18 49 57 144 154 22 24 11 20 129 56 0 112 20 30 120 71 18 86 82 66 121 0 12 9 18 42 41 66 86 187 27 0 26 18 57 49 39
147 46 149 115 141 4 30 92 87 78 170 167 47 0 56 10 65 175 93 39 0 72 25 55 91 250 51 40 57 53 135 97 14 39 5 135 48 65 75 87 42 109 6 133 30 134 126 121 43 35 3 134 26 40 41 157 72 81 18 160 91 146 32 65 167 128 121 30 27 45 113 112 30 71 98 162 68 152 85 28 188 9 89 79 30 53 36 67 137 103 115 213 159 36 13 58 72 0 83 18 206 178 30 63 86 133 123 72 52 86 203 36 48 104 70 48 79 71 165 7 74 109 100 104 105 232 55 81 125 90 29 82 9 99 24 65 24 243 42 26 104 18 64 75 61 48 109 27 218 72 66 125 81 155 88 98 134 132 109 71 11 125 102 82 62 157 86 64 49 11 105 187 189 18 1 16 179 15 149 137 96 32 151 44 95 185 52 19 7 112 212 30 60 125 96 47 16 45 36 6 119 162 100 36 94 3 106 102 165 110 82 24 22 131 20 43 18 62 125 56 68 105 17 54 0 72 0 86 162 40 26 122 0 57 124 49 36 60 111 93 88 160 44 40 12 81 110 34 121 4 40 48 170 46 122 54
6 32 27 83 36 22 28 64 126 98 90 0 6 3 45 43 68 130 44 81 147 16 75 92 6 0 27 19 8 18 31 4 15 28 28 78 0 143 27 24 4 72 9 55 0 183 86 56 16 63 14 0 148 61 32 42 28 17 40 143 0 80 37 4 121 0 60 61 76 0 24 144 24 74 44 95 54 81 2 84 143 9 36 138 116 40 13 27 97 102 100 26 174 37 4 195 56 0 10 21 47 226 0 119 14 40 75 74 0 35 16 95 24 39 85 0 0 100 18 36 10 19 101 46 30 177 84 63 103 31 56 9 69 99 8 28 20 73 43 6 19 102 15 55 16 0 27 50 235 64 27 0 23 49 59 112 41 43 2 16 44 58 98 36 112 54 50 6 56 18 6 56 102 0 62 0 147 16 64 88 29 57 51 116 228 16 52 4 92 168 95 127 103 121 40 147 0 15 17 0 0 41 77 6 12 54 112 80 101 6 7 12 5 7 15 78 142 6 0 27 114 68 0 52 20 52 4 30 0 118 4 81 46 0 17 68 54 1 86 57 44 175 44 51 11 33 4 6 22 24 114 107 76 0 116 82
67 67 119 34 2 66 52 72 144 0 26 57 109 128 30 120 6 111 172 87 73 145 86 136 100 30 76 104 127 73 12 22 76 36 7 27 49 184 69 0 0 41 119 107 37 128 6 56 45 108 67 117 33 16 113 120 82 102 18 6 0 0 80 9 92 110 48 0 136 49 65 95 18 61 120 114 107 6 13 171 47 127 108 0 90 59 16 58 136 2 92 36 147 111 23 173 72 133 36 9 0 76 18 12 58 215 120 6 85 84 36 28 0 118 202 119 31 66 40 0 0 140 181 93 30 51 101 56 94 113 66 0 0 24 109 13 138 138 72 6 85 37 38 30 118 105 96 63 51 45 180 110 80 7 153 33 96 43 0 98 46 42 51 100 20 229 30 162 82 177 158 179 16 211 13 21 99 216 180 107 32 76 7 72 0 165 0 12 82 108 10 68 204 98 143 187 148 71 4 0 91 72 91 79 8 33 5 98 73 108 87 111 81 56 138 83 230 31 95 36 70 144 125 78 129 0 39 3 0 24 8 90 48 145 20 90 0 17 42 54 18 113 71 55 0 40 119 18 46 40 97 147 24 12 36 35
14 76 20 8 16 0 66 5 0 48 124 0 12 87 66 24 52 0 61 45 38 68 29 111 22 0 65 40 0 31 24 33 32 0 114 10 0 0 0 12 49 72 47 23 53 159 5 32 40 51 28 39 110 66 43 28 0 76 2 60 42 48 0 65 2 69 56 58 25 0 67 80 36 5 81 4 72 12 47 24 60 14 93 0 59 0 61 13 138 66 39 14 93 73 26 36 66 74 87 72 54 28 63 0 0 61 36 0 77 67 18 127 8 19 4 78 40 0 219 18 2 15 107 42 75 96 15 0 44 28 8 54 80 27 32 4 95 0 76 56 0 7 10 46 0 83 178 94 43 0 0 105 38 23 4 144 91 24 0 12 1 107 4 38 6 52 0 9 43 8 24 8 0 0 13 0 73 56 31 45 28 64 48 75 7 105 16 5 86 90 42 18 54 36 49 33 18 76 54 0 82 51 53 101 63 30 85 77 21 117 0 6 92 45 0 10 73 126 70 86 37 36 28 73 0 20 75 47 76 90 21 0 0 58 0 6 12 77 0 15 22 8 76 119 186 128 18 17 30 16 54 47 133 7 76 35
155 28 12 110 0 20 0 30 6 8 93 107 0 18 7 47 58 0 38 0 63 37 90 93 45 29 64 6 30 16 99 68 54 32 0 95 76 54 24 37 73 120 24 92 96 48 2 112 58 29 35 48 16 24 57 8 19 100 6 108 22 54 44 60 114 7 47 6 114 8 81 112 0 0 100 8 108 24 30 31 48 8 36 4 98 77 56 83 132 17 86 83 36 40 37 55 16 24 22 63 0 49 97 105 78 72 88 27 61 152 90 62 18 134 108 59 0 63 78 16 39 0 105 56 0 53 0 36 48 101 46 8 16 80 0 91 18 57 72 58 65 34 75 130 75 138 62 36 12 0 0 78 76 75 84 59 177 0 0 30 5 3 52 15 100 30 163 72 93 15 153 224 0 27 5 20 12 84 90 11 18 74 59 74 26 118 30 33 94 41 48 18 62 72 94 88 32 18 15 10 27 95 42 66 40 18 107 81 154 68 63 66 12 66 10 0 132 95 36 59 9 46 34 42 40 18 87 34 118 0 28 15 108 105 98 85 28 108 98 72 16 103 9 146 28 64 18 118 36 36 36 17 86 20 27 15
69 35 21 60 43 35 15 66 92 6 17 0 29 6 105 83 0 47 49 9 19 35 41 33 77 34 50 16 96 8 26 126 92 74 33 0 51 48 55 4 6 0 77 5 43 20 6 0 105 82 61 42 36 20 25 55 52 34 48 18 11 52 14 21 36 25 35 43 86 0 16 38 104 9 35 46 61 92 14 94 26 35 0 9 71 86 59 65 74 8 117 22 57 14 50 129 30 280 16 6 84 14 72 77 80 45 3 59 5 117 19 4 13 31 164 1 45 23 19 25 48 44 93 31 38 49 3 29 168 78 2 23 4 12 0 0 64 63 51 0 53 12 65 36 58 84 42 27 45 52 12 55 12 63 18 35 25 21 12 20 4 36 57 3 41 50 0 78 32 0 31 0 0 8 21 39 37 38 57 39 87 22 9 98 21 30 38 7 110 102 0 44 73 64 40 27 30 73 98 65 124 0 61 120 93 12 68 15 45 49 114 0 16 66 54 76 52 45 65 0 0 105 18 43 16 63 12 36 112 47 65 23 1 0 66 94 16 9 0 57 16 154 131 55 7 36 63 21 9 62 50 0 66 65 55 65
68 21 6 106 46 102 113 48 120 135 74 45 92 241 128 211 0 35 65 46 3 45 59 9 83 122 149 54 86 108 95 311 114 8 177 28 77 228 3 71 48 97 100 13 77 28 16 72 136 25 10 131 72 57 36 177 57 88 0 47 68 153 91 67 14 109 12 72 24 133 51 21 42 30 12 41 132 43 91 54 41 60 76 62 18 123 152 70 74 48 7 4 60 56 63 106 48 125 36 91 85 65 72 139 93 54 43 42 0 89 72 0 56 61 151 72 98 84 81 65 48 69 69 156 70 47 134 28 36 5 0 62 7 54 9 18 29 12 143 40 107 82 83 117 121 59 90 6 196 76 112 108 70 73 151 86 136 120 118 0 6 56 24 9 13 6 42 50 30 48 165 5 108 16 99 0 86 18 116 169 0 8 133 46 38 2 100 42 267 73 60 14 112 36 35 105 60 132 136 72 106 38 35 174 72 166 132 86 57 4 81 48 40 66 24 120 162 55 171 21 21 146 171 77 43 68 48 31 92 25 0 0 0 66 32 37 0 12 16 9 24 89 198 28 8 72 142 32 52 31 26 0 12 44 69 81
42 25 75 37 48 44 3 87 129 0 66 0 72 52 36 27 20 0 0 18 0 12 86 8 0 81 24 74 12 36 72 111 124 4 50 42 40 0 2 0 10 0 0 80 6 180 114 40 42 48 45 146 0 36 0 89 75 30 12 42 61 64 12 34 93 78 52 5 4 28 14 0 14 93 74 66 0 54 21 47 9 16 20 81 38 0 54 49 0 82 36 104 114 52 0 35 0 96 149 9 136 102 56 204 8 0 70 18 0 83 80 27 90 52 56 0 4 81 148 0 12 130 18 61 119 98 36 54 142 60 40 0 66 48 56 10 96 69 0 51 14 145 36 46 0 45 41 93 108 146 5 0 30 93 63 92 45 0 24 63 100 63 57 0 114 67 96 18 9 27 104 0 0 109 52 23 56 49 112 0 47 72 34 28 33 18 26 78 0 58 18 0 48 14 157 105 14 0 6 35 96 198 83 24 54 0 67 6 165 72 51 30 0 8 0 56 0 28 48 0 0 38 72 72 32 15 42 12 42 95 8 90 45 92 36 66 66 62 63 7 76 75 9 109 54 97 0 12 36 0 0 0 120 56 0 0
64 37 24 63 60 44 54 13 152 32 132 0 98 44 21 36 20 32 29 39 12 37 100 42 3 0 28 40 30 32 0 87 62 6 21 32 5 161 17 41 72 56 115 75 18 94 35 25 68 12 28 12 69 103 0 0 114 9 3 0 30 40 29 48 84 20 0 72 48 0 18 28 42 32 52 18 0 27 24 20 48 48 69 32 48 77 175 4 46 37 49 0 0 91 8 33 35 14 32 81 4 60 28 125 75 15 60 7 0 36 6 49 30 73 90 14 60 39 104 36 45 27 16 0 130 3 42 20 4 0 2 0 0 12 8 0 116 127 100 68 0 101 0 44 21 54 102 62 0 12 84 40 109 0 0 42 99 60 0 15 31 125 8 56 41 0 48 60 8 23 72 0 16 0 60 0 20 69 16 16 7 133 20 36 0 42 0 40 28 83 59 45 24 61 0 42 45 99 119 103 149 37 30 118 90 22 120 21 56 80 0 30 97 6 43 42 24 35 161 14 55 157 97 66 30 102 13 0 122 2 26 109 46 55 30 18 36 10 21 57 82 13 45 72 40 88 6 61 0 0 81 60 82 7 60 76
79 61 106 82 21 52 10 58 2 35 126 149 0 67 75 12 48 165 27 12 32 81 99 66 114 8 24 35 80 30 56 72 72 37 5 32 22 58 26 48 95 64 0 45 28 47 8 64 0 0 25 166 64 108 67 46 43 28 67 42 85 98 90 70 63 12 41 30 36 88 67 28 38 41 109 27 60 149 95 81 115 18 52 35 34 0 115 72 24 45 132 57 155 5 72 0 91 51 3 72 64 18 39 121 3 132 103 6 28 47 75 50 40 41 12 101 92 56 56 0 36 77 156 60 81 52 83 44 0 60 63 14 99 45 0 2 73 24 9 0 53 109 0 78 0 54 121 131 25 48 172 0 95 79 20 31 56 18 22 0 12 40 34 64 50 93 0 81 52 105 113 70 48 12 6 53 155 24 89 129 139 16 87 96 30 226 54 14 32 63 172 95 39 18 97 117 36 90 15 0 72 56 3 45 81 42 60 56 3 61 40 42 25 92 21 59 66 24 48 32 45 72 24 9 62 15 5 39 66 22 50 48 82 0 53 119 89 53 40 15 0 152 9 29 95 104 38 75 24 63 28 41 40 27 47 57
96 67 55 175 79 29 63 7 123 37 18 0 1 16 120 76 84 8 30 127 12 103 59 68 2 15 106 33 0 10 142 0 111 4 24 80 67 0 75 66 52 16 0 71 130 38 0 0 40 84 98 21 131 42 175 56 117 40 114 47 14 42 40 0 188 135 2 87 20 82 61 61 55 16 35 48 64 8 42 0 51 0 90 21 43 55 92 126 64 61 28 5 81 41 20 77 16 53 48 55 111 57 21 8 3 136 14 87 18 9 57 80 4 4 40 63 0 15 26 36 40 48 26 101 32 56 56 55 130 157 64 31 28 21 66 79 0 10 58 53 63 58 20 23 1 55 45 0 20 25 36 4 20 3 57 48 55 64 44 26 21 96 4 114 0 4 18 94 100 64 87 88 80 182 45 178 9 44 27 41 36 117 74 244 54 98 161 0 56 60 61 28 66 48 19 12 192 48 0 6 147 102 35 21 150 0 0 54 27 123 21 68 20 78 40 97 73 62 111 72 48 24 33 40 144 12 0 15 49 18 22 36 0 82 139 54 52 86 21 63 15 46 108 75 168 0 35 31 0 12 0 0 0 141 52 64
18 6 26 65 9 34 24 73 82 40 48 0 63 12 61 0 54 35 0 21 64 25 44 0 0 0 16 0 3 78 15 6 92 46 4 93 72 48 96 92 60 2 44 103 26 26 6 75 17 105 0 3 160 42 112 45 55 0 36 12 110 8 55 8 37 99 0 69 14 61 43 23 5 16 25 126 108 36 0 100 36 39 0 64 70 139 121 108 159 102 24 21 72 12 36 22 64 0 135 35 78 97 26 36 36 137 17 105 93 29 103 21 120 30 93 99 161 108 107 42 42 81 8 21 108 0 26 24 68 68 133 54 0 18 79 27 32 55 45 75 30 72 93 124 62 42 24 135 126 68 75 24 75 25 63 148 42 21 41 0 66 68 33 32 102 0 24 6 15 210 29 135 45 45 0 84 9 3 8 59 3 20 24 112 70 10 10 24 74 65 14 18 138 69 0 72 99 66 50 43 51 0 110 9 0 18 77 127 18 78 33 54 117 0 29 171 6 25 102 21 46 66 17 4 60 54 27 103 53 75 15 168 26 112 9 156 12 0 94 94 98 12 77 96 0 90 0 4 69 46 44 54 14 21 44 0
113 24 131 0 111 32 93 12 21 38 114 12 94 59 106 84 0 30 79 217 83 101 5 86 132 97 50 45 19 28 0 137 0 150 36 4 28 66 0 8 46 19 12 15 116 56 25 88 62 32 49 99 52 44 11 98 25 0 99 0 54 25 77 120 159 40 139 10 54 0 33 78 75 35 89 53 79 8 16 5 227 88 49 47 64 19 40 70 91 90 7 0 43 95 37 106 65 49 8 37 0 67 5 73 40 105 0 24 40 50 5 95 0 32 135 28 19 35 33 14 72 25 85 123 77 108 162 36 53 49 46 0 28 12 45 15 28 30 103 12 14 143 144 97 36 93 47 25 115 53 54 88 101 40 45 36 0 24 82 20 30 28 8 20 14 44 89 36 66 78 181 80 4 192 77 72 120 63 70 48 81 64 10 47 0 107 90 64 184 86 37 56 63 25 0 78 170 70 105 6 30 80 63 31 75 51 48 46 6 75 71 52 33 6 102 67 110 87 83 21 54 62 24 90 117 0 40 22 133 128 35 63 73 88 50 32 40 10 29 5 54 71 5 72 72 101 27 17 145 61 45 8 41 46 96 35
86 116 0 44 41 0 104 12 18 129 65 0 0 88 21 52 58 51 15 41 165 199 30 40 34 24 81 0 145 46 39 65 40 85 67 24 8 38 0 36 70 18 149 63 68 122 10 24 12 63 73 72 93 50 68 39 36 127 0 74 0 45 61 32 28 7 16 187 22 152 0 60 51 96 34 156 61 66 42 47 18 18 4 16 16 48 40 54 135 2 0 28 74 55 86 15 21 23 68 12 40 0 62 35 106 92 93 81 0 68 66 0 50 94 8 74 33 56 20 73 109 24 60 96 32 34 9 71 34 80 84 24 85 53 0 22 117 65 51 21 150 81 0 121 11 42 132 149 0 51 0 65 15 209 79 112 42 54 3 36 27 7 40 51 65 192 4 0 126 8 63 101 68 64 30 46 34 12 92 94 40 27 85 68 80 145 16 0 130 72 62 36 42 9 44 153 135 73 49 3 71 9 0 14 84 79 62 10 49 36 79 56 5 81 70 38 64 94 33 65 10 99 14 38 58 30 54 15 9 52 9 14 0 0 59 0 0 100 119 0 3 3 18 39 68 42 0 0 18 6 53 72 71 10 16 24
155 19 9 21 45 140 44 45 137 49 112 25 60 31 75 72 12 62 97 20 15 93 35 6 63 105 63 21 3 3 221 60 95 60 120 130 49 9 13 149 30 27 111 56 93 65 28 105 28 129 67 99 75 52 120 90 130 10 56 66 22 100 86 23 90 87 26 112 18 119 66 65 23 35 49 21 144 72 91 13 39 113 4 25 52 0 101 4 43 41 36 20 35 45 54 56 64 20 88 9 0 132 27 31 0 0 64 129 16 14 92 11 139 7 168 81 46 117 81 31 51 113 83 99 15 6 55 40 42 115 12 115 67 12 80 21 94 106 0 0 89 136 15 100 62 0 45 80 49 0 0 76 74 121 35 117 0 114 101 0 12 91 59 167 29 3 81 57 118 30 85 147 0 105 142 89 67 62 42 72 18 61 112 81 76 40 93 9 123 69 101 23 55 35 98 44 118 156 57 64 152 136 12 84 112 72 89 59 36 36 23 44 8 17 97 51 22 123 169 2 0 107 107 32 86 0 6 64 20 39 0 109 82 37 0 30 31 54 112 0 108 53 138 36 83 13 65 28 88 167 0 0 74 65 88 99
76 60 24 95 124 42 128 33 27 35 137 0 6 44 92 5 24 65 7 32 41 43 154 108 36 12 22 45 8 25 144 72 68 86 31 124 22 14 103 91 0 18 46 42 15 80 15 0 99 45 81 31 60 53 26 33 87 117 24 122 33 117 19 56 83 0 108 79 0 131 66 12 122 75 145 225 224 0 33 111 54 7 21 84 176 64 15 133 120 45 4 120 68 87 28 28 108 172 123 0 61 0 37 45 22 100 8 77 109 36 131 14 53 0 10 113 16 63 123 57 97 23 28 46 158 165 4 88 41 63 106 3 58 33 12 142 59 62 115 57 44 78 63 24 101 46 82 18 82 34 82 121 218 56 126 103 199 95 126 47 105 135 89 96 22 35 124 71 16 10 24 76 141 80 49 28 80 6 40 102 12 68 148 123 166 55 100 109 42 119 55 0 53 111 21 3 44 116 6 84 40 33 142 18 152 49 42 8 81 70 80 22 94 126 92 60 89 37 241 44 74 51 21 0 74 129 24 70 49 70 66 161 48 20 8 28 62 27 59 3 8 48 92 84 48 72 40 68 45 82 83 122 130 0 30 93
42 34 51 23 59 1 10 127 120 66 142 54 117 0 40 27 93 151 0 68 33 95 0 78 45 85 142 32 38 66 126 45 99 2 110 0 79 143 40 99 42 45 73 115 43 111 16 106 0 204 67 94 0 0 96 111 3 56 50 84 81 55 0 29 58 162 121 139 34 59 36 40 45 0 104 0 81 70 35 48 45 49 69 9 47 177 5 15 109 0 126 0 84 48 12 129 28 108 45 63 12 86 42 19 108 72 48 0 0 123 97 30 10 70 199 35 87 67 63 22 93 12 118 90 67 67 20 125 130 73 64 15 0 79 90 0 73 102 99 25 56 71 25 70 95 143 102 66 125 99 80 101 64 0 45 14 92 24 54 10 0 144 49 95 33 185 36 117 7 56 37 104 0 68 0 0 82 105 61 57 20 20 63 70 94 109 0 0 34 79 34 52 204 0 42 172 72 0 0 57 77 88 36 77 48 27 0 97 0 84 36 152 26 36 63 84 125 0 23 61 27 120 152 51 113 12 33 82 12 37 6 100 0 62 20 61 18 110 0 0 15 107 33 41 89 94 56 33 101 0 6 95 29 25 100 64
210 227 134 44 75 18 98 12 18 54 197 54 64 81 30 68 0 204 0 51 49 57 40 48 53 18 3 48 100 0 12 108 0 69 8 96 115 72 83 89 22 17 30 27 68 92 71 0 33 53 143 12 115 64 147 48 175 115 3 32 75 63 90 56 88 85 159 9 47 174 33 34 40 43 124 27 64 0 109 10 166 12 40 8 129 2 112 21 92 24 74 87 74 64 68 0 99 181 62 57 49 132 10 124 58 28 127 65 141 116 61 30 115 0 54 24 3 72 27 0 104 101 82 0 64 171 0 54 69 104 56 84 5 93 82 51 74 50 90 33 65 112 24 27 78 50 70 63 0 0 150 20 154 115 13 15 91 56 126 32 42 75 104 73 0 189 187 21 5 59 104 80 148 113 36 233 12 126 0 66 68 63 36 52 131 90 124 52 8 78 0 121 71 68 7 48 62 76 40 34 64 102 172 80 145 18 129 0 77 55 35 0 36 106 0 9 34 56 170 48 67 78 98 0 111 3 37 75 32 54 18 72 96 14 67 0 36 0 90 40 58 104 95 6 88 56 28 41 0 66 92 176 195 56 0 157
43 101 86 88 91 47 16 123 70 21 10 6 19 85 0 67 0 21 2 144 40 30 45 25 8 63 81 20 88 58 60 49 62 19 35 63 98 62 56 0 55 12 48 77 95 52 9 105 10 0 15 8 8 33 19 65 59 89 102 32 60 59 4 0 72 49 28 15 6 99 47 40 95 6 89 38 102 102 32 24 116 47 0 104 116 66 154 0 97 9 56 35 59 72 32 98 26 16 19 0 78 16 44 22 173 12 28 59 0 48 33 28 26 72 40 48 34 54 69 15 91 78 2 34 103 99 39 25 58 0 71 22 0 72 29 0 90 66 54 22 3 83 59 19 129 16 50 39 89 40 104 43 208 70 122 78 52 33 35 22 15 50 107 6 22 144 40 0 12 49 50 65 223 81 91 51 0 11 109 104 143 8 15 91 93 90 3 63 85 0 74 36 45 57 49 45 8 0 71 116 121 18 35 176 62 165 145 129 76 15 54 71 47 77 122 167 30 8 66 21 106 21 25 52 18 0 7 27 48 26 0 0 8 56 43 41 18 0 18 94 4 5 75 21 45 5 0 64 9 0 47 47 76 66 118 76
126 12 22 175 119 116 90 15 72 24 108 28 72 65 114 0 0 37 63 95 4 75 82 124 20 27 163 84 101 39 87 84 47 35 16 95 0 106 18 51 0 24 39 30 89 96 37 0 20 14 0 90 30 21 83 27 121 28 85 43 11 105 114 104 36 24 8 58 34 63 18 131 117 68 58 65 52 79 0 40 60 135 75 82 20 0 83 55 81 15 103 10 56 0 24 42 109 103 20 0 35 53 0 72 5 107 61 50 16 34 36 15 45 49 68 24 22 125 81 0 47 97 118 171 29 46 6 6 46 93 14 8 48 54 2 66 63 77 72 9 25 81 104 162 6 80 14 134 34 4 39 92 14 99 27 70 0 0 104 15 21 40 2 40 168 0 103 0 84 65 110 58 12 115 79 30 26 93 106 56 70 88 65 208 15 154 106 101 139 78 38 79 152 63 114 27 24 81 0 31 48 49 97 60 0 80 71 201 174 45 160 104 50 65 122 35 122 18 155 74 105 37 42 0 144 0 55 0 90 48 10 41 18 18 45 0 65 43 16 30 54 57 161 10 108 35 187 102 78 74 61 108 54 73 94 0
0 44 44 114 73 56 44 89 18 48 237 119 3 47 205 41 16 35 7 173 47 50 36 43 20 66 62 75 45 0 99 7 72 43 6 131 93 16 32 54 126 0 117 214 24 104 0 72 30 59 27 57 14 56 36 19 90 133 72 156 17 63 48 25 126 45 90 133 41 10 64 48 113 0 233 94 42 88 8 70 45 141 112 62 0 87 69 193 64 51 39 25 68 28 31 47 0 18 24 70 11 9 52 0 141 62 15 42 0 73 141 48 61 8 80 23 0 63 122 8 27 6 46 69 20 125 120 56 55 24 42 0 0 7 90 18 34 103 22 4 92 114 6 8 51 91 91 56 28 69 10 24 111 21 82 75 204 0 33 12 26 90 61 77 150 135 76 72 80 40 153 114 34 9 0 112 84 108 93 48 75 68 39 54 0 26 60 12 16 54 33 113 16 7 146 146 44 159 15 67 262 62 60 78 16 22 51 99 8 82 0 47 55 140 39 145 226 65 103 27 6 170 56 24 17 8 61 127 144 8 16 86 0 100 59 81 0 123 24 0 181 3 40 59 5 124 0 14 0 4 66 18 54 32 40 25
38 61 86 15 30 51 8 36 69 42 40 12 75 53 83 0 70 14 5 35 69 6 99 72 44 36 0 112 0 62 9 70 6 102 15 76 110 30 54 4 70 6 42 118 40 97 12 86 108 18 9 90 6 48 96 14 48 24 40 0 33 32 38 36 4 124 21 40 30 54 0 0 45 76 30 6 38 29 84 0 0 24 20 8 75 78 146 51 63 0 83 20 30 32 12 0 0 27 24 11 95 0 27 54 42 26 89 63 42 41 3 0 21 0 49 32 32 242 72 93 19 16 1 105 70 38 28 42 5 100 69 8 13 105 12 42 1 80 0 139 18 85 0 78 54 111 4 64 4 92 1 54 36 83 24 84 78 54 102 0 0 78 42 89 8 96 0 9 37 0 16 166 0 114 82 52 75 38 7 42 27 0 18 2 0 94 101 66 48 128 64 0 14 0 6 72 51 85 79 0 26 0 65 48 107 45 22 10 116 6 38 6 0 40 40 14 0 92 57 21 18 12 42 0 0 39 0 54 65 32 28 9 9 6 48 28 81 63 49 102 91 52 42 6 0 146 0 90 0 128 104 42 15 7 83 30
42 0 0 58 3 78 0 4 14 36 12 0 9 45 6 6 8 7 34 67 30 0 87 7 27 11 70 0 8 69 24 0 40 0 8 0 150 59 0 0 0 39 84 60 42 16 42 50 28 0 13 27 49 6 2 46 26 16 62 24 3 28 28 67 34 57 2 72 92 136 40 33 74 0 58 85 23 72 0 93 0 49 60 1 106 74 57 49 41 24 56 5 58 58 24 87 0 107 49 11 68 58 0 81 91 33 79 7 56 3 21 7 31 66 27 35 72 14 105 4 9 61 61 0 22 81 18 3 45 22 8 105 72 74 32 11 104 6 42 0 34 63 10 57 91 14 73 82 25 7 27 49 130 6 72 72 0 0 11 30 0 56 8 8 33 56 9 0 0 3 117 72 93 15 61 0 37 78 76 7 144 84 58 27 46 36 7 27 62 35 40 22 60 56 140 35 11 76 41 59 47 52 90 40 53 64 39 62 0 21 0 64 93 53 19 86 81 10 0 24 6 0 12 100 8 0 0 12 0 10 0 6 12 102 0 75 58 12 5 9 0 0 88 72 8 42 0 0 15 0 0 3 20 56 5 56
115 80 89 63 115 6 24 9 96 40 121 63 78 10 101 52 127 190 81 114 20 108 25 135 47 16 126 0 58 40 40 32 0 8 40 109 18 44 0 46 0 8 92 42 4 131 71 35 35 25 71 163 0 52 20 93 24 22 4 16 51 0 138 26 0 0 143 25 48 41 33 72 102 45 75 152 60 47 77 57 81 76 142 63 54 63 75 4 130 25 76 55 72 83 0 48 81 48 75 8 18 6 27 67 56 11 106 18 16 84 10 44 20 79 0 9 94 116 40 0 121 73 148 112 0 71 8 39 77 132 56 81 109 220 18 0 153 126 198 33 202 88 51 66 42 90 151 94 48 45 57 107 86 15 26 0 36 77 38 52 95 112 18 28 101 203 122 8 103 72 173 131 52 87 0 0 79 94 77 136 20 95 48 124 98 100 53 27 45 26 93 40 31 178 208 70 136 101 93 54 98 68 51 59 9 5 111 117 128 98 83 151 5 23 60 151 52 54 53 0 102 66 60 48 77 0 40 43 0 42 142 178 30 14 99 12 66 70 42 18 123 64 36 36 29 95 71 69 36 56 86 101 76 7 139 77
60 92 13 8 90 0 57 35 10 56 214 0 48 24 207 7 3 0 30 33 15 15 106 78 32 0 37 83 43 90 18 52 49 108 6 20 82 93 54 10 0 158 81 117 66 27 17 80 86 6 48 38 63 153 31 0 116 153 36 18 101 35 86 104 24 42 44 75 0 41 115 0 0 24 97 63 117 24 55 103 82 176 32 132 123 15 80 82 81 63 115 0 42 21 9 0 18 27 0 42 35 0 16 185 5 19 61 42 9 13 0 0 0 54 0 24 0 46 85 16 90 36 84 130 147 120 0 66 45 72 56 0 136 6 80 118 38 73 0 69 71 151 34 81 63 60 90 102 40 6 0 8 108 126 102 21 42 0 131 0 8 146 49 25 73 100 7 13 22 14 50 72 40 45 0 119 55 28 40 86 81 67 185 71 12 24 81 28 80 45 72 10 42 0 13 54 120 30 0 15 8 62 6 56 20 36 191 57 53 9 112 8 45 30 0 70 24 66 122 87 15 69 106 0 40 0 59 17 37 48 1 30 86 7 56 0 78 71 42 83 89 0 40 0 72 18 76 114 49 12 189 48 21 0 0 0
9 39 43 40 35 62 26 40 25 29 36 45 10 57 79 19 12 66 0 57 61 16 6 58 20 7 7 20 4 68 58 28 12 93 4 38 38 54 2 49 30 12 21 46 87 53 73 65 42 54 63 81 80 1 69 15 12 33 20 6 81 39 57 127 7 40 76 0 16 76 85 32 57 16 24 55 14 30 34 10 13 30 59 55 101 30 53 124 19 9 54 47 119 118 27 64 66 32 33 14 34 6 24 42 27 50 30 3 21 42 54 7 5 18 36 54 85 76 28 36 37 29 59 39 38 71 67 24 25 49 98 73 11 9 8 7 96 34 34 0 18 21 14 43 6 123 65 62 99 7 9 20 20 0 15 4 29 49 54 16 23 99 9 49 64 43 12 32 41 43 72 31 0 17 47 28 46 80 29 70 115 4 25 43 33 4 1 32 24 93 43 31 20 14 24 60 32 24 21 33 36 71 75 117 83 22 63 72 31 0 112 103 24 48 24 33 34 18 33 36 44 44 59 0 18 51 37 0 36 4 24 18 116 105 16 50 58 48 8 25 54 54 41 20 0 101 37 88 18 4 17 43 0 63 0 19
64 59 9 103 34 72 35 48 103 129 138 0 94 121 0 60 108 0 39 41 74 113 135 0 24 18 121 20 0 52 90 106 20 2 250 68 66 90 40 12 104 107 94 76 73 39 9 73 115 123 81 57 36 0 48 0 46 40 56 33 154 0 112 49 189 146 129 141 10 4 0 73 35 56 76 36 66 16 100 0 5 174 42 48 43 119 110 48 40 11 72 0 78 45 60 162 36 69 42 31 24 45 82 127 61 0 161 2 72 128 82 51 0 22 43 23 52 177 72 72 0 0 113 78 28 18 72 110 113 63 192 0 21 81 0 4 81 24 12 187 60 72 6 115 162 120 88 56 20 27 13 15 41 48 69 85 0 48 72 9 0 134 10 107 36 156 64 21 37 33 32 215 0 44 53 44 51 58 28 44 0 48 42 36 6 39 0 4 110 158 37 36 32 0 24 79 0 88 54 0 29 8 91 24 15 24 30 55 110 72 63 231 20 20 74 28 54 142 0 22 72 121 52 93 5 27 60 84 58 44 0 35 83 78 84 28 48 50 0 64 84 136 87 137 30 15 67 218 44 70 31 147 18 0 27 51
24 0 67 96 56 21 8 0 0 178 101 0 66 58 99 21 130 93 60 144 60 14 40 8 12 69 92 0 0 21 45 15 57 18 0 0 25 0 41 64 67 40 16 32 12 20 9 0 53 16 12 0 71 45 62 105 102 10 14 27 0 0 82 24 50 8 0 0 80 76 12 32 72 49 3 38 0 21 12 65 35 14 63 0 0 8 46 35 56 43 10 11 78 29 53 0 112 27 120 162 24 40 30 8 12 102 17 0 63 52 7 86 0 64 68 0 49 12 0 63 42 68 42 30 49 80 52 70 90 76 68 18 8 72 0 5 0 10 64 42 0 12 54 46 0 40 60 27 69 57 76 33 29 0 16 28 0 18 64 0 0 19 0 64 81 0 25 48 96 119 48 16 0 88 29 95 21 32 0 54 77 57 32 39 31 68 43 80 42 94 48 40 91 75 0 69 6 21 0 0 60 69 134 0 12 40 24 35 25 3 81 0 0 57 77 7 51 14 0 3 57 24 18 12 14 0 60 36 16 0 32 85 10 70 20 8 96 56 0 0 28 77 68 147 28 6 23 0 0 0 15 47 0 119 52 93
175 54 86 49 110 15 44 102 0 97 39 0 36 196 159 30 36 90 132 80 97 30 21 59 120 69 54 81 136 42 52 39 117 108 39 172 24 8 52 85 87 4 86 299 110 43 64 0 115 85 27 103 70 72 60 127 28 107 20 61 27 79 81 104 38 63 85 18 52 80 126 63 134 42 0 194 0 18 72 47 86 15 102 63 0 43 86 170 37 90 18 80 213 15 52 51 63 0 0 68 79 60 74 7 115 114 10 23 20 127 128 72 63 77 138 45 106 188 48 24 76 141 136 61 20 16 90 0 83 46 27 18 0 45 40 0 170 80 21 27 76 67 126 110 22 74 148 138 63 65 85 24 45 30 72 52 133 138 76 36 36 171 38 91 14 28 162 54 7 84 134 154 35 41 92 34 107 54 271 124 32 13 45 56 15 101 81 18 122 81 88 42 0 42 113 207 88 149 72 30 171 87 51 178 175 32 48 35 115 135 49 61 48 81 21 91 132 58 135 0 48 37 61 19 25 9 48 0 187 44 21 104 0 69 42 82 12 55 162 36 255 31 107 18 0 27 18 57 94 0 57 90 171 48 110 5
81 9 50 8 65 56 97 82 93 8 172 0 30 0 87 60 0 102 57 9 14 95 72 5 48 29 49 0 14 63 43 95 3 77 32 71 127 72 87 67 77 63 104 0 126 54 57 0 81 93 98 33 95 17 89 23 99 64 36 79 52 52 105 47 119 63 44 21 72 60 83 85 134 0 189 39 66 64 9 40 125 107 9 72 189 15 84 49 68 28 84 80 63 0 28 7 32 79 6 13 0 49 54 161 0 166 62 49 42 7 42 42 22 68 82 0 42 5 32 8 67 69 42 120 108 56 136 25 78 49 142 29 1 83 119 9 65 76 24 30 62 55 175 149 24 50 174 30 63 62 108 1 89 8 154 123 18 56 48 32 92 45 85 127 127 144 166 73 88 7 75 71 0 65 54 110 59 116 0 27 98 20 119 91 12 0 45 76 193 143 190 63 71 12 21 16 156 152 40 11 193 79 185 265 30 9 75 216 20 125 63 123 62 81 79 137 30 50 64 46 0 44 160 139 0 59 28 126 158 23 33 52 89 122 27 108 60 52 110 39 12 0 129 51 57 0 117 72 42 18 81 82 125 63 36 123
117 86 76 15 84 79 52 119 21 133 84 28 60 73 184 57 7 77 35 121 28 99 76 53 138 84 130 2 16 143 111 96 40 131 8 30 21 22 72 56 63 52 85 14 52 104 22 4 70 3 32 78 106 83 37 16 44 69 95 5 62 4 17 1 90 74 91 45 67 33 45 27 90 17 78 37 42 9 0 109 96 32 16 0 155 1 0 18 34 89 6 8 104 66 25 0 28 8 29 24 81 24 28 49 57 154 2 66 64 66 100 3 24 8 6 72 43 26 28 0 132 133 12 126 25 45 40 73 92 92 0 89 2 37 0 49 140 43 122 70 121 0 24 96 5 40 28 46 114 87 27 188 93 39 32 153 49 63 71 0 7 73 47 104 18 128 40 56 56 44 102 97 0 164 35 143 54 6 92 0 192 29 21 11 0 161 0 55 106 48 12 56 114 4 53 90 89 26 0 5 37 38 26 84 67 63 19 0 70 64 106 84 86 0 77 157 71 14 69 56 0 30 132 44 108 0 10 30 63 100 21 155 8 62 14 0 9 2 49 35 58 42 137 196 124 8 132 16 27 0 96 13 98 34 77 25
45 145 34 4 124 63 3 12 63 38 117 42 20 19 117 156 99 25 27 37 48 134 53 20 38 10 79 27 7 77 16 135 183 30 105 131 86 121 37 106 38 94 56 96 6 91 46 45 10 82 14 66 96 35 48 46 210 96 29 0 26 50 114 68 108 66 38 95 43 81 40 9 24 16 146 154 48 66 63 45 76 24 60 38 130 110 143 50 111 107 52 53 52 129 5 134 66 34 122 12 65 131 0 49 7 32 171 110 8 43 62 0 88 0 120 16 65 58 160 35 16 48 54 144 100 68 122 58 92 0 38 39 36 44 78 83 95 158 101 125 16 0 50 187 103 32 127 94 2 70 108 0 126 93 12 47 42 27 92 0 114 40 1 20 76 160 109 100 28 0 50 14 36 84 105 20 271 28 8 78 120 78 0 24 95 50 93 12 65 79 48 75 6 90 128 90 133 13 61 120 68 84 80 79 38 55 191 221 36 27 83 20 117 68 20 219 48 0 21 35 29 77 16 28 61 17 35 57 72 80 89 108 66 40 25 101 52 68 78 57 185 18 146 49 72 88 50 158 84 8 93 12 52 30 35 69
14 96 74 184 118 40 48 36 66 21 58 54 77 153 74 48 12 114 32 37 0 56 40 62 22 7 75 72 28 43 258 81 40 54 24 195 121 2 30 48 48 0 24 107 85 75 27 92 80 14 81 74 21 14 24 22 81 50 34 104 93 129 70 87 81 0 195 0 0 64 56 24 57 0 70 88 34 27 2 72 21 75 36 57 72 30 0 71 21 70 56 72 55 101 58 30 0 36 80 71 143 12 92 36 22 84 136 28 178 6 78 6 7 14 0 49 26 97 108 0 42 115 18 22 40 270 68 64 130 30 121 0 78 126 0 54 18 32 58 44 56 85 48 31 179 81 0 57 80 68 9 0 72 56 146 143 64 6 48 37 18 62 82 66 0 45 42 0 9 149 62 80 96 118 6 96 34 30 106 6 76 32 10 26 50 74 49 131 90 137 38 0 70 92 92 0 64 2 0 0 144 0 109 50 0 82 32 8 86 93 105 123 0 52 93 74 36 18 147 127 96 36 20 0 0 127 15 18 66 7 18 98 123 170 0 12 100 30 48 0 51 74 40 91 68 123 48 62 0 0 22 102 6 0 73 24
124 26 0 62 14 56 18 0 99 155 185 45 34 45 111 76 68 32 76 81 76 70 9 0 72 9 14 52 44 52 54 189 89 92 5 44 144 159 48 18 63 38 92 136 1 52 37 48 115 30 15 63 45 0 48 135 48 71 0 146 45 4 45 34 36 54 42 41 28 46 39 84 11 132 241 18 88 33 10 36 91 90 110 112 81 126 6 4 135 21 119 3 0 65 66 65 78 120 84 156 36 76 64 18 112 164 130 99 74 15 28 105 31 23 86 61 10 62 147 99 62 1 110 133 68 164 81 45 118 139 131 58 33 91 3 0 4 140 69 0 77 24 37 0 150 12 0 55 229 29 35 108 203 98 117 179 93 81 88 0 0 24 11 47 48 42 67 63 18 69 57 178 116 160 55 124 1 31 143 6 120 35 73 92 84 0 0 84 56 168 5 54 110 72 14 0 123 57 0 30 98 121 30 56 14 2 120 35 55 86 151 32 57 84 108 183 124 78 188 36 4 33 0 21 182 15 27 50 21 52 45 64 73 123 54 33 4 124 37 5 50 92 29 69 84 81 92 65 50 87 78 62 88 119 27 99
0 63 0 24 28 4 3 30 67 37 101 0 4 84 15 57 0 24 35 54 46 83 12 82 2 6 21 47 37 56 30 0 36 36 50 43 48 0 46 78 36 47 42 65 18 12 0 24 44 0 21 56 0 155 7 54 36 8 42 0 24 33 124 7 37 0 23 0 0 66 30 93 0 32 59 69 25 71 37 0 82 12 0 70 72 5 8 16 35 0 142 67 28 32 0 58 48 4 18 24 21 35 18 126 7 56 88 3 7 2 3 0 16 42 0 32 7 30 32 28 0 47 18 76 98 127 30 67 32 0 24 55 20 45 2 36 60 89 86 45 30 13 7 205 16 55 21 152 0 15 5 0 36 52 60 63 24 10 80 0 1 84 60 30 48 6 50 43 4 41 114 74 58 32 0 59 154 6 27 68 6 34 35 0 96 56 41 23 187 79 73 21 22 9 61 162 72 61 0 63 0 1 0 41 8 45 20 95 42 4 0 0 0 97 33 0 49 108 11 63 63 21 37 41 0 0 44 8 0 56 18 0 0 5 8 12 72 64 139 44 32 18 49 6 0 0 102 76 0 0 32 0 9 0 30 0
42 0 57 99 131 76 57 70 73 166 123 127 95 20 79 77 48 127 3 60 21 1 21 22 25 14 82 54 12 20 129 127 21 107 76 55 35 82 30 104 148 47 53 38 138 58 60 7 67 136 124 18 105 65 123 66 67 117 132 34 63 100 14 72 30 12 135 87 7 14 116 41 10 0 8 116 92 80 10 65 58 26 81 7 18 42 8 0 0 27 6 120 45 41 0 85 45 60 43 52 62 44 110 52 42 75 116 46 102 109 34 48 14 85 79 44 0 7 191 16 125 41 49 0 48 112 36 71 48 72 0 12 5 48 54 32 27 22 102 114 16 24 50 6 16 6 36 0 105 9 35 58 0 43 89 30 91 21 53 40 64 83 62 40 21 112 42 42 5 35 131 56 104 61 0 72 83 10 123 81 30 73 81 61 35 78 14 48 206 60 32 69 64 63 96 64 20 138 135 55 113 24 175 52 122 36 81 0 42 42 129 124 103 111 18 59 105 86 52 62 52 63 128 67 0 108 79 66 112 56 80 118 51 50 147 125 14 36 0 42 12 59 111 24 2 116 106 44 14 0 0 56 70 0 65 37
90 30 65 18 62 76 0 26 63 84 30 0 14 65 39 117 0 93 43 18 7 60 137 30 70 49 26 0 41 64 50 27 69 45 5 56 11 77 9 2 8 48 29 49 20 56 0 27 108 40 48 9 45 28 32 18 33 8 4 31 32 76 101 61 72 67 21 63 102 24 25 0 158 0 36 81 48 72 6 45 0 25 93 0 138 47 49 64 80 0 65 0 33 8 0 5 77 0 30 36 114 0 16 35 11 113 33 74 48 33 81 35 0 29 50 0 12 31 38 73 155 72 81 146 40 3 54 28 19 66 0 12 0 55 0 58 40 66 0 85 12 28 27 13 0 24 37 15 0 0 129 122 67 58 40 127 102 92 160 24 63 30 36 30 92 0 84 24 93 40 13 42 50 8 48 36 105 4 77 0 4 13 44 22 102 28 3 51 50 27 64 0 74 12 24 68 0 45 0 21 7 123 16 113 68 73 68 12 38 70 22 64 25 16 89 50 21 27 93 10 24 44 32 32 0 24 143 0 42 45 0 65 16 0 0 85 0 56 51 30 9 0 80 0 27 11 6 72 20 0 48 6 18 77 30 75
0 37 99 35 90 54 18 12 73 60 36 0 0 184 202 40 69 7 27 85 35 26 88 4 83 76 208 90 94 70 8 117 89 57 4 0 0 54 15 59 30 28 12 64 46 112 46 115 0 25 90 97 165 11 140 96 137 143 8 202 82 130 65 12 19 81 54 59 24 0 108 87 56 0 74 239 0 43 0 56 69 30 126 110 146 5 22 103 98 0 55 39 54 0 48 79 135 54 6 20 125 7 81 54 140 88 135 2 72 83 125 15 31 75 84 8 63 160 156 63 24 84 111 88 21 85 88 90 11 45 46 10 145 24 49 10 12 40 93 90 27 60 77 16 17 135 111 74 147 43 28 105 75 58 84 186 115 0 4 2 0 12 80 14 103 62 98 54 34 63 68 0 14 65 65 12 54 0 52 65 94 0 71 72 108 19 12 92 16 50 142 130 81 15 170 90 56 64 15 63 91 81 93 234 16 17 90 108 143 63 61 50 24 81 57 61 127 78 0 9 28 37 12 35 34 24 35 49 6 41 50 52 28 20 65 27 42 124 65 21 137 17 65 129 66 159 24 18 0 31 134 107 21 68 0 9
161 65 45 94 77 35 0 24 57 0 127 99 40 58 112 83 59 0 21 80 39 94 20 5 6 27 92 0 24 78 75 120 5 40 0 156 32 18 69 63 0 23 5 30 51 78 12 36 73 78 5 111 34 15 96 56 60 96 15 70 46 21 110 33 114 0 44 54 5 137 45 20 68 23 232 20 144 87 81 28 52 21 0 34 45 61 0 122 163 25 44 0 27 38 18 0 21 68 42 30 0 16 0 0 5 8 169 12 35 36 82 9 85 47 18 21 28 163 14 9 86 78 167 184 140 94 0 0 92 58 74 131 70 48 67 15 79 34 43 0 204 91 40 129 14 57 24 35 85 78 122 57 134 7 50 88 18 74 35 28 34 16 39 36 20 143 27 27 28 34 114 145 64 80 38 73 171 12 72 57 72 44 86 20 43 94 65 0 33 80 12 33 71 43 183 102 20 70 55 107 127 57 122 47 0 0 90 178 60 56 40 12 16 114 74 142 36 21 103 12 32 78 42 0 100 25 36 18 144 43 45 32 56 66 9 102 0 21 42 28 43 4 130 46 42 25 21 55 69 123 103 18 100 51 3 57
85 62 139 152 65 56 21 89 89 107 40 73 8 222 72 185 71 61 59 59 54 93 9 53 68 96 109 36 45 68 77 78 8 12 101 60 18 4 6 75 14 48 56 106 52 35 83 40 31 69 6 8 163 56 125 81 19 197 59 16 100 70 121 28 125 8 61 138 102 90 135 94 224 48 33 247 32 95 22 109 62 9 64 76 66 50 26 133 80 16 102 17 130 74 12 68 92 94 75 10 145 95 0 124 60 0 2 38 109 168 84 23 12 0 62 30 78 125 107 2 65 28 88 110 0 107 59 56 86 145 0 56 78 61 10 6 34 57 30 37 120 143 81 75 18 120 82 70 102 7 10 12 12 189 83 135 231 110 73 90 64 86 80 85 160 109 86 21 83 25 102 69 143 106 79 88 67 12 125 4 18 7 51 107 148 0 50 51 16 89 42 12 58 61 153 154 16 96 61 42 159 151 65 103 128 108 113 150 170 96 36 30 19 74 16 189 122 102 13 42 114 77 59 161 66 55 0 31 61 98 50 149 7 80 64 128 8 113 154 28 222 127 149 186 56 108 32 15 30 7 8 78 28 112 28 75
72 77 6 8 0 16 0 42 108 54 198 0 72 0 48 78 76 0 0 35 0 28 16 35 91 12 63 107 88 0 72 32 117 0 78 7 134 80 77 54 14 0 0 81 153 63 16 64 36 54 4 48 56 86 104 122 0 20 0 96 0 35 16 0 122 0 24 0 28 40 21 71 0 20 158 54 56 6 70 39 93 74 112 72 48 110 120 90 35 48 72 0 92 89 0 69 28 24 42 135 12 70 48 18 92 0 0 28 0 68 80 12 0 104 136 0 48 30 56 8 64 80 68 18 24 12 64 90 106 118 0 24 42 14 82 14 208 42 56 27 8 88 12 21 115 0 112 21 16 131 56 35 54 14 36 32 120 64 0 0 42 143 36 72 72 90 52 63 55 86 45 72 6 36 7 128 0 24 36 72 85 56 152 60 0 74 12 32 16 67 56 42 36 0 42 110 116 0 0 0 249 151 0 123 0 0 86 30 18 24 0 54 55 36 36 92 137 0 131 36 14 42 63 14 32 0 0 16 44 0 12 36 28 7 96 12 0 64 14 45 81 30 69 0 57 0 0 0 0 28 119 76 26 12 52 4
69 36 74 102 46 24 96 97 45 84 165 0 191 244 87 139 15 90 219 102 0 58 86 41 161 167 63 81 99 65 149 76 36 81 56 35 31 10 53 34 127 45 6 31 24 18 9 40 63 66 67 85 86 140 28 159 30 164 95 51 105 54 198 65 91 15 135 0 28 49 107 39 50 90 85 19 53 54 4 10 132 99 20 36 89 147 35 0 12 49 0 35 29 26 0 36 257 84 74 179 83 4 64 56 160 35 9 54 128 64 64 74 4 77 94 0 62 18 226 54 59 57 129 165 114 9 63 6 40 85 35 29 56 132 28 81 77 56 32 21 71 184 165 131 10 119 76 71 0 38 110 29 24 21 96 128 139 21 80 45 12 43 58 10 56 136 24 0 21 15 67 66 36 151 63 71 18 22 12 156 28 40 43 6 34 123 51 103 80 42 6 19 49 51 9 44 10 7 81 8 187 28 43 6 25 119 49 137 96 169 80 31 39 5 1 47 107 117 118 15 6 43 12 6 71 63 108 47 18 116 57 3 42 48 135 15 9 103 45 66 38 0 45 65 125 76 1 0 36 42 41 60 35 36 78 43
102 34 76 57 115 38 0 81 129 111 65 2 65 126 136 64 84 4 56 8 0 173 18 53 20 62 56 72 0 38 78 139 34 8 97 28 35 56 48 55 30 40 72 18 107 63 12 36 57 93 4 93 68 42 74 24 63 4 12 0 23 28 8 28 124 72 56 75 0 98 47 128 43 7 63 18 64 56 55 0 38 232 0 0 27 75 27 30 72 42 28 0 153 0 68 0 16 56 12 27 81 16 24 31 0 56 1 48 16 92 102 48 65 0 48 135 36 90 75 0 52 48 47 84 0 152 114 103 116 112 48 134 24 73 75 6 63 53 12 0 78 40 36 69 50 4 4 12 0 21 78 0 102 32 103 62 0 140 0 9 0 105 13 100 28 115 36 0 57 8 153 92 40 65 12 52 18 54 9 79 120 8 88 55 0 93 2 36 154 41 24 87 0 75 68 30 88 37 83 87 235 0 38 203 97 62 12 97 94 80 0 136 0 8 72 160 50 66 27 14 88 34 0 51 28 18 48 78 34 52 0 24 0 21 12 65 24 15 0 32 75 42 140 75 70 63 28 12 27 30 0 68 14 63 4 61
82 23 111 20 41 53 32 93 133 116 93 0 196 70 74 102 100 71 7 195 78 49 17 30 42 0 0 0 0 56 42 6 87 37 39 40 42 52 14 77 113 87 68 52 9 91 44 18 79 69 12 57 75 62 35 126 52 72 0 45 44 30 79 67 49 140 24 35 36 99 42 48 5 85 80 78 20 72 13 91 0 28 99 55 100 55 12 128 99 41 19 39 102 83 16 0 48 69 73 102 94 0 0 129 54 91 132 150 68 30 54 89 7 130 157 58 0 16 65 118 106 54 133 131 97 57 0 102 127 65 12 16 74 97 0 0 35 74 127 46 109 82 12 14 0 0 29 12 27 66 58 20 64 85 133 77 149 0 58 56 117 80 32 64 85 111 82 10 67 35 116 44 35 52 25 16 63 0 77 42 65 66 138 18 62 24 0 88 128 124 36 45 73 146 53 33 81 51 51 12 133 164 87 12 24 22 85 21 12 84 84 18 0 63 74 16 26 53 0 9 12 143 107 56 49 75 85 29 14 62 77 72 0 169 0 35 77 150 8 60 31 12 24 66 18 60 71 83 0 0 42 48 72 122 22 83
43 26 139 105 66 18 126 89 10 40 102 10 27 66 45 44 0 6 0 34 4 39 56 6 151 60 81 56 126 97 64 108 50 117 0 26 81 25 90 30 90 6 0 142 160 202 0 98 37 0 81 150 70 19 44 16 86 48 22 160 93 30 72 36 11 90 57 82 59 0 127 58 68 10 189 118 84 156 37 28 33 6 101 35 178 140 72 43 16 50 0 44 26 169 86 0 48 103 22 12 93 0 80 76 15 42 56 63 48 57 117 51 42 37 28 7 82 179 104 122 22 12 42 104 8 37 141 42 67 6 42 19 0 18 21 72 198 0 63 53 0 13 68 80 24 93 101 58 72 25 70 20 55 87 203 160 84 85 0 80 6 60 27 21 8 135 20 77 51 30 33 16 9 147 81 48 141 95 36 27 56 161 1 149 53 54 88 67 6 39 99 114 6 142 77 86 48 49 0 0 179 27 34 198 40 17 130 111 80 0 56 85 58 122 8 54 88 46 135 72 66 52 150 40 126 11 21 28 72 72 0 27 18 53 94 69 32 0 144 84 85 67 156 117 123 74 2 0 0 24 65 68 53 80 139 33
156 71 28 48 18 4 84 195 12 28 104 12 195 51 135 84 0 171 129 18 94 21 1 11 23 128 9 17 35 42 106 0 42 9 0 103 28 82 52 72 24 0 74 81 3 26 12 154 100 16 27 63 98 65 87 38 28 9 16 12 0 17 0 4 39 20 54 49 41 143 48 4 56 0 0 67 54 12 64 54 63 59 24 48 0 6 37 84 56 73 85 136 72 55 54 35 0 119 89 42 23 30 30 54 5 66 75 53 119 48 74 0 29 4 48 0 80 109 38 24 36 3 6 78 142 105 66 85 180 130 77 0 49 0 83 45 92 91 0 52 52 214 62 0 38 111 141 149 82 203 2 84 0 109 31 246 61 87 32 100 0 81 24 141 107 66 27 162 77 0 15 5 107 245 7 91 68 68 14 118 31 77 54 0 63 79 89 0 80 42 32 29 228 0 0 150 0 0 16 89 0 36 20 0 98 75 24 128 55 24 34 11 4 57 48 69 122 16 74 63 16 60 72 9 57 52 42 63 36 8 28 128 68 0 0 52 0 2 0 54 16 52 102 10 63 83 117 0 103 44 44 0 52 0 84 36
50 46 42 85 92 10 2 18 42 20 58 0 18 50 118 91 46 48 141 41 27 49 166 119 10 2 45 48 16 131 114 38 67 83 43 77 4 76 21 75 40 30 146 42 14 49 53 0 129 14 9 0 47 59 47 95 80 23 21 78 9 88 105 2 86 80 12 49 33 140 63 27 84 3 54 30 106 25 16 52 27 118 14 59 86 42 93 51 80 78 3 117 0 108 51 48 9 93 80 9 187 21 52 208 21 4 76 38 7 29 20 0 21 95 40 9 9 54 22 6 48 0 114 143 51 105 16 23 102 40 21 81 12 43 28 33 67 90 87 79 113 84 66 132 3 0 38 28 71 31 54 94 31 81 15 139 124 0 24 28 30 103 19 25 4 71 50 0 87 27 36 9 99 0 21 34 56 25 85 10 37 114 63 16 63 0 12 15 156 38 15 97 80 61 18 18 18 83 114 11 104 39 68 38 54 60 12 108 40 10 64 87 0 79 62 78 73 64 146 65 45 118 9 73 22 91 3 4 132 48 216 25 6 6 24 103 40 42 35 27 40 50 26 154 12 64 47 77 15 97 46 2 92 57 28 48
0 6 90 24 77 0 0 7 24 60 51 0 32 50 72 106 93 0 67 89 0 59 71 45 88 101 18 45 63 31 6 38 64 80 76 0 0 21 8 0 0 89 42 20 24 0 0 32 16 34 97 0 52 69 80 119 29 90 5 0 102 45 91 0 0 56 64 27 82 87 45 9 201 0 0 72 54 96 0 101 81 90 128 28 142 16 122 0 81 54 61 9 0 45 40 0 56 172 0 96 102 40 20 64 0 25 0 30 16 54 95 49 34 47 73 82 0 44 80 18 0 0 132 132 169 16 29 0 117 28 36 75 16 48 26 12 72 125 104 0 0 26 0 9 20 96 105 73 64 12 40 164 21 3 72 144 18 6 36 0 16 77 75 21 35 32 57 0 9 100 115 89 0 110 37 0 16 0 64 45 16 72 52 36 58 84 42 24 128 63 56 21 38 92 0 0 114 137 36 127 176 57 64 96 16 40 0 146 31 104 128 24 44 0 48 159 0 146 228 91 45 105 24 48 56 21 20 24 7 56 6 96 0 49 0 0 0 90 28 37 87 54 135 117 27 136 60 38 50 24 35 10 222 18 84 121
108 53 190 29 59 71 0 13 81 112 91 63 65 72 77 20 137 86 0 99 18 110 62 27 85 112 28 9 85 117 49 45 54 42 10 94 8 57 0 68 153 94 51 78 72 71 31 20 0 92 33 147 240 60 72 95 21 14 145 63 94 43 117 62 157 63 8 36 52 20 176 78 60 43 41 64 118 127 30 76 105 18 56 11 228 99 26 29 64 144 65 44 112 117 21 101 107 2 71 59 112 86 12 141 54 113 123 177 142 43 104 7 30 127 56 27 0 43 86 18 97 59 48 143 66 48 91 54 37 49 55 178 44 100 67 18 40 121 0 40 81 130 18 34 5 45 84 12 142 44 0 91 48 55 54 175 85 32 57 0 22 95 45 65 61 56 50 24 248 19 28 103 15 81 49 124 30 47 74 144 100 18 36 48 113 35 48 83 36 27 100 36 53 183 56 32 128 107 0 58 36 59 60 8 7 19 125 0 69 85 0 18 96 40 104 0 129 0 84 23 0 82 52 35 28 8 0 42 122 89 23 52 102 132 81 30 76 10 126 24 57 62 151 151 40 66 28 15 0 72 0 80 145 91 49 40
124 69 63 214 190 115 0 12 43 201 234 48 110 248 177 122 42 52 66 121 38 24 67 47 171 99 74 45 202 6 95 153 63 16 0 116 95 0 72 65 112 105 68 169 37 114 34 168 172 7 47 81 50 190 74 79 211 170 74 218 65 121 73 89 116 112 72 74 94 182 97 91 101 115 76 109 100 105 88 91 168 71 73 60 157 63 25 62 158 176 56 17 75 0 104 37 126 41 108 94 0 16 69 39 71 212 207 78 158 48 142 112 75 49 7 11 68 189 197 149 45 87 127 123 146 45 34 31 61 108 123 101 45 114 100 51 117 123 77 38 154 265 209 136 69 146 63 91 113 20 68 86 126 199 64 123 214 102 220 17 15 74 272 115 79 37 16 85 56 172 108 185 134 59 208 246 117 26 147 159 0 64 115 105 45 75 106 75 30 278 122 123 155 155 127 56 162 149 100 60 142 61 205 207 109 115 110 69 152 106 52 44 39 103 215 46 189 221 159 21 53 75 7 28 76 49 0 133 124 74 20 142 44 90 172 13 5 55 114 49 130 97 111 135 89 52 60 103 180 32 125 56 72 77 174 92
47 58 64 90 111 88 41 4 76 36 96 20 18 135 184 80 20 10 82 82 62 48 42 206 42 62 49 87 12 14 109 67 52 44 42 76 20 61 8 36 96 47 58 43 22 141 20 28 24 6 63 109 141 95 103 72 18 129 28 125 57 114 88 42 70 72 8 12 41 0 88 114 46 67 117 117 73 27 3 45 60 129 0 18 32 42 77 27 147 90 75 50 57 56 8 22 24 0 0 46 33 54 112 99 12 0 56 0 24 43 57 28 9 32 0 28 32 80 131 36 18 86 115 36 96 88 15 45 62 84 20 52 53 170 0 0 36 12 277 59 72 100 26 176 0 96 68 0 52 7 0 92 53 45 6 56 296 24 11 38 54 91 9 4 108 47 36 24 99 26 0 63 72 27 10 0 61 90 70 45 18 48 30 54 80 6 8 64 16 54 60 48 28 229 143 63 4 81 0 6 70 32 27 56 0 36 68 265 118 77 63 81 89 62 0 63 40 76 62 56 97 64 64 27 0 12 27 18 30 16 73 154 24 15 55 24 28 49 95 131 24 73 60 103 46 137 95 25 24 60 36 125 54 0 76 52
72 34 51 85 12 96 69 48 175 96 188 14 0 33 67 99 8 27 18 59 34 116 14 51 45 0 105 13 52 28 66 81 20 0 35 0 47 40 30 127 30 31 55 37 72 0 38 40 42 0 59 30 56 4 149 24 113 0 53 105 33 59 46 0 140 29 5 51 51 50 55 97 19 25 151 45 61 85 0 54 123 73 20 53 32 85 51 29 21 0 31 38 21 0 0 45 40 69 15 56 13 59 32 68 56 104 123 49 2 16 133 0 28 77 114 16 3 65 18 56 67 119 100 79 40 36 0 33 55 101 20 69 34 33 80 20 72 35 49 39 102 16 92 110 49 8 9 69 0 8 42 8 24 45 50 46 46 96 26 0 45 126 48 78 74 45 64 20 58 8 48 71 87 12 20 106 93 33 12 69 90 39 175 45 42 81 76 12 190 59 60 13 10 53 0 40 116 101 49 63 126 73 139 44 24 65 55 61 0 55 88 0 0 116 50 0 131 63 31 15 36 43 24 36 45 61 30 14 108 69 62 6 10 39 0 41 0 51 0 0 28 10 46 9 55 54 101 0 0 0 42 32 36 69 51 48
12 40 14 6 0 62 15 28 83 88 0 54 21 54 90 20 23 5 2 54 77 5 31 36 44 61 3 24 8 1 85 31 24 52 10 82 39 113 18 29 78 12 35 60 53 61 9 0 74 88 46 54 83 30 46 36 46 85 60 38 36 66 48 10 71 45 40 49 50 23 98 94 63 39 59 98 96 12 49 52 7 0 118 47 20 0 63 119 173 21 106 15 21 20 32 40 40 98 12 45 39 14 39 12 60 18 36 97 20 2 66 57 77 12 61 78 0 107 18 54 16 36 118 28 36 72 60 54 63 63 32 7 0 76 2 81 6 96 106 25 12 16 74 55 13 93 29 42 44 21 85 64 21 69 47 72 84 6 6 0 57 6 60 48 83 74 42 40 92 12 162 245 51 120 28 20 17 0 66 8 0 4 0 99 23 0 21 21 0 126 6 8 74 90 127 48 0 106 0 6 130 60 74 69 21 0 93 82 42 39 56 126 24 112 0 69 67 108 72 0 4 52 32 41 12 23 97 47 89 0 12 3 109 60 86 45 8 74 86 114 123 11 45 36 0 21 95 20 6 32 6 42 43 78 0 69
52 0 30 77 65 63 171 90 29 122 134 76 64 108 17 56 8 44 36 55 110 2 89 80 73 41 115 125 32 60 0 93 56 43 28 131 42 32 10 56 106 93 146 29 55 48 48 67 57 0 77 145 107 94 83 63 55 106 28 27 63 65 141 112 59 66 0 0 67 8 102 52 171 96 57 80 107 21 3 78 58 6 68 125 92 54 132 126 141 6 123 0 99 43 58 36 0 57 17 130 58 6 90 6 80 86 131 29 99 98 0 58 5 156 0 0 7 49 30 21 0 48 94 24 182 54 57 48 114 8 31 64 0 82 5 81 64 3 132 59 113 217 118 45 147 31 181 75 113 70 0 69 27 133 53 99 29 2 131 36 0 96 0 68 48 87 65 10 20 30 94 111 85 46 112 52 33 36 0 11 61 100 85 40 53 32 56 59 59 56 108 12 99 117 9 78 76 133 15 24 137 56 45 16 0 0 190 94 89 205 109 100 48 30 35 121 57 20 124 35 40 0 40 44 12 24 90 34 107 80 8 54 54 106 6 39 28 8 131 173 14 47 119 70 60 44 120 24 83 0 18 145 16 0 84 87
68 24 24 35 45 56 124 4 155 107 128 64 115 41 170 59 56 52 5 4 16 0 10 52 64 62 17 54 12 36 8 162 42 79 86 32 27 191 81 0 48 51 47 27 55 62 19 13 81 63 47 93 98 14 71 5 88 63 0 0 77 0 75 25 131 0 36 11 46 27 81 16 86 0 126 86 31 59 1 124 56 120 101 8 0 95 26 15 61 3 98 9 0 50 0 0 0 131 46 9 94 54 62 120 6 93 3 12 88 85 14 54 31 16 213 0 9 73 13 0 112 99 49 127 86 108 8 68 86 69 8 45 8 77 20 93 71 66 58 91 20 23 70 81 99 41 25 84 202 40 14 0 108 60 2 10 22 10 22 0 1 98 3 69 42 35 56 64 10 49 8 1 0 158 0 73 67 4 137 36 7 43 28 70 24 0 115 72 48 0 40 8 64 25 80 5 18 82 56 0 37 25 76 42 42 69 58 108 100 12 163 151 87 27 66 124 106 42 78 95 0 54 42 77 92 0 36 79 100 18 7 45 42 63 0 64 44 8 114 56 48 81 167 35 175 21 170 19 32 2 0 98 14 18 38 0
0 88 91 51 113 64 47 3 98 15 72 72 0 41 88 45 50 53 82 11 21 35 81 85 119 146 96 53 83 0 24 47 74 32 6 42 114 56 22 8 48 0 72 51 27 208 24 46 59 13 6 129 80 34 68 8 30 43 68 167 33 147 86 0 46 106 20 112 32 54 38 53 18 8 193 166 126 2 6 23 51 38 48 79 51 142 0 79 87 0 7 9 45 71 18 30 80 104 0 54 69 18 81 0 41 40 81 36 16 114 33 36 116 0 0 114 5 135 84 12 8 144 226 80 92 184 30 63 75 8 0 44 16 109 12 15 94 46 112 0 81 42 98 77 41 79 114 52 123 83 48 45 9 99 54 18 72 45 45 16 3 106 72 33 24 26 22 151 57 59 142 0 86 0 121 56 38 66 140 0 9 112 10 0 48 76 98 12 72 35 4 40 18 171 44 68 76 46 5 36 65 43 72 153 44 119 22 189 12 28 64 101 93 76 0 152 133 112 84 0 24 66 28 0 114 13 51 27 45 0 12 111 0 32 0 24 0 34 29 68 57 0 231 55 118 34 69 30 24 32 78 10 37 54 51 21
111 140 103 52 0 60 90 102 79 24 54 45 36 45 47 76 81 83 141 157 23 48 113 12 62 120 81 87 50 50 58 140 28 95 88 171 0 72 0 0 111 54 3 63 54 48 0 43 50 64 6 135 86 98 123 28 27 123 6 66 128 95 317 18 84 45 79 116 56 40 18 72 128 0 115 151 143 67 135 31 18 6 9 23 99 15 104 80 168 39 38 40 104 112 5 108 125 33 0 133 125 54 70 0 106 42 138 18 44 72 45 71 53 72 55 19 92 123 12 35 40 60 53 48 30 152 45 45 136 36 6 74 59 85 0 3 91 0 91 66 150 151 39 24 98 68 90 212 18 52 66 20 59 102 33 121 79 120 112 139 99 57 55 124 141 111 84 10 66 58 155 87 74 225 35 48 2 31 28 18 54 18 30 45 103 182 30 30 44 3 67 30 45 117 189 54 79 19 0 5 182 112 95 59 6 108 159 99 93 3 52 50 18 0 33 125 36 0 15 37 84 201 10 0 57 36 64 0 145 148 80 155 12 30 32 63 20 0 66 35 81 53 70 156 49 99 51 107 72 134 18 37 18 74 137 86
