4415 4938 4623 4548 4692 4393 4690 4660 4859 4276 4314 5006 4748 4493 4637 4909 5101 5112 4440 4489 4373 4503 4417 4793 5038 4324 4497 4890 5043 4182 4638 4859 4876 4400 4585 5010 4219 4603 4534 4447 5015 5152 4677 4473 4675 4961 4223 4785 4522 4594 4573 4523 4509 4735 4965 4681 4756 5181 4942 4888 4378 4835 4935 4850 4511 4665 4765 5295 4882 4249 4711 4648 4763 4425 4910 4822 4517 4053 4749 5225 4367 4839 4621 5024 4618 5050 4516 4389 4583 4158 4745 4360 4646 4664 4690 5139 4409 5013 4653 4796 4355 4815 4568 4651 4761 4772 4661 4652 4918 4441 4659 4622 5052 4477 4552 4914 4684 4892 4916 4513 4257 4347 4993 4249 4658 4533 4708 4711 4662 4713 4953 4527 4893 4495 4708 4646 4575 4464 4678 4801 4972 4762 4640 4796 4400 4855 4904 5060 4638 4969 4466 4377 4637 4962 4223 4731 4466 4793 4695 4715 4836 4567 4327 4666 4570 4527 4517 4532 4893 4808 4847 4749 4178 4706 4576 4609 5043 4151 4577 4961 4663 4901 4744 4909 4607 4697 4755 4377 5264 4825 4857 4580 4167 4629 4516 4932 4675 4498 4537 4650 4436 4327 5011 5047 4469 4742 4424 4883 4415 4634 4347 4870 4419 4720 4620 4597 4834 4935 4566 4775 4742 4812 4512 4957 4813 4785 4306 4843 4507 4682 4976 4643 4913 4711 4607 4670 4839 4563 4454 4879 5007 4321 4731 4903 4379 4825 5099 4916 4552 4836 4419 4585 4802 4458 4823 5074
4743 5630 5011 5266 4950 5037 4859 4901 5051 4684 4879 5196 5300 4599 5171 5188 5256 5414 5093 4611 4644 4842 4913 5237 5405 4730 4925 5320 5138 4995 4995 4948 5190 4640 4916 5763 4480 4979 4835 4864 5178 5260 5276 4789 5095 5220 5006 5211 4711 5202 5243 4936 4683 4853 4878 5208 5074 5217 5072 5328 5036 5314 5425 5250 4906 4964 4985 5614 5143 4620 5293 5206 5172 4654 4810 5256 5185 4794 5052 5330 4771 5240 5182 5394 5093 5355 4492 4961 4851 4419 4896 4753 4566 4916 5119 5315 4878 5752 4967 5062 5085 5072 5285 5109 5082 5103 5210 5369 5153 4810 4692 5045 4989 4643 4993 5010 5071 5024 5323 4978 4704 4966 5272 4893 5179 4801 5037 5278 4721 5455 5296 4961 5416 4914 5072 5178 5273 4956 4919 4985 5428 4911 4767 5037 5167 5190 5409 5383 5233 5203 5041 4819 4609 5275 4768 4908 4904 5120 5184 5124 5131 4866 4676 5191 4956 4952 5410 4844 5003 5441 5124 5251 4811 5311 4872 4878 5180 4462 5053 5469 5431 4992 4897 4959 5137 5268 5324 4943 5399 5191 4933 5183 4858 4844 4641 5579 4990 4729 4794 4934 4636 4673 5752 5481 5227 5114 5320 5087 4672 5126 4674 5140 4820 5114 5032 4938 5281 5058 5147 5376 5267 5340 4819 5200 4872 5224 4594 5057 4553 5206 5614 4876 5118 4800 5262 4861 5439 5064 5211 5209 5257 4487 5241 5376 4840 5181 5333 5168 4862 4954 4608 5077 5022 4635 5336 5446
5007 5629 5225 5461 5180 5226 5155 5182 5241 4864 5252 5559 5393 4978 5454 5550 5442 6086 4998 5012 5243 5260 5200 5445 5603 4739 5276 5718 5445 5006 5267 5289 5677 4989 5301 5545 4648 5217 5186 5032 5851 5869 5375 5227 5368 5500 5176 5467 4792 5120 5488 5169 4911 5282 5322 5505 5318 5490 5439 5549 5044 5135 5468 5297 5186 5263 5081 5869 5482 4964 5341 5368 5222 4810 5437 5434 5422 4787 5638 5669 4832 5665 5188 5675 5020 5377 4926 5150 4882 4657 5429 4990 4898 5077 5494 5412 5314 5942 5337 5657 5508 5429 5139 5302 5456 5469 5652 5555 5384 5148 5056 5512 5231 5276 5140 5286 5416 5396 5355 5195 4930 5159 5565 5093 5359 5244 5400 5162 5339 5467 5675 5275 5895 5384 5028 5410 5493 5476 5248 5283 5622 5545 5262 5403 5377 5532 5792 5758 5413 5577 5267 4970 5081 5454 4959 5261 5179 5508 5079 5510 5495 5275 5357 5387 5241 5514 5096 5519 5451 5363 5336 5116 5004 5221 5384 5360 5495 4499 5162 6085 5633 5301 5341 5367 5096 5444 5565 4826 5530 5431 4875 5386 4872 5081 5118 5781 5263 5103 5276 5247 4633 5092 5808 5803 5244 5376 5277 5282 5002 5553 5219 5318 5198 5046 5297 5375 5714 5304 5312 5878 5387 5523 4896 5506 5539 5341 5153 5609 4928 5579 5816 5292 5341 5331 5279 5355 5727 5233 5210 5511 5286 4807 5405 5756 5420 5564 5731 5566 5255 5389 5043 5139 5309 4989 5442 5583
5233 6022 5113 5449 5553 5423 5039 5639 5370 5152 5354 5612 5602 5291 5206 5737 5588 6267 5393 5388 5246 5567 5306 5418 5716 5275 5624 5734 5719 5239 5583 5265 5733 5218 5301 5930 4882 5457 5304 5473 6089 5678 5365 5481 5517 5758 5216 5718 5258 5339 5617 5519 4961 5474 5751 5735 5309 5766 5553 5726 5371 5626 5721 5366 5378 5245 5454 6220 5594 5250 5805 5469 5583 5285 5706 5532 5551 5112 5597 6112 5540 5879 5629 5822 5423 5435 5016 5035 5271 4972 5385 5174 5196 5181 5483 5798 5695 6393 5379 5553 5649 5872 5459 5589 5619 5876 5545 5577 5770 5541 5484 5647 5498 5507 5395 5797 5517 5480 5600 5307 4833 5536 5804 4928 5793 5329 5449 5391 5600 5730 5841 5324 6029 5593 5434 5394 5376 5623 5065 5896 5845 5671 5558 5547 5506 5828 5947 5795 5625 5497 5426 5127 5460 5811 5468 5667 5321 5769 5568 5877 5747 5229 5702 5836 5213 5744 5369 5551 5845 5682 5408 5352 5490 5849 5384 5458 5698 4717 5677 6131 5852 5555 5215 5572 5382 5694 5835 5349 6126 5819 5363 5569 5216 5186 5238 5907 5491 5352 5469 5263 5284 5208 6340 5899 5361 5195 5899 5573 5264 5387 5213 5668 5389 5280 5496 5809 5567 5806 5509 6110 5531 5591 5331 5766 5413 5401 5265 5605 5123 5449 6205 6006 5778 5014 5624 5285 6147 5407 5453 5796 5946 5372 5704 6275 5725 5719 5645 5647 5526 5637 5413 5227 5403 4943 5753 5738
4830 5255 4706 5251 4904 4962 4869 4935 4883 4594 5090 5226 4950 4782 4946 5240 5236 5541 4735 4509 4603 4852 4982 4956 5086 4624 5044 5541 5084 5144 5000 4968 5361 4662 5072 5339 4561 5077 4800 4607 5250 5363 5171 4715 4979 5248 4828 5290 4463 4813 5195 4900 4722 5059 5137 5228 5089 4929 4870 5381 4697 4900 4895 4888 4914 4869 5065 5523 4997 4862 5126 5096 4699 4938 5122 4926 5170 4644 5329 5320 4845 5133 5101 5377 5027 5088 4894 4743 4670 4528 5033 4871 4903 4522 4873 5054 4968 5487 4943 5341 4885 5270 4834 4998 4969 4995 5135 5017 4800 4861 5079 4910 5095 5032 4876 5037 5041 4893 4890 4933 4684 4845 5065 4430 5147 4752 4910 5139 5009 5446 5282 4915 5477 5050 4739 4997 5128 4883 4790 5336 5417 5008 5070 5241 4821 5339 5220 5143 4828 5272 4968 4998 4841 4909 4871 5063 5197 5071 4968 5157 5304 4962 4877 5361 4879 4932 5086 4956 5073 5178 5505 5045 4867 5380 4849 4976 5224 4299 4909 5438 5091 4992 5090 5242 4972 5197 5321 4692 5382 5192 4572 4903 4482 4693 4781 5222 5234 4609 4898 4969 4665 4843 5565 5360 5052 4811 4821 5031 4758 4824 4780 5239 4741 5102 4941 4970 5253 5021 5060 5632 5158 5275 4822 5133 5181 5123 4693 5078 4668 5305 5602 5013 4860 4898 5041 4887 5115 5197 4691 5433 5006 4714 4966 5381 5057 5291 5001 5035 4922 5002 4985 5245 4782 4734 5240 5356
4889 5572 4971 4978 5183 5281 4680 4919 4951 4609 5054 5783 5138 4877 5131 5239 5231 5598 5132 4710 4967 5091 4859 5074 5245 4792 5142 5342 5191 5063 5054 4956 5390 4948 5053 5484 4524 5017 5126 5049 5499 5441 5154 4787 5187 5291 4739 5394 4846 4968 5351 5145 5097 5176 5102 5317 5118 5591 4881 5422 5093 5131 5505 5184 5065 4939 5034 5940 5189 4672 5155 5212 5235 4921 5137 5273 5244 4986 5411 5478 5041 5752 5305 5571 5103 5329 4612 5114 5061 4580 5018 4841 4891 4949 5201 5226 4883 6024 5215 5432 5196 5536 5159 5279 5066 5381 5325 5359 5200 4808 5034 5081 4944 4944 5208 5113 5113 5203 5201 4985 4778 5260 5499 4945 5402 5087 5138 5095 5111 5597 5589 4805 5515 5005 4897 5148 5449 5276 5047 5247 5410 5169 5154 4976 5181 5445 5349 5272 5406 5080 5006 4939 5104 5165 4983 5027 4930 5464 4866 5318 5389 4969 5152 5304 5013 4970 5405 5269 5286 5122 5479 5307 4852 5302 5076 5016 5551 4472 5046 5612 5216 5054 5032 5360 5323 5312 5387 4883 5550 5204 4776 4874 4696 4726 4972 5309 5214 4757 4965 5019 4758 5040 5799 5581 4923 5008 5173 5249 4738 5071 4913 5333 4854 5206 5076 5096 5246 5121 5354 5533 5038 5426 4739 5295 4978 5371 4795 5157 4815 5228 5678 5294 5414 5220 5286 5030 5319 5100 5051 5360 5313 4514 5144 5489 5198 5196 5631 5389 4989 5077 4879 5013 5101 4829 5165 5428
4785 5248 4474 4988 4536 4793 4668 4650 4617 4347 4651 5125 5017 4678 4773 4945 5148 5422 4695 4692 4415 4842 4500 4747 5140 4392 4867 5164 4938 4786 5017 4553 4977 4656 5091 5410 4342 4631 4674 4629 5274 5151 4901 4933 4786 4912 4567 5039 4414 4640 5253 4788 4635 4649 5057 4985 4746 5346 4918 4965 4578 4600 5259 4809 4782 4907 4643 5236 4675 4650 5041 4800 4616 4420 4776 5106 4800 4552 4969 5243 4394 5339 4942 5109 5028 5034 4307 4696 4378 4160 4824 4590 4412 4488 4783 5088 4837 5275 4926 4906 5158 4919 4940 5004 4801 5023 5099 5184 5122 4772 4689 5131 4835 4697 4612 5018 4797 4961 4998 4809 4310 5029 5076 4508 4833 4861 4848 4741 4706 5250 5090 4864 5074 4676 4700 4873 5098 5181 4631 4844 5070 5001 5084 5041 4927 4990 4955 5069 5007 5112 4836 4908 4701 5081 4551 4905 4729 4971 4434 5136 5082 4752 4516 4974 4959 5045 4960 4876 5215 5112 4928 4492 4537 5133 4721 4778 4917 4077 4936 5308 5248 5051 4711 5113 4700 4868 5087 4492 5251 5172 4675 4856 4700 5001 4617 5056 4867 4679 4743 4816 4488 4800 5259 5103 4901 4653 5076 5128 4831 5006 4966 4993 4527 4722 4824 4972 5140 4972 4924 5298 4805 4888 4619 5013 4805 4907 4750 5052 4336 5032 5479 4736 4909 4915 5013 4861 4982 4698 4943 4975 5155 4419 5018 4972 4850 5079 5104 5130 4734 4453 4478 4852 4811 4174 5117 5127
5130 5503 5004 5427 5186 5012 5215 5303 5122 4831 5208 5442 5386 4925 4993 5576 5657 5735 5230 4791 5018 5038 5115 4973 5576 4770 5385 5812 5526 4993 5318 5030 5197 5004 5303 5590 4885 5168 5096 5021 5727 5348 5468 5248 4972 5087 4906 5555 5163 5055 5310 5048 4969 5178 5654 5237 5192 5411 5235 5665 5176 5273 5277 5041 5152 4963 5133 5639 5267 5037 5682 5049 5259 4860 5392 5279 5273 4690 5509 5534 4892 5572 5200 5728 5299 5364 4845 4920 5091 4586 5465 5127 5045 4686 5209 5705 5206 5850 5283 5549 5236 5341 5139 5368 5213 5364 5235 4964 5440 5050 5012 5574 5277 5083 4997 5433 5250 5434 5451 4928 4518 5215 5669 4755 5256 5107 5242 5302 5320 5342 5507 5307 5683 5038 5145 5006 5602 5388 4795 5301 5448 5201 5343 5527 5124 5401 5586 5357 5391 5226 5044 5140 5152 5521 4823 5565 5218 5298 5343 5425 5729 5167 5422 5536 5289 5241 5377 5180 5532 5510 5432 5012 5195 5445 4987 4928 5562 4731 5401 5728 5500 5345 5116 5676 5356 5360 5295 4992 5543 5316 4974 5245 5049 5008 5206 5623 5190 5106 5116 5187 5190 5249 5770 5614 5219 5121 5462 5363 4964 5352 4992 5338 5043 5262 4945 5274 5597 5401 5241 5749 5371 5346 5046 5620 5513 5337 5110 5295 5051 5339 6012 5344 5253 5371 5454 4945 5707 5299 5223 5460 5393 4552 5406 5556 5304 5491 5579 5224 5364 5368 4963 4995 5513 4974 5604 5697
4815 5441 5061 5196 5264 5404 5214 5012 5147 4792 5020 5485 5197 4914 5009 5103 5302 5834 4883 4826 5049 5287 4969 5192 5415 4738 5226 5553 5163 5233 5430 4878 5587 4843 5139 5507 4597 5263 5028 4959 5457 5331 5371 5100 5255 5356 4875 5488 4661 4932 5320 5069 4679 5351 5028 5534 5299 5316 5295 5390 4782 5108 5357 5163 4977 5177 5025 5788 5127 4749 5152 5077 5157 4813 5193 5414 5411 4836 5437 5365 4925 5612 5180 5510 5200 5522 4880 5015 4977 4538 5133 4968 5171 4904 5208 5344 4917 5748 5135 5282 5396 5422 5227 5577 5020 5287 5557 5248 5455 4875 4893 5369 5348 4854 4907 5329 5368 5493 5088 5140 4852 5057 5513 5087 5209 5160 4829 5034 5242 5650 5579 5151 5526 4960 5050 5198 5483 5114 4937 5318 5522 5079 4945 5300 4891 5469 5426 5492 5175 5474 4862 5149 5327 5439 5129 4999 5289 5235 4891 5160 5443 5209 4828 5361 5052 5365 5035 5106 5268 5338 5266 5069 4856 5403 5312 5194 5338 4586 5087 5561 5741 5210 4952 5196 4983 5354 5283 4693 5582 5360 4812 4768 4624 5163 4905 5446 5115 4846 4909 5102 4649 4978 5668 5345 5362 4979 5123 5392 4798 5364 5180 5561 4882 5136 5090 5087 5381 5127 5216 5614 5049 5310 4887 5249 5306 5127 4774 5236 5117 5350 5682 5314 5112 5098 5263 5071 5427 4967 5148 5188 5392 4819 5208 5492 5270 5218 5393 5617 5141 5191 5093 5253 5047 4757 5422 5790
4817 5468 4871 5500 4966 5243 4989 5146 4828 4926 5015 5354 5058 4495 5120 5234 5145 5624 4847 4686 4821 5015 5037 4956 5033 4947 5230 5578 5189 5177 4949 4950 5325 5070 5217 5317 4424 5126 5038 4967 5828 5424 5440 4790 5085 5221 4770 5419 4640 5038 5074 4778 4813 4910 5055 5119 5215 5495 4913 5474 4686 4928 5043 5133 4930 4988 4834 5597 5349 4716 5279 5022 5087 4925 5119 5022 4892 4927 4848 5270 4865 5530 5156 5243 5147 5132 4827 5105 4942 4533 4903 4752 4906 4537 5086 5335 5011 5473 5362 5220 5139 5273 5536 5284 4912 5508 5461 5419 5299 5040 4902 5061 5019 5104 4989 5186 4985 5089 5080 4689 4716 5166 5270 4847 5182 5175 5147 5028 5205 5357 5475 5057 5273 5082 5034 4828 5241 5451 5046 5111 5373 5224 5030 5228 4988 5469 5484 5331 5053 5176 4865 5119 5028 5420 4827 5200 5396 5244 5154 4895 5318 5171 5103 5358 4997 5109 5332 5189 5189 5254 5004 5220 4896 5490 5047 4886 5277 4614 5219 5373 5330 4969 5214 5276 5034 5260 5340 4551 5286 5341 4811 4837 4593 4873 4822 5267 5101 4778 4845 5187 4824 4921 5682 5531 5023 5004 5358 5234 4872 5224 4954 5184 4971 4855 4966 5221 5399 5167 4987 5517 5027 5443 4840 5226 4942 5112 4615 5392 4754 5377 5662 5077 5070 5065 5144 5016 5424 4773 5005 5327 5367 4865 5066 5454 5051 5064 5350 5164 5075 5000 4891 4928 4969 4886 5407 5314
4712 5329 4662 5081 4592 4736 4686 5058 4789 4472 4640 5086 4923 4482 4928 5194 4996 5306 4885 4616 4742 5000 4618 4854 5053 4452 4730 5399 4784 4759 5042 4542 4976 4783 4912 5116 4296 4871 5077 4742 5280 5149 4919 4616 4883 4669 4460 5252 4587 4923 5429 4838 4527 4795 5047 4987 4893 5268 4626 5099 4773 4967 5291 5016 4967 4611 4827 5439 4916 4470 4964 4690 4824 4689 4854 4875 4738 4487 5167 5067 4630 5292 5020 5099 4884 4827 4495 4780 4713 4367 4894 4762 4364 4914 4899 5133 4786 5466 4605 5041 4760 4937 5073 4942 4700 5050 4724 5050 5052 4758 4607 4961 4845 4863 4802 5235 4906 4873 5192 4666 4210 4933 5019 4829 5071 4712 4754 4814 4932 4964 5191 4735 5116 4869 4538 4528 5086 4907 4686 4718 5122 4828 4779 4890 4849 5320 5135 5091 4917 4912 4698 4598 4832 5278 4710 4913 4800 5007 4704 5211 5239 4908 4906 4984 4853 4743 5006 4740 5170 4977 4921 4811 4877 5165 4608 4821 5052 4364 4958 5106 5160 4901 4770 5016 4909 4875 5214 4701 5264 4967 4770 4806 4506 4666 4997 5057 4814 4558 4703 4688 4716 4797 5248 5221 4823 4919 4967 5005 4718 4836 4655 4928 4523 4831 4857 4946 4907 5167 4885 5187 4865 4879 4821 5022 4766 5030 4595 4996 4918 4696 5392 4646 4852 4637 5048 4709 5144 4808 4925 4849 5071 4387 5020 5121 4638 5047 5289 4904 4836 4706 4536 4746 4670 4501 4958 5297
5199 5407 4958 5125 5221 5464 5073 5041 5158 4961 4945 5477 5129 5008 5099 5622 5496 5574 5109 5029 4949 4929 4911 5066 5336 4864 5082 5633 5189 4989 5141 4953 5304 5110 5117 5518 4569 5106 5208 4662 5543 5404 5011 4959 4920 5457 4871 5497 4802 5317 5346 5111 4846 5147 5284 5397 5219 5621 5296 5552 4879 5150 5229 5279 5075 5263 5070 5818 5230 4881 5170 5030 5154 4858 5360 5036 5063 4934 5336 5416 4896 5670 5246 5207 5227 5340 4729 4933 5098 4629 5233 4878 4984 4775 4962 5594 5318 5810 5012 5270 5081 5201 5305 5351 5216 5358 5144 5351 5378 5167 4928 5076 5100 4943 5069 5340 5000 5305 5337 4980 4502 4876 5380 4837 5140 5038 5100 5333 5174 5450 5451 5138 5542 5071 5222 5023 5149 5259 4723 5298 5510 4961 5347 5267 5131 5637 5538 5322 5133 5352 4966 5162 4984 5401 5005 5353 5112 5317 5309 5176 5549 4950 5215 5522 4970 5100 5420 4947 5209 5143 5164 5267 4834 5578 5090 5051 5394 4735 5238 5772 5377 5215 5050 5351 5251 5236 5413 5067 5471 5422 5170 5179 4875 5074 5129 5390 5377 4765 5166 5085 4588 4842 5722 5380 5090 5220 5482 5239 4962 5043 4815 4963 4930 5167 4928 5169 5279 5240 5166 5275 5261 5426 4911 5368 4986 5398 4784 5291 4786 5427 5727 5313 5346 5152 5536 5125 5571 5318 5212 5535 5562 4776 5329 5314 5144 5399 5341 5324 5002 5276 5146 5004 5205 4927 5440 5527
4744 5081 4590 4847 4750 4549 4872 4735 4726 4551 4651 4988 5129 4463 4749 4949 4946 5527 4561 4614 4739 4680 4862 5065 5207 4546 5132 5302 4874 4585 4939 4801 5054 4736 4943 5285 4257 4815 5229 4452 5010 5022 5040 4667 4876 4839 4476 4960 4362 4836 5265 4631 4570 4704 4862 4932 4729 5303 4834 5052 4419 4894 4997 4875 4679 4609 4832 5610 4825 4539 4943 4990 4798 4979 4844 4930 4726 4579 5176 5070 4677 5329 4786 4927 4816 5336 4839 4561 4878 4417 4939 4611 4608 4696 4848 5267 4796 5438 4861 4874 5054 4839 4908 4973 4772 4984 5167 4988 4817 4660 4687 4809 4836 4722 4526 5203 4812 4929 4966 5089 4308 4799 4784 4277 4841 4539 4713 4991 4762 4983 5106 4628 5066 4983 4704 4764 5063 4669 4256 4954 4942 4919 4891 5017 4833 5021 4994 4808 5341 5077 4667 5093 4629 4976 4710 5088 4682 5031 4690 5113 4919 4580 4595 4886 4805 4753 5130 4740 5173 4697 5140 4633 4489 4918 4829 4688 4870 4263 4663 5096 4879 4982 4778 4509 5047 5041 5067 4406 5178 5166 4480 4950 4407 4915 4830 5246 5175 4421 4932 4759 4487 4537 5277 5181 4871 5012 5153 4790 4444 4919 4626 5027 4883 4803 4922 4946 4850 4867 4911 5055 4626 4876 4318 4935 4868 5168 4516 5074 4374 5183 5339 5064 4822 4951 4826 4857 5364 4997 4864 5301 5137 4510 4869 5139 4780 4732 5264 4988 4634 4903 4484 4573 5008 4555 4914 5211
5044 5569 5161 5156 5258 5127 5125 5070 5005 4935 5151 5607 5335 5098 5266 5570 5579 5714 5147 5106 4941 5142 4984 5228 5612 4956 5130 5589 5438 5321 5300 5098 5610 4886 5247 5631 4912 5260 5344 4986 5653 5563 5423 4894 5217 5478 5176 5588 4902 5422 5437 5507 4802 5394 5235 5479 5469 5326 5118 5616 5032 5548 5284 5451 5196 5262 5246 5854 5314 4894 5546 5279 5322 5043 5357 5363 5367 4985 5267 5901 4932 5564 5295 5632 5294 5410 4929 5024 5135 4675 5301 5245 4963 4955 5417 5472 5601 5888 5304 5739 5373 5318 5452 5072 5375 5412 5544 5477 5305 5029 5113 5389 5066 5132 4952 5339 5302 5371 5493 5297 4843 5073 5816 4993 5401 5440 4978 5191 5317 5708 5597 5205 5445 5241 5159 5022 5362 5313 4994 5352 5548 5136 5347 5285 5237 5716 5651 5481 5397 5256 5110 5359 5404 5367 5000 5224 5093 5433 5103 5575 5618 4995 5413 5614 5152 5146 5163 5368 5523 5431 5226 5201 5036 5604 5202 5062 5371 4553 5109 5716 5535 5293 4950 5263 5115 5698 5559 4589 5638 5392 4856 5287 5041 5096 5113 5679 5233 5120 5265 5271 4638 5207 5780 5457 5369 5255 5389 5264 4851 5367 5119 5442 5204 5268 5274 5338 5423 5367 5677 5653 5139 5522 5091 5470 5338 5313 4988 5049 5170 5312 5801 5333 5191 5112 5369 5035 5746 5309 5199 5181 5735 4963 5251 5913 5368 5437 5577 5419 5212 5209 5081 5075 5366 4657 5343 5788
5330 5498 5201 5334 5394 5319 5114 5191 5089 4678 5021 5681 5383 5005 5361 5707 5688 6079 5458 4841 5211 5297 4970 5415 5653 4666 5303 5504 5585 5450 5557 5248 5423 5143 5437 5629 4825 5085 5562 4986 5582 5646 5441 4997 5136 5360 5037 5578 4932 5402 5406 5168 4999 5235 5416 5509 5251 5646 5399 5737 5248 5223 5383 5386 5103 5248 5292 6012 5470 5002 5533 5379 5171 5135 5466 5357 5219 4994 5527 5706 5050 5815 5322 5622 5368 5632 5035 5356 5149 4919 5358 4893 5155 5010 5380 5569 5356 6038 5417 5679 5439 5359 5285 5415 5431 5579 5196 5314 5714 5109 5268 5334 5465 4940 5194 5319 5296 5428 5524 5302 4876 5361 5511 4835 5450 5114 5299 5345 5284 5369 5932 5098 5602 5112 5064 5245 5396 5279 5240 5513 5516 5329 5408 5247 5397 5328 5533 5442 5451 5381 5381 5193 5170 5566 5091 5339 5227 5493 5284 5603 5715 5307 5343 5576 5282 5398 5424 5521 5412 5163 5444 5205 5148 5565 5436 5094 5501 4752 5221 5684 5334 5302 5195 5618 5318 5586 5430 4920 5755 5494 5163 5312 4850 5537 5050 5748 5674 5114 5111 5280 4762 5363 5697 5571 5143 5170 5403 5532 4830 5433 5038 5621 5114 5413 5351 5422 5561 5285 5159 5745 5163 5371 5052 5699 5550 5422 4942 5345 4953 5354 5953 5346 5444 5383 5420 5267 5685 5194 5153 5524 5514 4830 5563 5488 5288 5684 5723 5663 5284 5177 5206 5387 5186 4695 5286 5593
4853 5438 5000 5199 4999 5262 4914 5018 4908 4733 5261 5617 5118 4908 4961 5414 5330 5483 5124 4811 5071 5033 5068 4917 5262 4709 5145 5404 5201 5194 5166 4676 5509 5099 5313 5210 4442 5073 5074 4772 5351 5659 5298 4882 5304 5236 4933 5365 4698 4954 5171 4935 4800 5143 5223 5218 5128 5340 5019 5254 4837 5143 5355 5001 4943 5132 4925 5694 5392 4673 5075 4929 5106 5117 5152 5534 4908 4771 5335 5487 4812 5257 5202 5340 5126 5139 4805 5064 5165 4529 5138 4679 4858 4784 5026 5087 5025 6006 5177 5404 5216 5284 5035 5220 5214 5251 5205 5220 5505 4991 5012 5298 5136 4762 5228 5477 4987 5257 5244 5022 4720 5042 5285 4905 5430 4878 4903 4906 5166 5263 5338 5061 5654 5077 4787 5108 5360 5381 4647 5281 5376 4899 5042 5138 5061 5269 5474 5336 5424 5302 5303 5065 4963 5559 4724 5208 5194 5241 4778 5219 5375 5096 5272 5563 5088 5003 5078 4976 5360 5101 5251 5348 4689 5468 5226 5246 5309 4408 5026 5284 5233 5441 5166 5242 5205 5207 5090 4599 5655 5187 4940 4664 4745 5024 5200 5359 5251 4826 4999 5076 4612 5072 5563 5465 4990 4697 5205 5050 4814 5100 4721 5202 4903 5004 5139 5131 5417 5077 5190 5396 5213 5106 4611 5248 5048 5296 4807 5265 4844 5246 5663 5205 5130 4981 5366 5245 5512 4884 5106 5056 5337 4597 5132 5484 5222 5429 5386 5409 5186 5005 5239 5272 5066 4751 5173 5245
5262 5749 4946 5064 5110 4999 5224 4908 5049 4842 4894 5626 5160 4695 5402 5364 5542 5961 5235 4954 4813 5059 5096 5145 5353 4751 5044 5526 5212 5017 5256 5315 5497 4888 5280 5573 4497 5019 5203 5021 5468 5616 5273 4895 5048 5375 5064 5239 4799 4916 5631 5045 4843 5132 5298 5421 4940 5651 5164 5400 5165 5385 5318 5154 4948 5112 4945 5799 5461 4912 5173 5401 5044 5086 5391 5156 5256 4612 5377 5510 4884 5725 5408 5550 5307 5241 4786 5048 5024 4585 5064 4834 4815 4624 5362 5455 5094 5605 5370 5370 5002 5226 5093 5133 5305 5457 5197 5240 4990 4999 4935 5190 5243 4864 5098 5382 5140 5063 5294 4860 4854 5225 5526 4788 5215 5061 5032 5225 5165 5237 5549 5197 5445 5177 5058 5295 5409 5392 4689 5310 5241 5118 5344 5362 5268 5670 5445 5252 5223 5224 5112 5058 4961 5682 4835 5432 5366 5304 5257 5522 5299 5103 5071 5477 5113 5046 5065 5120 5474 5422 5548 5357 4816 5386 5104 5093 5520 4804 5029 5196 5227 5150 5093 5280 5279 5141 5116 4717 5594 5439 5113 5374 4823 5033 5199 5475 5192 4870 4930 5129 4880 4993 5769 5522 5225 5185 5193 5349 4753 5262 4987 5208 5096 4940 5089 5344 5242 5317 5398 5571 5144 5380 5141 5309 5050 5391 4871 5372 4940 5202 5828 5176 5454 4980 5264 5001 5636 5149 5241 5480 5604 4657 5358 5606 5397 5412 5595 5228 5188 5246 4964 5115 5113 4849 5509 5508
4445 4959 4524 4838 4843 4751 4683 4758 4629 4687 4695 5290 4933 4336 4794 4909 4832 5300 4717 4523 4643 4765 4494 4762 5173 4254 4669 5288 4871 4754 4527 4904 5042 4601 4558 5083 4249 4556 4748 4554 5256 5257 5040 4721 5041 4916 4609 5032 4443 4835 4887 4680 4682 4820 5055 5043 4513 5017 4742 5033 4356 4783 4985 4809 4532 4730 4681 5252 4940 4419 4791 4914 4670 4538 4853 4912 4619 4475 5046 5155 4468 5081 4741 5309 4608 4707 4349 4472 4862 4221 4895 4485 4662 4238 4720 4900 4653 5365 4741 5012 4636 5163 4618 4881 4769 5013 4823 4710 4969 4472 4641 4821 4851 4983 4885 4946 4560 4837 4966 4731 4566 4525 4843 4359 4797 4642 4710 4769 4793 5079 5051 4587 5141 4750 4503 4553 4827 4684 4679 4705 5237 4674 4757 5064 4605 4841 4944 4879 4797 4954 4557 4786 4952 5064 4565 4720 4937 4851 4732 4929 4911 4880 4698 5089 4591 4660 4868 4686 4709 4896 4945 4752 4565 5031 4798 4703 5044 4446 4852 5066 4886 4849 4532 4901 4761 4801 4840 4483 5120 4975 4641 4784 4256 4754 4565 5168 4841 4718 4618 4706 4493 4604 5327 5082 4495 4883 4798 4993 4408 4839 4514 4799 4673 4645 4688 4694 5077 4835 4862 5208 4876 4865 4724 4815 4742 4796 4463 4655 4505 4895 5245 4953 4693 4768 4766 4855 5088 4848 4746 5111 4949 4431 4877 5494 4750 4798 5261 4772 4674 4876 4771 4768 4468 4579 4884 5242
4954 5347 5055 5262 5157 5417 5095 4894 4919 4928 4981 5423 5210 5018 5137 5422 5549 5598 5192 4905 4911 5216 5130 5385 5529 4948 5037 5613 5458 5083 5389 5110 5322 4983 5362 5839 4924 5239 4924 5045 5845 5503 5415 5204 4855 5225 5075 5237 4994 5234 5211 5015 4596 5341 5385 5379 5126 5557 5058 5604 5117 5269 5425 5281 5210 5119 5248 5699 5420 4925 5260 5135 5195 5031 5395 5350 5136 4723 5092 5627 4878 5524 5216 5467 5272 5310 4541 5149 5065 4435 5156 4687 5087 4905 5278 5475 5104 5549 5392 5591 5224 5342 5020 5199 5185 5503 5513 5180 5417 5141 5094 5356 5294 4975 5110 5594 4995 5379 5308 5044 4696 5256 5406 4977 5436 5157 5225 5286 5271 5517 5519 5285 5701 5378 5283 5036 5376 5241 5026 5286 5585 5355 5494 5399 5243 5299 5473 5576 5317 5389 5055 5199 5035 5507 4799 5335 5145 5348 5152 5367 5447 5129 5151 5560 5180 4988 5334 5231 5513 5425 5510 5161 5015 5544 4856 4963 5462 4631 5141 5621 5365 5229 5395 5446 5196 5409 5513 4854 5764 5266 5092 5277 4807 5202 5027 5671 5486 5007 5202 5132 4820 5147 5872 5738 5420 5304 5397 5061 5035 5152 4716 5328 5134 5257 5005 5004 5428 5312 5267 5667 5083 5526 4838 5423 5252 5259 5058 5320 4806 5340 5710 5094 5289 5053 5266 4861 5625 5230 5069 5771 5812 4816 5425 5391 5157 5287 5567 5374 5313 5145 4790 4949 5079 5014 5384 5668
4759 5160 4697 4801 4716 4800 5099 4953 4624 4631 4880 5360 4976 4443 4916 4971 5243 5394 4939 4733 4776 4993 4596 4869 5457 4488 4849 5167 5121 4649 4898 4761 5085 4980 5003 5305 4098 5278 4880 4527 5467 5100 5046 4579 4921 4842 4721 5106 4226 4735 5333 4793 4503 4886 4890 4789 4900 5110 4901 5051 4808 5093 5079 4845 5052 4832 4626 5360 5075 4495 4827 4964 5012 4713 4935 5076 4954 4487 5144 4975 4537 5520 4836 5273 4939 5013 4517 4528 4751 4207 4861 4791 4799 4561 5025 5195 5037 5433 5149 5159 4808 5203 4693 4946 4820 5084 5277 4831 4843 4591 4768 5256 4725 4834 4628 5148 4607 4969 4962 4914 4416 5052 4948 4555 4835 4793 4880 4968 5072 5136 5431 4928 5167 4800 4814 4925 5338 4916 4427 5030 5132 4799 4619 5309 4895 5080 5120 5045 5025 4833 4735 4752 4675 5262 4609 4921 4605 5042 4673 5221 5081 4830 4943 5021 5048 4755 5111 5063 5121 4857 5147 4861 4715 5066 4639 4725 5122 4350 4833 5226 5162 5185 5082 4854 4752 4947 4984 4445 5432 4731 4813 4823 4827 4965 4810 5350 4837 4465 4743 4857 4845 4976 5576 5639 4982 5014 4893 4865 4689 4871 4761 5072 4641 4988 4770 4804 5063 4950 4987 5171 4827 5076 4594 4937 5089 4936 4529 5150 4749 4912 5572 4884 5141 4759 4884 4654 5509 4761 5158 4999 5032 4315 5018 5239 5075 5166 5107 4825 4951 4867 4471 4922 4943 4726 5157 5244
4574 4859 4723 4828 4700 4672 4735 4517 4624 4444 4486 5130 4781 4550 4542 5078 4745 5084 4798 4663 4586 4618 4455 4718 4911 4503 4897 5181 4839 4760 4883 4580 4880 4576 4832 5012 4372 4780 4884 4577 5018 5110 4925 4517 4756 4813 4753 5072 4455 4790 4858 4765 4520 4616 4718 4854 4774 4864 4825 4863 4177 4906 4608 4472 4542 4670 4628 5151 4805 4539 5089 4613 4563 4637 4788 4831 4561 4446 5101 5161 4524 5127 4730 4880 4784 5181 4468 4665 4572 4144 4773 4563 4370 4315 4659 4974 4722 5138 4836 4837 4605 4918 4830 4742 4892 4792 4748 4729 4891 4835 4718 4580 4934 4400 4611 4783 4576 4748 4766 4567 4323 4436 5088 4320 4696 4649 4534 4785 4697 5171 4887 4778 4690 4613 4942 4605 4985 4777 4369 4758 4789 4519 4807 5094 4678 5017 4988 4942 4861 4722 4530 4732 4720 4916 4489 4650 4707 4757 4891 4867 5060 4798 4854 5167 4556 4586 4692 4575 4903 5002 4892 4576 4405 4953 4914 4349 5213 4297 4596 4821 4721 4897 4393 4852 4739 4752 4926 4223 5140 4686 4433 4805 4202 4625 4607 5078 4928 4398 4546 4682 4402 4881 5061 4943 4593 4669 4866 4779 4542 4882 4668 4946 4578 4858 4620 4802 4823 4858 4792 4867 4607 4866 4636 5146 4708 4783 4451 4889 4393 4867 5404 4819 4733 4684 4828 4657 5154 4841 4789 4936 4977 4170 4633 5058 4618 4955 4871 4921 4596 4872 4625 4767 4585 4567 4805 4933
4535 5026 4833 5019 4752 4663 4725 4665 4714 4465 4497 5152 4803 4516 4720 4765 4988 5292 4818 4431 4777 4634 4632 4817 4958 4604 5057 5122 4821 4657 5066 4585 4932 4562 4900 5425 4446 4757 4971 4776 5128 5235 4804 4714 4805 4854 4600 5065 4412 4612 5123 4531 4319 4783 4847 5123 4797 4840 4716 5150 4340 4750 4891 4781 4624 4810 4778 5079 4842 4263 4790 4898 4913 4616 5001 5087 4875 4658 4812 4865 4561 5083 4823 5181 4821 4706 4552 4859 4654 4309 4767 4472 4569 4643 4746 5083 4784 5286 4948 4905 4863 4941 4810 5096 4844 4897 4852 4942 4876 4747 4538 4842 4673 4708 4425 4980 4854 5036 4970 4476 4490 4638 5088 4688 4707 4619 4833 4752 4944 5053 5131 4779 5147 5032 4675 4678 4752 4820 4802 4761 5228 4857 4678 4846 4602 4965 4994 5161 5163 5053 4686 4765 4707 5212 4673 4929 4812 5127 4535 4897 5202 4798 4514 5001 4725 4836 4979 4829 5211 4927 4748 4786 4473 5139 5030 4671 4968 4373 4874 5216 5062 4775 4651 4693 4843 4708 5117 4353 5151 5022 4492 4815 4304 4844 4631 4889 4861 4514 4508 4578 4445 4771 5376 5341 4814 4883 4921 4998 4692 4656 4699 5123 4841 4902 4603 4688 5024 4810 4963 5140 4704 4993 4568 4947 4882 4729 4680 5023 4494 5022 5494 4814 4712 4806 4941 4560 5163 4800 4907 4707 5183 4559 4830 4953 5051 4917 5032 5171 4613 4743 4568 4778 4738 4449 5010 5053
4835 5329 4784 5214 5108 5010 5029 5212 4871 4847 4966 5163 5277 4658 4994 5412 5105 5626 4888 4473 4914 4911 4808 4828 4908 4535 5164 5199 5115 5146 5256 4833 5097 5060 5040 5500 4597 4875 4996 4668 5383 5469 5252 4900 4586 4883 4816 5177 4458 4955 5379 5068 4452 5000 5178 5158 5125 5012 4961 5487 4906 4998 5251 5230 4738 4803 5157 5454 5157 4689 4896 4759 5116 4794 4989 5122 4892 4608 5078 5509 4740 5101 5189 5119 5077 5247 4620 4896 4806 4461 4886 4901 4571 4891 5035 5200 4939 5433 4977 5268 4994 5152 4713 5012 5153 5003 5107 4962 5223 4950 4907 4838 4902 4680 4918 5195 4985 5018 5017 4744 4497 4881 5151 4695 5026 4740 5014 4997 4935 5504 5218 4761 5309 5020 4728 5156 5172 5142 4637 4967 5113 4770 4942 5104 4962 5384 5365 5312 5125 4887 4821 4527 4956 5185 4765 4921 5110 5003 5056 5163 5478 4810 5435 5348 4808 4922 4899 4836 5355 5326 4869 5067 4595 5242 4999 5090 5224 4090 5059 5577 5476 5130 4814 5128 5023 5265 5378 4884 5302 5002 4781 4936 4566 5092 4860 5393 4944 4883 4984 4853 4516 4664 5587 5189 5177 4793 5156 4989 4822 4904 4741 5500 4867 5045 5017 5335 5130 5046 5081 5439 4975 5142 4601 5389 4993 5037 4664 5008 4647 5240 5571 5210 5052 4680 5160 4987 5254 5066 4912 5108 5118 4422 5147 5350 5097 5122 5313 5330 4747 5008 4712 4816 5028 4488 5016 5299
4900 5446 4829 5168 5046 5093 4874 5121 5018 4762 5045 5188 5168 4640 4783 5140 5044 5527 5175 4841 4949 4991 5117 4858 5571 4519 5156 5492 5105 4737 4977 5104 5449 4840 5010 5438 4741 5132 5125 4727 5844 5427 5180 4747 5196 5212 5051 5494 4875 4937 5139 5177 4576 5254 5342 5110 5085 5484 5069 5524 4814 5229 5334 4995 4928 4849 5093 5827 5244 4954 5182 5187 4949 5171 5183 5013 5065 4802 5039 5493 4839 5434 5289 5527 5166 5366 4813 4764 4993 4327 5057 4882 4943 4737 5098 5200 5227 5528 5005 5198 5282 5082 4957 4979 5305 5387 5187 5230 5099 4884 5060 5103 5194 4968 5014 5326 4844 5176 5727 4983 4546 5280 5178 4584 5107 4890 5249 5008 5061 5493 5344 5014 5358 5128 4939 5110 5095 5438 4764 5071 5322 5012 5106 5182 4940 5349 5158 5261 5017 5326 4923 4903 4979 5380 4639 5078 5117 5051 5031 5265 5559 4749 4968 5472 5029 5003 5362 5025 5475 5158 5089 5036 4852 5477 4971 4951 5077 4339 5035 5496 5349 5347 4955 5221 5065 5140 5406 4546 5569 5129 4900 4944 4875 4962 4981 5262 5091 4970 4999 5172 4615 4976 5681 5347 4842 5039 5157 5278 4877 4942 4675 5161 5093 4895 5200 5258 5441 5250 5117 5383 5131 5449 5048 5455 5169 5080 4652 5196 4812 5377 5727 5149 5318 4957 5012 5185 5360 4871 5020 5379 5613 4701 5157 5560 5072 5130 5427 5197 4982 5013 4818 4985 4803 4737 5116 5576
5107 5680 4969 5291 5105 5219 5113 4892 5297 4951 4961 5539 5193 4941 5113 5276 5234 5696 5187 4907 4841 5323 4884 5088 5280 4647 5124 5444 5285 5339 5548 5168 5496 4633 5270 5587 4737 5188 4909 5023 5548 5642 5058 5154 5069 5345 4916 5402 4686 4739 5517 5177 4883 5211 5431 5410 5106 5563 4995 5230 4969 5169 5201 4934 5010 5362 5020 5583 5477 4902 5191 5203 5162 5198 5317 5274 5261 4804 5194 5460 4746 5663 5317 5289 5326 5279 4897 5371 4921 4688 5180 4670 5126 4999 5177 5503 5148 5714 5033 5384 5129 5166 5258 4944 5325 5350 5208 5166 5206 4872 5158 5082 5002 5004 5084 5365 5433 5251 5231 4693 4857 5502 5386 4967 5364 5107 5122 5316 5028 5369 5597 5022 5663 5152 4925 5133 5129 5401 4961 5361 5654 5175 5188 5119 4829 5524 5599 5319 5243 5228 4893 5017 5054 5342 4926 5211 5367 5066 5133 5404 5490 4941 4974 5458 5067 5211 5319 5309 5546 5126 5245 5246 4913 5295 5188 5082 5337 4669 5302 5774 5314 5196 5251 5249 5165 5405 5345 4696 5538 5253 4920 5129 4877 5035 4950 5564 5163 5073 5060 5055 4579 5143 5541 5465 5191 5257 5274 5231 5022 5430 4980 5158 5013 5147 5024 5274 5170 5180 5340 5733 5227 5364 4898 5412 5179 5162 4890 5389 4859 5341 5746 5421 5154 4855 5267 4743 5425 4951 5110 5272 5506 4472 5307 5451 5143 5488 5547 5402 5165 5420 5218 5191 4957 4649 5299 5404
4858 5402 4646 5034 4947 4874 4782 4912 4771 4727 4857 5081 5072 4907 5021 5073 5362 5547 4990 4560 4792 4709 4707 4938 5297 4445 4930 5607 5142 4916 4896 4803 5122 4682 4898 5370 4431 5049 4807 4631 5639 5226 4950 5078 4791 4893 4598 5208 4549 5026 5019 4801 4682 4923 5100 5402 4849 5143 4894 5216 4868 5134 5390 4835 5012 4759 4768 5498 5232 4646 5212 4863 4829 4735 5154 5079 5138 4600 5252 5283 4753 5320 5081 5336 4804 5160 4770 4716 4849 4340 5267 4821 4577 4578 4725 5005 4981 5440 4916 5240 5075 5133 4795 5012 4953 5412 5323 5002 4994 4794 4887 5206 4897 5177 4880 5261 4809 4869 5147 4553 4659 4907 5191 4460 5063 4895 5009 4919 4929 5199 5185 4744 5532 4724 4888 5058 5108 4937 4610 5097 5155 5041 5083 4885 4871 5350 5375 5074 4906 5239 4817 4635 4969 5360 4868 4958 5035 4946 4871 5240 5315 4977 4907 5487 4866 4945 5124 4939 4977 5047 5041 4837 4694 5347 4734 4777 5410 4143 5212 5653 5070 5121 4945 5123 5064 5059 5450 4773 5314 5153 4427 5168 4558 4764 5089 5252 4857 4830 4911 4903 4689 4959 5383 5179 4751 5030 5225 5180 4746 5014 4688 5018 4935 4851 4740 4922 5379 5023 4859 5421 5164 5047 4696 5404 4992 4753 4544 5243 4641 5133 5535 4955 5063 4865 5233 4877 5306 5180 5058 5208 5504 4705 4779 5259 5063 5124 5220 4988 4998 5112 4684 4676 4666 4917 5194 5530
4807 5443 5044 5099 5062 4836 4921 5004 5197 5018 4751 5312 5226 4790 4859 5294 5307 5733 5093 4809 4878 5175 5027 5111 5647 4622 5384 5260 5200 4984 5374 5081 5269 4943 5283 5314 4570 4979 5198 4586 5434 5596 5190 5056 4999 5411 5119 5385 4742 4770 5349 5043 4785 5200 5253 5444 5186 5550 5359 5475 4864 5063 5357 5328 4938 5134 4860 5629 5360 4708 5212 5320 5016 4952 5291 5297 5072 5029 5403 5589 4869 5311 5268 5375 5193 5292 4850 4995 5023 4439 4887 4932 4789 4673 5005 5507 5133 5785 5058 5191 5294 5409 5098 5262 5330 5265 5078 5086 5286 4915 4914 5041 5158 5227 4703 5381 4984 5002 5439 5179 4644 5222 5402 4723 5246 4789 5031 5250 5156 5476 5504 4879 5192 5293 4863 5106 5211 5308 4916 5040 5437 5275 4999 5312 5134 5137 5279 5328 5226 5313 5095 5000 5066 5539 4861 5204 5208 5357 5292 5254 5345 5107 4983 5384 5143 4953 5341 5160 5381 5236 5134 5071 4883 5422 4965 4854 5450 4159 5009 5440 5456 5315 4620 5240 5081 5094 5316 4589 5699 5230 5078 4941 4937 5169 5146 5403 5376 4791 5249 4951 4680 4906 5452 5461 4838 5001 5129 5315 4908 4955 4740 5167 5106 5059 4985 5141 5264 5347 5292 5489 5201 5301 5137 5233 4923 5110 4571 5484 4629 5251 5788 5070 5363 5274 5212 5159 5427 5137 5177 5009 5575 4771 5264 5249 4957 5067 5419 5407 5018 5176 4740 5081 4945 4831 5325 5403
4980 5431 4781 4953 5031 4783 4957 4897 4793 4644 4936 5277 5153 4613 4795 5279 5192 5521 5294 4844 5033 4866 4899 4943 5307 5023 4913 5588 5254 4686 5052 4919 5352 4751 4742 5381 4269 4986 4960 4715 5567 5172 5038 4558 5047 5074 4898 5304 4478 4853 5055 4902 4494 5003 4935 4757 5151 5401 5000 5353 4758 4969 5057 5278 4960 4872 4890 5571 5085 4700 4988 5217 5013 4671 5098 5151 5179 4572 5185 5211 4725 5494 4891 5595 4850 5350 4753 4797 4852 4320 5260 4791 4759 4538 5177 5104 4774 5460 5374 5195 5180 5218 5180 4982 5048 5170 5140 4909 5058 4913 5027 5138 4956 4909 5042 5055 4896 5075 5022 4994 4570 4801 5325 4607 5152 5066 4715 4944 4930 5083 5267 5073 5377 4843 4912 5151 5143 4897 4729 5253 5149 4821 4927 5065 5026 5428 4804 5278 5062 5188 4821 5132 5038 5315 4750 5117 4999 5368 4624 5333 5675 5040 4899 5368 4972 5179 5170 4993 5054 5263 5312 5148 4797 5296 4989 4946 5154 4466 4942 5524 5055 5119 4734 4959 4813 5155 5336 4376 5224 4956 4996 5000 4683 4797 4816 5364 4773 4882 4839 4574 4487 4925 5769 5321 4712 5210 5077 5254 4654 5034 4771 5053 5014 4940 5041 5100 5259 4845 5103 5382 4918 5479 4794 5444 5236 4960 4435 4825 4947 5165 5451 5087 4815 4891 5126 4810 5299 4804 4912 5219 5150 4566 5173 5361 4898 5141 5364 4987 4997 5081 4798 5116 4840 4500 5227 5558
4874 5676 5110 5336 5129 5097 5106 5159 5248 4959 5155 5540 5418 4855 5264 5602 5235 5780 5237 5035 5079 5004 5069 5334 5683 4894 5218 5446 5567 5116 5391 5084 5874 4905 5151 5770 4896 5297 5084 4627 5478 5547 5447 5199 5356 5335 4952 5564 4916 5192 5364 5212 4799 5546 5328 5450 5460 5515 5392 5488 5096 5181 5658 5272 5016 5163 5281 5849 5429 4924 5216 5130 5097 4969 5469 5372 5343 4788 5448 5559 5065 5522 5218 5529 5128 5299 4977 5137 5217 4517 4946 5334 5266 4880 5203 5393 4924 6030 5233 5661 5334 5364 5348 5305 5422 5355 5285 5116 5510 4957 4923 5138 5267 5194 5045 5296 5229 5351 5508 5141 4891 5355 5649 4974 5208 4853 5179 5229 5156 5586 5759 5268 5725 5406 5200 5081 5396 5231 4970 5395 5263 5211 5262 5177 5328 5359 5626 5725 5411 5191 5265 5176 5277 5460 5218 5102 5200 5525 5345 5240 5588 5236 4969 5613 5249 5179 5228 5142 5537 5434 5343 5152 4941 5592 5091 5094 5548 4611 4928 5612 5395 5348 5069 5407 5228 5268 5675 4793 5309 5277 4898 5045 5208 5160 4855 5524 5176 4834 5169 5254 4764 4877 5936 5499 5501 5266 5656 5357 4804 5153 4897 5375 5345 5349 5365 5400 5359 5361 5404 5587 5176 5568 5126 5606 5265 5359 4868 5452 4618 5390 5787 5200 5250 5197 5360 5236 5665 4983 5199 5621 5394 4976 5359 5574 5262 5372 5685 5513 5227 5248 5002 5166 5221 4718 5317 5686
4798 5304 4961 4956 4851 4916 4954 4841 4957 4700 4923 5321 5237 4793 4823 5209 5435 5533 4881 4843 4620 4899 4803 4885 5296 4707 5146 5217 5066 4973 4820 4820 5214 4878 4692 5293 4559 5127 4910 4630 5241 5108 5051 4795 4819 5183 4804 5199 4677 4954 5084 4684 4745 4901 5277 5102 4924 5515 5001 5341 4789 4991 5248 4843 4877 4822 4738 5550 5256 4773 5263 4958 4819 4508 5230 5196 5108 4906 5111 5406 4708 5126 4956 5546 5069 4969 4666 4812 5139 4344 5034 4950 4719 4581 5171 5024 4783 5542 4698 5493 5037 5160 4688 5152 4938 5216 5112 5128 5124 4895 4919 4892 5015 5062 4603 5056 4913 5187 5236 4805 4697 4926 5338 4591 4986 4838 5038 5025 5168 5182 5246 4844 5339 4921 4693 4894 5380 4945 4982 4902 5506 5247 5254 5100 4803 5532 5369 5350 5400 5143 4989 4836 4831 5137 4782 4926 4764 4977 4916 5114 5119 4996 4771 5362 4821 5077 5158 5186 5161 5165 5235 5082 4660 5197 4824 5069 5244 4591 5010 5480 5094 4991 4973 5212 5071 5357 5054 4523 5185 5101 4548 4863 4840 4854 4809 5225 4943 4742 4719 4938 4590 4847 5584 5168 4675 4744 5246 5020 5030 5082 4617 5193 4847 4983 4817 5072 5367 4952 5070 5247 4970 5085 4758 5069 5014 5035 4628 5306 4585 4969 5458 5133 5020 5175 4998 4897 5220 5318 5167 5125 5434 4608 5083 5364 4861 5259 5396 5132 4814 4887 4725 4826 4801 4887 5091 5206
5220 5683 5039 5419 5118 5051 4984 5152 5091 5021 5158 5578 5296 5023 4993 5253 5684 5674 5179 5024 5115 5175 5369 5333 5453 4825 5302 5508 5173 5236 5304 5016 5660 5109 5148 5666 4655 5323 5249 5036 5637 5668 5427 4871 5346 5635 5091 5617 4883 5216 5353 5155 4716 5230 5223 5323 5480 5642 5107 5845 4980 5118 5297 5453 5360 5204 5039 5894 5287 4878 5280 5546 5237 4904 5182 5049 5221 4714 5488 5627 4930 5868 5303 5747 5081 5373 5133 5134 5090 4868 5456 5074 5049 5072 5436 5284 5127 5799 5466 5588 5169 5490 5196 5305 5357 5384 5390 5282 5216 5248 4907 5151 5291 4896 5106 5290 4854 5391 5367 4988 4795 5182 5435 4873 5132 5123 5333 5244 5208 5488 5633 5318 5765 5173 5235 5215 5441 5216 4995 5356 5801 5104 5064 5392 4996 5743 5341 5494 5244 5567 5200 5205 5083 5639 4970 5134 5179 5052 5278 5384 5750 5192 5169 5815 5190 5311 5512 5307 5337 5444 5538 5357 5031 5400 5269 5303 5444 4566 5305 5527 5334 5081 5363 5346 5069 5344 5537 4899 5668 5336 4941 5291 4922 5063 5158 5567 5211 4895 5089 5314 4850 4916 6015 5717 5140 5056 5354 5279 5028 5150 5019 5378 5238 5253 5315 5297 5541 5133 5444 5616 5110 5581 5185 5364 5337 5318 4904 5279 4867 5454 5697 5113 5165 5081 5198 5178 5690 5322 5107 5488 5307 4998 5193 5539 5097 5403 5485 5437 5146 5306 5048 5081 5041 4960 5379 5711
4950 5607 5070 5197 5259 5032 5075 5007 5045 4949 4904 5250 5501 4940 4897 5213 5122 5446 5050 4846 4904 5043 5029 5194 5079 4551 5386 5439 5236 5108 5200 5032 5377 4680 4928 5809 4763 4874 4971 4911 5554 5463 5389 5056 5059 5238 5057 5224 4905 4960 5324 4866 4896 5005 5202 5543 4965 5472 5381 5431 4869 5171 5278 5375 4928 5040 5229 5744 5218 4738 5318 4977 5430 4644 5061 5441 5063 4988 5189 5562 5058 5377 5053 5503 4898 5264 4840 4910 4933 4573 5113 4661 5040 4835 5206 5071 4887 5631 5040 5325 5361 5268 5330 5289 5248 5251 5360 5288 5414 5206 5061 5205 5254 4996 4963 5355 5136 5265 5448 5042 4530 4850 5488 4831 5165 4948 5076 5195 5039 5633 5476 4885 5586 5065 4987 5158 5189 5284 4715 5436 5372 5174 5097 5217 5146 5223 5375 5482 5300 5285 5169 4823 5233 5429 5004 5064 5177 5289 5079 5143 5508 4965 4770 5313 5054 5336 5294 5162 5339 5562 5244 4953 4644 5700 4957 5019 5420 4420 5223 5566 5456 5361 4958 5500 4998 5322 5348 4766 5709 5268 5024 4988 4933 4992 4727 5330 5138 4883 4965 4940 4840 4666 5802 5506 5203 4963 5302 5152 4988 5143 4957 5493 5326 5034 5030 5157 5418 5287 5063 5382 5168 5208 4962 5359 5063 5246 4712 5267 4707 5479 5595 5102 5395 5134 5544 5128 5617 5056 5014 5345 5406 4597 5263 5435 5140 5354 5376 5292 5056 4865 4981 4931 5271 4800 5433 5443
5092 5788 5008 5237 5127 5080 5181 5033 5061 4979 5004 5426 5435 4740 5122 5147 5200 5560 5105 4912 4903 5060 5147 5048 5774 4605 5311 5239 4997 5200 5283 5116 5443 4782 5030 5424 4665 5029 5162 4982 5622 5431 5058 5156 5195 5183 5006 5405 4671 5005 5482 4970 4900 5159 5333 5493 5077 5560 5303 5799 5055 5270 5446 5320 5099 5265 5047 5822 5356 4729 5268 5148 4967 4866 5358 5326 5106 4894 5371 5499 4985 5548 5085 5605 5072 5280 4890 4994 5036 4771 5048 4850 4965 4859 5130 5434 5117 5693 4979 5114 5380 5296 5040 5398 5103 5204 5254 5076 5133 4919 4941 5274 5105 5014 4907 5267 4983 5008 5634 4960 4761 5075 5299 4739 5225 4976 5152 5282 5205 5502 5375 5025 5705 5136 4962 5186 5393 5129 4913 5232 5322 5205 5077 5272 4832 5434 5416 5388 5170 5279 5116 5135 5249 5562 4915 4954 5135 5232 5160 5533 5312 4992 4843 5484 5115 5072 5541 5061 5445 5343 5399 5260 4853 5454 5021 5277 5230 4928 5140 5512 5275 5198 5274 5008 5105 4993 5334 4858 5484 5276 5185 5117 4872 4981 4983 5333 5045 4904 5047 5095 4728 4911 5768 5551 5351 5192 5221 5148 4967 5069 4882 5280 5031 5293 5164 5163 5198 5274 5375 5423 5170 5293 4938 5346 4974 5274 4685 5175 4840 5631 5661 5184 5121 5129 5353 5168 5648 5135 5076 5274 5396 4735 5284 5496 5197 5396 5410 5262 4956 5118 4887 4990 4963 5131 5416 5608
4887 5446 4866 5049 5030 5125 5185 4834 5343 4780 4869 5370 5150 4913 4799 5379 4994 5417 5089 5121 4799 4953 5070 5046 5474 4826 5073 5321 5290 4884 5170 4899 5169 4932 4929 5374 4724 5057 5109 4869 5523 5486 5279 4814 5189 5429 4752 5291 4727 5079 5223 5008 4814 5184 5526 5130 5070 5342 4875 5412 4978 5097 5373 5067 4889 5022 4977 5702 5364 4997 5363 5272 5028 4994 5219 5050 5096 4680 5316 5596 4742 5562 4975 5515 5045 5309 4953 4994 5124 4356 5234 4867 4995 4806 4922 5229 5204 5695 5087 5092 4956 5302 5020 5056 5347 5270 5295 4960 5100 5091 5112 5174 4770 4939 5052 5270 5003 5141 5294 4892 4498 5233 5372 4786 5332 5101 5058 5054 4906 5539 5425 4915 5470 4938 5272 4964 5223 5116 5020 5090 5422 5334 5330 5173 5144 5367 5373 5308 5170 5481 5442 5166 4907 5385 4712 5146 5112 5134 5129 5322 5365 4893 5109 5211 4899 5047 5252 4891 5516 5030 5150 5144 4623 5221 5006 5136 5292 4218 5034 5594 5267 5119 4940 5178 5303 5335 5630 4892 5542 5330 4853 4935 4995 5044 4878 5550 5320 4800 5261 5181 4752 4874 5631 5278 5096 5145 5250 5047 4858 5218 4861 5286 5058 5030 5228 5013 5049 5022 5156 5496 5065 5289 4871 5504 4880 5312 4876 5379 4448 5383 5635 5208 5190 5145 5045 4787 5548 4999 4955 5306 5557 4684 5147 5387 4912 5232 5046 5278 4939 5071 4911 5087 5196 4669 5194 5298
4622 5496 4782 5182 5100 5065 4818 4932 5001 4834 4890 5145 5044 4618 4787 5405 5078 5625 5138 4941 4819 5199 5000 5193 5663 4727 5180 5311 5226 4881 4996 4934 5068 4886 4895 5459 4534 4960 4829 4861 5456 5541 5265 4987 5289 5096 4828 5198 4516 5244 4990 4829 4720 5251 4948 5238 5000 5516 5315 5281 4717 5193 5150 5183 5059 4854 5246 5708 5253 4786 5145 5074 4858 4686 5254 5358 4998 4637 5205 5437 5006 5231 5218 5346 5081 5328 4815 4864 4885 4482 5076 4691 4706 5039 5043 5346 5096 5838 5168 5219 5147 5115 4919 5065 5218 5225 5163 5201 5222 5048 4711 4963 5197 4698 4950 5304 4966 4968 5198 4985 4366 5141 5377 4648 5312 4797 4948 5114 4954 5571 5288 5116 5313 4934 5147 5000 5255 5012 4764 5217 5271 5265 5229 5319 4983 5267 5524 5624 5078 5376 5141 4928 4937 5567 4708 5197 4989 5219 4898 5372 5472 5093 4807 5071 5003 5114 5081 4974 5214 5365 5143 5008 4806 5400 4772 5016 4960 4583 5170 5670 5325 5137 4813 4965 5028 5123 5416 4749 5497 5127 5119 5077 4789 5285 5084 5480 5234 4589 4994 4888 4673 4588 5678 5444 5290 5233 5177 4923 4794 5181 4921 5265 4908 5032 5170 4894 5274 5165 5075 5316 5019 5395 4756 5264 5088 4994 4540 5251 4489 5295 5318 4980 5316 5148 5288 4953 5716 5032 5109 5227 5359 4801 5012 5428 5218 5194 5544 4997 5078 4973 5038 4891 5110 4696 5096 5662
5058 5471 4983 5248 4920 4801 5396 5006 4854 4603 4883 5239 5071 4741 4861 5382 5156 5650 5010 4832 5056 4981 5017 5174 5496 4617 5162 5537 5245 4692 5248 5047 5177 4906 4972 5344 4599 5156 5231 4452 5339 5500 5128 5006 5050 5305 4849 5463 4705 4931 5320 4888 5012 5035 5262 5213 5415 5604 5228 5314 5007 5299 5291 5113 4829 5045 5417 5708 5500 4666 5267 5049 5074 4936 5278 5259 5193 4745 5351 5482 4857 5586 5242 5149 5003 5316 4948 4778 5225 4681 5196 5186 4928 4961 5105 5437 5088 5788 5130 5208 5227 5363 5020 5280 5300 5251 5190 5221 5362 4884 4785 5054 4998 5240 5201 5623 5189 5192 5290 5012 4529 5311 5384 4816 5230 5097 5147 5205 5371 5305 5534 5033 5473 5177 5075 5148 5369 5241 4795 5123 5250 5337 5144 5013 5046 5452 5340 5591 5127 5214 5170 4763 4892 5536 5303 5217 5148 5111 4896 5773 5467 5060 5106 5170 5052 5272 5507 5315 5395 5091 5230 5048 4644 5469 5131 4791 5472 4770 5044 5594 5184 5174 4787 5257 5256 5331 5053 5001 5482 5341 4986 5116 4726 4998 5007 5477 5235 4747 5109 4984 4582 4852 5652 5680 5289 5211 5184 5415 4677 5017 4858 5375 4951 5212 5162 5041 5071 5201 5178 5657 5308 5484 4700 5158 5196 5558 4907 5418 4957 5281 5515 5107 5356 5137 5205 4816 5641 5256 5104 5606 5554 4631 5255 5570 5274 5173 5564 5318 5120 5431 4721 5062 5236 4956 5291 5548
4619 5281 4692 5190 5024 4962 4884 5016 5084 4778 4883 5433 5067 4602 4704 5118 5137 5535 4753 4644 4660 5190 4764 5097 5061 4731 5055 5441 5185 4885 5124 4951 4943 5026 5135 5205 4480 4958 4863 4698 5421 5395 5266 4740 4840 4860 4652 5214 4655 4733 5105 5035 4582 4974 5043 5146 5075 5520 5005 5387 5004 4888 5341 5048 5070 4787 5000 5671 5075 4592 4741 4877 4793 4950 5058 5153 4884 4505 5211 5311 4761 5299 5048 5326 4870 5131 4744 4720 4727 4449 4948 4912 4718 4765 4802 5128 4939 5235 5007 5108 5057 5173 5152 5194 4995 5359 5151 5017 4922 4691 4897 4785 5211 4613 5054 5146 5068 5102 5034 4931 4327 4876 5160 4609 5065 5048 4926 4703 4851 5237 5345 4785 5080 4762 4786 4871 5166 5059 4986 4902 5338 5136 5123 4804 5092 5023 5265 5378 5479 5149 4658 5056 4812 5301 4746 5045 5062 5136 4803 5093 5321 4869 4949 5071 5084 5014 5266 5027 5450 5058 5235 4956 4570 5250 4930 4833 5411 4349 4923 5308 5064 4975 4986 5145 4910 4930 5240 4683 5649 5193 4906 4931 4573 4999 4886 5376 4983 4750 4902 5044 4581 4837 5741 5304 4832 4953 5112 4992 4782 4918 4657 5363 5006 4906 4846 4799 5237 5002 5016 5542 4986 5184 4827 5203 5003 5080 4568 5217 4484 4979 5555 4727 5068 4993 5167 4609 5238 4956 4631 5228 5439 4592 5223 5379 4920 5157 5257 4929 5059 4961 4481 5082 5104 4675 5266 5395
4792 5439 5064 5271 5043 5020 5013 5006 4998 4768 4974 5101 5114 4438 5162 5310 5260 5591 4778 4910 5119 5136 4943 5022 5381 4597 5385 5415 5097 5016 4915 4788 5459 4687 4951 5652 4527 5029 5115 4573 5562 5552 4978 5031 4972 5425 4994 5370 4689 5057 5161 4911 4908 5204 5309 5350 5150 5347 5109 5537 4593 5243 5220 5210 5196 5226 5006 5593 5078 4710 5188 5137 5121 4837 5240 5111 5025 4956 5181 5533 4850 5607 5131 5553 5146 5312 4858 5109 5109 4415 5284 4617 4940 4798 5177 5373 5184 6096 5091 5299 5108 5524 5130 4933 5238 5266 5537 5576 4981 4914 5163 4969 4858 5075 4852 5209 4982 4757 5141 4858 4502 5027 5414 4750 5137 4847 5061 5424 5060 5240 5266 5047 5493 5251 5255 4973 5256 5151 4733 5095 5511 5249 5039 5316 4926 5388 5314 5222 5182 5262 4927 5115 4965 5368 4685 5244 5041 5233 4925 5324 5368 4815 4912 5392 5011 5115 5148 4982 5280 5392 5358 5039 4882 5571 5143 5048 5285 4589 4952 5353 5144 5196 5002 5098 5084 5319 5298 4474 5441 5362 5149 5109 4709 5078 5045 5456 5001 4959 4898 5091 4781 4922 5897 5405 4875 5164 5127 5294 4912 4822 4744 5197 5187 4907 5032 4870 5585 5363 5332 5409 5188 5368 4721 5129 5031 5246 4860 5162 4807 5490 5733 5138 4966 4881 5120 5076 5314 5022 4985 5535 5279 4696 5132 5469 5176 5361 5519 5176 5037 5201 4737 4797 5059 5004 5398 5590
4987 5510 4965 5332 5207 5187 5087 5126 5148 5077 5134 5402 5481 5280 5161 5349 5436 5832 5386 4935 4945 4886 5084 5433 5533 4949 5249 5264 5267 5201 5367 5060 5251 5025 5179 5609 4623 5258 5325 4811 5485 5379 5075 5141 5183 5174 4869 5520 4862 4977 5524 5427 4889 5169 5477 5935 5107 5362 5391 5419 5029 5225 5529 5298 5008 5107 5059 5719 5140 5081 5398 5120 5132 5153 5111 5195 5409 4945 5896 5324 4800 5637 5343 5516 5271 5468 5050 5123 4729 4526 5041 4856 4821 5076 5009 5468 5114 5897 4978 5312 5668 5469 5147 5219 5476 5479 5130 5368 5309 4926 4964 5353 5029 4906 5129 5551 5108 5200 5396 5113 4906 5301 5323 4913 5498 5061 5052 5071 4994 5443 5404 4966 5832 5139 4903 5332 5326 5254 4910 4996 5335 5051 5247 5405 5283 5344 5392 5244 5383 5432 5285 5081 4997 5576 4947 5110 5202 5224 5087 4980 5640 5014 5005 5569 5195 5338 5403 5261 5441 5382 5265 5420 4822 5324 5257 5427 5341 4645 5305 5927 5574 5047 4980 5416 5126 5408 5476 5149 5603 5356 4898 5091 4949 5080 4923 5617 5271 5181 5029 5294 4776 5144 5940 5543 5323 5038 5457 5495 4822 5185 5250 5502 5273 5257 5186 5243 5410 5079 5363 5641 5089 5110 5003 5229 5176 5349 4767 5404 5011 5417 5903 5235 4926 5089 5300 5208 5490 5529 5375 5457 5743 4929 5120 5280 5168 5283 5489 5354 5082 5323 5012 5317 5079 4690 5377 5740
4995 5622 4993 5317 5155 5196 4910 5025 5188 4803 4773 5323 5258 5094 5119 5653 5655 5518 5346 4793 4993 5270 4867 5301 5495 4792 5332 5606 5332 5035 4985 5130 5204 4913 5073 5679 4767 5087 5319 4911 5685 5567 5117 4825 5280 5112 4741 5576 5039 5077 5432 5356 4797 4981 5286 5454 5074 5314 5158 5276 5091 5043 5550 5385 5130 5121 5171 5713 5533 4875 5221 5426 5104 4890 5122 5041 5205 4959 5268 5517 5320 5635 5281 5675 5128 5463 4714 4936 4956 4500 5045 5020 4727 4895 5009 5469 5105 5442 5226 5160 5257 5468 5189 5247 5340 5452 5155 5137 5399 5145 5100 5092 5087 4936 4971 5291 5029 5260 5348 4932 4602 5126 5256 4289 5403 4972 5230 5244 5030 5420 5404 4942 5237 5050 5002 5146 5090 5179 5046 5070 5479 5233 5059 5256 5228 5412 5569 5359 5220 5338 5085 5033 5166 5237 4866 5184 5178 5476 4984 5374 5478 5089 5163 5329 5218 5143 5305 5267 5351 5612 5144 5401 4699 5293 5058 4888 5136 4696 5044 5600 5370 5293 4923 5382 4854 5332 5386 4655 5275 5443 5151 5198 5136 4936 4940 5525 5162 4997 5102 5151 4849 4930 5840 5433 4979 5389 5358 5518 4881 5109 4883 5516 5083 4932 5093 5334 5558 5300 5330 5682 5187 5477 4978 5425 5191 5426 5040 5290 4694 5174 5612 5327 5251 5233 5202 5069 5601 5154 5180 5411 5341 4864 5325 5471 5114 5369 5594 5156 4993 5236 4774 4963 5060 4732 5196 5423
5017 5940 5107 5253 5184 5177 5321 5296 5317 4833 5376 5447 5530 5083 5154 5616 5407 5798 5642 4931 5182 5210 5253 5136 5708 4955 5468 5789 5467 5373 5180 5211 5555 5101 5245 5878 4866 5530 5209 4814 5809 5845 5355 5147 5486 5651 5232 5710 4799 5257 5567 5410 4974 5315 5449 5660 5563 5594 5419 5481 4904 5331 5546 5577 5263 5379 5081 5947 5680 4937 5491 5507 5315 5323 5694 5398 5305 5092 5523 5864 5202 5726 5272 5758 5352 5559 5089 5141 5170 4745 5198 5224 5197 4999 5300 5430 5470 6084 5177 5767 5299 5495 5532 5309 5598 5530 5411 5482 5341 5234 5193 5369 5183 5228 5025 5683 5318 5372 5633 5072 4739 5300 5565 4922 5547 5244 5328 5623 5245 5742 5667 5310 5998 5414 5389 5281 5514 5546 5119 5439 5641 5472 5258 5371 5210 5583 5471 5691 5468 5515 5401 5528 5103 5641 5161 5048 5200 5459 5364 5676 5885 5436 5316 5513 5562 5369 5475 5297 5552 5492 5432 5272 5300 5757 5283 5135 5613 4607 5288 5778 5400 5356 5199 5300 5357 5593 5849 4989 5854 5293 5409 5381 4780 5357 5116 5676 5364 4937 5487 5011 5071 5146 6019 5721 5470 5510 5387 5500 5175 5138 5160 5319 5469 5283 5352 5481 5451 5330 5361 5686 5410 5665 5147 5663 5516 5662 4791 5436 5132 5496 5815 5635 5272 5457 5501 5356 5771 5498 5413 5650 5676 5021 5362 5928 5590 5507 5754 5452 5102 5465 5178 5253 5203 4852 5365 5594
4543 5050 4718 5093 4804 5054 4917 4957 5013 4424 4906 5167 4984 4780 4843 5186 5017 5468 4721 4502 4606 4821 4754 4903 5102 4504 4949 5457 5022 4906 4820 4729 5373 4779 4814 5311 4367 5004 4627 4617 5276 5186 5041 4784 4783 5306 4723 5310 4712 4986 5231 4612 4770 5152 5251 5259 4957 5247 4647 5334 4891 4629 5133 4824 4720 4918 4633 5502 5127 4555 4944 4900 5039 4865 4820 4968 4966 4651 5049 5310 4878 5056 5225 5395 4853 5055 4641 4851 4884 4234 4976 4791 4764 4361 4739 5092 4677 5286 4920 5269 4742 5047 4723 5079 5083 5017 4915 4976 5075 4993 4723 4981 4983 4748 4612 5286 4813 4873 5161 4501 4709 4925 5121 4652 4867 4646 5003 4954 4862 5247 5019 4820 5539 4914 5043 4977 5232 4840 4543 4830 5226 4699 4711 5127 4706 4979 5225 5308 5147 5014 4926 4754 4921 5271 4939 4771 4920 5155 5063 5255 5274 4770 4709 5204 5060 5256 5226 4694 5298 5160 5082 4950 4686 4983 4835 4780 5392 4191 4954 5376 5249 4981 4810 4971 5047 4961 5200 4681 5540 5083 4722 4983 4928 4496 4654 5074 4889 4710 4664 4974 4524 4811 5190 5275 4899 4945 4961 4983 4646 4701 4928 5075 4704 4890 4774 5088 5100 4966 5027 5450 5013 5218 4785 5047 4712 4998 4488 5093 4386 5004 5560 4959 4815 4624 5052 4705 5402 5076 5060 5350 4937 4523 4820 5369 4796 5015 4984 4996 4745 4753 4900 5003 5086 4724 5057 5076
4745 5293 4712 5176 4950 4801 4830 4820 4880 4688 4878 5318 4995 4666 4686 5129 4956 5348 4527 4712 4587 4940 4724 4866 5150 4516 5054 5290 4816 4891 4971 4862 5236 4517 5178 5404 4292 4822 4926 4646 5262 5502 5122 4930 4896 4989 4682 5181 4651 4943 5051 4971 4703 4763 5234 5085 4800 5243 4696 5149 4611 4838 4809 4697 4714 4743 4731 5517 5153 4632 5169 4829 5078 4567 4808 4987 4987 4481 5126 5384 4720 5313 5163 5025 4958 4910 4603 4878 4816 4291 4802 4678 4648 4865 4865 5216 4743 5683 4922 5090 5011 5352 4801 4847 5120 5187 4815 5108 5016 4809 4711 5156 4823 4853 4846 4814 4784 4895 4980 4556 4430 5010 5253 4385 5073 4895 5102 4775 4779 5111 5128 4759 5389 4938 4861 4688 5074 4894 4771 4879 5000 4779 4978 4902 4797 5457 5306 5294 5057 4936 4731 4953 4884 5069 4805 4865 4979 4657 4804 5117 5202 4933 4824 5274 4838 5048 4850 4839 5318 4896 4900 5072 4700 5211 4686 4910 5181 4357 4976 5267 5014 4880 4812 5186 4935 4969 5140 4431 5243 5004 4480 5016 4453 4818 4849 5414 4997 4679 4483 5102 4504 4790 5499 5066 4940 4747 5198 4907 4616 4957 4797 5074 4689 5137 4866 5078 5212 4926 5064 5355 4852 4829 4625 5155 4929 4949 4692 5118 4676 5138 5367 5118 4995 4558 5073 4957 5358 4973 4992 5237 5106 4464 4764 5152 4993 4895 5107 4886 5019 4796 4847 5116 4706 4627 4844 5466
5072 5674 5022 5275 5101 4950 5158 5188 5328 4919 5322 5536 5371 4791 5013 5348 5581 5610 4983 5120 5009 5128 4989 5263 5451 4881 5279 5528 5272 5096 5042 4997 5563 4827 5347 5796 4604 5108 5308 4767 5491 5571 5413 5168 5340 5476 5126 5557 4674 5028 5402 5298 4892 5250 5135 5322 5272 5511 5176 5571 5217 5221 5583 5195 5141 5117 4984 5880 5291 4953 5292 5239 5188 5056 5156 5237 5396 4897 5390 5673 4924 5653 5363 5283 5162 5589 5090 4906 5160 4413 5367 4981 4984 4817 5133 5372 4945 5764 5311 5367 5309 5534 5150 5541 5167 5570 5521 5314 5458 5042 4955 5199 5164 5096 4925 5579 5080 5351 5127 4994 4820 5164 5320 4890 5195 5112 5272 5303 5131 5708 5361 5131 5624 5016 5245 5193 5362 5337 4674 5342 5460 5375 5209 5504 5195 5683 5425 5329 5303 5151 5184 5179 5134 5470 4730 5232 5312 5099 5415 5344 5605 5307 4891 5470 5429 5235 5659 5122 5473 5193 5506 5200 4842 5755 5000 5313 5530 4579 5209 5717 5518 5383 5052 5346 5444 5076 5307 4962 5504 5145 4855 5146 4939 5271 5197 5692 4927 4790 5066 5369 4836 4912 6003 5607 5210 5247 5471 5350 4963 5502 5080 5415 5243 5173 5139 5085 5235 5437 5347 5714 5260 5291 4902 5331 5309 5215 4538 5446 4845 5782 5804 5214 5165 5155 5296 5213 5580 5139 5204 5612 5467 4744 5185 5674 5225 5375 5525 5184 5273 5245 4874 5134 5441 4969 5478 5763
4985 5323 4874 5170 4997 5193 4962 5421 5054 4785 5175 5343 5469 5058 5269 5419 5396 5676 5120 5105 4960 5342 5181 5262 5378 4860 5020 5391 5290 5131 5041 5046 5187 5104 5324 5520 4607 5171 5125 4960 5720 5615 5123 5016 5161 5369 5032 5440 4750 5120 5253 5231 4810 5206 5302 5523 5256 5538 5446 5636 5068 5282 5342 5321 5068 5223 5261 5756 5230 4832 5246 5182 5198 5118 5065 5416 5272 4707 5438 5422 4682 5495 5373 5539 5026 5283 4918 5066 5103 4696 5317 5070 4755 4874 4999 5276 5210 5854 5153 5414 5349 5534 5143 5251 5285 5627 5081 5125 5292 4955 5014 5196 5282 5248 5339 5479 5016 5176 5415 5207 4877 5180 5317 4554 5454 5023 5048 5230 5125 5512 5640 5069 5692 5022 4947 5171 5461 5225 5075 5075 5512 5126 5242 5244 5135 5402 5460 5547 5175 5323 5332 5087 5007 5511 4942 4962 5139 5369 5101 5436 5614 5183 5164 5488 5265 5279 5292 5293 5377 5394 5228 5226 4764 5464 5308 5116 5476 4657 5289 5626 5444 5086 5036 5316 5266 5243 5427 5130 5762 5258 5131 5078 4897 5101 5104 5644 5211 4839 5155 5280 4730 4896 5867 5633 5277 5343 5348 5331 4667 5201 4805 5149 5103 5120 5323 5235 5649 5248 5352 5518 5410 5086 4931 5077 5249 5312 4831 5184 4774 5181 5666 5127 5317 4992 5475 5049 5517 4961 5073 5206 5353 4793 5354 5692 5195 5458 5507 5316 5032 5219 5049 5543 5258 4923 5226 5815
4907 5438 4712 5064 5010 4712 5086 4856 4930 4853 4965 5237 5173 4582 4992 5166 5289 5597 4771 4532 4926 5096 4824 5003 5340 4391 5077 5290 5246 4993 5037 4723 5217 4775 5151 5379 4492 4899 5134 4803 5338 5562 5058 4701 5002 5193 4902 5301 4880 5073 4952 4876 4707 4857 5219 5245 5207 5507 5055 5305 4516 5079 5135 5056 4781 5025 4935 5568 5094 4760 5064 4980 4896 4801 4895 5184 4957 4704 5146 5624 4671 5396 4836 5310 5072 5152 4945 5087 4797 4464 5201 4800 5171 4560 5226 5125 4904 5809 4893 5342 5006 5050 5077 5024 5016 5320 5134 4991 5246 4965 4778 4887 5287 4600 4971 5113 4862 5152 5105 4743 4690 4800 5390 4568 5103 4874 4986 5004 4973 5168 5500 5011 5275 4854 4976 4861 5204 4945 4694 5109 5221 4980 4955 5282 4730 5310 5285 5307 5095 5015 4991 5043 5055 5271 4747 4945 5064 4924 4989 5214 5485 5109 4657 5249 4935 5003 5135 4925 5150 5288 5076 5004 4660 5149 5329 4830 5292 4751 4882 5373 5172 4949 4900 5057 4969 5264 5362 4676 5307 5089 4866 4857 4660 5077 4534 5148 4943 4801 4833 4879 4546 4799 5676 5352 4728 4853 5115 5347 4437 4909 4553 5262 4861 4862 5005 5103 5346 4866 5057 5620 5019 5313 4844 5140 5317 5132 4666 5175 4746 5265 5509 5270 4840 5094 5087 4980 4997 5035 5030 5080 5221 4552 4932 5471 4926 5279 5241 5376 4999 5089 4837 5135 4977 4543 5115 5467
4711 5220 4645 5010 4846 4760 4636 5073 4839 4692 4793 5218 4899 4681 4798 5054 5152 5235 4854 4552 4793 4944 4816 4820 5042 4387 4917 5086 5007 4673 5246 4989 4951 4761 4963 5308 4404 4671 4855 4694 5247 5182 4938 4635 4755 5050 4861 5203 4639 4912 5218 4747 4771 5059 5222 4949 4810 5271 4931 5206 4774 4995 5139 4862 4761 4917 4859 5568 4996 4396 5077 4874 4947 4698 5026 5143 4882 4676 5048 5435 4850 5262 5086 5085 5271 5025 4592 4586 4815 4206 4960 4571 4864 4477 4836 5271 5159 5527 4917 4926 4879 5277 4788 5088 4788 5072 4864 5054 4899 4665 4877 4916 4764 4928 4887 5170 4710 4781 5043 4718 4391 5008 5223 4462 5102 4641 4912 4983 4813 5435 5297 4766 5360 5190 4807 4720 5033 4739 4413 5256 5339 5004 4925 4895 5048 5135 5158 5109 4602 5151 4791 4594 4812 5029 4714 5137 4828 4971 4733 5249 5299 4757 5286 5043 4593 4723 4918 5189 5261 4892 4704 5013 4557 5032 4802 4679 5320 4375 5076 5447 4952 5004 5010 5038 4952 5067 5156 4512 5212 4941 4660 4955 4728 4521 4625 5474 5092 4437 4621 5045 4507 4674 5410 5326 4768 4980 4997 5038 4586 4963 4922 4982 4673 4865 4738 5088 5020 5185 5061 5485 5136 5048 4626 5192 4833 4950 4756 4993 4446 4870 5665 5170 4845 4534 4924 4663 5406 4813 4736 5199 5253 4395 4987 5200 5170 5146 5105 4912 4778 5081 4916 4562 4937 4512 5036 5210
4592 5148 4664 4895 4906 4719 4694 4602 4625 4448 4537 5159 5063 4392 4711 5074 4939 5490 4948 4268 4477 4904 4802 5013 5189 4222 4768 5088 4843 4828 4993 4668 4918 4823 4893 5003 4272 4679 4635 4339 5264 5062 4848 4614 4854 5055 4621 5122 4576 4792 5071 4566 4830 4758 5022 5241 4788 5231 4722 4980 4820 4689 5093 4966 4609 4840 4950 5399 4842 4713 4995 4850 4646 4761 4752 4779 4980 4455 4891 5141 4809 5129 4827 5028 4807 4744 4826 4713 4548 4433 4853 4552 4703 4788 4973 5356 4625 5242 4788 4792 4922 5031 4837 4866 5145 5139 5099 4917 5099 4609 4637 4921 4871 4830 4838 5235 4841 5009 5059 4801 4375 4652 4852 4428 4858 4687 4726 4926 4756 4984 5005 4759 5034 4590 4716 4942 5078 5020 4707 4870 5085 4670 4702 4845 4699 5090 5021 4896 4907 4900 4755 4660 4806 5086 4617 4952 4876 4929 4939 4996 5183 4682 4885 4956 4810 4870 5033 5081 4923 4874 4856 4850 4488 5003 4806 4877 4932 4385 4998 4975 5191 4823 4679 5043 4774 4990 5155 4688 5059 4850 4652 4821 4703 4542 4798 5194 4908 4668 4790 4657 4365 4492 5258 5214 4703 4904 4931 5122 4387 4824 4467 4991 4782 4893 4868 4971 5024 4904 4887 5398 4839 5000 4320 4862 4666 5000 4363 4948 4633 5107 5311 4868 5210 4693 4895 4746 5035 4973 4871 5364 5047 4484 4779 5282 4885 5284 5087 5050 4934 4835 4856 4897 4976 4417 5133 5487
4946 5757 4958 5176 5009 5121 5222 5098 5057 4802 5108 5419 5443 5016 5238 5416 5744 5815 5248 5115 5027 5037 5104 5098 5710 4804 5417 5753 5253 5083 5248 5038 5388 5008 5220 5765 4739 5043 5378 4585 5299 5603 5468 5050 5477 5511 4936 5533 4628 5143 5391 5193 4979 5444 5144 5545 5257 5483 5401 5540 4879 5433 5478 5494 5211 5162 5376 5748 5531 4725 5483 5200 5081 5045 5225 5504 5173 4978 5470 5522 5386 5609 5366 5511 5052 5629 4990 4728 5050 4386 5191 5123 5025 4768 5410 5332 5180 5707 5397 5415 5318 5240 5367 5524 5498 5373 5541 5373 5469 4964 5075 5285 5367 4959 5022 5434 4988 5463 5670 5177 4677 5207 5432 4906 5159 5017 5155 5356 5030 5557 5350 5038 5557 5221 5194 5152 5371 5205 4957 5349 5250 5066 5152 5313 5078 5527 5454 5500 5234 5383 5043 5098 5128 5753 4934 5244 5321 5548 5117 5567 5877 5177 5143 5450 5006 5169 5568 5019 5195 5452 5420 5140 4775 5751 5061 5302 5636 4556 5316 5544 5435 5442 4990 5153 5233 5391 5263 5118 5564 5473 5057 5220 4886 5237 5159 5611 5112 4688 5406 4980 4805 4940 5825 5653 5106 5326 5308 5342 5143 5275 5018 5379 5265 5122 4992 5001 5287 5359 5314 5553 5252 5529 4936 5319 5097 5470 4828 5344 4968 5672 5775 5389 5550 5039 5402 5373 5649 5476 5279 5399 5724 4718 5229 5665 5241 5339 5520 5419 5318 5217 4966 4850 5158 5032 5756 6038
4854 5491 4707 5284 4944 4912 4854 5022 5033 5016 5023 5225 5287 4884 5107 5384 5172 5820 4956 4643 5006 4843 5105 5145 5407 4722 5365 5305 5432 5124 4845 5048 5115 4879 5230 5454 4752 5168 5299 4846 5702 5725 5207 4982 5152 4953 4864 5263 4805 5297 5403 5104 4692 5052 5333 5093 5119 5466 5115 5220 5113 5184 5417 5190 5238 4901 4829 5633 5307 4808 5250 5094 5211 4790 5071 5366 5061 4594 5450 5480 4705 5414 5295 5132 5249 5305 4927 4936 4845 4554 5237 4610 4868 4845 5051 5517 5051 5858 5164 5199 5133 5197 4940 5150 5007 5392 4920 5255 5436 4943 5011 4937 5097 5052 5444 5122 5187 4920 5280 4933 4674 5059 5190 4713 5150 4873 4753 5196 4969 5248 5604 4880 5736 5142 5219 5049 5339 5186 4624 5303 5079 5268 5034 5162 5049 5483 5224 5326 5330 5264 5026 5138 4926 5444 4901 5241 5242 5298 4952 5353 5674 5151 5124 5292 4952 4656 5190 5094 5337 5354 5343 5384 4608 5269 5050 5268 5477 4647 5077 5344 5128 4921 5223 4788 5130 5154 5525 4914 5339 5388 5066 5240 4793 5008 4969 5521 4987 4849 4919 5042 4702 4974 5631 5544 5100 5282 5508 5057 4752 5375 4753 5022 5009 5037 5006 5252 5425 4992 5387 5487 5044 5298 4825 5293 5092 5128 4721 5048 4644 5209 5607 5364 4937 5031 5448 5108 5375 4998 5099 5429 5279 4690 5056 5542 5139 5328 5509 5207 5094 4939 4548 4885 4835 4877 5235 5383
4540 5239 4644 4725 4618 4766 4657 4806 4769 4411 4607 4992 4786 4556 4585 5186 4869 5131 4849 4414 4719 4706 4662 4713 5221 4302 4759 5118 5075 4677 4813 4864 5037 4470 4669 5171 4401 4748 4714 4302 4986 4971 4882 4661 4809 5084 4813 5101 4663 4636 5178 4860 4538 4892 4942 5051 4776 5016 4855 4980 4634 4714 4856 4734 4389 4921 4639 5233 5040 4505 4906 4811 4553 4638 4917 4881 4807 4352 4686 5199 4605 5084 5013 4710 4757 4851 4531 4533 4766 4223 4936 4477 4512 4389 4926 4898 4433 5366 4837 5114 4869 4891 4784 4947 5054 4751 4849 4987 5027 4791 4649 4696 4582 4863 4704 5031 4724 4957 5002 4601 4461 4888 4964 4375 5012 4589 4694 5022 4775 5134 4920 4921 5240 5011 4775 4931 4913 4849 4445 4927 5057 4877 5097 4622 4708 4996 5027 5012 4731 4822 4914 4614 4659 4999 4774 4783 5012 4982 4826 4923 5103 4591 4921 5124 4559 4590 4836 4699 5018 4814 4946 4764 4217 5224 4693 4693 4948 4409 4564 4934 4846 4678 4554 5016 4874 4761 4844 4719 4817 4769 4583 4814 4391 4628 4595 5217 4972 4413 4929 4643 4354 4438 5309 5102 4974 4897 4926 4880 4532 4788 4484 4845 4628 4771 4517 4682 5018 4824 4796 5288 4782 4970 4496 4900 4807 5164 4610 5019 4566 4980 5362 4925 4793 4655 4818 4592 5182 4818 5006 5087 5178 4475 4841 5102 4651 5089 4929 5114 4843 4729 4744 4615 4708 4588 4723 5132
4716 5438 4827 5249 4942 4913 5025 4921 5272 4827 5128 5425 5093 4849 5364 5042 5312 5777 4905 4885 4785 4991 5055 5022 5478 4796 5217 5625 5530 5100 5153 5145 5279 5129 5037 5542 4494 5042 5156 4885 5187 5392 5208 4816 5112 5488 5047 5228 4745 4929 5287 4980 4834 4924 5168 5278 5174 5434 5144 5108 4704 5092 5193 5207 4964 5144 4985 5755 5178 4554 5163 4967 4805 5008 4914 5202 5113 4946 5257 5352 4799 5155 5073 5165 5079 5333 4546 5027 4889 4274 5200 4794 4759 4633 5073 5254 4895 5620 5126 5155 5129 5154 5494 5318 4808 5287 5437 5521 5659 4982 4964 5101 4948 5011 5005 5443 5040 5236 5246 4889 4494 5090 5368 4602 5156 4853 5161 4949 5185 5207 5287 4963 5349 5196 4950 4794 5185 5015 5013 5178 5587 4941 5078 5218 5062 5525 5522 5355 5158 5377 5094 5173 4890 5270 4708 4998 5011 5275 5028 5323 5515 5282 4959 5238 4659 5180 5244 4981 5390 5061 5412 5128 4576 5669 5102 5228 5392 4479 5285 5589 5216 4934 5066 5257 5090 5649 5083 4761 5570 4995 4806 5003 4606 5071 5199 5459 5400 4662 4784 5040 4596 5083 5551 5656 4813 5217 5365 5218 5079 5039 4975 5262 5125 4984 4870 4980 5214 4995 5056 5420 5130 5419 4780 5060 5247 5230 4902 5259 4870 5304 5595 5170 5038 5066 4943 4924 5366 5071 4849 5072 5470 4533 5322 5457 4891 5054 5470 5382 5156 4877 4662 5140 4977 4765 5210 5515
5105 5498 5013 5587 5021 5051 5131 5205 5330 4866 5413 4964 5400 4980 5114 5482 5531 5768 5166 4833 4903 5085 5043 5189 5585 4751 5496 5372 5204 4946 5494 5161 5582 4943 5115 5604 4687 4950 5328 4857 5647 5490 5300 5099 5056 5113 4962 5476 4839 5241 5486 5174 4832 5472 5268 5189 5356 5526 5410 5626 5015 5143 5116 5319 4992 5157 5163 5766 5509 5021 5433 5246 5166 5056 5201 5501 5021 4893 5326 5500 4837 5201 5263 5596 5236 5320 4916 4858 4759 4568 5317 4967 5016 5041 5219 5349 5256 5951 5335 5512 5385 5329 5161 5167 5230 5268 5280 5211 5190 5155 5147 5188 5542 4889 4931 5386 5028 5370 5663 5369 4760 5155 5314 4796 5186 5068 5158 5272 5181 5609 5560 5178 5595 5165 5142 5082 5433 5118 4805 5214 5135 5107 5155 5432 5206 5419 5596 5732 5446 5621 4997 5004 4986 5323 4849 5444 5303 5328 5232 5504 5660 5047 5084 5427 5287 5259 5379 5103 5414 5432 5331 4811 5054 5627 4985 5100 5366 4426 5338 5912 5517 5462 4963 5447 5337 5278 5535 4911 5574 5216 5075 5085 4831 5064 4921 5609 5482 4992 5419 5215 4757 5201 5547 5496 5098 5247 5402 5463 5159 5064 5098 5319 5096 5227 5178 5207 5315 5341 5133 5464 5278 5324 4798 5384 5362 5302 4758 5278 4854 5575 5785 5249 5233 5083 5322 5219 5512 5187 5026 5456 5520 4858 5258 5509 5260 5280 5539 5405 5216 5020 4868 5307 5306 4794 5342 5466
5098 5881 5248 5302 5327 5312 5423 5238 5530 4988 5290 5463 5505 5040 5242 5508 5464 5867 5458 5387 5152 5389 5240 5299 5658 4801 5300 5460 5500 5506 5549 5340 5550 5080 5473 5713 4728 5445 5375 5224 5644 5662 5564 5164 5572 5342 5184 5564 4871 5146 5461 5238 5017 5415 5410 5470 5242 5686 5574 5474 5199 5391 5577 5394 5228 5412 5208 5968 5591 5083 5524 5373 5398 5265 5562 5471 5348 4914 5570 5706 5206 5654 5343 5742 5507 5435 5206 5013 5070 4769 5504 4962 5224 5171 5240 5564 5284 6016 5396 5632 5332 5558 5076 5411 5367 5571 5114 5273 5459 4960 5451 5276 5568 5097 5263 5750 5245 5473 5519 4989 4951 5518 5365 5176 5682 5271 5141 5202 5377 5646 5779 4989 5742 5113 5400 5220 5336 5445 5005 5482 5780 5573 5325 5561 5394 5615 5594 5448 5283 5601 5444 5165 5432 5766 5105 5057 5660 5409 5467 5575 5935 5100 5113 5690 5176 5178 5395 5498 5772 5672 5208 5696 5040 5645 5229 5329 5562 4969 5393 5926 5465 5373 5308 5414 5282 5398 5672 5116 5846 5658 5113 5203 5008 5263 5062 5966 5362 4941 5463 5431 4939 5171 5959 5776 5336 5415 5738 5339 5150 5581 5106 5533 5227 5431 5320 5658 5615 5367 5636 5657 5692 5626 5300 5806 5144 5397 4940 5462 5095 5403 5848 5547 5394 5485 5424 5309 5758 5087 5367 5407 5650 4973 5451 5855 5369 5684 5447 5484 5322 5214 5008 5185 5256 4838 5644 5623
5536 5661 5128 5502 5363 5432 5067 5184 5309 4905 5366 5691 5667 4862 5426 5571 5506 5718 5157 5146 5096 5354 5025 5366 5635 4872 5508 5598 5778 5111 5149 5284 5474 5234 5442 5603 5062 5202 5394 5208 5791 5828 5393 5214 5283 5517 5266 5729 5098 5285 5596 5372 5095 5565 5935 5438 5352 5602 5368 5700 5169 5538 5505 5327 5286 5159 5296 6277 5474 4897 5785 5360 5307 5261 5241 5662 5224 4826 5546 5729 5088 5856 5448 5796 5325 5602 5023 5172 5188 4625 5286 5281 5098 5000 5365 5620 5722 5884 5397 5640 5613 5613 5463 5254 5612 5788 5500 5332 5397 5251 5373 5274 5409 5491 5381 5341 5272 5449 5857 5313 4878 5449 5679 4921 5593 5001 5411 5306 5236 5723 5773 5274 5514 5354 5254 5383 5517 5494 5063 5481 5579 5336 5390 5513 5289 5534 5830 5633 5429 5454 5366 5188 5290 5659 5110 5518 5380 5514 5462 5415 5716 5406 5359 5809 5211 5393 5355 5511 5277 5456 5631 5039 4921 5701 5474 5138 5683 4768 5436 5681 5461 5514 5197 5630 5295 5556 5368 5124 5696 5413 5297 5523 5175 5293 5152 5703 5619 5111 5399 5433 4787 5085 5863 5673 5278 5465 5616 5436 5200 5395 5050 5514 5341 5064 5387 5310 5624 5651 5380 5908 5476 5575 5256 5685 5314 5455 5061 5280 5130 5806 5885 5474 5491 5166 5466 5255 5705 5321 5080 5501 5685 4647 5794 5725 5310 5649 5682 5660 5539 5256 5239 5378 5399 5262 5389 5785
4901 5428 4648 5119 4905 4658 4734 5024 4865 4771 4950 5262 5177 4653 5098 5259 5348 5746 4956 4947 4940 5209 4995 4974 5353 4622 5369 5169 5156 4647 5095 4745 5119 4658 5070 5585 4278 4995 5237 4588 5503 5605 5056 4883 4970 4865 4973 5257 4658 4925 5243 4838 4678 4768 5174 5109 5235 5261 5179 5059 4755 4958 5232 5436 5046 4950 5037 5449 5151 4965 5025 5058 5133 4750 4892 5236 4938 4625 5406 5565 4768 5497 5067 4987 4798 5000 4750 4873 4872 4533 5049 5029 4852 4633 5239 5133 4949 5950 5113 5306 4843 5334 5218 4942 5109 5034 5200 5217 5210 5012 4749 5222 5170 4830 5017 5283 4826 5369 5021 4993 4497 4865 5249 4655 5104 5037 4993 4674 4823 5349 5322 5145 5604 4926 4960 4899 5373 5034 4637 5365 5188 5177 4967 5395 5238 5303 5334 5248 5176 5037 4956 5171 4976 5094 4743 5212 5091 5296 4948 5203 5421 4942 5076 5201 5216 5060 5328 5141 5485 5085 5284 4868 4811 5367 5097 5177 5245 4458 5182 5455 5297 5174 4984 5167 4993 5221 5166 4836 5230 5123 4984 4859 4845 4933 4626 5412 5128 4887 5055 5004 4700 4935 5727 5360 5130 5014 5295 5202 4907 4990 4675 5235 4838 5014 5064 5084 5204 4987 4853 5386 5054 5054 4702 5006 5315 5216 4813 4965 4762 5319 5763 5483 4883 5023 5190 5092 5270 4963 4966 5080 5207 4563 4897 5582 5083 5083 5422 5135 5101 4767 4845 5122 5222 4659 5268 5561
4896 5347 4811 5193 5154 4989 5029 5181 5026 4950 5183 5583 5162 4761 5386 5604 5292 5780 5408 5054 4889 4958 5007 5150 5606 4671 5203 5511 5449 4921 4992 5155 5363 5062 5174 5466 4854 5269 5197 4864 5514 5619 5172 4847 5125 5204 4893 5393 4905 4934 5351 5278 4954 5282 5396 5267 5291 5647 5115 5486 4960 5309 5392 5444 4909 5443 5174 5707 5415 4926 5505 5199 5117 5048 5315 5080 4992 4797 5528 5488 5025 5510 5386 5631 5198 5275 4827 4891 4997 4247 5179 5246 4963 4720 5189 5173 5133 5879 5492 5486 5274 5270 5353 5094 5375 5391 5178 5419 5326 5471 4925 5012 5315 5098 4854 5417 4953 5080 5252 5131 4689 5147 5387 4797 5458 5109 5188 5055 5077 5778 5429 5319 5748 5033 5105 5282 5427 5426 4697 5072 5429 5043 5280 5397 4900 5427 5535 5363 5453 5349 5312 5082 4979 5497 4987 5297 5281 5490 5137 5245 5388 5047 5101 5252 5342 5199 5350 5331 5432 5438 5379 5291 4873 5601 5014 5051 5316 4709 5164 5477 5360 5257 5029 5497 5013 5544 5357 4960 5527 5138 5018 5177 4956 5185 4767 5511 5359 4989 5180 4842 4769 5215 5957 5615 5199 5128 5386 5487 4846 5050 4840 5279 5034 4975 5109 5336 5381 5346 5329 5549 5189 5569 4917 5347 5102 5479 4840 5492 4813 5743 5913 5524 5180 5138 5358 5278 5561 5264 5073 5511 5562 4740 5358 5606 5220 5278 5667 5316 4885 5350 4954 5027 5290 4747 5399 5495
5018 5580 4860 5261 5052 5239 4975 5151 5186 4655 5111 5749 5225 5067 5427 5292 5383 5697 5457 4757 5180 5116 5211 5107 5688 4937 5300 5517 5359 5142 5166 5027 5335 5070 5280 5525 4699 5223 5094 5051 5654 5608 5197 4956 5145 5111 4882 5493 4848 5000 5575 5016 4824 5114 5221 5440 5015 5425 5070 5412 5007 5071 5424 5443 4912 5250 5135 5711 5346 4703 5115 5300 5361 5167 5023 5434 5297 4954 5400 5471 4854 5467 5253 5683 4842 5315 5065 5147 4939 4754 5200 5024 5075 4585 5332 5397 5114 5519 5254 5325 5243 5512 5262 5240 5310 5492 5261 4899 5377 5253 5101 5322 5380 5178 5192 5468 5165 5440 5541 5020 4902 5081 5258 4832 5185 4951 5146 5387 4939 5336 5732 5038 5559 5082 5016 5142 5113 5184 5025 5269 5445 5194 5109 5222 5049 5396 5234 5316 5318 5366 4985 5184 5269 5678 4982 5147 5336 5495 5046 5334 5849 5419 5151 5351 5028 5123 5350 5063 5758 5339 5428 5293 4968 5619 5091 5052 5511 4613 5467 5571 5488 5109 5026 5469 5415 5139 5521 5023 5537 5354 4930 5189 4887 4976 5235 5367 5457 4748 5355 5295 4938 5217 5701 5665 5074 5223 5453 5418 4951 5150 5079 5494 5077 5158 5145 5242 5307 5246 5251 5553 5280 5315 4905 5364 5050 5421 4778 5290 4894 5253 5614 5348 5383 5282 5254 4994 5541 5010 5083 5273 5160 4701 5271 5732 4922 5393 5420 5346 5158 4930 5076 5050 5333 4558 5499 5529
5204 5473 5243 5388 5016 5393 4907 5115 5038 4684 4981 5508 5393 4788 5171 5161 5233 5648 5226 4800 4905 5071 5130 5427 5661 4983 5293 5442 5315 4845 5263 5064 5250 5088 5378 5618 4657 5104 5114 4919 5577 5562 5341 5010 4990 5473 4837 5660 4945 5003 5296 5152 4985 5234 5454 5453 5160 5541 5292 5495 4960 5216 5328 5314 4926 4931 4930 5921 5377 4916 5193 5372 5292 5308 5353 5304 5369 4695 5099 5434 4936 5600 5353 5370 5136 5566 4557 5242 5018 4596 5082 4817 5257 5172 5271 5449 5234 5724 5095 5506 5115 5511 5150 5101 5743 5327 5082 5027 5157 5045 5211 5056 5282 5325 5337 5243 5131 5413 5144 4982 4880 5097 5254 4823 5169 4975 5282 5496 5147 5387 5520 5176 5357 5037 4856 5352 5184 5071 5079 5338 5446 4981 4920 5486 5052 5599 5413 5579 5597 5428 5067 5143 5007 5480 5002 5213 5041 5414 5107 5289 5576 5112 5273 5602 5068 5190 5275 5206 5455 5205 5591 5427 4814 5358 5144 5089 5619 4634 5195 5269 5267 5253 4995 5186 5064 5086 5587 4905 5641 5233 5299 5021 4881 4942 4763 5465 5563 4990 5227 5020 4749 4893 6026 5677 5273 5145 5254 5375 4899 5220 4877 5365 4991 5199 5085 5463 5262 5343 5124 5706 5176 5542 4995 5245 5148 5363 4943 5274 4845 5285 5605 5384 5535 4984 5560 5110 5556 5377 5289 5533 5208 4805 5424 5508 5296 5478 5492 5387 5154 5135 5227 5043 5137 4834 5238 5685
4997 5261 4807 5148 4897 5132 4978 5134 4789 4611 4971 5471 5222 5025 5103 5176 5385 5620 4803 4797 4828 5071 4849 5173 5238 4820 5282 5557 5216 5173 5143 4898 5423 4990 5278 5388 4431 5074 5045 4622 5456 5292 5248 4916 5271 5374 4914 5213 4878 4683 5024 5264 4892 4942 5040 5151 5200 5332 4970 5552 4837 5005 5322 4976 5018 5124 5161 5475 5171 4607 5388 4765 5078 4808 5123 5200 5353 4831 5125 5242 4806 5427 5155 5194 5065 5285 4742 4949 4803 4867 5070 4744 4878 4766 5146 4999 4910 5619 5010 5622 5204 5154 5007 5091 4985 5320 5249 5156 5473 4683 4878 5086 5021 4748 5243 5336 5013 5219 5053 4824 4650 5196 5407 4596 5219 4949 5158 5104 4965 5319 5517 4816 5478 4955 4968 5280 5328 5201 4836 5190 5381 4899 5138 4951 5048 5263 5272 5278 5260 5133 4808 5083 5031 5312 4903 5055 4834 5148 4954 5129 5409 4859 4980 5145 5062 4898 5090 5052 5133 5163 5119 5297 4761 5546 5414 5093 5556 4498 5082 5693 5117 5141 5049 5310 5207 5335 4970 4829 5556 5371 5001 5092 4757 4997 4524 5374 5148 4828 4951 4978 4459 4833 5729 5537 4848 4873 5392 5401 4768 5011 4986 5391 4957 5033 5125 5146 5540 4904 5138 5562 5261 5339 4760 5323 5350 4967 4911 5287 4709 5121 5581 5188 5055 5208 5161 5036 5234 5207 4995 5253 5319 4401 5126 5476 4831 5334 5380 5390 5224 5048 5015 5052 5106 4793 5297 5482
5216 6131 5423 5662 5462 5320 5573 5529 5291 5081 5218 5744 5816 5372 5489 6031 5646 6152 5628 5662 5317 5531 5506 5412 6058 5132 5679 6062 5532 5479 5791 5478 5737 5565 5721 5742 5097 5692 5607 5139 6194 6260 5873 5516 5785 5903 5302 5920 5202 5589 5691 5665 5389 5712 5794 5930 5595 5969 5675 5929 5291 5499 5970 5655 5181 5566 5668 6270 5907 5253 5830 5550 5432 5363 5834 5701 5775 5160 5726 6154 5187 6048 5835 5868 5477 5606 5451 5746 5359 4907 5596 5293 5345 5212 5554 5777 5626 6066 5798 6021 5935 5995 5423 5704 5756 5690 5508 5815 6097 5400 5355 5729 5553 5859 5340 6012 5763 5650 5611 5555 5099 5312 6092 5374 5801 5660 5573 5584 5812 6011 5841 5471 5904 5468 5338 5313 5789 5675 5383 5610 5832 5802 5553 5669 5600 6043 5783 6278 5836 5760 5617 5363 5618 6097 5117 5715 5561 5597 5687 6175 6345 5510 5776 5783 5432 5510 5449 5712 6122 5995 5523 5568 5157 5910 5569 5433 5953 4890 5400 6037 5704 5640 5271 5775 5553 5820 6075 5569 6140 5507 5303 5677 5393 5462 5496 6193 5570 5161 5703 5299 5332 5511 6161 6217 5574 5680 5729 5720 5317 5666 5364 5751 5467 5570 5562 5624 5831 5746 5717 6171 5724 5834 5447 5894 5589 5553 5258 5701 5244 5681 6167 5700 6022 5660 5903 5518 6080 5577 5331 5861 6086 5383 5823 6069 5580 5769 6324 5983 5729 5648 5438 5467 5699 5075 5704 6157
4886 5482 4990 5341 5349 4818 5121 4972 5128 4875 4972 5120 5461 4794 5064 5448 5372 5569 5216 5017 4991 5201 5045 5188 5394 4753 5136 5380 5297 4990 5335 5081 5248 4764 5121 5534 4564 4873 5312 5002 5522 5283 5342 5104 5095 5214 4849 5402 4725 5040 5290 4732 5040 5125 5330 5130 5160 5460 5100 5318 4848 4966 5334 5307 5069 5172 5033 5743 5381 4750 5145 5211 5252 4740 5121 5162 5164 4905 5316 5463 4780 5561 5341 5530 4880 5344 4774 4959 4957 4342 5259 4899 5043 4920 4980 5419 4950 5689 5203 5097 4926 5227 5082 5178 5331 5365 5485 5132 5215 4968 5004 5272 5118 4862 4924 5410 5106 5202 5248 4900 4836 4808 5718 4869 5269 5013 5261 5087 5206 5462 5492 5150 5695 4986 5132 4960 5122 5118 4799 5252 5632 4928 5001 5180 4949 5259 5666 5599 5466 5199 4843 5229 5231 5342 5026 5105 5293 5302 5121 5282 5314 4882 5065 5785 4957 5076 5187 5132 5440 5477 5253 5176 4806 5608 5172 5052 5314 4563 5013 5726 5308 4848 5124 5210 5203 5022 5410 4640 5346 4937 5001 5011 4569 5128 4875 5428 5229 4985 5084 5122 4510 4958 5580 5496 5110 5295 5219 5172 4760 5063 4894 5676 5218 5152 5040 5222 5174 4883 5232 5275 5283 5201 4778 5378 5154 5261 4832 5251 4809 5156 5455 5145 5087 5025 5231 4983 5262 4909 5107 5396 5552 4530 4919 5327 5009 5072 5497 5322 5000 5013 4791 5133 5053 4818 5254 5379
4918 5601 5025 5346 5350 5246 5036 5441 5176 4733 5100 5510 5665 4805 5392 5640 5751 5885 5291 5228 5123 5166 5051 5249 5446 4825 5325 5718 5403 5264 5144 4895 5510 5075 5310 5900 4873 5141 5300 5149 5839 5788 5466 5159 5276 5601 5085 5417 4751 5259 5543 5397 5102 5254 5247 5544 5188 5382 5260 5797 4963 5238 5505 5347 5313 5281 5179 5672 5547 4957 5621 5262 5306 5001 5670 5320 5017 4947 5329 5545 5277 5666 5280 5753 5320 5523 4925 5263 5101 4653 5389 5123 5034 4937 5357 5622 5279 5972 5481 5890 5454 5506 5318 5190 5194 5411 5280 5408 5301 5091 5247 5188 5406 5155 5100 5336 5217 5201 5346 5077 4749 5383 5639 4857 5525 5109 5237 5556 5236 5685 5308 5309 5786 5384 5224 5222 5375 5388 4771 5507 5460 5655 5366 5592 5242 5637 5502 5453 5290 5458 5073 5171 5317 5615 5128 5262 5252 5469 5197 5575 5706 5334 5299 5464 5436 5273 5124 5204 5579 5647 5513 5210 5096 5602 5307 5219 5587 4829 5294 5845 5446 5257 5238 5281 5160 5329 5674 4803 5354 5337 5195 5260 4823 5279 5047 5506 5434 4983 5414 5259 5006 5274 5823 5686 5318 5112 5583 5496 4964 5176 5271 5262 4942 5310 5118 5453 5457 5602 5330 5546 5307 5634 5048 5402 5302 5359 5177 5595 4839 5614 5982 5453 5180 5289 5514 5383 5745 5395 5287 5483 5613 4963 5421 6012 5477 5251 5634 5452 5011 5411 4813 5137 5223 5064 5581 5647
4617 5265 4946 5058 4976 5075 4882 4796 4982 4662 4808 5023 5017 4769 5029 5267 5202 5450 4827 4816 4608 4658 4865 4872 5417 4702 4971 5252 5040 4934 4947 4932 5207 4844 5022 5359 4339 4946 5267 4500 5387 5090 5311 4968 4839 5016 4687 5349 4670 4774 5127 5074 4702 5114 4867 5022 5072 5223 4752 5314 4615 4715 5038 5281 4632 4654 4808 5530 5107 4777 5100 4987 5000 5050 4849 5049 4972 4937 5090 5165 4603 5382 5187 5090 5047 5104 4565 4796 4832 4355 5138 4856 4982 4607 5187 5022 4961 5664 5151 5386 5174 5411 4733 5119 5296 5156 5010 5213 5002 4634 4860 4920 5038 5121 4905 5089 4790 5112 5027 4961 4652 5066 5252 4958 5209 5240 5006 5070 4946 5519 5331 4623 5154 4900 4759 4915 5158 4887 4625 4827 5077 5081 4773 5062 5078 5205 5209 5518 5116 5091 4985 5103 4950 5144 4689 4928 4842 5045 4757 5225 5406 4889 5010 5264 5200 4991 5082 4953 5130 5242 5081 4930 4582 5342 5099 4614 5099 4384 4840 5330 4974 5021 4896 4953 5117 5290 5263 4611 5399 4837 4805 5202 4735 4672 4602 5538 4921 4910 5004 4712 4679 4775 5434 5327 4919 4952 5264 5135 4816 5264 4744 5181 4839 5145 4991 5053 5373 5340 5138 5426 4743 5065 4793 4846 4632 5237 4648 5062 4653 5034 5616 5010 4949 4982 5064 4816 5257 4975 4916 5296 5005 4712 5174 5206 5023 4859 5259 4929 4826 4879 4877 4930 5143 4539 5083 5326
4955 5568 4845 5113 5014 5067 5139 4930 5319 4947 5045 5534 5225 4940 5000 5647 5128 5573 5023 4967 4875 5181 4838 4984 5142 4860 5148 5393 5336 5095 5079 5137 5228 4822 5109 5495 4610 5239 5239 4955 5390 5819 5140 4686 4923 5190 4983 5364 4692 5159 5333 5067 5144 5329 5133 5189 5284 5561 4935 5402 4968 5306 5233 5226 5105 5049 5220 5677 5268 5163 5181 5052 4963 4971 5238 5284 5108 4950 5444 5622 5088 5436 5214 5588 5034 5359 4862 4872 4986 4627 5055 4986 5076 4702 5246 5578 5069 5668 5161 5313 5069 5334 4986 4963 5057 5375 5212 4996 5251 5277 5116 5237 5437 4987 4817 5191 4960 4993 5370 4764 4876 4938 5522 4652 5195 5013 4988 5137 5226 5521 5669 5053 5343 5044 4953 5328 5244 5071 4984 5196 5415 5129 5167 5174 5082 5452 5403 5406 5097 5125 5035 5047 4980 5661 5181 5336 5101 5396 5150 5587 5401 5084 5049 5428 4918 5198 5130 4960 5315 5345 5405 5245 5038 5313 5198 5009 5243 4314 5249 5814 5469 5369 4894 5195 5206 5418 5592 4736 5920 5345 4903 5016 4851 5078 4951 5326 5131 4828 5007 5209 4688 5083 5802 5421 5099 5085 5176 5341 4947 5101 4995 5361 4909 5148 5115 5177 5186 5171 5367 5480 5110 5314 4977 5616 5190 5083 4714 5082 4638 5274 5368 5509 5515 4995 5433 4893 5277 5087 5082 5365 5315 4823 5058 5691 4961 5558 5210 5304 4951 4882 4852 5217 5040 4830 5290 5612
5312 5894 5288 5561 5095 5309 5339 5101 5317 4959 5115 5509 5394 5262 5432 5699 5523 6169 5180 4930 5099 5452 4974 5458 5779 4757 5423 5962 5571 5550 5351 5209 5618 5238 5454 5771 4774 5451 5293 5144 5866 5880 5460 5459 5635 5768 5035 5746 5215 5252 5528 5482 5218 5596 5578 5858 5398 5936 5282 5550 4913 5519 5685 5360 5227 5389 5353 6183 5500 5284 5687 5297 5322 5387 5402 5508 5416 4792 5778 5661 5129 5700 5368 5983 5337 5584 5230 5351 5143 4819 5314 5146 5165 5110 5208 5510 5332 6235 5367 5486 5578 5510 5468 5340 5504 5523 5823 5596 5591 5207 5126 5466 5505 5288 5330 5401 5404 5334 5725 5223 5030 5420 5805 5120 5634 5048 5132 5535 5354 5490 5816 4914 5924 5172 5213 5421 5500 5494 5160 5343 5700 5293 5454 5590 5310 5492 5854 5573 5650 5599 5353 5279 5324 5618 5287 5428 5566 5186 5406 5882 5861 5224 5288 5751 5135 5447 5251 5170 5527 5557 5694 5444 5035 5716 5637 5277 5414 4794 5236 5659 5693 5225 5275 5534 5444 5365 5650 5029 5890 5791 5293 5355 5129 5297 5566 6075 5692 5340 5419 5346 5164 5268 6042 5628 5262 5235 5464 5556 5100 5268 5061 5526 5174 5361 5429 5160 5706 5367 5521 5747 5725 5831 4974 5654 5529 5491 5033 5563 4989 5871 5666 5500 5596 5415 5579 5374 5965 5399 5314 5478 5663 5017 5523 5888 5484 5666 5964 5596 5310 5420 5273 5321 5219 5003 5478 5846
4705 5425 4846 5042 4940 5128 5021 5026 5148 4689 5244 5296 5291 4857 4797 5154 5253 5596 4918 4678 5096 4766 5034 4976 5425 4567 5320 5567 5000 5157 4996 5230 5280 4948 5051 5541 4857 5068 4974 5150 5290 5399 5225 4951 5269 5104 4910 5526 4757 5161 5138 5181 4760 5260 5213 5276 4773 5267 5142 5507 4794 5157 5344 5127 4986 4937 4874 5625 5371 4666 5245 5135 5007 4887 5211 5308 5128 4693 5428 5303 4830 5482 5001 5345 5104 5266 4927 4812 4983 4390 5124 4965 4940 4834 5109 5238 5044 5758 5397 5354 5234 5338 4964 5333 5126 5256 5126 5198 5028 4938 5054 4866 5182 4872 5058 5279 4912 5510 5358 5013 4709 5107 5282 4757 4925 4714 5133 5005 5188 5467 5495 5107 5367 5364 4912 4970 5204 5222 4868 5211 5415 5225 5186 5190 5030 5523 5315 5378 5200 5363 4931 5245 4983 5349 4819 4835 4937 4915 5082 5279 5491 5204 4729 5495 4857 5184 5351 5133 5405 5250 5555 5108 4717 5203 4933 4733 5331 4511 4973 5295 5333 5090 4997 5549 5139 4985 5258 4629 5376 5016 4850 4833 4543 4948 5124 5416 5252 4671 4974 5257 4862 5112 5573 5587 5035 5128 5109 5184 4975 5115 5035 5103 4975 5346 5200 5190 5121 4719 5155 5529 5021 5281 4955 5366 5051 5365 5024 5545 4745 5471 5608 5002 5240 4968 5211 5045 5436 5167 5154 4944 5488 4502 4977 5170 5159 5251 5344 5109 5215 5204 4803 4859 4920 4763 5389 5468
4595 5121 4709 4923 4968 4855 4745 5216 5096 4590 4873 4891 4962 4745 4896 5259 5029 5545 4790 4717 4532 4745 4788 4717 5337 4470 4899 5080 5087 4933 4861 4860 5147 4745 4830 5492 4378 4737 5031 4433 5234 5283 5128 4632 5023 5117 4997 5313 4659 4681 5182 5037 4696 5026 5061 5047 5060 5173 5089 5197 4608 4808 5024 5101 5009 4982 4931 5505 5115 4482 5005 4816 4868 4685 5142 5061 4756 4582 4928 5380 4757 5145 5088 5165 4829 5222 4603 4874 4694 4448 4846 4575 4751 4715 4653 4998 4964 5570 4812 5290 4770 5209 5142 5097 4923 4984 4921 5104 5190 4648 4739 5000 4997 4683 4943 5110 4904 4761 4935 4540 4481 5027 5230 4728 4970 4789 4847 5040 4865 5245 5313 4724 5491 4748 4984 4858 5042 4929 4668 5051 5205 4884 5059 4983 4873 5436 5219 5194 5129 5138 4974 4950 4882 5049 4643 4898 4949 4858 4872 4895 5295 4867 4930 5358 4897 4764 4753 4771 5254 5294 5085 5111 4712 5391 4911 5036 5248 4459 5307 5540 5006 4869 4942 5100 5219 4938 5138 4402 5129 5007 5106 4939 4449 4914 4755 5144 4844 4948 4762 5012 4653 4710 5649 5269 5007 4778 4982 5166 4833 5256 4735 4962 4784 4960 5047 5009 5108 5004 4990 5022 4740 5217 4818 5182 5149 4866 4633 5036 4592 5156 5411 4883 4880 4773 5037 4728 5177 4803 4815 5129 5125 4583 4707 5113 4708 5048 5304 4940 4842 4897 4620 4968 4969 4942 5057 5216
4772 5442 4785 5419 4823 5220 4942 5250 5184 4782 5041 5308 5301 4935 4964 5469 5353 5589 4958 4973 5125 5163 4647 5128 5468 4797 5026 5622 5108 5174 5231 4918 5102 4929 5177 5897 4832 5363 5187 4827 5356 5420 5178 5002 5174 5400 4979 5528 4566 5100 5527 5294 5040 5326 5274 5098 5058 5664 5250 5315 4840 5376 5424 5305 4862 5235 5320 5692 5159 4759 5204 5212 4990 5032 5268 5475 5329 4868 5423 5677 5046 5441 5226 5442 5519 5598 4994 4980 5119 4573 5238 4734 4960 4836 5368 5193 5163 5701 5248 5619 5265 5534 5112 5084 5193 5520 5081 5321 5190 4916 5063 5129 5213 5245 4929 5396 5181 5419 5354 5089 4803 5219 5368 4960 5202 4934 5107 5271 5259 5708 5571 5068 5469 5177 5100 4990 5315 5188 4934 5261 5514 5106 5006 5065 5085 5560 5401 5499 5201 5430 4939 5086 5212 5522 4886 5121 5275 5500 5047 5428 5692 5074 5007 5419 5217 5059 5388 5442 5564 5647 5313 5234 4749 5711 5301 5088 5493 4404 5092 5439 5438 5283 5010 5272 5347 5332 5571 4950 5563 5310 4848 4985 4754 5179 4862 5566 5179 4894 5098 4986 4737 5001 5770 5571 5168 5301 5280 5492 5020 5288 4969 5351 5271 4901 5270 5297 5639 5284 5498 5465 5316 5130 4875 5387 5220 5253 4762 5357 4915 5145 5921 5367 5224 5205 5064 4939 5558 5335 5203 5463 5622 4895 5223 5584 5039 5233 5619 5590 5242 5295 5203 5210 5026 4794 5327 5474
4669 5034 4749 5073 4586 4789 4523 4460 4781 4369 4656 4877 4894 4438 4457 4917 5237 5006 4451 4522 4558 4506 4582 4865 4793 4444 4844 5282 4999 4694 4830 4647 4657 4283 4953 4985 4311 4852 4771 4494 5218 5077 4723 4577 4700 4669 4473 5065 4668 4481 4635 4685 4436 4661 4869 4657 4812 5118 4823 4905 4517 4955 4873 4732 4672 4663 4627 5101 4442 4846 4978 4736 4959 4621 4755 4762 4870 4401 4799 5037 4320 5019 4612 4854 4629 4968 4266 4531 4732 4255 4692 4217 4503 4737 4945 4680 4517 5381 4669 4798 4736 5020 4818 4700 5066 4825 4910 4974 4926 4727 4687 4873 4722 4556 4738 4885 4762 4757 4587 4741 4384 4707 5014 4293 4841 4451 4731 4918 4969 4848 5081 4615 5131 4519 4875 4922 4738 5025 4292 5003 4811 4623 4847 4884 4711 5112 5018 4929 4864 5005 4497 4715 4543 4754 4502 4783 4813 4785 4818 4735 5330 4609 4759 5097 4707 4540 4795 4806 4894 4989 4896 4857 4478 5018 4640 4651 4771 4269 4803 5045 4755 4893 4706 5013 4810 4898 4988 4442 5052 4902 4658 4759 4577 4721 4597 5300 4930 4637 4523 4690 4313 4525 5543 4990 4834 4809 5115 4837 4708 4705 4422 4985 4618 4574 4681 4789 5117 4846 4792 4823 4853 4946 4460 5234 4740 4877 4462 4928 4658 4864 4922 5177 4686 4758 4956 4680 5087 4681 4632 4808 4828 4246 4814 4822 4570 5126 5195 5129 4922 4741 4783 4690 4628 4521 5219 5062
4639 5480 4999 5126 5112 5291 5039 4984 5196 4829 5163 5497 5378 4950 5154 5561 5328 5858 5045 4942 4821 5002 4785 4742 5246 4661 5500 5496 5143 5095 5464 4919 5727 5002 5258 5558 4794 5032 5104 4851 5569 5607 5349 5206 5071 5220 5065 5352 4853 5131 5388 5167 4964 5343 5179 5646 5328 5327 5143 5494 5063 5026 5262 5041 5044 5177 4836 5627 5246 4870 5295 5092 5326 5142 5249 5416 4878 4967 5317 5572 4871 5690 5260 5617 5568 5195 5024 5026 5047 4638 4924 4886 5087 5096 5086 5555 5198 5766 5049 5530 5045 5610 5203 5483 5180 5360 5502 5259 5289 4829 5270 5005 5380 4983 5068 5590 5064 5395 5414 4991 4881 5375 5599 5225 5188 4969 5088 5252 5231 5556 5319 5047 5567 5124 4923 5004 5339 5349 5127 5120 5295 5351 5117 5280 5140 5409 5583 5491 5577 5435 5301 5144 5154 5320 4813 5261 5169 5212 5343 5246 5760 5043 4915 5459 5225 4983 5401 5082 5330 5485 5505 5238 5088 5565 4928 5134 5579 4680 4934 5467 5210 5527 5173 5528 5173 5319 5346 4819 5780 5498 4829 4887 4833 5037 5033 5479 5405 4893 5058 5219 4754 5484 5637 5502 5308 4882 5268 5420 4960 5184 4864 5503 4915 5236 5006 5097 5320 5180 5154 5435 5264 5440 5159 5497 5023 5493 5046 5504 4980 5350 5971 5115 5067 4986 5303 5028 5550 5251 5181 5486 5534 4529 5235 5119 4832 5426 5521 5370 5074 4959 4854 5226 5057 5243 5699 5408
4915 5361 4853 5077 5198 5178 4949 5237 5325 4849 5009 5391 5119 4812 5078 5397 5479 5456 5276 4790 4872 4942 4998 5193 5382 4428 5315 5574 5223 5068 5244 5070 5519 4851 5260 5556 4519 5135 5212 4617 5401 5663 5391 5048 5295 5546 5036 5213 5048 5012 5308 5002 4823 5209 5173 5259 4993 5108 5241 5602 4961 5008 5406 5164 5038 5129 5202 5789 5398 4623 5129 5272 5268 5161 5204 5243 5067 4677 5174 5537 4917 5248 5290 5404 5184 5001 4901 4880 5090 4565 5300 4634 5054 5040 5117 5274 5125 5862 5178 5482 5025 5111 5041 5183 5236 5469 5159 5207 5281 4956 5083 5141 5247 5017 5174 5651 5199 5422 5410 5132 4689 5129 5147 4655 5256 4933 5147 5298 5260 5452 5317 4680 5619 5112 5070 5011 5275 5250 4808 5230 5285 5260 5309 5128 5200 5434 5293 5276 5212 5210 5113 5283 5252 5365 4884 5117 5109 5196 5022 4961 5487 4814 5022 5137 5083 4759 5269 5125 5248 5230 4975 5228 4779 5362 5144 5063 5245 4723 5008 5469 5242 5376 5089 5292 5304 5054 5224 4936 5753 5320 4983 4938 4767 5127 5121 5362 5251 4833 5039 5117 4774 4995 5659 5440 4967 5227 5378 5221 4658 5184 4839 5315 5022 5166 5078 5138 5274 5310 5307 5453 5009 5236 4568 5110 5230 5245 4930 4993 4803 5223 5573 5350 5034 4990 5186 5093 5417 5002 5051 5490 5359 4617 5293 5740 5209 5298 5827 5227 4965 5057 5093 4993 5187 4695 5216 5647
4956 5495 4768 4754 4940 4976 5100 4789 4806 4423 4742 5188 5001 4768 4980 5107 5240 5472 4899 4811 4773 5087 4854 5102 5244 4491 5170 5368 5093 4894 5261 4806 5043 4866 4804 5218 4603 5136 4935 4743 5369 5175 5146 4863 5026 5205 4730 5100 4788 5149 5129 4775 4852 4896 5058 5268 5101 5506 5066 5521 4731 5000 5006 5134 5071 5013 5030 5471 5031 4766 5166 4987 4828 4757 5091 5087 5163 4574 5434 5298 4687 5312 4925 5476 4962 5178 4718 4884 4953 4410 5084 4747 4934 4828 5273 5407 5086 5630 5192 5285 5147 5200 5205 5085 5021 5456 5334 5206 5151 4945 4806 5192 5032 4829 4686 5301 5093 5174 5330 4893 4380 4832 5475 4640 5104 5052 4821 4781 5050 5108 5281 4907 5184 4772 4978 4790 5140 5070 4800 4948 5290 5048 4965 5045 5075 5365 5267 5276 5164 5137 5044 4814 4996 5489 4733 5232 5007 5037 5253 5197 5486 4962 5019 5053 4980 5057 5040 4921 5188 5072 5083 4807 4784 5590 5098 4978 5169 4431 5093 5616 5180 4835 4875 5160 5161 5134 5279 4765 5365 5066 4819 4907 4693 5146 4897 5065 4963 4734 4963 4954 4433 5046 5561 5210 4834 5043 5233 5294 4856 5004 4943 5224 4871 4990 4932 4927 5234 4805 5148 5479 5310 5110 4868 5094 5037 5167 4852 4875 5062 5198 5492 4913 5242 5072 5009 4839 5173 5180 4888 5293 5405 4540 5100 5526 4991 5195 5240 5274 4861 4822 4892 5115 4981 4615 5320 5781
4565 4896 4360 4811 4645 4596 4551 4518 4715 4438 4451 4949 4879 4401 4568 4859 4939 5201 4967 4379 4581 4862 4746 4879 4729 4488 4454 4989 4895 4612 4659 4379 4987 4549 4247 4727 4349 4650 4758 4365 5099 5013 4849 4342 4786 4805 4215 4994 4342 4521 4751 4712 4316 4546 4737 4746 4684 4939 4711 4910 4465 4603 4797 4719 4665 4529 4611 4762 4900 4292 4926 4888 4770 4525 4608 4586 4511 4181 4751 4902 4496 5270 4487 5154 4445 4784 4300 4545 4443 4077 4815 4582 4691 4456 4604 4808 4636 5204 4627 5066 4959 4740 4842 4630 4857 4749 4613 4667 4852 4565 4769 4817 4737 4448 4453 4820 4709 4678 4696 4522 4402 4483 4862 4404 4648 4588 4713 4787 4481 5147 4948 4718 5046 4301 4439 4939 4749 4686 4444 4692 4950 4807 4761 4745 4557 4885 5018 4957 5007 4798 4568 4346 4372 4940 4528 4768 4438 4763 4576 4715 5022 4585 4600 4908 4678 4836 4828 4515 4943 4757 4826 4835 4411 4749 4774 4642 4891 4142 4622 5243 4735 4825 4369 4505 4374 4812 4861 4313 4934 4600 4597 4658 4437 4620 4477 4933 4634 4519 4720 4492 4142 4504 5163 4783 4696 4584 4868 4724 4498 4624 4639 4858 4592 4529 4466 4656 4612 4709 4796 5112 4671 4770 4314 4676 4500 4825 4373 4939 4168 4817 5453 4682 4632 4455 5212 4733 4965 4767 4862 4913 4676 4166 4775 4951 4786 4937 4746 4856 4287 4691 4527 4632 4688 4391 5142 4887
5125 5654 5007 5074 4937 5133 5311 4886 5015 4831 4905 5692 5416 5216 5275 5380 5417 5457 5215 5252 4963 5245 4893 5520 5407 4749 5323 5424 5278 4947 5519 5048 5491 5049 5354 5667 4706 5503 5291 4801 5439 5706 5344 5066 5321 5273 4923 5499 4563 5420 5502 5113 4873 5251 5034 5644 5173 5916 5120 5524 4962 5171 5362 5434 5173 5229 5150 6078 5336 5105 5246 5263 5235 5226 5259 5394 5286 4849 5363 5685 5054 5636 5208 5469 5119 5224 4939 5399 5120 4562 5016 4942 4863 5040 5321 5344 5043 5695 5153 5513 5428 5486 5144 5166 5455 5225 5350 5380 5459 5331 5249 5326 4935 4947 4851 5534 5056 5272 5558 5070 4821 5286 5103 4940 5552 4949 5241 5196 4870 5276 5524 4981 5535 5203 5093 4986 5421 5064 5161 4832 5294 4977 4912 5391 5121 5371 5378 5592 5405 5286 5350 5133 5322 5424 4884 5286 5379 5328 5199 5540 5643 5221 5115 5495 5085 5213 5424 5147 5325 5395 5360 5322 4857 5356 4848 5059 5272 4493 5215 5535 5399 5016 5158 5270 5421 5376 5761 5054 5413 5339 4845 4934 4967 4764 5101 5444 5297 4759 5024 5162 4919 5103 6082 5556 5082 5231 5476 5094 5053 4944 4895 5376 5088 5077 5019 4899 5448 5034 5321 5561 5207 5258 4914 5523 5164 5303 4821 5372 4949 5569 5590 5297 5335 5154 5231 5227 5368 5265 5218 5574 5496 4674 5265 5485 4922 5410 5648 5491 5112 4977 4814 5199 5100 5009 5288 5691
4901 5328 4945 5191 5078 5297 5117 5025 4871 4736 4848 5448 5233 4834 5058 5499 5424 5588 5198 4879 4988 5029 4994 5236 5680 4640 5306 5252 5238 5039 5477 5125 5457 5048 5155 5643 4596 5076 5170 4818 5783 5370 5287 5038 4872 5134 4918 5411 4583 5170 5356 4975 4719 5284 5348 5566 5083 5356 5118 5488 5057 5121 5465 5397 4849 5111 5088 5800 5400 4728 5336 5231 4953 4984 5463 5390 5101 5039 5395 5544 4680 5350 5362 5438 5094 5491 4776 5117 5042 4589 5119 4847 4947 4807 5071 5317 4931 5580 5140 5510 5383 5457 5117 5135 5406 5187 5298 5192 5508 4997 5105 5048 5078 5016 4754 5546 5355 5188 5420 4910 4669 5106 5236 4687 5265 4975 4884 5004 5350 5440 5377 4990 5467 5401 5015 5114 5509 5178 4837 5221 5476 5048 5144 5189 5009 5236 5185 5175 5353 5117 5039 4874 5225 5315 4730 4770 5099 5233 4903 5384 5373 5033 5021 5609 5031 5351 5207 5124 5353 5444 5335 5077 4682 5476 5176 4977 5265 4669 4981 5648 5467 5055 4990 5509 5291 5544 5396 4705 5568 5113 4887 5323 4907 5086 5213 5194 5404 5047 5244 4923 4722 5186 5510 5432 5058 5114 5191 5297 5046 5081 4771 5346 5153 5200 5039 5213 5254 5033 5219 5790 5199 5156 5079 5333 5059 5232 4706 5344 4744 5236 5614 5235 5103 5151 5267 5019 5481 5076 5160 5348 5676 4684 5241 5595 5138 5099 5673 5434 5117 5164 5201 4983 5150 4729 5250 5475
4973 5549 5069 5161 5099 5049 5059 4983 5069 4452 4933 5338 5152 4700 4913 5048 5352 5715 5145 4927 4741 4930 4708 5203 5426 4638 5132 5512 5262 4825 5094 5041 5107 5112 4969 5342 4798 4968 4919 4839 5409 5411 5128 5216 5314 5280 4524 5352 4571 4957 5390 5153 4842 5241 5149 5295 5094 5131 5254 5414 4871 5136 5488 5205 5008 4967 5133 5595 5433 4785 4955 5025 5181 4888 5193 5030 5235 4562 5356 5116 4945 5628 4961 5703 4976 5324 4762 4695 4952 4613 4960 5104 4905 4901 5242 5344 5155 5255 5123 5184 5075 5334 4975 4880 5168 5096 5128 5141 5167 4908 4791 5057 5297 5263 4894 5301 5196 5202 5273 5000 4554 5354 5345 4757 4968 4871 5185 5094 5158 5360 5260 4995 5431 4831 4803 5192 5204 5163 4892 5134 5384 5180 5140 5243 4873 5220 5413 5463 5190 5070 4908 4839 5145 5382 5005 5112 4995 5268 5019 5293 5491 4991 5048 5358 5097 5165 5326 5050 5439 5183 5275 5137 4726 5081 4828 5125 5395 4597 5165 5656 5519 5137 4787 5126 5074 5077 5429 4655 5238 5163 5023 4927 4614 4993 5097 5268 5115 4571 4917 5050 4824 4768 5935 5608 5022 5019 5330 5278 4742 4850 4789 5289 4973 5099 5007 5290 5090 5118 5231 5368 5094 5267 4961 5432 4975 5243 4807 5280 4782 4968 5657 5065 5371 4944 5045 4781 5629 5110 5013 5376 5294 4775 5244 5627 5060 5199 5362 5253 5036 5370 4677 4936 4993 4707 5071 5639
5194 5407 5266 5132 5147 5282 4877 5294 5207 4613 4831 5466 5226 4948 4983 5372 5405 5792 5462 5000 4868 4929 4955 5146 5611 4689 5176 5344 5439 4936 5120 4978 5487 4973 5171 5687 4617 4791 5145 4801 5347 5436 5210 4727 5153 5356 5151 5428 4908 5107 5416 5220 4972 5203 5230 5328 5391 5416 5324 5516 5018 5153 5537 5259 5028 5404 5067 5643 5221 4795 5354 5097 5241 4788 5198 5339 5130 4933 5258 5366 5066 5585 5260 5683 5074 5484 4935 5063 4988 4559 5064 4549 4994 5099 5095 5632 5150 6000 5162 5557 5164 5518 5336 5213 5198 5441 5244 5373 5611 4967 5015 5294 5291 4811 5133 5188 5236 5192 5250 4926 4762 5070 5298 5047 5296 4920 4986 5377 5032 5360 5544 4857 5595 5073 5065 5286 5432 5162 5027 5282 5524 5013 5080 5527 4979 5575 5494 5416 5287 5137 5144 5169 4857 5628 4871 5105 5059 5393 5012 5145 5518 4904 5166 5367 5102 5192 5167 5337 5210 5673 5062 5262 5035 5214 5090 5158 5409 4588 5222 5553 5600 5167 4972 5261 5396 5379 5560 4604 5687 5306 5200 5180 4880 5257 5242 5300 5278 4883 4810 4942 4858 5166 5661 5496 5196 5071 5344 5373 4666 5128 4858 5209 5042 4967 5184 5172 5116 5176 5379 5440 5113 5507 5127 5399 4961 5093 4868 5314 4909 5128 5644 5246 5260 5167 5186 5035 5434 4971 5056 5312 5298 4803 5194 5418 5013 5455 5569 5326 5157 4983 4869 5230 5125 4540 5289 5237
5126 5972 5389 5764 5485 5548 5102 5446 5593 4984 5060 5871 5541 5279 5393 5700 5578 6057 5191 5028 5108 5529 5278 5340 5829 4817 5418 5818 5572 5724 5400 5408 5751 4932 5447 6071 5062 5494 5433 5176 5686 5890 5378 5405 5481 5557 5205 5885 5270 5299 5752 5421 5154 5529 5647 5906 5650 5772 5466 6050 5139 5409 5922 5635 5208 5533 5479 5993 5561 5028 5463 5533 5528 5262 5526 5617 5469 5160 5657 5997 5229 5562 5610 5755 5431 5482 4993 5518 5449 4812 5450 5126 5294 5095 5472 5457 5546 6248 5414 5702 5422 5919 5438 5624 5573 5593 5370 5544 5654 5205 5162 5387 5479 5105 5007 5766 5245 5547 5587 5075 4940 5396 5774 5166 5454 5214 5645 5518 5382 5902 5843 5140 5988 5202 5326 5361 5586 5400 5044 5701 6080 5517 5530 5401 5433 5690 5862 5702 5488 5765 5395 5566 5344 5760 5271 5369 5243 5799 5306 5905 5892 5240 5410 5627 5546 5143 5451 5290 5656 5636 5563 5502 5225 5794 5683 5385 5897 4950 5593 5866 5589 5490 5445 5653 5480 5703 5806 5117 5775 5843 5487 5423 5050 5477 5213 5668 5630 5322 5344 5359 4942 5390 6059 6021 5565 5478 5546 5733 5231 5338 5461 5597 5315 5440 5114 5666 5908 5578 5803 5604 5343 5740 5348 5561 5520 5510 5176 5596 5174 5558 6175 5596 5386 5496 5481 5467 5911 5633 5196 5460 5654 5066 5663 5921 5598 5458 5752 5713 5331 5315 5481 5176 5304 5055 5722 5790
5072 5356 4972 5162 5161 4971 5019 5109 4895 4714 5071 5420 5113 4764 4908 5274 5341 5500 5076 5076 5099 5262 4945 5179 5417 4832 5285 5610 5325 5009 5197 5031 5356 4843 5067 5569 4694 5137 5161 5017 5851 5499 5145 5159 5005 5211 5054 5245 4913 5004 5117 5098 4695 5388 5353 5335 5146 5303 5196 5656 5106 5101 5436 4972 4892 5011 4943 5349 5319 4858 5131 5155 5323 5073 5372 5264 5196 4952 5256 5397 4901 5584 5298 5590 5390 5095 4779 4936 4913 4687 5374 4905 5111 4882 4983 5254 5246 5649 5004 5451 5367 5328 4933 5093 5127 5265 5459 5265 5266 4855 5098 5279 5300 5164 5128 5282 5074 5256 5194 5062 4787 5427 5606 4862 5191 4818 5133 5156 5264 5465 5538 4860 5801 5078 5029 5184 5304 5182 5106 5383 5736 5159 5102 5170 4998 5196 5674 5438 5400 5108 5261 5022 5120 5451 5086 5176 5174 5324 5057 5347 5614 4990 4882 5619 5119 5111 5450 5158 5526 5632 5163 5302 4897 5604 5149 5209 5595 4665 5112 5709 5374 5142 5320 5310 5157 5281 5351 4863 5697 5450 4955 4838 4815 4923 4985 5573 5214 4969 5006 5048 4883 5197 5889 5553 5057 5022 5442 5165 4892 5084 4936 5227 4988 5170 5254 5261 5547 5291 5110 5613 5276 5488 4914 5138 5305 5223 4956 5541 4936 5324 5944 5240 5350 5005 5347 5133 5718 5021 5201 5200 5470 4784 5103 5362 5232 5382 5508 5412 5119 5284 5006 5235 4985 4842 5593 5354
4807 5594 5007 5276 5479 5087 5067 5218 5230 4957 4916 5314 5350 4926 5130 5545 5401 5568 5216 4970 4745 5126 4885 5249 5528 4674 4971 5495 5471 5300 5046 4939 5770 4928 5061 5892 4751 5076 5190 4659 5474 5684 5314 5105 5202 5610 4887 5298 4697 5055 5293 5067 4812 5325 5482 5383 5267 5439 5189 5421 4871 5298 5405 5167 5094 5205 5134 5862 5302 4897 5255 5346 5272 4920 5148 5253 5139 4889 5326 5637 4823 5437 5276 5477 5269 5334 4826 4970 5099 4486 5373 4901 5010 4736 5061 5369 5397 5873 5200 5302 5144 5350 5173 5347 5259 5610 5270 5277 5529 4873 4986 5378 5195 5129 4980 5480 5277 5201 5331 5044 4740 5202 5419 5025 5214 5046 5178 5277 5266 5650 5422 4878 5703 5113 5268 5086 5304 5286 5019 5241 5526 5112 5185 5157 5330 5378 5587 5448 5564 5442 5476 5170 5166 5463 5021 5093 5306 5037 5361 5202 5599 5154 5030 5401 5237 5365 5259 5284 5244 5184 5164 5207 4577 5529 5150 5153 5379 4526 5231 5683 5409 5190 4959 5236 5145 5353 5481 4806 5511 5347 5162 5244 4999 5212 5147 5499 5186 5116 5053 5093 4684 4925 5877 5519 4993 4925 5434 5242 4836 5118 4959 5422 5139 5195 5016 5010 5490 5169 5371 5438 5231 5315 5027 5310 5263 5194 4653 5292 4729 5436 5831 5286 5189 5275 5234 5141 5653 5092 5021 5434 5605 4720 5388 5243 5177 5287 5546 5596 4935 5213 5041 5312 5139 4950 5307 5595
4739 5317 4854 4672 4968 5269 4955 4940 5016 4623 4820 5234 4919 4807 5245 5075 5244 5602 4668 4673 4724 4779 4736 5018 4849 4634 4978 5145 4859 4885 4989 4740 5111 4920 5026 5329 4516 4657 4968 4620 5150 5354 5186 4915 4965 5164 4648 5031 4378 5090 5306 5022 4732 4915 5019 5125 4949 5276 4884 5072 4771 4856 5128 4974 4816 4893 4760 5557 5137 4800 5127 4860 4947 4779 5275 4947 4719 4679 5025 5068 4810 5339 4857 5305 4904 5123 4562 4894 4752 4362 4804 4763 4739 4666 4993 5064 4858 5521 5042 5216 4951 5317 5093 4849 5100 5189 5012 5217 5341 4672 4705 4981 4948 5059 4782 5384 4734 4617 4808 4693 4529 5091 5003 4738 4926 4638 4568 4983 4962 5426 5250 4631 5396 4852 4811 4846 5018 4993 4517 5148 4980 4790 5174 4998 5201 5233 5303 5215 5098 4927 4763 4647 4944 5055 4609 5211 5158 5105 4725 5013 5383 4878 5049 5203 4722 4996 4958 4769 5262 4952 4918 5157 4602 5259 4705 4818 5249 4423 4891 5248 5332 4992 4643 5122 5068 5163 5275 4610 5336 4755 4645 4911 4582 5152 4706 5357 4860 4572 4952 4766 4660 4832 5411 5213 4893 4942 5097 4876 4503 4876 4476 5152 4871 5208 4927 5046 5048 5012 4899 5416 4870 4925 4591 5157 4849 5189 4641 4941 4531 5178 5538 4980 4915 4787 5233 4767 5181 5092 4817 5380 5097 4593 4992 5164 5143 5158 5107 5273 4765 5105 4901 5027 4912 4558 4966 5412
5142 5587 5280 5223 5216 5321 5464 5264 5214 4937 5194 5649 5453 5095 5121 5540 5693 5890 5578 5077 5197 5309 4989 5387 5728 4838 5409 5747 5690 5474 5308 5064 5360 4968 5407 5795 4845 5597 5374 4967 5830 5797 5324 5023 5207 5579 5319 5611 5210 5144 5376 5344 4852 5301 5516 5590 5464 5710 5284 5647 5054 5418 5751 5895 5317 5239 5424 6051 5788 5176 5468 5352 5199 5252 5541 5309 5561 5061 5464 5870 5207 5846 5411 5669 5255 5592 5128 5010 5560 4693 5249 5238 5327 5184 5149 5600 5133 5930 5138 5680 5363 5527 5453 5491 5480 5650 5579 5339 5588 5398 5472 5379 5487 5299 5300 5711 5386 5493 5579 5439 4901 5089 5899 5048 5430 5335 5106 5439 5436 5731 5720 5176 5900 5323 5028 5521 5389 5524 5225 5346 5653 5282 5159 5579 5080 5724 5423 5648 5597 5453 5383 5482 5371 5777 5024 5124 5025 5671 5319 5500 5680 5213 5258 5856 5219 5241 5293 5475 5633 5475 5326 5228 4981 5435 5366 5240 5787 4580 5261 5888 5494 5540 4973 5513 5389 5499 5579 4887 5934 5584 5286 5337 5002 5360 5277 5660 5365 5000 5304 5285 4961 5162 6008 5572 5268 5338 5310 5503 5124 5410 5016 5684 5122 5255 5386 5197 5447 5440 5538 5822 5545 5543 5529 5488 5545 5975 5126 5430 5063 5368 5722 5436 5511 5401 5269 5403 5642 5475 5364 5487 5566 4837 5421 5871 5192 5507 5894 5386 5346 5332 5012 5488 5260 4996 5705 5844
5118 5786 5280 5608 5244 5468 5185 5350 5368 5049 5190 6003 5439 5258 5235 5667 5704 5885 5203 5145 5202 5137 5294 5344 5847 4947 5253 5756 5895 5364 5557 5270 5618 5204 5283 5946 4902 5504 5428 5246 5827 5832 5746 5292 5481 5522 5165 5572 5223 5132 5384 5328 4863 5396 5565 5696 5173 5709 5466 5852 5215 5557 5510 5594 5285 5486 5367 5982 5744 5027 5377 5402 5637 5404 5587 5616 5454 4776 5707 5816 5061 5626 5561 5680 5293 5553 5091 5250 5385 4905 5283 5245 5344 5007 5463 5506 5413 6111 5272 5684 5395 5477 5522 5663 5649 5564 5318 5267 5811 5341 5089 5423 5678 5020 5445 5770 5543 5625 5372 5027 4875 5350 5680 4993 5393 5321 5494 5400 5363 5699 5672 5455 6151 5284 5582 5273 5482 5730 5001 5672 5689 5551 5520 5612 5281 5793 5844 5860 5515 5531 5440 5341 5238 5872 5187 5277 5499 5578 5595 5544 5923 5321 5476 5688 5347 5424 5424 5197 5687 5418 5657 5725 5269 5623 5416 5360 5651 4739 5503 5807 5552 5181 5276 5587 5579 5391 5532 5206 5729 5739 5295 5211 5309 5649 5096 5831 5572 5039 5363 5271 4994 4997 6133 5686 5752 5483 5644 5404 4948 5403 5272 5472 5100 5456 5367 5456 5599 5675 5506 5722 5376 5865 4970 5626 5297 5593 5260 5656 4969 5599 5866 5655 5458 5397 5627 5156 5937 5414 5608 5261 5693 4954 5528 6117 5385 5299 5870 5591 5365 5404 5255 5310 5535 5018 5489 5914
4746 5053 4687 5030 4826 5106 4693 4839 5007 4836 4801 5229 5012 4510 4942 5155 5109 5345 4824 4673 4679 4858 4633 4743 5035 4571 4732 5206 4831 4816 4728 4608 5140 4496 4961 5395 4303 4886 4987 4587 5000 5279 5081 4722 5012 5044 4607 5290 4607 4630 5119 4832 4341 5086 5183 5077 4896 5344 4912 5045 4705 4713 5080 4846 4826 4763 4792 5317 4977 4512 4905 4933 4802 4566 4845 5124 4775 4545 4943 5034 4532 5083 4911 5106 4945 5026 4557 4915 4792 4209 4912 4520 4920 4548 4667 5066 4850 5474 5071 5302 4829 5159 4681 5043 4962 5309 4820 4895 4957 4605 4701 5000 4879 4722 4772 4954 4846 5150 5062 4545 4321 4919 5045 4621 4977 4449 4821 4971 4751 5137 5148 4772 5283 4882 4669 4702 4749 4902 4664 4994 5291 4938 5015 4928 4812 5122 5245 5016 4941 4928 4857 4813 4912 5308 4672 5141 4934 4923 4737 4843 5141 4975 4800 5260 4935 4553 4770 4748 5233 5102 4995 5003 4431 5224 5087 4630 5218 4349 4698 5263 5107 4996 4710 5249 4928 4682 5077 4531 5200 4594 4634 4680 4538 5064 4744 5204 4822 4718 4761 5000 4353 4595 5469 4835 4898 4972 4966 4951 4762 4905 4782 5123 4922 4743 4712 4951 5179 4871 4932 4972 4912 5018 4638 5035 4915 5123 4547 5149 4505 4924 5616 4988 4688 5042 5018 4766 5167 4696 4859 5059 5006 4405 4862 5080 5168 4921 5397 5127 4747 4682 4823 4721 4662 4616 4780 5020
5155 5321 5024 5387 5049 5025 5092 5022 5053 4917 5151 5342 5451 4961 5200 5458 5378 5711 5488 4793 5281 4946 5234 5327 5821 4776 5510 5493 5338 5194 5332 5245 5240 4992 5199 5455 4687 5249 5250 5082 5696 5547 5204 4950 5351 5155 4971 5436 4893 5169 5280 5103 4856 5425 5275 5406 5225 5542 5227 5427 4844 5452 5543 5304 5036 5275 5049 5986 5379 4841 5506 5168 5251 4944 5286 5512 5150 4965 5537 5644 4918 5569 5259 5293 5244 5598 5015 5162 5067 4462 5155 5152 5042 4737 5312 5359 5235 5872 5359 5448 5229 5144 5177 5398 5333 5236 5498 5395 5315 5068 5049 5321 5278 5201 5028 5485 5260 5453 5754 5167 4907 5140 5419 4949 5274 5227 5270 5258 5234 5615 5683 5335 5589 5459 5175 5292 5313 5392 4893 5331 5348 5434 5181 5155 5251 5197 5329 5435 5482 5390 4913 5122 5247 5172 4835 5111 5206 5116 5212 5442 5668 5305 5306 5460 5338 5082 5535 5201 5426 5303 5533 5111 4675 5529 5232 4776 5486 4693 5164 5591 5354 5501 5258 5268 5195 5189 5482 4782 5471 5270 5041 5109 4522 5154 5148 5512 5315 4824 5188 5080 4956 5175 5648 5694 5127 5149 5137 5351 5001 5109 5033 5532 5284 5223 5241 5172 5437 5048 5265 5504 5004 5428 4767 5615 5160 5341 4871 5420 4979 5469 6015 5131 5152 5070 5388 5137 5587 5102 5231 5359 5494 4756 5262 5475 5374 5372 5620 5589 5137 5134 5108 4967 5147 4844 5321 5570
4856 5561 5245 5022 5170 5396 4763 4905 5257 4800 4887 5523 5359 4828 4995 5231 5331 5794 5047 5073 4817 5225 4917 5252 5517 4616 5254 5556 5307 5302 5037 4983 5238 5039 5347 5661 4591 4997 5257 4660 5405 5320 5283 4946 5479 5260 4757 5377 4568 4976 5207 5216 4844 5240 5072 5540 4936 5365 5291 5315 4817 5305 5502 5105 4967 5099 5078 5921 4999 4820 5171 4954 5125 4902 5106 5293 5110 4840 5130 5406 4967 5638 5363 5486 4946 5306 4914 5110 5155 4505 5122 4662 5084 4904 5048 5586 5239 5880 5198 5350 5190 5482 5415 4960 5229 5285 5271 5558 5249 4972 4881 5061 4846 5015 4875 5449 5219 4947 5109 4970 4581 5485 5413 4913 5274 4893 4924 5011 4955 5642 5394 5057 5526 5051 5065 5206 5289 5358 4994 5081 5220 5411 5117 5255 5131 5324 5809 5115 5246 4979 5165 5103 4850 5515 4798 5082 4927 5062 5111 5423 5541 4844 5013 5120 5176 5017 5140 5218 5262 5117 5013 5401 4700 5375 5159 5054 5448 4681 5095 5587 5577 5019 4976 5123 5261 5421 5428 5039 5454 5411 4866 5231 4758 5266 5130 5615 5350 4765 5000 5161 4737 5113 6050 5690 5271 5050 5486 5062 4613 4955 4849 5317 5064 5076 5000 5278 5680 5128 5372 5383 5104 5568 4779 5209 5067 5368 4610 5399 4709 5395 5625 5488 5393 4997 5044 5316 5651 5113 5230 5429 5396 4829 5234 5552 5072 5440 5375 5284 5115 5108 4853 5113 5268 4704 5295 5530
4822 5354 4839 5338 5007 5055 5017 5038 5094 5000 4991 5526 5370 4786 5397 5633 5431 5693 5293 5004 5129 5020 5088 5311 5484 4948 5132 5459 5253 4907 5289 5074 5681 4868 5222 5693 4875 5280 5184 4838 5614 5750 5219 5032 4993 5438 4973 5492 4956 5421 5600 4949 5038 5376 5291 5248 5254 5506 5268 5656 4989 5302 5501 5330 5043 5282 5334 5876 5602 5065 5267 5459 5294 5014 5214 5376 5068 4940 5374 5830 4950 5533 5203 5583 5419 5680 5154 5323 5037 4612 5372 4982 5044 4870 5358 5454 5215 5712 5294 5489 5205 5549 5242 5154 5480 5402 5237 5161 5214 5014 5200 5275 5349 4911 4995 5281 5005 5382 5558 5050 4785 5171 5265 4921 5409 5188 5188 5185 5236 5640 5669 5095 5342 5209 5045 5133 5437 4865 4998 5173 5437 5269 5245 5315 5125 5532 5396 5438 5637 5530 5066 5086 5199 5469 4736 5244 5429 5251 5123 5393 5453 5084 5159 5605 5214 5204 5733 5264 5528 5367 5431 5086 4552 5416 5000 5164 5566 4476 5144 5576 5308 5081 5033 5354 5098 5284 5456 4857 5549 5306 4888 5259 4709 5130 4861 5722 5318 5114 5154 5117 4906 5295 5765 5370 4985 5190 5197 5214 4991 5011 4826 5540 5237 5004 5201 5025 5379 5347 5329 5383 5326 5022 4970 5463 5336 5289 4775 5326 4873 5461 6009 5587 5215 5156 5446 5159 5316 5315 5111 5567 5580 4806 5407 5244 5096 5376 5680 5619 5111 5458 5043 5348 5267 4983 5192 5654
5182 5632 5145 5121 5130 5100 5066 5084 5177 4835 5121 5464 5142 5208 5075 5387 5367 5549 5344 4815 4948 5077 5082 5195 5623 5038 5329 5669 5504 5251 5130 5105 5303 5025 5124 5753 4885 5273 5073 4959 5664 5455 5097 5139 5295 5323 5231 5399 5204 5152 5532 5035 5003 5449 5465 5426 5349 5487 5148 5565 4869 5207 5490 5102 5001 5322 5219 5924 5536 5012 5412 5339 5009 4984 5265 5418 5358 4914 5428 5679 4850 5468 5471 5918 5246 5511 5078 5296 5018 4755 5201 4878 5112 4997 5250 5566 5112 5959 5372 5354 5201 5535 5227 5101 5090 5668 5195 5331 5069 5085 4879 5104 5347 5255 5168 5247 5215 5323 5555 4899 4914 5265 5582 4919 5581 5266 5193 5479 5242 5483 5757 4928 5402 5346 5086 5185 5471 5340 5128 5521 5297 5281 5206 5376 5175 5551 5391 5530 5289 5660 5284 5113 5121 5450 4927 5341 5072 5360 5211 5392 5357 5209 5254 5526 5175 5304 5042 5339 5511 5480 5537 4904 4938 5772 5172 5174 5438 4308 5215 5627 5514 5119 5156 5496 5411 5458 5534 4914 5683 5335 4863 5045 4984 5145 5069 5466 5328 4999 5260 4946 5067 5254 5587 5690 5218 4931 5310 5504 4969 5209 5015 5238 5016 5331 5273 5262 5504 5153 5417 5793 5395 5710 5034 5663 5392 5435 4912 5449 4765 5459 5779 5334 5333 5476 5542 5118 5531 5310 5178 5467 5606 4907 5425 5768 5264 5468 5688 5388 5017 5461 4887 5373 5038 4839 5214 5497
5012 5574 5029 5262 5330 5328 5080 5175 5008 4911 5358 5508 5324 4944 5126 5314 5518 5809 5060 4928 5070 5470 5165 5446 5751 4804 5342 5656 5403 5070 5246 5104 5297 5148 5336 5780 4659 5437 5340 5033 5649 5852 5326 5320 5207 5567 4989 5630 4705 5238 5353 5120 5034 5264 5362 5648 5396 5759 5359 5486 5070 5216 5542 5445 5143 5137 5405 5930 5379 4796 5304 5411 5383 5199 5308 5598 5434 5000 5416 5689 5321 5496 5578 5562 5168 5541 5081 5198 5191 4623 5364 5152 4936 5137 5180 5481 5229 5817 5267 5578 5238 5404 5205 5413 5237 5601 5362 5477 5522 5098 5148 5373 5402 5193 5222 5634 5253 5510 5554 5060 4929 5140 5453 4642 5372 5079 5216 5187 5336 5633 5698 5012 5736 5244 4933 5188 5518 5445 5304 5523 5791 5242 5137 5536 5106 5541 5474 5616 5485 5327 5135 5316 5097 5700 5527 5297 5353 5461 5111 5599 5655 4984 5220 5571 5277 5304 5368 5142 5601 5498 5490 5250 4978 5318 5381 5107 5485 4626 5358 5687 5587 5179 5143 5391 5575 5324 5474 5131 5547 5175 5187 5096 4656 5499 5078 5685 5368 4709 5005 5462 4756 4761 5918 5504 5166 5547 5413 5424 4949 5275 4918 5402 5233 5359 5249 5229 5422 5311 5214 5636 5240 5442 5103 5298 5446 5456 4731 5258 5342 5423 5773 5321 5452 5063 5477 5203 5539 5409 5210 5554 5713 4907 5339 5797 5496 5361 5613 5547 5239 5339 5032 5176 5240 5068 5145 5781
4736 5301 4658 4956 4961 4572 4814 5072 4872 4638 4863 5096 5204 4643 4746 4982 4953 5569 4719 4749 4815 5082 4748 5097 5308 4224 4851 5208 4996 4846 5011 4566 5034 4684 4872 5288 4649 4815 4750 4576 5372 5301 5061 4842 4733 5111 4740 5068 4408 4584 5320 4775 4829 4812 5049 5170 4920 5274 4913 5095 4673 4933 4899 4982 4860 4844 4932 5435 4850 4798 4727 4814 4784 4859 4895 5129 4831 4467 5027 5402 4872 5389 5139 5172 4702 4840 4507 4650 4936 4201 5048 4732 4552 4515 5029 4830 4769 5473 4888 5268 5006 5020 4859 5117 4988 5111 5046 5019 5235 4706 4611 5349 4929 4811 4723 5188 4730 4939 5069 4847 4261 5057 5039 4574 4947 4893 5221 4919 5033 5162 4966 4863 5337 4803 5041 4742 5101 4758 4492 5139 5071 4977 5001 5244 4811 5204 5081 5302 4981 5191 5051 5058 5099 5287 4880 4854 5076 5185 4859 4947 5255 4997 5161 5147 4834 4947 4967 4753 5334 4696 5344 4584 4685 5183 4936 4719 5162 4179 5144 5097 5241 4655 4605 5062 4995 5032 5015 4537 5447 4998 4474 5004 4443 4826 4789 5314 4951 4661 4907 4966 4600 4766 5791 5410 4803 4990 4927 4919 4661 4826 4735 5191 4709 5116 4819 4906 5278 4840 4954 5236 4768 4878 4593 4852 5111 4986 4581 4969 4773 5158 5439 4964 5033 4953 4861 4934 5359 5141 4829 5306 5082 4552 4817 5458 5051 4802 5073 5281 4780 4966 4786 4764 4869 4673 5274 5635
4741 5303 5048 5148 5152 5147 4997 4976 5154 4544 4953 5394 5153 4771 4977 5095 5433 5517 5098 4530 4722 4990 4739 4815 5312 4297 5233 5478 5250 5142 4837 4869 4991 4730 5054 5477 4498 4962 4831 4710 5639 5416 5044 4914 4883 4959 4712 5452 4428 4897 5064 4985 4822 5170 5018 5349 5094 5355 4894 5017 4646 4937 5213 4920 5099 4760 4693 5644 5085 4505 5056 5301 5122 4851 5256 5003 5068 4658 5023 5129 4750 5481 4962 5393 4983 5251 4555 5033 4543 4297 5166 4478 4468 4877 5002 4958 4950 5451 4930 5367 5042 4870 4836 4864 5218 5225 5177 5118 4886 4779 4860 5020 4981 4908 4909 5168 5027 4766 5197 4761 4742 5198 5139 4671 5004 4830 4904 5070 5145 5372 5187 4825 5328 4732 4837 4830 5147 4952 4699 4845 5324 4916 5078 5148 5002 5207 5371 5414 4955 5160 5128 4776 4946 5115 4664 4859 4954 4948 4955 5170 5439 4944 4845 5313 5090 5165 5001 5092 5196 5168 4847 4796 4581 5050 5016 4799 5426 4446 4796 5481 5357 5078 4894 5229 4921 5343 5406 4464 5304 5142 4685 5058 4559 4686 5151 5199 4871 4750 5003 4791 4653 4920 5383 5293 5004 4971 4974 5177 4436 4823 4720 4881 4858 4874 4907 5136 5327 5239 5390 5203 5064 5164 4784 5114 5020 5142 4556 5178 4472 5039 5491 5194 4849 4794 5051 4826 5574 4984 5058 5144 5139 4579 4919 5480 5040 5010 5401 5077 4910 5343 4668 4925 4721 4635 5009 5149
5161 5778 5189 5528 5431 5394 5074 5147 5218 4605 5118 5911 5704 5369 5345 5619 5462 5927 5425 5089 4935 5241 5247 5482 5703 5055 5361 5678 5604 5366 5437 5466 5783 4987 5268 5696 4914 5306 5335 5046 5915 5790 5280 5319 5393 5344 5116 5652 4956 5381 5429 5361 4872 5431 5543 5858 5456 5598 5635 5761 5670 5373 5647 5182 5188 5158 5092 5917 5493 5016 5318 5184 5384 5126 5359 5730 5518 4944 5466 5852 5006 5616 5592 5593 5265 5603 4987 5307 4944 4745 5194 4846 5112 4927 5545 5678 5482 5632 5471 5456 5487 5645 5253 5499 5590 5344 5738 5610 5802 5309 5327 5658 5254 5228 5433 5597 5604 5319 5545 5393 4954 5615 5612 5162 5424 5038 5172 5483 5218 5756 5598 5317 5635 5203 5223 5471 5694 5643 5449 5587 5533 5674 5305 5495 5467 5477 5591 5480 5451 5456 5578 5193 5519 5846 4906 5437 5339 5671 5241 5877 5917 5439 5135 5433 5361 5273 5558 5474 5599 5589 5597 5357 5146 5624 5533 5300 5649 4603 5132 5756 5879 5535 5371 5559 5569 5818 5874 5212 6079 5902 5214 5513 5342 5413 5121 5761 5423 4937 5158 5201 4727 5664 5878 5784 5512 5368 5625 5672 5051 5301 5257 5596 5327 5318 5339 5562 5719 5462 5508 5982 5330 5636 5344 5573 5384 5187 5157 5570 4886 5506 5873 5400 5358 5275 5541 5114 5690 5447 5145 5688 5718 5111 5604 5850 5379 5861 5626 5595 5436 5159 5021 5339 5486 5142 5567 5557
4957 5433 5156 5455 5123 5481 5160 5308 5196 5056 5258 5744 5588 5200 5435 5587 5568 5999 5203 5043 5202 5234 5167 5283 5429 5031 5398 5685 5315 5211 5531 4941 5395 5226 5547 5641 4759 5325 5300 4974 5781 5869 5379 5227 5374 5492 4983 5777 4684 4957 5434 5381 5116 5387 5491 5454 5195 5550 5281 5684 5028 5336 5386 5336 5244 5240 5374 5976 5322 4961 5421 5130 5535 4993 5218 5448 5562 5108 5654 5875 5043 5702 5669 5474 5204 5572 4830 5067 5202 4756 5425 4951 5001 5067 5224 5474 5342 6048 5157 5754 5166 5353 5174 5447 5465 5425 5465 5302 5371 5062 5290 5508 5294 5394 5224 5440 5328 5230 5549 5046 4897 5262 5428 5136 5395 5203 5235 5447 5459 5744 5526 5184 5672 5285 5134 5212 5398 5445 4832 5032 5370 5421 5179 5414 5339 5813 5788 5749 5723 5644 5113 5048 5229 5568 5073 5240 5420 5539 5157 5468 5654 5122 5414 5497 5399 5152 5399 5355 5554 5325 5428 5226 4722 5639 5329 5259 5676 4739 5212 5970 5617 5419 5223 5444 5292 5413 5667 5153 5785 5445 4768 5210 4867 5178 5192 5860 5513 5281 5403 5274 4763 5156 5863 5702 5429 5242 5573 5331 4857 5375 4992 5753 5045 5369 5176 5154 5589 5417 5514 5552 5378 5431 4828 5682 5327 5297 4870 5438 4970 5408 5998 5358 5435 5294 5565 5303 5841 5421 5327 5636 5410 4909 5152 5674 5306 5589 5836 5751 5245 5435 5112 5119 5229 4992 5456 5564
5036 5649 4837 5355 5041 5141 4963 5286 5436 5150 5235 5396 5347 4883 5181 5416 5489 5819 5151 4873 5145 5045 5092 5314 5652 4909 5255 5686 5351 5142 5147 5059 5382 4945 4903 5943 4680 5223 5369 4742 5580 5638 5254 5030 5343 5390 5189 5456 4987 5297 5389 5262 4897 5091 5492 5556 5356 5398 5346 5735 5077 5465 5540 5392 5139 5338 5004 5641 5419 4979 5309 5072 5290 4924 5078 5295 5194 5012 5613 5409 5070 5790 5272 5542 5066 5358 5031 5212 5027 4627 5514 5140 4746 5091 5628 5298 5142 6120 5310 5389 5120 5300 5531 5115 5453 5478 5549 5558 5392 5077 4863 5382 5228 4985 5198 5475 4996 5315 5579 5122 4848 5245 5595 4872 5410 5365 5265 5366 5081 5529 5590 5261 5639 5022 5335 5215 5302 5273 4774 5257 5531 5400 5288 5348 5295 5521 5477 5539 5067 5390 5108 5138 5192 5498 5088 5209 5410 5629 5250 5622 5593 5212 5082 5386 5089 5286 5378 5240 5334 5361 5408 5135 5019 5512 5128 5305 5546 4642 5456 5639 5341 5300 5140 5376 5147 5274 5314 5226 5708 5517 5081 5192 4982 5294 5051 5605 5185 5230 5039 4900 4834 5100 5821 5838 5334 5232 5701 5364 4901 5221 5230 5379 5143 5331 5261 5236 5595 5225 5354 5511 5183 5682 4829 5465 5239 5326 4832 5304 4999 5465 5998 5316 4966 5002 5701 5120 5629 5547 5467 5316 5522 4747 5237 5486 5289 5538 5330 5282 5304 5418 5033 5235 5220 4968 5524 5807
5079 5754 5215 5630 5429 5416 5131 5185 5362 5034 5420 5618 5366 5081 5264 5760 5723 5760 5342 5154 5240 5326 5344 5329 5561 4806 5241 5797 5508 5559 5391 5554 5642 5060 5280 5970 5085 5604 5360 5218 5797 5905 5578 5356 5367 5683 5166 5683 5209 5370 5596 5344 5240 5528 5557 5682 5475 5738 5551 5892 5219 5334 5608 5235 5196 5480 5526 5965 5706 4963 5819 5783 5347 5209 5495 5607 5424 4871 5693 5839 5179 5566 5634 5978 5450 5565 5151 5432 5342 4714 5575 5219 5055 5077 5346 5618 5308 6039 5691 5663 5503 5872 5590 5445 5478 5512 5502 5738 5403 5246 5246 5326 5507 5163 5128 5693 5534 5446 5785 5033 5047 5325 5649 4989 5704 5422 5460 5648 5251 5771 5552 5498 5869 5294 5344 5358 5700 5585 5332 5564 6005 5325 5785 5387 5425 5548 5479 5663 5620 5731 5140 5298 5260 5560 5276 5351 5430 5696 5203 5797 5733 5253 5285 5859 5196 5405 5448 5284 5658 5825 5934 5658 5145 5985 5301 5362 5749 4975 5633 5641 5369 5466 5626 5852 5167 5785 5613 4962 5571 5629 5268 5268 5050 5422 5274 5939 5767 5117 5248 5428 4890 5261 6059 6023 5378 5254 5798 5757 5408 5602 5240 5590 5327 5365 5029 5647 5666 5740 5499 5692 5409 6024 5134 5642 5396 5674 5306 5739 5089 5558 5979 5449 5323 5213 5471 5423 5893 5577 5375 5704 5819 4811 5876 5860 5440 5696 5718 5575 5437 5438 5134 5201 5416 5315 5419 5723
5090 5567 5094 5147 5147 5190 4921 5115 4981 4524 4912 5473 5371 4833 5072 5115 5394 5541 5064 4952 4832 4931 4977 5176 5242 4775 5222 5378 5339 4953 5003 5044 5250 4826 5112 5613 4864 4956 4977 4924 5431 5473 5169 5130 5254 5177 4915 5555 4502 5123 5222 5190 4711 5193 5215 5111 5131 5550 4950 5339 4823 5092 5443 5161 4978 5209 5099 5746 5174 4833 5287 5067 4969 4901 5002 5120 5313 4853 5328 5534 4947 5551 5339 5281 5079 5335 4793 4794 5138 4563 5051 4843 4678 4884 5118 5291 5097 5723 5063 5260 5286 5517 4945 5182 5226 5134 5289 5179 5381 4840 4977 5134 4878 5152 5102 5388 4904 5048 5321 5151 4683 5046 5298 4565 5414 4765 4908 4913 5028 5516 5400 4873 5564 5054 5005 5146 5206 5135 4827 5279 5399 4979 5190 5219 5056 5534 5376 5252 5026 5183 5069 5039 4803 5228 4936 5120 5186 5480 4934 5526 5673 4991 5222 5326 4843 5264 4994 5144 5158 5213 5296 5092 4722 5434 4896 5088 5095 4519 5198 5427 5295 5224 4721 5373 5209 5377 5423 4677 5310 5345 5033 5334 4779 4998 5043 5632 5247 4943 4934 5175 4674 4882 5696 5438 4901 5027 5220 5324 4675 5005 4866 5289 4956 5091 4949 5108 5282 5088 5425 5346 5095 5218 4749 5522 5041 5033 4769 5137 4963 5351 5405 5222 5333 5047 5296 5225 5763 5189 4860 5256 5460 4539 5569 5691 5343 5359 5560 5281 5308 5139 4995 5045 5057 4554 5088 5435
5266 5703 5252 5784 5165 5309 5223 5437 5471 5121 5288 5829 5583 4916 5237 5702 5556 6013 5280 5082 5111 5553 5323 5367 5805 5211 5490 5657 5595 5302 5620 5301 5524 5313 5485 5742 4684 5570 5561 5051 5880 5636 5584 5405 5352 5385 5114 5620 4794 5265 5613 5293 5222 5451 5539 5284 5401 5848 5568 5514 5219 5404 5589 5288 5285 5184 5069 5784 5498 5050 5387 5504 5158 5390 5393 5496 5526 5274 5556 5798 4917 5826 5745 5684 5584 5528 5159 5103 5303 4477 5549 4927 5386 4931 5694 5599 5564 6128 5328 5852 5452 5348 5395 5478 5433 5588 5724 5597 5565 5188 5301 5561 5347 5422 5139 5783 5169 5613 5485 5281 4764 5586 5434 5195 5512 5018 5304 5328 5548 5498 5720 5202 5664 5335 5324 5100 5532 5415 5282 5336 5502 5443 5227 5693 5508 5587 5832 5453 5132 5380 5384 5336 5185 5579 5263 5240 5351 5274 5317 5893 5757 5202 5277 5441 5464 5123 5789 5295 5670 5425 5432 5472 5396 5602 5480 5109 5756 4851 5469 5627 5830 5379 5257 5564 5673 5645 5515 4915 5718 5560 5096 5249 5151 5382 5215 5966 5709 5236 5493 5551 4949 5222 6049 6055 5353 5454 5551 5532 5184 5320 5308 5637 5276 5307 5232 5518 5493 5522 5334 5644 5438 5643 5065 5555 5346 5652 4908 5783 5399 5609 6007 5395 5214 5366 5455 5289 5726 5396 5502 5617 5703 4834 5290 5895 5386 5774 5558 5578 5695 5122 5174 5520 5288 5049 5626 5805
4985 5876 5037 5214 5140 5271 5019 5009 4895 5109 4963 5545 5433 4814 5069 5233 5430 5890 4927 4736 4793 5161 5227 5108 5409 4814 5296 5522 5295 5098 5435 4979 5526 4981 5130 5488 4603 5033 5142 4938 5791 5457 5326 5082 5137 5447 4956 5366 4793 5276 5280 5114 4693 5210 5277 5597 5120 5632 5206 5694 5002 5100 5437 5075 5230 5097 4979 5724 5313 4607 5506 5074 5164 4782 5228 5239 5129 4798 5368 5341 4828 5682 5171 5481 5041 5240 4953 5212 4927 4661 5333 4601 4813 5057 5349 5594 5101 5700 5255 5224 5109 5128 5442 5327 5165 5302 5487 5430 5605 5180 4935 5270 5236 4960 5079 5272 5217 5272 5157 4931 4597 5054 5276 4814 5236 4848 5235 5136 5229 5210 5423 5085 5793 5124 5123 4984 5285 5374 5064 5435 5697 5329 5308 5517 5304 5532 5606 5438 5318 5210 5007 5157 4848 5566 5097 5227 5036 5367 5101 5698 5649 4917 5212 5390 5031 5056 5118 5294 5588 5309 5381 5028 4977 5378 5134 5324 5587 4732 5250 5512 5428 5072 5212 5139 5210 4952 5322 4934 5610 5248 5133 5236 4903 5112 5337 5479 5304 4929 5163 5178 4633 5031 5836 5505 5381 5228 5227 5326 4813 4976 5095 5242 5139 5379 5186 5193 5452 5088 5140 5647 5154 5443 4871 5331 5198 5262 5077 5380 4837 5344 5696 5330 5218 4877 5358 5148 5766 5110 5009 5585 5391 4849 5190 5507 5184 5335 5523 5549 5072 5251 4925 4867 5013 5087 5339 5673
4984 5399 4813 5227 4993 5139 5005 5054 5055 4766 4910 5327 5360 4959 5265 5278 5411 5627 5123 5063 4941 5234 5033 5076 5574 4606 5067 5484 5276 5055 5135 5246 5187 4913 5189 5485 4452 5206 5126 4604 5482 5379 5276 4782 5292 5165 4883 5585 4601 5208 5347 4877 5196 5132 5404 5218 5134 5739 5075 5272 4559 5185 5349 5230 5040 4988 5098 5808 5356 4965 5344 4987 4873 4994 5274 5252 5010 4829 5526 5401 4887 5448 5195 5306 5363 5392 4834 4911 4977 4611 5058 4969 4866 4650 5020 5373 5007 5825 5404 5347 5102 5121 5170 5327 5131 5170 5127 5466 5333 5067 4871 5340 5034 4962 4972 5344 5072 5101 5445 4820 4521 5300 5363 4741 5411 5212 5029 5001 5017 5563 5265 4992 5529 4961 5012 5031 5343 5103 4790 5309 5483 5346 5213 5125 5033 5345 5605 5425 5238 5178 5141 5113 4997 5486 4818 5034 5289 5286 5001 5348 5250 5092 4999 5490 5147 5335 5295 5177 5396 5318 5386 4938 4603 5693 5142 5027 5161 4625 5016 5428 5356 5201 5498 5122 5260 5277 5480 4769 5537 5251 4952 4971 4788 5069 5033 5542 5334 5041 5021 5181 4755 5084 5617 5422 5137 5317 5257 5248 4862 5243 4750 5111 4905 4960 5195 5258 5481 5122 5387 5378 5039 5322 4810 5048 5032 5297 4830 5543 4617 5250 5745 5239 4978 5154 5128 5236 5482 5147 5114 5336 5295 4723 5226 5554 5213 5136 5270 5237 4871 5122 5020 4955 5023 4797 5317 5316
4663 5609 4705 5236 4929 4870 4825 4991 4776 4614 4889 5381 5029 4942 4904 5433 5053 5550 4919 4948 4703 4828 4728 4861 5274 4821 5187 5553 5092 4847 5050 4827 5217 4790 5104 5628 4671 5320 4896 4675 5538 5485 5190 4862 5185 4960 4836 5262 4529 4965 5142 5035 4936 4787 5363 5193 4915 5310 5271 5178 4926 5040 5317 4977 4888 4949 4916 5449 5293 4626 5256 4760 5089 4803 5306 5235 4873 4674 5156 5382 4845 5426 5235 5447 5141 5219 4611 5054 4838 4206 4857 4786 4508 4747 4966 5207 5101 5402 5083 4988 5257 5349 4886 5022 5100 5136 5210 5222 5095 5076 5030 5103 4862 5015 4709 5118 5096 5064 5090 4727 4440 5214 5257 4520 5080 4986 5116 5201 4851 5269 5394 4926 5305 4898 5153 4882 5269 5213 4984 5109 5243 5116 4970 5260 5074 5294 5200 5309 5062 5164 4885 4755 4906 5115 4585 5138 4913 5074 4887 5345 5447 5029 4780 5171 5061 5028 5118 5115 5348 5200 5016 5177 4647 5510 4732 4958 5402 4478 5018 5410 5220 5180 4990 5126 5028 5311 5281 4807 5551 5222 4990 5043 4831 4992 4658 5439 5025 4819 5041 4970 4932 5035 5736 5276 4887 5145 5288 5075 4908 4928 4696 5132 5127 4672 4983 4977 5379 5225 5093 5473 5325 5269 4820 5355 5046 5037 4888 5244 4641 5177 5536 5185 5104 5002 5062 4946 5419 4910 4975 5437 5464 4462 5179 5351 4766 5229 5455 5020 5213 4888 4632 4856 4673 4838 5258 5110
4950 5447 4889 5362 4935 4919 4864 5184 5094 4806 5083 5439 5327 4860 4964 5311 5372 5704 5164 4619 4964 5291 4765 5202 5435 4604 5167 5383 5358 4955 5471 5028 5085 5101 5383 5876 4631 5189 5088 4999 5715 5842 5229 4999 5228 5180 4997 5447 5013 5150 5486 4991 5015 5300 5232 5586 5067 5494 5253 5290 4842 5248 5390 5279 5084 5048 5340 5617 5147 5016 5502 5190 5161 4843 5244 5324 5097 4857 5315 5281 4751 5623 5205 5487 5199 5311 4790 4932 5228 4644 5163 5081 5076 4928 5292 5331 5202 5647 5168 5400 5262 5284 4930 5127 5273 5253 5077 5380 5351 5032 4776 5149 5184 5096 5006 5453 5172 5404 5306 5108 4670 5147 5385 4729 5133 5075 5240 5327 5104 5717 5545 5175 5546 5168 5186 5112 5366 5067 4724 5214 5372 5225 5224 5120 5009 5453 5531 5560 5161 5150 4966 4931 5181 5339 4803 5465 5273 5382 5037 5143 5398 5330 5042 5266 4988 5307 5273 5067 5284 5412 5115 4913 4868 5449 5164 5230 5310 4541 5267 5586 5584 5241 5026 5422 5099 5178 5303 4929 5619 5229 5241 5268 4765 4883 4945 5677 5451 4975 5026 4902 4865 4903 5901 5550 5230 5253 5378 5382 4781 5267 4980 5359 4892 5179 5183 5445 5569 5287 5155 5578 4848 5185 4687 5326 5069 5262 4679 5554 4683 5261 5684 5442 5233 5159 5286 5057 5594 5077 5123 5441 5423 4839 5198 5535 5335 5353 5422 5335 5109 5311 5199 5056 5161 4669 5556 5648
4943 5612 5198 5019 4951 5139 5273 5185 5032 4738 5191 5423 5412 4974 5098 5381 5345 5482 5136 4993 5079 4970 5087 5090 5223 4695 5272 5582 5207 5088 5077 5148 5239 5025 5098 5740 4589 5215 5244 4811 5391 5471 5361 4941 5182 5319 4989 5429 4690 5196 5241 5055 4797 5086 5387 4999 5052 5530 5200 5424 4776 5158 5614 5100 4977 4979 4899 5730 5515 4585 5235 5075 4975 4917 5290 5042 4953 4981 5520 5660 4769 5444 5208 5321 5146 5525 4911 4903 4806 4285 4940 4854 4899 4848 5264 5317 4969 5658 5083 5365 5263 5368 5005 5102 5463 5254 5273 5367 5375 5129 5109 5061 5247 5136 4931 5261 4956 5361 5075 4897 4755 5085 5359 4768 5382 4681 5205 4951 5062 5510 5181 5023 5577 5125 5010 5038 5357 5154 4751 5185 5552 4943 4930 5445 5047 5585 5428 5520 5045 5306 5138 5175 5202 5374 4572 5127 5224 5274 5033 5372 5406 5244 5301 5682 5187 4980 5030 5139 5669 5363 5201 5336 4744 5370 5014 5253 5629 4674 5075 5387 5287 5342 5408 5420 5122 5167 5632 4436 5449 5227 4778 5023 4533 5083 5151 5458 5174 4798 4876 5178 4670 4783 5626 5493 5043 5147 5146 5171 4951 5036 4807 5214 5078 4933 5056 5224 5146 5228 5326 5499 5441 5023 4807 5339 5101 5198 4869 5307 4695 5318 5464 5180 5261 4848 5438 5390 5456 5121 5200 5295 5594 4373 5044 5527 5106 5240 5593 5118 5050 5259 5012 5048 4881 4591 5386 5601
5124 5695 5237 5544 5366 5142 4843 5005 5252 4662 5035 5666 5473 4980 5246 5462 5458 5981 5269 4798 5051 4844 5044 5291 5733 4952 5281 5510 5171 5050 5138 5083 5286 4870 5350 5842 4952 5240 5152 5075 5492 5674 5329 5231 5156 5305 5140 5679 5063 5165 5571 5215 5059 5137 5333 5574 5304 5638 5171 5356 4854 5317 5579 5250 5068 5080 5138 5753 5334 4965 5120 5134 5254 5112 5458 5420 5273 5023 5438 5744 4947 5551 5424 5503 5242 5624 4960 5140 5281 4611 5257 5223 4865 4842 5408 5548 5148 5505 5387 5377 5190 5376 5267 5147 5352 5379 5269 5340 5245 4952 5200 5126 5039 5141 5420 5553 5039 5240 5622 5298 4626 5304 5676 4904 5364 4935 5141 5390 5590 5475 5429 5185 5458 5362 5137 5165 5201 5188 4883 5346 5546 5294 5315 5359 5130 5553 5604 5463 5336 5373 5089 5104 5018 5207 4929 5217 5336 5459 5131 5508 5896 4996 5288 5451 4995 4985 5514 5142 5509 5378 5369 5281 4654 5621 5292 5251 5539 4701 5245 5675 5531 5211 4980 5349 5300 5495 5386 4976 5714 5389 4968 5541 4735 5164 5189 5593 5394 5168 5260 5091 4865 5499 5751 5639 5107 5198 5400 5475 4913 5281 5138 5363 5271 5290 5188 5337 5523 5231 5706 5412 5259 5213 5020 5516 5123 5435 4813 5336 4924 5176 5771 5259 5297 5158 5181 5080 5731 5292 5205 5457 5703 4877 5428 5689 5026 5253 5846 5331 5057 5311 5107 5265 4946 4823 5576 5496
5039 5685 4831 5133 5348 5354 5361 4875 5157 4920 4887 5281 5000 4876 5082 5259 5559 5642 5118 5122 4879 5082 4930 5329 5205 4674 5141 5433 5348 5065 5336 5116 5521 4771 5169 5599 4589 4946 5034 4773 5599 5422 5060 5263 5149 5324 4645 5208 4737 5081 5169 4934 4591 5228 5092 5319 5162 5430 5324 5665 4964 5074 5102 5169 5063 5232 5219 5817 5284 4798 5217 5276 5313 4759 5219 5132 5260 4688 5435 5606 4880 5500 5220 5546 4957 5114 5018 5036 4832 4606 5130 4671 4927 4965 5162 5342 4963 5735 5287 5262 5086 5404 5278 5246 5331 5130 5379 5131 5182 5042 4968 5257 5182 5017 5080 5527 5111 5091 5182 5010 4796 5036 5486 4894 5340 4756 4858 5242 5173 5523 5269 4843 5712 5104 5040 5060 5007 5133 4761 5193 5465 5011 5311 5407 5013 5345 5661 5340 5200 5346 5107 5128 5207 5323 4715 5158 5166 5448 5156 5350 5835 4884 4995 5631 4853 5051 5234 5223 5208 5513 5269 5409 4788 5420 4900 5138 5291 4660 4940 5778 5442 5318 5194 5263 4804 5201 5270 4925 5522 5301 4888 5061 4945 5221 4981 5768 5207 4727 5247 4916 4787 5050 5672 5919 5235 5012 5375 5199 4963 5192 4927 5252 4836 5092 5027 5219 5121 5214 5453 5591 5263 5495 4971 5104 4988 5194 4738 5096 4726 5418 5616 5187 5415 4868 5164 5129 5806 5125 4988 5514 5533 4913 5195 5616 5086 5286 5431 5510 5183 5256 4837 5050 5161 4781 5406 5410
5388 5631 5542 5710 5427 5382 5289 5383 5582 5100 5275 5814 5554 5230 5363 5683 5595 6035 5470 5003 5207 5440 5260 5520 5757 5267 5726 5820 5596 5378 5407 5303 5594 5311 5482 5742 4957 5402 5355 5185 5827 5828 5595 5273 5499 5443 4982 5866 4896 5446 5757 5214 5314 5588 5789 5570 5360 5908 5478 5579 5123 5550 5776 5543 5251 5284 5416 6101 5648 4796 5329 5772 5498 5430 5571 5722 5529 4998 5720 6001 5027 5825 5438 5919 5323 5868 5367 5545 5336 4712 5356 5258 5145 5081 5311 5733 5430 6142 5489 5801 5577 5735 5661 5404 5574 5786 5630 5467 5685 5306 5314 5402 5340 5122 5139 5789 5604 5654 5673 5230 5231 5653 5953 5260 5608 5277 5582 5758 5171 5625 6017 5377 5990 5334 5491 5480 5407 5452 5316 5737 5747 5431 5712 5459 5708 5444 5743 5724 5788 5705 5754 5344 5307 5719 5259 5449 5158 5753 5291 5503 5669 5483 5304 5672 5593 5440 5810 5305 5849 5721 5683 5659 5304 5897 5433 5294 5835 4635 5657 5983 5839 5489 5382 5722 5733 5870 5876 5045 5815 5691 5350 5185 4939 5381 5055 5802 5441 5190 5537 5609 4948 5407 6095 5881 5563 5366 5431 5572 5103 5326 5129 5773 5434 5548 5315 5597 5736 5429 5521 5687 5502 5748 5163 5635 5664 5713 5039 5558 5229 5637 6117 5311 5617 5597 5587 5299 5825 5384 5417 5878 5965 4870 5639 5762 5293 5565 5699 5525 5315 5197 5072 5375 5410 5115 5588 5815
5255 5779 5215 5714 5226 5177 5456 5398 5281 5151 5398 5822 5718 5122 5317 5675 5640 5981 5288 5114 5160 5488 5159 5510 5995 4957 5408 5928 5530 5302 5571 5612 5874 5065 5684 5756 4792 5335 5260 5132 5904 5968 5818 5188 5527 5871 5278 5712 4978 5511 5555 5422 5062 5516 5633 5471 5525 5890 5394 5639 5328 5369 5754 5494 5193 5558 5358 6199 5437 5033 5456 5559 5400 5296 5408 5707 5556 5050 5688 5807 5120 5562 5480 5757 5501 5710 5061 5256 4941 4892 5558 5219 5290 5162 5129 5542 5432 6181 5563 5522 5458 5496 5107 5456 5486 5770 5505 5422 5597 5010 5440 5429 5446 5227 5634 5555 5380 5416 5933 5223 4975 5343 5653 4739 5576 5347 5540 5693 5362 5653 5922 5452 5744 5301 5297 5467 5760 5547 5051 5420 5774 5550 5266 5357 5480 5599 5687 5836 5531 5728 5320 5364 5400 5878 5255 5274 5444 5377 5217 5895 5750 5196 5205 5533 5529 5257 5480 5503 5798 5714 5571 5477 4966 5916 5460 5457 5606 4823 5556 5905 5450 5561 5522 5545 5487 5515 5761 5060 6018 5592 5277 5287 5084 5135 5298 5766 5435 5117 5322 5616 5021 5420 5978 5760 5128 5524 5709 5717 5178 5474 5222 5573 5266 5464 5393 5432 5668 5667 5490 5791 5541 5563 5075 5740 5638 5426 4938 5751 5305 5425 6053 5403 5440 5576 5363 5563 5886 5342 5275 5573 5623 4907 5459 5975 5406 5743 5986 5706 5296 5557 5186 5487 5282 5080 5411 5757
4556 5166 4600 4879 4706 4518 4937 4767 4905 4616 4755 5352 5083 4678 4756 5145 5111 5235 4945 4392 4590 4560 4719 4920 5162 4477 5120 5322 5192 5098 4700 4970 4988 5038 4861 5393 4422 4970 5021 4877 5223 5192 4968 4667 5003 4894 4706 4973 4684 4846 4963 5038 4842 5046 4908 5029 4949 5129 4892 5287 4663 4812 5114 4749 4703 5072 4732 5628 5247 4481 5132 4668 4983 4471 4852 4952 4932 4443 5020 5121 4650 5210 5021 5128 4823 5143 4712 4705 4703 4261 4749 4630 4554 4495 4766 5187 4612 5491 5290 5199 4673 4914 4970 4917 4653 5111 4837 5081 5212 4727 4828 4827 5132 4485 4641 4672 4866 5063 4897 4608 4516 4788 5007 4428 4797 4846 4876 4938 4683 5289 5329 4797 5285 4806 4840 4843 4878 4900 4667 5078 5080 4678 4789 5048 4851 5207 5046 4980 5281 4923 4601 4953 4693 5065 4679 4871 4753 4843 5313 5093 5084 4803 4712 5043 4807 5060 4918 4828 5141 5210 5083 4774 4304 5140 4915 4953 5371 4447 4956 5024 5002 4819 4995 4942 4746 4937 4837 4491 5215 4988 4805 4669 4291 4821 4841 5312 4913 4492 4593 4792 4645 4767 5179 5310 5025 4701 5154 4966 4654 4882 5080 5280 4740 5154 4871 4827 4889 4574 4973 4949 4728 4985 4429 5008 4982 4931 4819 4932 4628 5005 5262 5079 4708 4887 4941 4911 5214 4811 4837 5018 4931 4457 5039 5052 4949 5149 5326 5031 4850 4793 4481 4791 4914 4447 5043 5086
5162 5605 4863 5358 5131 5100 4990 5161 5206 4735 5049 5544 5298 4704 4951 5354 5009 5623 4907 4457 4934 5285 4838 5053 5379 4564 5405 5639 5617 5122 5212 5058 4922 4977 5223 5464 4453 5049 5018 4913 5479 5690 5326 4736 5237 5150 4906 5525 4893 4842 5422 5073 4911 4909 5538 5313 5051 5336 5053 5378 4867 5017 5170 5122 4891 5088 4888 5677 5100 4804 5016 5266 5009 5110 5170 5163 5240 4818 5675 5343 4700 5394 5266 5560 5053 5187 4841 4970 4964 4499 5032 4891 4817 4712 5026 5451 4877 5754 5148 5298 5140 5187 5081 5363 5311 5266 5310 5166 5427 4764 4898 5164 5055 5017 5125 5413 5145 5213 5295 5056 4629 4757 5492 4785 5224 4764 5023 4998 5168 5410 5624 5061 5541 5105 5012 5185 5055 5287 4915 5199 5297 5285 5079 5284 5112 5473 5481 5404 5500 5134 5148 4879 4956 5492 4926 5087 4983 5197 5136 5606 5710 5145 5158 5425 5045 5345 5313 5017 5483 5245 5353 5123 4732 5334 5272 5069 5376 4619 5176 5881 5244 5036 4879 5286 5037 5101 5476 4918 5445 5223 4883 5165 4804 5099 4856 5389 5201 4805 5016 5223 4696 5056 5875 5680 5206 5404 5224 5145 4820 5107 5064 5397 4985 5186 5136 5513 5264 5034 5167 5938 5185 5257 4994 5489 5143 5160 4646 5124 5110 5186 5657 5089 5324 5157 5357 4922 5439 5106 5164 5339 5170 4765 5109 5786 5126 5613 5376 5232 5164 5129 4933 5073 5010 4636 5306 5411
4692 5056 4492 5065 4431 4829 4749 4557 4756 4452 4415 4977 4800 4450 4644 4998 5047 5391 4723 4396 4568 4700 4624 4706 4982 4361 4740 5091 4419 4612 4717 4674 4747 4352 4655 5027 3933 4563 4702 4351 5276 5043 4570 4374 4806 4674 4436 5032 4415 4677 5014 4498 4360 4418 4763 4793 4703 4987 4678 4912 4274 4596 4796 4855 4453 4773 4566 5088 4651 4355 4983 4939 4654 4306 4478 4971 4553 4384 4951 4968 4393 5214 4539 5101 4547 4872 4277 4604 4418 4131 4806 4374 4500 4412 4575 4745 4604 5277 4647 4588 4625 4967 4929 4757 4769 4897 4829 4729 4845 4548 4390 4751 4751 4400 4740 4933 4418 4712 4895 4541 4230 4643 4794 4447 4804 4628 4703 4815 4631 4920 4979 4532 5031 4331 4606 4727 4992 4676 4440 4615 4847 4605 4931 4699 4807 4810 4733 4857 4534 5130 4464 4576 4690 4856 4430 4301 4935 4873 4566 5013 5084 4877 4325 4917 4690 4823 5095 4560 4881 4838 4779 4886 4413 5034 4760 4374 4738 4315 4952 5056 4749 4940 4620 4878 4476 4741 4982 4535 5142 4837 4513 4806 4386 4835 4407 5021 4566 4536 4696 4587 4343 4554 5057 5167 4790 4543 4661 4831 4537 4894 4543 4952 4336 4674 4697 4876 4750 4892 4677 4943 4627 5110 4602 5030 4600 4630 4206 4694 4302 4781 5273 4673 4776 4585 4969 4699 5126 4790 4878 4767 4855 4322 4644 4840 4819 4867 4851 4702 4712 4742 4627 4749 4666 4268 5154 5037
5181 5521 5409 5608 5270 5370 5207 5340 5377 5056 5205 5721 5678 4944 5416 5653 5759 6267 5334 5159 5327 4971 5430 5502 5664 5054 5478 5771 5464 5210 5732 5253 5444 5103 5443 5786 4786 5082 5597 5150 5745 5648 5566 5199 5352 5649 5040 5585 5149 5179 5471 5327 4987 5349 5584 5561 5320 5675 5514 5887 5236 5297 5561 5526 5283 5344 5509 6011 5491 5051 5392 5160 5386 5034 5539 5304 5440 5092 5523 5575 5140 5616 5610 5664 5087 5789 4754 5204 5229 4832 5229 5194 5064 5017 5286 5907 5220 5728 5394 5803 5504 5432 5633 5446 5440 5757 5483 5589 5608 5208 5083 5361 5826 5185 5269 5510 5514 5323 5646 5298 5188 5156 5783 5056 5508 5164 5522 5375 5395 5526 5675 5429 6015 5356 5008 5524 5435 5464 4900 5463 5854 5479 5393 5410 5178 5593 5881 5617 5682 5592 4944 5136 5083 5772 5263 5613 5555 5642 5454 5643 5651 5117 5276 5707 5242 5505 5401 5290 5836 5509 5463 5568 5072 5709 5487 5738 5703 4869 5315 5913 5655 5342 5394 5604 5117 5537 5597 5070 6040 5720 5093 5454 4807 5417 5269 5569 5539 5085 5127 5402 4728 5108 5845 5769 5423 5169 5619 5505 5203 5268 5175 5596 5205 5212 5193 5616 5412 5475 5265 5655 5500 5675 5104 5799 5459 5539 5132 5566 5026 5557 6015 5382 5528 5081 5579 5257 5727 5305 5375 5641 5741 4781 5561 5647 5247 5444 5924 5868 5284 5371 5080 5276 5090 5197 5722 5676
5320 5953 5436 5611 5451 5675 5253 5426 5555 4972 5333 5842 5625 5479 5575 5904 5849 6274 5541 5335 5428 5609 5461 5474 5928 5212 5913 5918 5629 5457 5529 5286 5830 5468 5739 6066 5128 5729 5472 5380 5892 5727 5739 5402 5425 5824 5330 6125 5147 5377 5807 5209 5294 5578 5665 5701 5380 6035 5816 5723 5390 5491 5685 5575 5318 5573 5455 6044 5745 5015 5780 5604 5492 5567 5455 5864 5523 5266 5553 6173 5605 5919 5657 5981 5629 5650 5164 5327 5330 4680 5731 5039 5553 5124 5717 5941 5579 6222 5627 5869 5331 5811 5732 5759 5555 5680 5803 5676 5671 5748 5580 5747 5518 5383 5425 6017 5368 5820 5909 5176 5094 5675 5863 5306 5673 5307 5396 5625 5445 6016 6082 5344 5917 5431 5524 5243 5926 5703 5417 5577 6084 5695 5490 5889 5672 5759 6040 6062 5553 5772 5581 5611 5474 5794 5347 5604 5788 5716 5602 5780 6015 5635 5492 5701 5510 5776 5668 5693 5935 5547 5632 5667 5339 5870 5333 5400 5847 4743 5806 5830 5967 5529 5535 5799 5832 5792 5823 5435 5969 5712 5268 5548 5101 5496 5310 5869 5732 5206 5397 5647 5294 5328 6046 6038 5305 5538 5896 5749 5438 5726 5398 5475 5476 5534 5392 5607 5844 5759 5438 5989 5501 5719 5373 5758 5502 5929 5344 5807 5302 5746 6114 5659 5784 5581 5595 5484 5707 5687 5582 5726 5962 4997 5755 5981 5422 5952 5717 5733 5786 5269 5472 5583 5610 5268 5772 5909
4903 5451 5017 5112 5064 5090 5060 5126 5316 4779 5126 5361 5491 4925 5005 5405 5181 5788 4949 4898 5031 5201 4993 4977 5436 4857 5250 5525 5105 5281 5272 5205 5364 4953 5248 5657 4742 5419 5026 4804 5637 5380 5319 5217 5126 5326 4994 5402 4940 5051 5850 5220 4939 5342 5339 5407 5174 5636 5361 5476 5017 5199 5263 5235 4811 4972 5203 5824 5399 4970 5325 5140 5288 5249 5030 5444 5057 4626 5602 5672 4828 5495 5171 5458 5363 5403 4884 4895 5107 4712 4894 4925 4898 4756 5117 5414 5114 5761 5046 5336 5206 5423 5095 5312 5033 5221 4879 4905 5368 4996 5060 5053 5485 4870 5134 5484 5102 5292 5487 4959 4583 5414 5388 4807 5377 4957 5219 5440 5384 5493 5614 5127 5715 5060 5003 5298 5438 5147 4769 5330 5376 5334 5300 5156 5028 5385 5483 5632 5418 5352 4953 5036 5216 5587 4809 5215 5245 5504 5294 5215 5462 5341 5032 5760 5048 5253 5291 4904 5523 5442 5606 5113 4891 5740 4884 5063 5553 4694 5321 5230 5333 5300 5196 5338 5340 5271 5185 4991 5878 5550 5236 5003 4578 4926 5147 5444 5365 5090 5254 5110 5100 4987 5815 5537 5242 4906 5368 5206 4961 5233 4811 5279 5023 5218 5203 5344 5481 5389 5466 5286 5108 5235 4959 5208 5207 5356 4876 5453 4923 5193 5942 5138 5442 4983 5469 4968 5839 5330 5251 5276 5548 4690 5425 5610 5177 5408 5419 5329 5321 5161 5121 4978 4935 4909 5468 5394
4803 5337 4817 5140 5206 5044 5031 5190 5094 4843 4945 5480 5300 4922 5047 5182 5220 5950 4902 4938 4814 4708 4938 5112 5371 4804 5266 5394 5293 4746 5120 5063 5205 5119 5433 5299 4509 5158 5232 4698 5531 5377 5373 4966 4937 5264 4781 5521 4753 5029 5203 4990 4832 5008 5256 5446 5205 5467 5297 5354 4784 5222 5221 5102 5194 5003 4969 5777 5166 4884 5402 4968 5219 5055 5212 5160 4986 4752 5492 5452 4828 5492 5156 5444 5058 5374 4905 5066 4694 4518 5179 5158 4870 5013 4994 5296 5177 5834 5228 5306 5231 5340 5120 5061 5440 5144 5212 5255 5146 4787 5166 5193 5200 4892 5057 5216 5233 5222 4972 5094 4525 5260 5118 4794 5165 4933 5339 4974 5025 5485 5382 5015 5502 4975 5064 5215 5448 5093 4849 5170 5446 5136 5052 5476 5183 5435 5447 5369 5235 5236 5055 4820 4997 5218 4680 5094 5030 5274 4817 5319 5675 5167 5030 5381 5336 5295 5218 5092 5617 5183 5385 5110 4715 5281 4979 5042 5542 4638 4986 5557 5506 5259 5308 5084 4940 5195 5270 4739 5504 5181 4918 5115 4529 4903 5183 5628 5295 5026 5323 5154 4626 5374 5857 5544 5244 5158 5361 5295 4933 4974 4719 5298 5106 5171 4945 5021 5403 5238 5369 5431 5278 5460 4809 5267 5154 5152 4903 5245 4844 5330 5853 5169 5333 5084 5321 5089 5531 5175 5165 5396 5361 4567 5251 5480 5378 5135 5544 5239 4918 5203 5041 4886 4915 4712 5261 5657
4608 5231 4605 5108 5008 5049 4976 4979 5112 4458 4710 5158 5007 5008 4785 5219 5227 5533 5207 4515 4715 4946 4810 5181 5210 4319 5154 5198 5325 5112 5048 5034 5217 4640 5005 5533 4573 5053 4934 4916 5584 5387 5042 4796 4929 5129 4844 5078 4767 4769 5160 5041 4808 4977 5007 5453 5099 5258 4939 5446 5103 5088 5241 5111 4978 5026 4935 5571 5258 4861 5240 5223 5140 4952 5053 5057 5185 4827 4895 5436 4870 5344 5024 5520 5030 5362 4976 4645 5092 4394 5142 4629 4763 5062 5208 5401 5016 5847 5040 5218 5065 5238 5043 5252 5232 5261 5497 5227 5262 4969 4870 5011 5169 4855 4865 5300 4971 5274 5367 4633 4563 5185 5359 4702 4952 4890 4922 5166 4979 5533 5424 4952 5320 4880 4906 4850 5022 5245 4656 5034 5374 5015 5005 5035 4930 5049 4977 5154 5186 5221 5191 4971 4999 5526 4811 5125 5235 4938 5299 5186 5203 4713 4867 5125 5054 5085 5224 5129 5261 5322 5174 4963 4828 5170 5163 4870 5290 4455 5048 5338 5324 5054 4987 5259 5053 5176 5203 4540 5440 5140 4756 5027 4915 4863 5076 5244 4981 4624 4982 4946 4791 4835 5467 5464 4956 4938 5057 5243 4914 5041 4819 5418 4700 4973 4844 5201 5164 4947 5233 5290 4970 5121 4602 5307 5006 5269 4699 5325 4787 5105 5447 5211 5057 4939 4949 4878 5459 5092 5007 5207 5412 4525 5027 5548 4991 5268 5303 5121 4786 5057 4576 5017 5222 4622 5053 5397
5081 5583 5138 5517 5207 5263 5015 5366 5234 4734 5035 5612 5458 5017 5044 5515 5559 5705 5505 4788 4932 5271 5335 5448 5682 4847 5407 5428 5239 5329 5329 5193 5523 5072 5080 5743 4719 5338 5229 4830 5610 5583 5326 4885 5335 5455 4898 5824 4905 5299 5398 5098 4975 5304 5300 5178 5015 5669 5384 5556 5217 5240 5525 5481 5177 4949 5215 5958 5376 4945 5215 5404 5106 5299 5379 5444 5263 5052 5466 5493 5158 5631 5513 5599 5150 5426 4875 5088 5390 4613 5334 4861 5049 4999 5296 5358 5106 5949 5512 5751 5238 5478 5520 5486 5486 5522 5544 5354 5578 5370 5315 5044 5273 5098 5160 5487 4940 5310 5396 5299 4809 5359 5410 4956 5553 5068 5181 5223 5238 5641 5553 5071 5461 5275 5473 5187 5381 5242 5024 5393 5644 5401 5266 5482 5346 5407 5517 5353 5365 5435 5050 5319 5009 5476 5219 5247 5443 5439 5170 5650 5529 5208 5070 5485 5298 5394 5605 5219 5443 5209 5586 5148 5126 5498 5116 5040 5430 4535 5267 5536 5451 5278 5035 5323 5597 5606 5725 4911 5839 5204 5094 5557 4968 5263 5077 5874 5565 4962 5196 5141 4944 5355 5761 5754 5107 5459 5274 5208 5361 5172 5200 5321 5257 5482 5133 5596 5382 5254 5309 5692 5176 5316 4959 5363 5100 5488 4913 5549 4925 5439 5914 5418 5298 5297 5420 5355 5877 5431 5107 5571 5611 4918 5217 5708 5467 5373 5649 5384 5104 5308 4995 5420 5300 5195 5348 5746
5157 5667 4965 5324 5309 5202 5176 5179 5335 5019 5101 5554 5255 5215 5267 5295 5572 5867 5164 4868 5162 4991 5415 5396 5558 4859 5355 5570 5791 5055 5314 5265 5497 5083 5252 5670 5041 5291 5414 5106 5724 5954 5563 5093 5440 5559 5168 5768 5326 5146 5603 5176 5090 5378 5579 5519 5330 5644 5385 5725 5170 5343 5494 5492 5262 5442 5115 5901 5614 5102 5432 5451 5444 5332 5432 5360 5339 4821 5798 5814 4869 5764 5560 5812 5275 5508 4905 5041 5325 4629 5528 5322 4958 4859 5080 5596 5351 6083 5227 5637 5374 5422 5412 5399 5423 5464 5511 5245 5620 5171 4918 5433 5479 5053 5246 5369 5230 5453 5544 5078 4884 5256 5751 4831 5344 5262 5306 5269 5077 5705 5694 5041 5686 5064 5071 5312 5406 5365 5091 5430 5673 5255 5466 5454 5324 5595 5615 5507 5744 5623 5206 5457 5244 5728 5076 5604 5274 5621 5398 5257 5614 5202 5322 5667 5293 5561 5648 5222 5566 5431 5825 5224 4871 5675 5513 5228 5619 4612 5391 5791 5469 5343 5169 5460 5041 5589 5182 5000 5767 5598 5185 5179 4918 5337 5173 5768 5394 5051 5367 5188 4943 5111 6110 5599 5402 5239 5509 5365 4894 5380 5006 5389 5370 5461 5215 5405 5450 5307 5324 5715 5324 5520 4856 5603 5180 5332 4902 5365 5118 5560 6030 5462 5414 5320 5712 5286 5682 5419 5414 5421 5798 4851 5651 5860 5248 5501 5548 5558 5094 5473 5075 5224 5269 4986 5522 6133
5296 5933 5365 5825 5718 5672 5342 5529 5479 5007 5416 5937 5791 5206 5353 5644 5797 6210 5616 5008 5283 5464 5037 5354 5829 5083 5337 5669 5615 5597 5710 5307 5516 5114 5624 6180 5009 5353 5565 5313 6036 5885 5305 5423 5585 5632 5357 5708 5285 5476 5687 5411 5153 5343 5712 5811 5266 5909 5416 5857 5367 5506 5576 5583 5132 5382 5580 6207 5587 5213 5566 5686 5591 5331 5634 5744 5673 5116 5530 5963 5112 5750 5874 5826 5452 5696 5183 5427 5185 5040 5409 5158 5108 5149 5423 5816 5407 5952 5556 5799 5620 5555 5494 5581 5534 5757 5360 5632 5550 5120 5377 5526 5593 5270 5368 5554 5605 5573 5521 5462 5074 5478 5856 5246 5431 5364 5538 5374 5542 5887 5768 5424 6134 5424 5230 5372 5706 5778 5448 5671 5688 5059 5530 5605 5452 5802 5685 5619 6023 5965 5257 5429 5519 5846 5191 5450 5222 5741 5411 5545 6001 5321 5394 5820 5574 5724 5749 5590 6001 5644 5371 5453 5190 5720 5352 5601 5818 4880 5563 6105 5739 5647 5340 5582 5451 5571 5627 5321 5912 5663 5362 5397 5056 5408 5107 5666 5550 5242 5370 5314 4864 5240 5986 5838 5765 5333 5649 5722 4939 5571 5243 5780 5419 5286 5491 5737 5742 5515 5589 5955 5579 5498 5240 5718 5492 5641 5120 5431 5146 5454 6431 5541 5425 5241 5621 5483 5803 5595 5387 5616 5828 4896 5721 5715 5411 5603 5732 5909 5549 5387 5390 5717 5467 4853 5772 5835
4975 5506 5043 5155 5197 5245 5247 5266 4884 4971 5060 5563 5186 4883 5434 5541 5448 5659 5122 5044 5389 5032 4741 5062 5410 4661 5428 5555 5318 5089 5301 5108 5492 4957 5227 5554 4600 5410 5063 4880 5925 5454 5164 5154 5183 5298 4839 5338 4857 4945 5498 5059 4862 5135 5427 5191 5077 5562 5148 5551 4897 5138 5293 5263 5153 5265 5235 5803 5535 4896 5346 5210 5035 5117 5383 5271 5047 5036 5587 5679 4985 5502 5435 5352 5118 5369 5044 5278 5121 4552 5156 5052 4674 4868 5210 5430 5242 5448 5300 5493 5377 5424 5198 5443 5122 5449 5407 5249 5369 5417 5126 5223 5006 5174 4935 5364 5195 5175 5339 5019 4943 5270 5295 5016 5451 5010 5246 4888 5221 5531 5413 5287 5358 5019 5286 5134 5512 5436 4970 5133 5321 5360 5300 5440 5105 5648 5225 5518 5300 5342 5061 4864 5207 5401 4786 5379 5406 5486 5091 5513 5650 5135 5296 5791 5137 5312 5371 5128 5718 5182 5592 5263 4684 5450 4843 4892 5474 4516 5316 5657 5404 5272 5072 5332 5046 5177 5580 4845 5299 5319 4776 5141 4610 5222 5115 5610 5115 5055 5282 5064 4791 4892 5631 5409 5070 5265 5146 5380 4923 5098 4826 5422 5090 5281 5223 5209 5646 5219 5229 5519 5273 5396 4838 5605 5335 5442 4907 5552 4948 5446 5991 5270 5379 5196 5514 5214 5640 5310 5086 5240 5729 4784 5422 5544 5113 5335 5361 5587 5247 5295 4865 5192 5089 5075 5522 5431
5086 5408 5007 5097 5012 5177 4908 4919 4881 4669 4893 5574 5336 4903 5078 5424 5247 5515 5374 4995 4761 5131 5341 5420 5485 4744 5325 5404 5254 4998 5103 4980 4992 5189 5173 5587 4621 5049 5250 5194 5460 5534 5184 4760 4820 5197 4901 5316 4794 4833 5028 4992 4679 5017 5472 5248 4997 5196 5279 5585 5079 5166 5816 5234 4980 4688 5002 5803 5033 4649 5292 4950 5079 5042 5369 5299 5182 4728 5388 5520 4955 5483 5360 5348 5097 5457 4905 5283 4977 4586 4986 4810 4948 4825 4827 5453 5237 5565 5143 5441 5209 5331 5122 5127 5124 5273 5194 5244 5086 5156 5153 4941 5183 5303 5278 5399 5162 5190 5427 4972 4743 5123 5295 4867 5177 5040 4837 5057 5062 5509 5519 5100 5402 5196 5044 5292 5317 5357 5118 5300 5078 5467 5266 5335 5123 5347 5447 5256 5369 5278 5115 5034 4969 5094 4781 5387 5226 5207 5183 5229 5600 5058 5326 5392 5269 5034 5200 5198 5414 5058 5229 5325 4574 5277 5136 5170 5461 4636 5022 5654 5471 5151 5236 5049 5274 5303 5742 4930 5702 5284 4892 4987 4821 5306 4996 5598 5359 4674 5149 5103 4720 4794 5460 5444 5235 5152 5364 5204 4978 5273 5032 5348 5049 5071 5320 5255 5357 5296 5039 5704 5076 5248 5112 5432 4938 5264 4912 5337 4711 5212 5821 5043 5223 5115 5343 4897 5542 5005 4989 5363 5426 4769 5192 5607 5110 5313 5560 5283 4952 4969 4975 5105 5144 4956 5341 5573
4691 5293 4772 5186 4975 5249 5271 5112 4974 4546 5261 5275 5083 4888 5215 5215 5399 5718 5001 4916 4629 4824 5086 5038 5339 4624 4993 5481 5215 4999 5163 4967 5409 4660 5078 5569 4632 5119 5299 4604 5171 5459 5417 4855 5026 5141 4718 5441 4513 5135 5141 5078 4616 5188 5075 5340 5191 5131 5383 5315 4911 5090 5226 5196 4771 5020 4841 5654 5173 4518 5150 5118 5359 4753 5164 5200 5405 4665 5184 5411 4723 5483 4970 5265 5050 5286 4843 5012 5091 4323 5149 4760 5051 4750 5217 5527 5008 5841 5148 5758 5034 5200 5181 5073 5382 4795 5129 5219 5233 4886 4949 4962 5055 4798 4913 5419 5141 5282 5272 5055 4594 4943 5179 4766 5127 4783 4829 5052 5066 5172 5459 4964 5576 5192 4841 4778 5383 5051 4817 5108 5152 4780 4811 5371 5083 5482 5289 5274 5091 5001 5023 5147 5125 5148 4876 5128 5112 5279 4911 5201 5641 5035 5086 5289 5074 5183 5291 5277 5404 5320 4972 5137 4557 5398 5055 4891 5278 4505 4919 5510 5163 5071 4942 5236 5143 5013 5145 4698 5722 5267 4909 4956 4699 4961 5017 5206 5209 4683 5029 4993 4660 4994 5736 5528 5234 5214 5107 5165 4454 5091 4723 5369 5026 4971 4965 5095 5263 5099 5163 5409 5142 5281 5008 5149 5094 5235 4661 5101 4719 5421 5782 5162 5057 4657 4946 5025 5356 5092 5293 5578 5227 4653 5061 5477 5250 5075 5270 5235 5183 5061 4788 4941 5301 4824 5280 5511
5066 5418 4702 5131 5086 4788 4807 4758 5085 4697 4921 5307 5250 4724 4708 5130 5290 5479 4969 4749 4685 4996 4944 5177 5294 4560 5212 5341 5079 4935 5248 5026 4946 4674 5090 5483 4540 4992 5152 4680 5440 5315 5010 4710 5040 5337 4769 5279 4576 5008 5123 4881 4679 4856 5298 5360 5071 5359 5066 5128 4583 5028 5191 5045 4828 5199 4789 5670 5124 4727 5126 5096 5115 4869 4867 5066 5036 4757 5097 5502 4890 5284 4947 5262 4946 5163 4747 4865 4807 4352 5118 4665 5186 4475 5023 5203 4790 5613 5039 5153 5286 5230 5236 5037 5267 5414 5256 5206 5061 4859 5044 5112 5143 5013 4719 5213 5192 5250 5247 4923 4678 4585 5366 4578 4976 4913 5065 4754 4949 5330 5365 4783 5492 5032 5057 5241 5025 4912 4737 5288 5152 4896 5064 4992 4750 5456 5046 5116 5122 5276 4910 4961 5021 5396 4919 4777 5122 5032 5236 5153 5437 4962 4810 5406 4740 4995 5161 4978 5314 5202 4909 4788 4646 5391 5197 4875 5448 4601 5176 5462 5173 4996 4907 5158 5062 5148 5376 4951 5300 5236 4755 5258 4635 4890 4870 5387 5152 4800 4991 5014 4544 5083 5530 5439 4945 5208 5095 5389 4907 5062 4827 5257 5023 4929 4804 5351 4923 5106 5223 5326 4924 5002 4530 5034 5047 4916 4526 5085 4772 5071 5335 5182 5350 4707 5044 5049 5419 5080 4916 5312 5463 4605 5061 5326 5212 5081 5393 5478 5136 4889 5258 4983 5091 4267 5210 5535
5286 6034 5420 5365 5464 5272 5422 5438 5429 5143 5453 6140 5884 5387 5624 5904 5913 6210 5784 5315 5161 5523 5389 5436 5999 5040 5539 5995 5770 5457 5611 5423 5701 5499 5769 6339 5147 5653 5774 5301 5797 6066 5699 5316 5605 5809 5594 5677 5271 5589 6105 5883 5405 5578 5753 6000 5786 5953 5932 5877 5449 5625 5967 5873 5502 5517 5499 6416 5698 5367 5605 5899 5530 5516 5583 5738 5672 5317 5794 5953 5290 5952 5604 6127 5759 5882 5476 5535 5402 5096 5506 5463 5352 5493 5503 5945 5632 6365 5773 5848 5582 6108 5715 5561 5531 5755 5363 5900 5749 5223 5404 5606 5674 5487 5473 6007 5565 5848 5854 5464 5097 5702 5766 5059 5843 5455 5269 5487 5652 5981 5807 5371 5826 5374 5186 5486 5933 5596 5329 5749 5861 5618 5623 5795 5681 5837 5905 5616 5748 5655 5546 5441 5444 5796 5432 5991 5783 5760 5457 6093 6168 5650 5386 5934 5810 5573 5958 5636 6063 5778 5900 5791 5234 5917 5490 5519 5822 5332 5768 5754 5719 5560 5426 5620 5499 5733 5940 5140 6260 5714 5523 5627 5359 5469 5511 5858 5869 5300 5378 5578 5346 5409 6092 6191 5655 5639 5734 5748 5181 5514 5258 5824 5255 5629 5496 5687 5992 5650 5642 5983 5566 5849 5417 5661 5639 5893 5369 5893 5240 5630 6407 5719 5687 5549 5930 5590 6046 5685 5715 5824 5853 5009 5814 6052 5645 5909 6119 5933 5421 5549 5281 5764 5651 5171 5572 6110
5109 5365 5269 5148 5103 5134 5131 5121 4914 4826 4881 5591 5467 4968 5310 5537 5365 5661 5014 5150 5101 4974 4752 5178 5763 4800 5081 5665 5320 5090 5248 4949 5537 4946 5244 5569 4771 5127 5345 4934 5601 5294 5249 5175 5050 5522 4880 5458 4958 5195 5450 5192 4994 5337 5431 5519 5311 5504 5401 5409 4889 5531 5486 4968 4831 5098 5291 5843 5288 4833 5434 5084 5113 5193 5308 5398 5015 4844 5405 5728 4860 5504 5232 5499 5203 5399 5052 4965 5278 4594 4976 5040 4848 5096 5073 5788 5395 5897 5232 5588 5626 5559 5207 5431 5157 5241 5432 5434 5531 5086 5141 5200 5277 5293 5036 5352 5268 5339 5038 5246 4698 5053 5497 5081 5289 5108 5160 5353 5443 5423 5586 5020 5718 5018 5137 5281 5411 5250 5085 5300 5708 5314 5301 5473 5031 5520 5688 5464 5404 5214 5082 4962 5039 5329 5067 5166 5110 5399 4958 5380 5623 5070 5255 5709 5000 5124 5288 5100 5545 5464 5468 5249 4837 5415 4966 4889 5580 4724 5079 5585 5428 5327 5082 5220 5178 5476 5469 4970 5616 5499 4852 5093 4594 5140 5290 5824 5335 5181 5094 5075 4858 5167 5787 5574 5307 5140 5249 5428 5058 5344 4869 5200 5233 5208 5124 5078 5500 5338 5295 5557 5277 5445 4719 5348 5116 5320 5054 5443 5081 5533 5732 5252 5430 5171 5300 5094 5587 5415 5086 5373 5663 4709 5489 5432 5300 5216 5580 5610 5163 5208 5077 5182 5025 4955 5338 5608
5100 5813 4937 5369 5060 5046 5011 4959 5215 4833 5447 5587 5340 5059 5336 5708 5511 5853 5221 5065 5118 5220 4998 5179 5787 4743 5282 5618 5353 5447 5385 5258 5489 5206 5492 5667 4694 5143 5445 4857 5693 5737 5424 5193 5134 5185 4984 5708 4902 5324 5743 5245 5281 5256 5484 5577 5334 5604 5317 5571 5140 5329 5606 5401 5080 5218 5089 5740 5323 4675 5215 5291 5517 5230 5387 5483 5043 4925 5654 5762 4869 5459 5360 5418 5480 5461 5107 5334 4841 4846 5120 5042 5235 5050 5379 5692 5175 6003 5329 5744 5233 5561 5151 5349 5509 5314 5219 5208 5452 5224 5147 5377 5269 5132 5087 5511 5270 5343 5471 4955 4875 5367 5434 5058 5251 5116 5227 5233 5369 5620 5708 5184 5651 5328 5347 5073 5224 5176 5042 5310 5644 5448 5321 5127 5217 5616 5563 5605 5280 5217 5426 4998 5172 5555 4944 5289 5546 5394 5346 5347 5586 5333 5290 5516 5474 5070 5402 5097 5455 5311 5543 5342 4987 5576 5155 5108 5501 4608 5154 5665 5529 5317 5176 5457 5434 5486 5638 4963 5720 5297 4982 5165 4790 5469 5006 5406 5419 5184 5313 5178 4717 5080 5593 5447 5207 5329 5284 5389 4891 5146 5159 5267 5237 5070 5208 5251 5400 5414 5492 5648 5260 5440 5184 5421 5299 5453 4869 5326 5112 5416 5757 5407 5182 5300 5534 4938 5540 5237 5191 5426 5531 4950 5378 5721 5048 5381 5518 5463 5381 5008 5089 5202 5188 4705 5401 5488
4467 5102 4827 4942 4586 4801 4688 4522 4840 4509 4707 4962 5025 4530 4738 5140 5279 5310 4684 4351 4311 4968 4601 5053 5270 4468 4811 5080 5139 4665 4899 4685 5279 4457 4891 5391 4489 4814 4574 4618 5329 5096 4865 4867 4834 4906 4739 4982 4491 5002 5013 4538 4485 4861 4893 5078 5091 5048 4771 4988 4528 4618 5120 4788 4711 4807 4844 5544 4968 4550 4877 4993 4814 4355 4676 5011 4829 4419 4930 5232 4706 5159 4887 5208 4793 4901 4508 4585 4691 4208 4914 4572 4483 4344 4937 4985 4769 5184 4721 5068 4587 5012 4638 4984 4843 5003 4879 4836 5047 4674 4674 4694 5133 4758 4849 5085 4738 5079 5011 4731 4298 4727 4808 4553 4807 4731 4833 4540 4802 5171 4963 4683 5298 4909 4882 4523 5030 4729 4697 4835 5095 4934 4894 5094 4711 5078 5040 5309 5181 5099 4819 4859 4711 4901 4562 4688 4951 4998 4898 4995 5185 4608 4610 4962 4768 4963 5030 5014 5095 5161 4990 4735 4562 5090 4901 4568 5064 4363 4900 5259 4984 4897 4772 5061 4978 4812 4996 4409 5037 5087 4686 4883 4733 4616 4578 5189 4830 4514 4620 4769 4397 4660 5202 5240 4760 4829 4910 4873 4683 5022 4764 4975 4715 4777 4668 4709 5292 4786 5073 5483 5023 4966 4737 5036 4868 4903 4609 4690 4545 4845 5096 4853 4877 4745 4940 4529 5231 4921 4846 5226 5059 4407 4963 5186 4886 5060 4868 5048 4992 4825 4784 4846 5049 4515 5120 5304
5039 5306 4758 4865 4826 4932 4803 5017 4924 4797 5020 5243 5025 4766 4925 5197 5030 5588 5162 4660 4632 5116 4863 5045 5372 4704 5063 5306 5271 4885 4755 4930 5133 4817 4893 5549 4331 4849 4846 4688 5471 5317 4934 4733 4919 5103 5020 5129 4692 4871 5162 4867 4610 5097 5281 5156 5038 5240 4972 5162 5009 5189 5452 5009 4872 4901 4958 5327 5087 4637 5166 5101 4974 4518 5234 5228 4947 4632 5210 5258 4619 5218 5119 5341 5057 4909 4524 4921 4727 4349 4956 4619 4905 4903 4891 5253 4826 5774 4953 5512 4985 5139 4835 4670 5004 5147 5055 5084 5066 4983 4674 5040 4997 5102 4768 5278 5104 4859 5333 4651 4552 4935 5457 4544 4942 4999 4798 4939 5175 5351 5258 4955 5625 4999 4822 5076 5228 4985 4734 4938 5449 5038 4955 5240 4972 5365 5309 5381 5107 4935 5067 4933 4871 5369 4725 5181 4866 5177 5028 5221 5192 4981 4681 5199 5049 5084 4905 4993 5104 5225 5297 5086 4859 5173 4930 4893 5217 4396 5037 5578 5346 4930 5014 5126 4934 5366 5220 4633 5225 4935 4973 5206 4679 4858 4932 5405 5190 4861 4758 4541 4513 4914 5707 5393 5210 5082 5251 5137 4662 4800 4744 4835 4726 5047 5094 5178 5435 4905 5168 5463 4940 5306 4898 4961 5152 5183 4456 5218 4689 5145 5636 5060 5230 4946 5189 4770 5383 5085 5014 5334 5243 4595 5159 5643 5308 5147 5320 5108 5097 5213 4849 4958 4812 4522 5056 5360
4993 5250 4633 5101 4928 5089 4798 5134 4963 4720 4910 5272 5136 4786 5155 5286 5233 5790 5085 4866 4775 4864 5069 5163 5145 4499 5090 5305 5186 4901 5220 5016 5568 4777 5129 5771 4321 4730 4952 4861 5654 5586 5121 4915 5012 5375 5108 5095 4788 4801 5331 4758 4761 4974 5167 5288 4999 5266 5062 5328 4929 4818 5314 4985 5025 5039 4832 5680 5226 4621 5347 5191 5092 4747 5168 5214 5041 4499 5149 5491 4781 5578 5258 5342 4934 5157 4674 4898 5016 4431 4929 4716 4694 4801 5096 5178 5073 5515 5024 5470 5011 5244 5059 5256 5347 5140 5476 5289 5049 4886 4817 5081 5124 5030 5217 5080 4953 5059 5315 4837 4722 4987 5238 4592 5062 4940 5189 5284 4907 5642 5474 5066 5627 5142 4834 5225 5274 5383 4675 5384 5378 5039 5171 5299 5167 5483 5266 5162 5124 5250 4981 5378 4970 5391 4864 5058 5310 5171 5016 5150 5350 4769 4952 5457 5061 5116 5170 5084 5223 5354 5402 5134 5044 5435 5031 4849 5224 4341 5078 5538 5237 5121 5234 5096 5145 4914 5048 4619 5428 5092 4994 5262 4561 4913 4801 5475 5199 4580 5041 4928 4599 4954 5573 5519 5154 5011 5145 5187 5064 5124 4786 5039 4924 5004 5169 5299 5104 5108 4953 5455 5195 5265 5021 5343 5003 4937 4940 5181 4787 5365 5550 5441 5058 4868 5311 5157 5312 5037 4895 5264 5272 4414 4987 5481 5295 4937 5323 5119 5052 4933 5070 4750 4940 4891 5398 5370
4718 5349 4884 5417 4930 4799 4750 5098 5076 4745 4704 5214 5280 4671 4861 5217 5097 5523 5122 4526 4911 5013 4901 4858 5269 4713 5145 5221 5139 5031 4962 4939 5018 4681 4964 5427 4442 4970 4929 4815 5421 5545 5188 4801 5246 4949 4695 5466 4852 4743 5398 5033 4913 5101 5280 5269 4952 5310 4833 5132 4660 5008 5139 5058 5011 4819 5019 5611 5071 4679 5180 4945 4905 4901 4926 5355 5066 4676 5129 5261 4780 5461 5208 5339 5200 5274 4792 4802 4817 4688 4819 4822 4830 4940 4958 5116 4825 5822 4983 5285 5251 5137 5214 4856 4960 5258 4761 5212 5230 4822 4783 5027 4981 4748 5123 4880 4983 5210 5107 4795 4502 5218 5175 4580 5306 4987 5066 5026 4778 5320 5413 4935 5314 4962 4776 4925 5228 5040 4641 5213 5305 4939 5138 5028 4937 5068 5169 5232 4957 5246 4908 4637 4970 5266 4739 5110 5005 5251 4619 4907 5182 4972 5091 4985 5102 5122 5131 4974 5342 5390 5223 4849 4615 5192 5044 4914 5111 4436 5197 5594 5231 5235 4913 5105 5156 5167 5113 4743 5355 5127 4955 4813 4746 4886 4797 5372 4938 4962 4871 5156 4597 4886 5338 5370 5128 4913 5063 5340 4753 5051 4847 5152 4886 4803 4862 4944 5334 4855 5129 5304 5006 5009 4761 5276 5049 5188 4861 5221 4765 5124 5568 5061 4992 4933 5012 4899 5447 4735 4918 5178 5137 4523 5023 5584 4853 4988 5360 5043 4866 4933 4945 5356 5231 4582 5128 5283
5054 5328 5008 5425 5131 5013 4925 5108 5204 4827 4969 5439 5238 4757 4977 5494 5305 5974 5130 4754 4909 4878 5025 5115 5452 4806 5286 5599 5150 4852 5182 5028 5372 5091 5024 5533 4615 4779 5298 4959 5894 5549 5207 5079 5156 5146 5096 5454 4920 4849 5296 4930 4835 5217 5559 5504 5117 5368 5172 5541 5107 5112 5489 5285 4920 5177 5020 5898 5066 4839 5332 4850 5071 4951 5282 5089 5054 4781 5348 5364 4965 5446 5337 5602 4896 5293 5039 4943 5005 4728 5365 5058 4669 4894 5187 5368 5377 5742 5073 5295 5059 5039 5184 5143 5335 5466 5491 5281 5256 5042 4951 5317 5397 4921 4957 5299 5165 5281 5348 4817 4562 4979 5428 4701 5210 5096 5344 5220 5004 5339 5344 5371 5478 5046 5103 5118 5063 5271 4800 5448 5437 5147 5209 5355 5042 5623 5251 5328 5208 5296 4930 5062 5159 5485 4890 5317 5223 5491 5089 5462 5371 4771 5286 5656 5195 5163 5088 5119 5441 5373 5323 4896 4799 5283 5297 5038 5509 4443 5287 5658 5651 5236 5102 5396 5355 5225 5385 5070 5559 5231 4895 5185 4721 5040 5180 5653 5425 4934 5396 4951 4653 4997 5512 5298 5041 5193 5454 5224 5062 5042 4691 5322 5170 5143 5103 5204 5128 5197 5028 5469 5511 5498 4949 5622 5086 5257 4885 5161 5157 5235 5673 5244 5052 5267 5380 4972 5455 5357 5033 5270 5775 4652 4982 5560 5085 5327 5372 5369 5256 5070 4894 4828 5068 4806 5380 5663
4952 5381 4925 5385 4992 5279 4907 4984 4893 4758 4894 5328 5278 4722 5027 5170 5309 5560 4939 4677 4798 4851 4904 5182 5297 4804 5166 5316 5261 4997 5301 5086 5548 4919 5098 5736 4607 4932 5067 4464 5455 5307 5249 5068 5041 5136 4905 5520 4611 4971 5398 4785 4732 4980 5162 5240 5212 5439 5473 5372 4895 5187 5467 5038 4995 5088 5053 5665 5064 4779 5163 5297 5030 4741 5097 5071 5197 4968 5322 5291 4685 5346 5280 5293 5177 5248 4656 4926 4855 4397 5073 4878 4967 4734 5213 5291 5138 5472 5075 5072 5094 5244 4839 5304 5365 5155 5371 5363 5204 4995 4941 5117 5079 4834 4657 5355 5338 5002 5107 4988 4600 5041 5106 4546 5224 4849 5044 5154 5143 5467 5265 5024 5446 5118 4842 5063 5385 5233 4748 5222 5526 5265 5173 5212 5133 5476 5306 5368 5399 5019 4952 4969 4751 5186 4959 5216 5038 5324 4871 5311 5233 4837 4913 5331 5046 5134 5209 5182 5261 5388 5322 4873 4860 5454 5009 5119 5164 4558 4918 5691 5590 5352 5073 5251 5134 5235 5274 4913 5440 5335 4871 5140 4967 5166 5060 5562 5119 4795 5066 5026 4721 4958 5790 5530 5179 5100 5225 5015 5042 5005 4900 5374 5215 5032 4827 5092 5075 5285 5277 5435 5168 5280 4779 5034 5084 5138 4801 5375 4489 5100 5491 5213 5213 4970 5274 5001 5485 5288 5109 5461 5438 4730 5307 5310 5201 5272 5432 5280 4879 4968 4925 4889 5012 4633 5201 5352
4963 5794 5147 5387 5138 5257 5511 5263 5252 4924 5226 5718 5292 5109 5256 5674 5418 5954 5247 4951 5111 5509 5041 5156 5659 4859 5391 5433 5357 5218 5405 5096 5451 5219 5329 5765 4669 5470 5106 4949 5807 5718 5303 5056 5357 5373 5111 5587 4839 5030 5761 5380 5061 5084 5281 5544 5377 5672 5327 5605 5278 5245 5513 5381 5202 5331 5420 5914 5323 4737 5312 5415 5224 5093 5493 5456 5355 5093 5720 5446 4898 5871 5258 5567 5151 5461 4995 5269 5035 4926 5287 5098 4918 5112 5312 5492 5103 6089 5291 5663 5509 5496 5419 5388 5354 5549 5713 5359 5491 5247 5090 5230 5221 5125 5172 5744 5282 5439 5565 5319 4907 5082 5498 4969 5334 5270 5053 5336 5359 5505 5638 5290 5577 5185 5138 5308 5514 5471 5167 5289 5693 5345 5243 5315 5373 5565 5520 5393 5536 5556 5412 5127 5080 5472 5217 5400 5364 5366 5312 5417 5575 5219 5154 5516 5377 5490 5538 5404 5682 5285 5480 5421 4869 5782 5273 5511 5703 4802 5145 5700 5426 5391 5309 5474 5470 5567 5313 5178 5747 5408 5147 5340 4832 5245 5193 5234 5450 5013 5283 5174 4931 5075 6005 5779 5340 5281 5246 5421 5012 5142 5173 5534 5149 5277 5288 4991 5612 5332 5406 5721 5521 5385 5160 5327 5397 5688 4771 5417 5047 5508 6123 5298 5421 5250 5252 5033 5748 5252 5230 5565 5688 4805 5428 5682 5172 5448 5514 5544 5371 5213 4967 5509 5434 5068 5557 5662
5098 5672 4860 5635 5092 5149 4986 4953 5280 4793 5189 5471 5080 4732 5352 5556 5546 5908 5216 4780 4840 4968 4976 5066 5466 4978 5202 5416 5214 4932 5126 4998 5571 4724 4959 5562 4573 5197 5150 4757 5578 5643 5166 5049 5382 5252 4929 5335 4791 4946 5171 4989 4790 5044 5394 5049 5195 5440 5393 5456 5105 5373 5225 4882 4851 5140 4814 5468 5189 4708 5429 5221 5123 4852 5331 5191 5086 4846 5433 5521 4520 5628 5308 5375 5282 5110 4780 4985 4825 4724 5226 5115 4888 4826 5545 5514 5426 5719 4944 5230 5263 5430 5127 5184 5414 5395 5218 5284 5274 5222 5100 5332 5115 5129 5019 5265 5099 4945 5233 5199 4678 4947 5377 4689 4944 4834 4966 5319 5431 5422 5479 5439 5556 4922 5221 5147 5259 5406 5121 5201 5307 5210 5037 5675 5087 5817 5389 5397 5244 5039 5097 5266 4878 5585 4717 5254 5139 5373 5077 5341 5681 4934 5143 5542 5167 4776 5463 5351 5292 5404 5228 5231 4934 5229 5204 5024 5328 4785 4939 5684 5261 4987 5013 5297 5231 5166 5370 5075 5426 5178 5017 5259 5045 5072 4818 5843 5202 4992 5170 5301 4748 5086 5722 5381 5090 5159 5128 5121 4699 5236 4869 5060 5047 5231 5262 5142 5352 5266 5198 5716 5451 5568 5050 5395 5169 5130 4799 5363 4808 5316 5796 5133 5062 5238 5227 4825 5512 5191 5220 5347 5435 4676 5036 5625 5184 5521 5548 5430 5105 5107 4841 5219 4966 4888 5303 5492
5115 5454 4839 5080 5096 5098 5006 5237 5123 4833 5116 5607 5384 4891 5033 5363 5562 5839 5248 4612 5140 4812 5093 4979 5476 4712 5020 5367 5021 4887 5170 5075 5466 4944 4912 5572 4508 5249 5213 4756 5285 5561 5098 4860 4975 5338 4971 5642 4773 5028 5430 4975 4998 5272 5235 5116 5218 5393 5112 5375 4830 5080 5206 5163 5163 4840 5161 5860 5546 4923 5142 5385 5457 4972 5423 5319 5141 4870 5284 5560 4820 5656 5343 5449 4940 5135 5023 4989 4962 4627 5202 4954 4955 4906 5017 5443 5281 5573 5155 5447 4834 5306 5073 5191 5363 5418 5008 5260 5186 5011 5201 5213 5268 5206 5049 5361 5076 5438 5228 4783 4854 5055 5389 4955 5083 4873 5224 5040 5206 5509 5477 4960 5830 5101 4945 5229 5120 5014 4868 5172 5444 5061 5028 5260 5068 5447 5538 5101 5318 5129 4944 5047 5161 5032 4864 5241 5071 5428 5253 5220 5767 4941 5072 5416 4982 4981 5221 4838 5390 5301 5256 5356 4650 5256 5119 5192 5518 4743 5345 5727 5206 5236 5344 5272 5115 5357 5448 4818 5348 5146 4960 5213 4608 5101 5124 5360 5225 4966 5030 4957 4673 4985 5716 5538 4918 5154 5345 5339 4881 5060 4936 5352 4978 5314 5302 5267 5261 5231 5204 5398 5052 5404 4830 5134 5018 5447 4788 5281 4811 5232 5718 5300 5123 4958 4943 5228 5511 5173 5242 5444 5309 4663 5383 5502 5187 5214 5340 5318 4891 5241 5141 5131 5066 4743 5205 5386
5109 5493 4980 5259 4938 5179 5076 4838 4798 4885 5116 5446 5050 4885 5282 5448 5716 5639 5141 4744 4798 4942 4840 5108 5405 4689 5095 5615 5345 5052 5428 5042 5296 4790 5200 5597 4216 5139 5581 4624 5755 5353 4844 5028 5047 5315 4890 5382 5015 5016 5294 5233 4784 5270 5136 5370 5248 5340 4873 5567 4889 5087 5179 5150 5010 5092 5035 5829 5071 5021 5471 5255 5206 4912 5015 5156 5348 4712 5176 5243 4698 5540 5179 5618 5031 5309 4528 4994 4939 4613 5143 4987 4875 4808 5240 5109 5024 5636 5247 5312 5031 5292 5286 5200 5380 5566 5404 5407 5265 4890 5054 5147 5040 5111 5040 5001 4980 5172 5406 4906 4885 5214 5269 4709 5415 5114 5157 4953 5296 5245 5555 4889 5601 5118 4812 5418 5289 5220 4811 5209 5269 4858 5069 5046 5168 5275 5491 5481 5361 5274 4941 5224 4895 5324 4826 5195 5142 5160 4953 5386 5283 4893 5199 5417 5009 5062 5342 5035 5028 5200 5177 5002 4630 5594 5280 5080 5475 4692 4804 5614 5040 5066 5216 5321 5097 5086 5229 4979 5322 5185 5036 5326 4724 4817 5027 5623 5246 4974 5131 4942 4628 4957 5847 5276 5115 5122 5209 5274 4987 4939 4776 5372 5085 5218 4993 5190 5274 5119 5212 5559 5072 5426 4922 5146 5140 5433 4818 5322 4694 5366 5655 5232 5195 4899 5104 5129 5690 5170 5054 5376 5380 4621 5099 5245 5143 5189 5463 5394 4932 5362 4966 5192 5080 4640 5043 5411
5072 5534 4996 5475 5034 5326 4929 5118 5401 4638 4951 5135 5382 4837 5028 5463 5337 5781 5091 5046 4922 5262 4917 5265 5391 4674 5445 5544 5172 5225 5283 5026 5159 4822 5248 5610 4661 5132 5402 4864 5588 5842 5310 5058 5446 5417 4999 5318 4973 5037 5650 5223 5075 5176 5380 5422 5265 5712 5346 5303 4961 5392 5515 5505 5134 5110 5041 5876 5456 4928 5355 5196 5036 4965 5346 5525 5120 4906 5290 5444 5025 5623 5288 5591 5298 5478 4814 4897 5023 4469 5132 4914 4863 5026 5502 5447 5052 5903 5107 5419 5359 5428 5397 5193 5291 5712 5366 5615 5469 5017 4838 5205 5409 5131 5154 5645 5253 5398 5639 5072 4544 5361 5397 5056 5488 5156 5074 5389 5262 5628 5331 5046 5604 5193 5095 5390 5356 5207 4863 5227 5169 5294 5260 5357 5132 5511 5487 5509 5171 5452 5046 5002 5167 5627 4968 5437 5194 5355 5060 5611 5482 5088 5155 5179 5275 5074 5543 5137 5350 5328 5269 5159 4867 5644 5350 5017 5351 4660 5211 5649 5552 5392 4865 5377 5465 5389 5246 4975 5691 5336 5175 5295 4718 5266 4863 5632 5312 5027 5174 4862 4896 5098 5803 5865 5404 5182 5246 5336 5263 5255 4939 5518 4867 5020 5146 5504 5442 5300 5344 5547 5251 5350 4842 5345 5318 5499 4764 5211 5095 5504 5794 5384 5341 5160 5331 5062 5544 5068 5278 5459 5662 4783 5262 5721 5324 5370 5587 5356 5224 5315 4753 5089 4981 4816 5513 5722
4793 5184 4777 5058 4496 4706 4679 4639 4944 4347 4583 5065 4925 4431 4643 4877 4990 5293 4662 4264 4543 4613 4330 4993 5288 4371 4600 5019 4691 4499 4568 4746 4791 4541 4850 5186 4543 4679 4762 4393 4931 5069 4708 4787 4751 4834 4535 5095 4318 4826 5089 4636 4506 4768 5105 4784 4853 5121 4683 4599 4627 4767 5038 4719 4479 4814 4692 5361 4996 4357 4879 4691 4894 4543 4637 4742 4774 4331 5040 5074 4449 5356 4969 5038 4644 5041 4583 4785 4707 3909 4788 4584 4405 4530 4652 4744 4592 5142 4836 4870 4650 4960 4451 4430 4886 4951 4788 4898 4752 4573 4655 4831 4832 4891 4535 4799 4714 4838 4955 4697 4299 4818 4691 4420 4732 4432 4758 4836 4697 5142 5017 4692 5077 4621 4675 4561 4785 4552 4533 4528 5013 4615 4690 4953 4383 5063 5071 4861 4929 4734 4711 4553 4520 4728 4361 4714 4681 4643 4948 4808 5033 4637 4564 5157 4594 4770 4936 4991 5088 4847 4815 4903 3990 4949 4687 4772 5181 4173 4673 4960 5003 4616 4676 4674 4854 4751 4988 4630 4886 4836 4630 4722 4186 4577 4793 5170 4522 4257 4563 4472 4448 4643 5421 5103 4725 4712 4943 4753 4421 4790 4525 4998 4657 5073 4803 4680 4852 4788 4798 5221 4715 4637 4414 4836 4648 4956 4397 5007 4336 4788 5221 4596 4716 4426 4609 4593 5002 4967 4741 5147 5073 4343 4925 5068 4648 4870 5039 4909 4766 4956 4413 4847 4497 4484 4631 5095
5264 5566 5039 5403 5503 5233 4965 5362 5283 4985 4975 5666 5538 4954 5088 5474 5413 5903 5407 5053 4972 5413 5315 5045 5743 4960 5406 5303 5372 5129 5505 5201 5226 4914 5491 5607 4776 5452 5581 5108 5901 5707 5520 5191 5117 5442 5070 5561 4870 4922 5453 5317 4994 5381 5727 5588 5207 5751 5405 5445 5095 5298 5324 5476 5257 5142 5376 5950 5336 4998 5541 5362 5340 5133 5391 5517 5264 4832 5645 5731 4915 5757 5391 5447 5475 5584 4985 5077 5152 4697 5151 4970 5079 5384 5478 5664 5186 5977 5125 5549 5297 5459 5468 5356 5607 5695 5388 5226 5521 5075 5130 5333 5410 5193 5260 5573 5427 5151 5436 5013 4727 5486 5625 4966 5535 5262 5240 5314 5269 5566 5521 5113 5627 5362 5328 5298 5480 5471 4757 5665 5629 5424 5403 5449 5110 5799 5573 5405 5355 5265 5050 5209 5153 5629 5096 5374 5476 5647 5281 5531 5614 4861 5228 5748 5401 5003 5466 5224 5547 5408 5531 5407 5096 5642 5360 5248 5464 4906 5059 5798 5480 5395 5208 5329 5395 5298 5753 5131 5786 5408 5130 5549 4889 5347 5180 5939 5631 5111 5587 5074 4561 5263 5760 5663 5589 5355 5383 5274 5143 5471 4993 5298 5160 5338 5239 5301 5397 5333 5567 5630 5333 5255 5182 5377 5147 5432 4957 5425 5017 5444 6038 5478 5255 4846 5468 5159 5738 5183 5339 5462 5803 4975 5266 5815 5409 5126 5626 5681 5203 5410 5377 5146 5318 5031 5275 5730
5282 5923 5391 5623 5754 5517 5526 5565 5578 5326 5404 5962 5892 5357 5530 5935 5689 6320 5692 5134 5439 5475 5504 5741 6112 5271 5727 6019 5730 5571 5578 5591 5811 5497 5292 5992 5071 5405 5724 5426 5937 5958 5646 5420 5741 5956 5573 5640 5398 5412 5817 5539 5400 5604 5927 5868 5627 5779 5602 6106 5540 5619 5888 5797 5537 5461 5394 6287 5853 5097 5704 5660 5692 5233 5966 5732 5683 5508 5950 6094 5392 5784 5782 5882 5455 5843 5233 5422 5394 4953 5728 5578 5106 5362 5554 6037 5810 6379 5694 5839 5554 5562 5579 5800 5891 5757 5689 5536 5683 5560 5460 5654 5815 5596 5518 5884 5566 5529 5813 5572 5073 5660 5810 5391 5653 5442 5599 5688 5769 6100 6025 5356 5939 5570 5542 5435 5657 5709 5399 5691 5929 5851 5499 5631 5731 5883 5775 5930 5603 5724 5848 5243 5620 6030 5567 5794 5437 5731 5788 6059 5843 5682 5684 5776 5546 5563 5690 5595 5857 5657 5636 5810 5291 5892 5421 5557 5992 4911 5515 6001 6096 5631 5394 5803 5631 6195 6029 5357 6340 5855 5329 5604 5100 5486 5535 6048 5859 5480 5555 5528 5212 5539 6209 6096 5685 5613 5878 5859 5173 5424 5393 5903 5384 5705 5604 5696 5746 5735 5964 5832 5592 5828 5261 5934 5747 5972 5234 5841 5412 5654 6276 5737 5734 5597 5726 5448 6167 5807 5548 5995 5879 5286 5844 5987 5476 5840 5836 5721 5333 5701 5183 5722 5293 5129 5904 5936
4577 5112 4789 4681 4967 4817 4682 4636 5103 4676 4514 5192 5057 4591 4686 5047 4923 5359 4659 4584 4468 4681 4796 4556 4981 4406 4826 4931 4731 4441 4805 4442 4901 4522 4864 5514 4280 4564 4919 4499 5179 5327 5070 4680 4965 5017 4594 4885 4465 4682 5043 4807 4483 4876 5220 5209 4864 5246 4990 5021 4419 4926 5000 5027 4853 4783 4853 5654 4790 4507 4966 4799 4941 4338 4710 5093 4495 4495 4795 5232 4431 5223 4579 5100 4525 5126 4610 4906 4623 4120 4773 4641 4589 4622 4736 4922 4943 5437 4818 4822 4881 5238 4926 4838 4801 5087 4823 4950 4832 4596 4810 4809 4745 4737 4804 4970 4992 4734 4983 4787 4337 4791 4926 4419 4899 4761 4794 4795 4760 5092 5050 4845 5083 4919 4542 4909 5015 4962 4424 5025 5146 5055 4996 4952 5075 5203 5130 4900 4846 4923 4929 4575 4986 5221 4447 4853 4966 4872 4825 5026 5099 4736 4751 5192 4761 4700 4678 4648 5158 5036 4921 4817 4224 5105 4925 4731 4871 4251 4761 5310 4915 5108 4652 5062 4951 4658 5118 4614 5079 5057 4799 4716 4249 4705 4803 5144 4862 4550 5033 4923 4284 4616 5210 5139 4728 4630 4955 4896 4611 4769 4342 5044 4662 4925 4878 4706 5154 4815 5213 5138 4869 5087 4890 5328 4777 5044 4672 4826 4591 5249 5343 4787 4849 4725 5054 4787 5111 4784 4897 4878 5157 4459 4754 5012 4753 4813 5059 5045 4656 4692 4650 4732 4720 4601 4930 5114
5508 5941 5134 5545 5253 5350 5257 5478 5440 4988 5314 5935 5627 5311 5451 5637 5663 5884 5381 4940 5145 5359 5396 5444 5704 4992 5320 6000 5502 5194 5462 5150 5422 5294 5433 6020 4868 5186 5434 4924 5736 5986 5535 5094 5263 5557 5411 5647 4933 4986 5597 5421 5122 5622 5944 5527 5421 5834 5525 5737 5324 5526 5616 5660 5512 5275 5558 6067 5327 4943 5472 5529 5630 5281 5596 5578 5369 5045 5590 5836 4956 5863 5654 6019 5225 5749 5098 5330 5069 4926 5465 5227 5092 5311 5478 5579 5362 6083 5442 5583 5447 5487 5373 5420 5648 5660 5363 5745 5499 5227 5234 5695 5406 5484 5287 5550 5558 5469 5725 4989 4864 5153 5591 4829 5576 5106 5591 5613 5486 5491 5733 5347 5679 5609 5186 5371 5549 5528 5327 5636 5761 5469 5503 5474 5366 5789 5717 5577 5656 5640 5248 5389 5309 5774 4982 5413 5361 5862 5275 5450 5996 5136 5387 5649 5555 5371 5337 5365 5827 5777 5727 5423 4956 5710 5374 5500 5746 4734 5255 5784 5503 5420 5384 5622 5460 5698 5757 5271 5867 5463 5389 5449 5055 5696 5358 5791 5476 5057 5340 5501 5051 5197 6106 5771 5368 5575 5554 5640 5195 5319 4957 5577 5509 5212 5501 5110 5594 5614 5533 5909 5414 5895 5296 5627 5517 5560 5164 5515 5131 5664 5823 5530 5632 5501 5508 5319 5604 5736 5158 5664 5739 5182 5396 5778 5388 5699 6091 5788 5430 5421 5347 5329 5353 4963 5378 5704
4649 5272 4676 5166 4760 5039 4827 5127 4951 4596 4889 5298 4836 4735 4858 5293 5168 5439 4891 4761 4719 4898 4937 4893 5113 4615 4900 5442 4965 4838 5008 5008 5047 4706 5086 5256 4430 5020 4882 4787 5126 5331 5202 5017 4938 5242 4988 5146 4544 4679 5000 4945 4977 5178 4996 5267 4930 5449 5065 5112 4799 4897 5014 5077 4740 5026 4950 5707 5129 4766 5196 5140 4891 4946 5032 5176 4961 4667 5143 5458 4583 5299 5080 5278 4972 5282 4669 4717 4581 4401 5107 4723 4715 4668 4961 5048 4982 5543 4946 5292 4857 5388 4896 5154 4948 5391 5069 5328 5193 4682 4855 5024 4998 5081 4894 5443 4946 4954 5189 4608 4680 5049 5153 4637 5083 5036 5116 5187 5267 5152 5065 4725 5378 5006 5017 4961 5288 4982 4864 5118 5447 4733 5209 5175 4901 5461 5070 5051 4676 5073 4630 4680 4832 5236 4758 5260 4856 4964 4911 5328 5288 4929 5175 5277 5000 5126 5161 4937 5325 5281 5188 5074 4880 5490 5103 4952 5294 4698 5112 5385 5019 5073 4890 5287 5104 5232 4984 4534 5269 5255 4951 5215 4438 4957 5107 5260 5212 4625 4897 4986 4725 4742 5246 5422 5046 4823 5002 5247 4706 4946 4807 5079 4911 4809 4690 4948 5314 5315 5155 5307 4949 5031 4795 4959 5067 5191 4858 5039 4955 5177 5431 5128 5131 4864 4929 4915 5522 4953 4887 5285 5581 4694 5077 5519 4925 4897 5248 5174 5154 5033 4968 4955 4995 4701 5331 5220
4564 5098 4491 5050 4902 4830 4908 4895 4997 4467 4463 5134 5049 4638 4852 5077 4875 5420 4912 4539 4792 4745 5017 4781 5376 4594 5010 5285 5122 4826 4882 4783 5096 5046 4827 5159 4380 4797 4988 4436 5386 5101 5083 4893 4801 4986 4456 5378 4641 4788 5182 4659 4812 4966 5156 5009 4888 5193 4876 5337 4761 4928 5086 5098 4648 4750 4992 5278 5021 4559 5102 4939 4914 4801 4800 5115 4869 4443 4912 5386 4736 5205 5043 5286 4789 5166 4851 4965 5022 4447 5080 4738 4651 4679 4736 5072 4853 5491 5229 5137 4824 5371 4847 5046 4857 4882 5046 4875 5128 4663 4845 4991 4882 5008 4848 5028 4553 4892 5050 4755 4273 5116 5132 4676 4969 4845 4967 4949 4822 5071 5348 4537 5128 4616 4584 4755 5075 4874 4615 5110 4956 5014 5100 4864 4714 5174 4999 5204 4836 4847 4845 4701 4833 5136 4766 5094 4912 5088 4794 5343 5185 4742 5046 5125 4936 4870 5105 4900 5041 5116 5033 4844 4396 5139 4760 4835 4989 4303 4910 5159 4997 4806 4942 4793 4982 5097 5318 4709 5199 4951 4801 4832 4337 4597 4878 5296 4763 4537 4967 4973 4563 4535 5298 5507 4875 5122 5242 5108 4767 5023 4761 5112 4666 5216 4776 4921 5087 4902 5032 5248 4964 5204 4763 5182 4690 5133 4682 5009 4667 4999 5455 4966 5104 4874 5110 4670 5208 4925 4892 5174 5067 4573 4781 5456 4877 4915 5141 4827 4825 5028 4549 4703 5017 4747 4928 5557
4575 5568 4882 5005 4939 5026 5166 4899 4954 4822 5137 5180 5170 4659 4755 5542 5136 5691 4975 4756 4797 4985 5031 5042 5190 4608 5129 5441 5424 5279 4962 4882 5217 4913 4993 5081 4456 4852 4950 4704 5269 5370 5252 4820 5112 5229 4669 5046 4620 5016 5297 4933 4888 5216 5164 5284 5104 5385 5181 5354 4849 4973 5191 5072 4891 5217 4763 5693 5283 4828 5040 5043 4991 4860 5234 5035 4998 4600 5242 5543 4756 5213 5299 5450 4959 5109 5001 4886 5107 4451 4947 4665 4860 4838 4770 5376 4842 6007 5103 5254 4993 5432 4988 5018 5055 5098 5117 5275 5124 5034 4851 4945 5213 4826 5122 5387 4886 5051 4842 4844 4632 5004 5304 4747 5294 4702 5072 5373 5252 5155 5377 4817 5518 5012 5022 5067 5271 5241 4605 5164 5234 5122 4995 5160 4877 5174 5310 5104 5267 5044 5083 4909 4958 5385 4905 5193 4959 5079 5037 5342 5166 4988 4959 5254 4865 4949 5088 5169 5178 5271 5265 5030 4851 5216 5029 4944 5240 4600 5004 5244 5305 4877 4900 5237 5255 5042 5225 4483 5425 5137 4970 4857 4872 5001 4883 5324 5283 4678 5017 4905 4720 4863 5642 5433 5077 4888 5086 4903 4624 5008 4763 5319 4827 4997 4825 5340 5257 4935 5114 5353 5025 5197 4729 5184 5138 5303 4653 5461 4772 5397 5491 4898 5034 5018 5353 5138 5580 4873 4946 5403 5330 4910 4894 5671 5443 5477 5433 5082 4978 5198 4889 5005 5106 4965 5076 5401
4746 5177 4766 5155 4614 4694 4639 4783 4885 4451 4903 5060 5265 4565 4580 5043 5124 5370 4806 4406 4449 4823 4713 4656 5447 4444 4836 5079 5171 4879 5021 4570 5015 4716 4927 5420 4304 4511 4917 4700 5174 5185 5039 4714 4857 4932 4718 4802 4483 4586 4912 4755 4758 4808 5016 4811 4816 5146 4833 5147 4457 5020 5001 4757 4640 4926 4848 5284 4873 4399 5081 4894 4859 4499 4820 5124 4713 4430 5015 5034 4571 5091 4794 5259 4941 5182 4686 4689 4456 4107 4922 4535 4662 4504 4778 5063 4864 5206 5067 5053 4943 5018 4748 5090 4867 5263 4943 4879 5180 4607 4505 5118 5192 4882 4727 4900 4850 5132 4870 4618 4311 5126 5139 4354 4792 4960 4993 5123 4928 5271 5087 4697 5349 4608 4993 4855 4916 4892 4574 4949 5019 5050 4867 5176 4780 4926 5136 5178 5109 4952 4853 4631 4597 5011 4626 4761 4943 5174 4818 4940 5441 4899 4495 5124 4987 4841 5033 4870 5010 5209 4866 5044 4487 5254 4680 4738 4985 4552 5006 5199 4829 4932 4650 4781 4835 5028 5147 4700 5260 5028 4780 4904 4584 5053 4737 5303 4812 4612 4778 4711 4401 4809 5212 5221 4946 4641 5115 5118 4664 5020 4778 5187 4771 5013 4732 4904 5068 4915 4849 5211 4810 5042 4517 4933 4861 4868 4612 4918 4726 5016 5157 4970 4838 5084 5044 4565 5227 4648 4886 4828 4978 4309 5036 5131 4708 4978 5077 5053 4768 4676 4710 4858 4669 4367 5130 5183
5042 5685 5192 5416 5178 5432 5393 5193 5344 4928 5182 5626 5853 5040 5069 5581 5510 5829 5445 4842 5114 5418 5232 5253 5830 5063 5259 5564 5452 5250 5507 5165 5401 5285 5534 5977 4992 5515 5476 5188 5785 5795 5606 5322 5274 5209 5358 5693 5049 5259 5577 5362 5170 5369 5387 5392 5582 5733 5544 5541 5014 5445 5780 5427 5226 5236 5136 5830 5513 4823 5528 5455 5450 5183 5288 5481 5347 5195 5591 5443 5015 5933 5335 5649 5487 5550 5148 5283 5085 4727 5261 5064 5301 5041 5399 5566 5671 5848 5484 5459 5373 5420 5187 5347 5437 5452 5476 5572 5477 5213 5113 5663 5400 5410 5179 5762 5331 5733 5834 5120 4875 5449 5516 4973 5326 5250 5211 5237 5599 5695 5804 5369 5605 5304 5136 5368 5673 5549 5462 5177 5773 5473 5231 5307 5566 5529 5731 5592 5368 5342 5448 5433 5382 5907 5079 5346 5231 5672 5380 5367 5843 5263 5150 5754 5330 5229 5266 5477 5592 5802 5182 5549 5103 5641 5405 5370 5478 4894 5214 5720 5717 5406 5320 5415 5462 5547 5431 5199 5861 5531 5361 5230 5026 5202 5253 5945 5648 5057 5182 5388 5116 5369 6040 5527 5573 5350 5812 5575 5049 5478 5261 5624 5290 5523 5256 5377 5612 5450 5503 5454 5167 5446 5221 5506 5065 5710 5071 5758 5260 5454 5956 5470 5352 5338 5442 5239 6068 5344 5413 5417 5689 4943 5665 5812 5257 5691 5518 5621 5316 5004 5188 5415 5098 5005 5575 5873
4558 5163 4577 4571 4739 4680 5090 4534 4766 4648 4658 5201 5030 4569 4786 5083 5011 5377 4770 4565 4633 4713 4856 4841 5258 4533 4926 4833 5140 4920 4712 4770 4967 4688 4830 5059 4535 4892 4953 4447 5348 5012 5100 4599 4563 5021 4558 4866 4360 4767 5091 4777 4538 4715 4865 5015 4860 5053 4706 5093 4681 4939 5022 5196 4643 4866 4656 5462 4982 4500 5107 4958 4721 4732 4778 4887 4941 4595 5190 5174 4561 5258 4512 5175 4588 5142 4655 4635 4540 4292 5078 4615 4508 4448 4881 4924 4771 5420 4853 5027 4800 4927 4791 4760 5055 5123 5063 4616 5183 4662 4921 4674 4856 4663 4684 4960 4938 4876 5001 4817 4310 4663 5036 4413 4989 4955 4675 4809 4525 4856 5271 4582 5330 4659 4839 4931 5021 4619 4718 4871 5107 4756 4753 4873 4753 5088 4714 5135 5036 5044 5021 5002 4829 5196 4613 4519 4580 4840 4813 5036 5205 4787 4762 5002 4715 4756 4593 4656 5146 4875 4968 4829 4593 5051 5037 4982 4995 4192 4732 4983 4845 4811 4720 4787 4888 5244 5085 4477 5363 5007 4588 4718 4437 4760 4674 5298 4967 4560 4740 4800 4499 4603 5505 5158 4836 5033 5058 4918 4410 5040 4623 5004 4715 4968 4775 4882 4871 4753 4942 5215 4607 4831 4561 4921 4961 5175 4340 4661 4484 5025 5126 5025 4913 4980 4855 4808 5166 4717 4859 4881 5164 4460 4930 5361 4849 4924 5089 4988 4621 4740 4688 4769 4782 4430 4910 5543
4693 5324 4781 5071 4787 4798 4780 4707 4711 4594 4861 5442 4918 4727 4905 5302 5370 5728 4943 4726 4914 5080 4809 4834 5680 4588 4975 5337 5256 4710 5348 5061 5311 4870 4991 5525 4290 4917 4774 4466 5397 5476 4940 5056 4886 5191 4834 5120 4518 5090 5141 4847 4593 5017 5164 5170 5253 5325 5077 5252 4776 4806 5049 5103 4655 5093 4921 5356 5122 4600 4919 5102 4972 4860 5220 5271 5238 4751 5121 5470 4808 5316 5343 5136 4859 4945 4862 4699 4679 4297 4949 4798 4785 4543 5001 5287 5154 5476 5367 5365 5162 5155 4863 5247 5298 5247 5198 5169 5363 4718 4991 5275 4943 4875 4761 4944 4891 5241 5224 5075 4566 4969 5037 4768 5183 4940 5095 4865 4904 5222 5314 4688 5542 4952 5014 4791 5136 4971 4833 5032 5384 5187 5005 4964 5020 5158 5140 5103 5095 4972 5052 4648 4689 5138 4878 5151 5052 5183 5019 5367 5330 4967 5104 5045 4853 4963 5173 5237 5280 4917 4818 4874 4706 5427 4971 5028 5095 4431 5005 5518 5131 4825 5037 5220 4918 5436 5202 4674 5504 5100 4721 5366 4807 5028 4863 5422 4916 4871 4896 4964 4550 4603 5597 5464 4934 5054 5056 5187 4861 4977 5042 5099 4916 5058 4892 5016 5188 5050 4866 5653 5122 5322 4737 5004 5140 5015 4666 5045 4695 5106 5590 5033 5097 4811 5134 4891 5561 4757 4866 5365 5506 4582 5106 5185 5146 5285 5136 5067 5040 5081 4698 5012 5088 4565 5344 5300
4800 5038 4542 4977 4679 4661 4778 4722 4661 4311 4681 5208 4997 4734 4777 4864 4935 5222 4781 4805 4412 4671 4682 4841 5216 4514 4884 5141 5039 4843 4786 4799 4911 4591 5234 5214 4230 4846 5010 4358 5199 5302 4914 4417 4870 4768 4627 4911 4271 4712 5132 5009 4631 4676 5091 4962 4994 5073 4822 5084 4440 5009 4978 4879 4598 4888 4680 5227 4772 4403 5111 4834 4690 4807 4837 5025 4862 4519 5047 4921 4687 5080 4563 4965 4844 5033 4780 4490 4643 4362 4860 4697 4621 4509 4969 4915 4679 5548 4999 5087 5044 4962 5204 4860 5001 4995 4776 5044 5017 4374 4778 4788 5000 4656 4692 4950 4907 5084 4842 4825 4471 4749 4758 4312 5054 4549 4725 4797 4746 5022 5037 4684 5112 4709 4678 4904 5081 4897 4518 5110 4937 4756 4748 4893 4618 4987 4554 4812 4941 5005 4748 4743 4707 4911 4658 4634 4807 5178 4477 4909 5028 4701 4508 5144 4994 4478 5006 4920 4982 5014 4808 4699 4539 5018 4904 4585 5240 4667 4637 4658 4667 4965 4906 4850 4682 5220 5114 4566 5172 5144 4619 4582 4613 4666 4480 5217 4935 4714 4758 4593 4455 4717 5294 5274 4911 4923 4975 4851 4521 4832 4577 4858 4821 4680 4954 4981 5101 4882 5048 5090 4627 5070 4625 4894 4810 5027 4613 4797 4594 5070 5510 4808 4784 4587 4909 4803 4955 4884 4745 4805 5117 4322 4836 5070 4791 5130 5126 5130 4762 4841 4695 4763 4787 4470 4958 5130
5023 5654 5293 5573 5231 5346 5283 5130 5246 4945 4898 5611 5548 5118 5211 5380 5946 5631 5304 5005 5089 5290 4862 5316 5770 4972 5302 5468 5465 4990 5556 5259 5427 4943 5273 5781 4679 5237 5190 4829 5632 5694 5298 5201 5189 5337 4985 5553 4873 5074 5521 5093 5098 5376 5440 5397 5258 5650 5196 5568 4937 5279 5474 5422 5108 5316 5356 6111 5404 4929 5451 5488 5362 5191 5508 5609 5410 4908 5416 5528 5026 5504 5372 5626 5098 5441 4982 5152 5281 4812 5171 5188 4906 4984 5338 5276 5204 5834 5385 5566 5415 5617 5158 5310 5619 5618 5245 5317 5397 4803 5098 5320 5253 5118 5047 5589 5168 5459 5263 5180 4950 5174 5332 4903 5425 5196 5395 5169 5152 5503 5631 5112 5681 5290 5240 5392 5337 5275 5011 5547 5666 5238 5064 5253 5033 5439 5510 5732 5625 5433 5264 4971 5130 5476 4870 5044 5169 5310 5167 5442 5413 5091 5229 5434 5296 5448 5345 5580 5562 5315 5244 5265 4762 5424 5340 5288 5481 4483 5177 5845 5354 5337 5162 5350 5513 5363 5572 5000 5701 5235 5096 5154 4916 5181 4833 5698 5249 5073 5244 5061 4814 4840 5862 5720 5299 5211 5223 5307 5075 5105 5020 5651 5295 5177 5187 5161 5418 5205 5419 5731 5404 5266 5096 5509 5306 5451 4871 5316 5049 5262 5603 5453 5223 5152 5185 5066 5649 5397 5100 5283 5631 4835 5328 5505 5142 5324 5822 5474 5190 5244 5125 5295 5233 5031 5366 5652
4898 5468 5013 5185 5249 5321 5072 4816 4923 4891 5006 5518 5151 4918 5237 5327 5528 5692 5265 4909 4697 4986 4902 5201 5140 4727 5374 5622 5446 5048 5228 4790 5409 4886 5302 5536 4575 5276 5242 4796 5627 5759 5251 5093 5061 5224 4972 5187 4795 4940 5339 4978 4649 5310 5325 5517 5121 5402 5088 5416 4866 5113 5405 5448 5125 5147 5086 5781 5184 5005 5287 5213 5291 4996 5362 5245 5150 4942 5394 5691 5196 5514 5080 5508 4993 5415 4767 5039 5080 4374 5218 4892 5020 4813 5399 5406 5141 5537 4931 5386 5065 5387 5107 5314 5166 5504 5360 5035 5470 5123 5161 4993 5285 5294 5016 5537 5128 5302 5182 5201 4656 5005 5375 4961 5304 4946 5105 4915 5018 5571 5414 4788 5445 5292 5007 5064 5078 5156 5174 5098 5218 5086 5024 5236 5186 5598 5603 5426 5352 5114 5099 4856 5151 5329 4881 5232 5102 5239 5232 5135 5782 5167 5117 5528 5061 5117 5372 5307 5255 5168 5070 5321 4543 5385 5063 5068 5353 4632 5127 5580 5258 5405 4791 5240 5092 5277 5583 4722 5611 5314 4884 5095 4812 5128 5055 5477 5100 4838 5044 5089 4571 4887 5766 5287 5153 5289 5122 5041 4843 5053 4868 5311 5025 5009 4884 5131 5427 5241 5139 5520 5118 5468 4971 5426 5024 5349 4808 5355 4816 5240 5659 5480 5273 5138 5385 5228 5206 5200 4999 5329 5428 4755 5245 5380 5270 5282 5609 5400 4946 5297 4960 4918 5176 4782 5512 5619
4981 5717 5286 5825 5658 5516 5277 5226 5727 5206 5560 5823 5833 4927 5397 5530 5528 6080 5291 5135 5064 5296 5241 5243 5943 5061 5581 5770 5504 5490 5433 5402 5611 5209 5548 6038 5140 5733 5644 5168 5793 5551 5734 5294 5682 5658 5084 5914 4878 5410 5800 5507 5130 5416 5658 5400 5168 5721 5526 5602 5299 5635 5704 5523 5105 5306 5435 6052 5641 5101 5596 5376 5301 5099 5491 5361 5603 5186 5885 5781 5282 5813 5699 5669 5636 5899 5071 5204 5162 4797 5258 5057 5448 4970 5621 5489 5496 5856 5642 5675 5368 5592 5476 5556 5337 5475 5400 5438 5721 5098 5306 5471 5583 5165 5235 5536 5312 5628 5629 5229 4653 5597 5590 5041 5532 5109 5276 5227 5397 5858 5664 5174 5999 5204 5476 5349 5550 5435 4907 5728 5568 5283 5338 5557 5449 5889 5943 5684 5795 5622 5210 5319 5317 5817 5201 5634 5538 5621 5590 5664 5649 5219 5279 5958 5334 5113 5612 5423 5808 5663 5663 5409 4994 6048 5191 5562 6059 4921 5297 5697 5539 5511 5286 5811 5699 5380 5605 5291 5732 5717 5322 5494 4908 5220 5185 5845 5552 5508 5333 5295 4985 5301 6215 5719 5580 5484 5540 5317 5231 5529 5354 5742 5369 5442 5333 5419 5665 5456 5753 5841 5638 5369 5233 5550 5434 5667 4819 5741 4884 5516 6275 5475 5430 5363 5653 5344 5983 5336 5486 5927 5922 4866 5566 5790 5351 5490 5548 5883 5643 5365 5284 5466 5260 5367 5774 5763
5159 5446 5036 4952 5072 4729 4860 4913 4904 4710 4966 5295 5218 4921 4917 5195 5224 5666 5085 4789 4839 4828 4942 5118 5260 4795 5576 5285 5422 5009 5263 4858 5450 5001 4959 5594 4801 5170 5456 4864 5388 5459 5104 4969 5014 5196 4865 5307 4832 4754 5486 4986 4854 5189 5201 5483 5188 5429 4866 5638 4906 4974 5366 5108 4968 4838 4968 5556 5138 4872 5163 5069 5182 5230 5217 5236 5104 4816 5490 5380 4961 5560 5190 5449 5332 5226 5118 5157 5091 4712 5134 4990 4888 4883 5081 5531 4838 5837 5133 5342 5201 5187 5130 5130 5006 5364 5196 5064 5143 5007 4923 4939 5095 4957 4944 5553 4899 5329 5310 4851 4713 5246 5374 4852 5181 4801 4872 5260 5107 5436 5482 4747 5426 4905 4912 5103 5098 5124 4866 5542 5122 5295 5284 5306 5103 5333 5501 5528 5446 5272 5238 5046 4986 5123 4977 5280 5139 5282 4931 5291 5743 5086 5030 5342 5006 5022 5379 4866 5298 5223 5566 5307 4670 5504 5046 5068 5407 4622 5221 5465 5387 5111 4981 5397 5353 5265 5121 4941 5442 5349 4686 4969 4853 4998 4915 5440 5343 4965 4992 5031 4680 5007 5765 5387 5340 4978 5255 5295 4735 4884 4946 5275 4992 5336 5168 5239 5342 4959 5234 5497 5064 5488 4744 5490 5126 5477 4793 5410 4963 5635 5803 5258 5144 5113 5401 4976 5435 5259 5219 5452 5242 4634 5163 5378 4911 5234 5387 5296 4850 5047 4831 4844 5137 4773 5294 5503
4745 5536 5022 5211 4842 5233 5184 5247 4943 4738 5011 5438 5342 4990 4932 5363 5196 5768 5242 5070 4998 4956 5085 5227 5512 4809 5043 5508 5295 5359 5203 5151 5121 5158 5084 5454 4676 5256 5055 5035 5550 5342 5216 4932 5470 5142 5087 5358 4568 5030 5422 5463 4848 5183 5191 5302 5270 5306 5338 5585 4835 5259 5368 5314 4980 5176 5313 5662 5175 4810 5320 4928 4977 4998 5418 5128 5065 4838 5204 5311 5082 5206 5168 5616 5175 5419 4812 4774 5205 4698 5041 4920 4695 4945 5288 5166 5118 5658 5077 5418 5440 5287 5159 5031 5170 5309 5330 5579 5252 5242 4961 5249 5140 4882 4698 5371 5147 5244 5370 5043 4656 5365 5317 4922 5465 4805 5199 4900 5304 5525 5467 5191 5308 5249 5083 5182 5394 5258 4963 5077 5337 5198 5182 5276 5159 5261 5285 5394 5262 5315 4905 5108 5072 5301 4700 5054 5045 5504 4883 5439 5509 4968 4731 5379 5164 4987 5258 5101 5409 5390 5267 5404 4567 5800 5259 5165 5308 4720 5331 5791 5348 5232 5147 5251 4985 5331 5306 4764 5555 5401 4884 5243 4599 5301 5117 5656 5287 4843 5002 4982 4800 5003 5741 5577 5340 5113 5421 5326 5345 5048 4909 5622 5073 5109 5311 5338 5632 5267 5092 5174 5176 5443 5007 5487 5035 5234 5000 5478 4861 5301 5622 5057 5270 5060 5013 5122 5550 5331 5173 5225 5517 4977 5225 5521 5122 5385 5323 5427 5027 5113 5151 5000 4907 4756 5325 5631
4795 5415 4959 5249 4896 5186 5003 4997 4915 4650 4947 5330 5228 4641 4854 5229 5504 5401 5094 4951 4899 5034 4795 5023 5305 4665 5001 5409 5075 4934 5085 4856 5154 4919 4919 5529 4551 4911 5016 4654 5715 5349 5158 4934 4969 4928 4790 5091 4662 5048 5229 4801 4606 5016 5161 5178 4924 5620 5028 5184 5121 5096 5380 5125 4874 4916 4935 5570 4820 4628 5212 4965 4863 4740 5243 5155 4972 4881 5140 5302 4719 5338 5048 5236 4943 5102 4578 5029 4940 4349 5075 4782 4530 4642 5071 5081 4966 5578 5118 5246 5265 5302 4972 4849 5013 5359 5223 5052 4928 4883 4906 5073 4909 4779 4782 5291 4947 4933 5136 5125 4598 5102 5272 4619 5283 4833 4900 5083 5173 5446 5360 4842 5471 4813 4968 4975 5351 5339 4887 5069 5443 5203 5092 5119 5068 5060 5432 5255 5051 5280 4804 4790 4730 5329 4879 5016 5123 5312 4965 5401 5464 4968 5159 5263 5053 5096 4840 4943 5441 5278 5147 5302 4659 5306 5002 4963 5156 4420 5182 5590 5314 5173 5035 4945 5010 5080 5226 4967 5585 4812 4957 5307 4848 4768 4707 5680 5120 4761 4862 4926 4652 4914 5643 5589 5031 5042 5141 5049 4923 5051 4707 5087 4703 4799 4861 5202 5146 5291 5153 5598 5280 5088 4648 5254 4971 5046 4671 5120 4587 5207 5572 5440 5080 4968 5221 4976 5523 5056 4881 5243 5507 4507 5211 5526 5034 5129 5587 5099 5070 5029 4663 4892 4949 4703 5260 5299
5031 5738 5175 5387 5334 5195 5317 5356 5524 5170 5485 5564 5696 4941 5408 5768 5659 6093 5364 5052 5360 5187 5493 5706 5788 4917 5523 5672 5343 5472 5388 5372 5827 5240 5336 5750 4782 5561 5537 5103 5985 5692 5372 5314 5723 5434 5226 5613 4901 5420 5576 5395 4948 5356 5458 5583 5263 5726 5597 5807 4987 5305 5542 5693 5183 5513 5077 6265 5628 5222 5406 5406 5217 5043 5652 5696 5570 5130 5592 5906 4970 5713 5553 5750 5475 5799 5057 5259 5297 4685 5451 5370 5253 5079 5584 5567 5455 6155 5392 5746 5676 5475 5541 5397 5723 5460 5804 5681 5733 5456 5367 5426 5409 5247 5194 5513 5177 5351 5442 5433 4715 5554 5714 4920 5546 5322 5219 5546 5274 5579 5781 5412 6009 5505 5417 5337 5594 5472 5323 5359 5402 5516 5475 5591 5178 5731 5922 5817 5379 5535 5384 5561 5361 5591 5031 5302 5587 5462 5207 5717 5895 5722 5318 5678 5437 5586 5929 5548 5402 5350 5555 5418 5115 5673 5341 5322 5434 4832 5625 5905 5560 5308 5489 5525 5598 5697 5931 4937 5527 5531 5288 5372 4939 5317 5315 5902 5477 5221 5333 5379 5037 5322 6070 5704 5435 5370 5739 5509 5280 5559 5400 5511 5353 5517 5323 5456 5952 5268 5278 5880 5389 5541 5130 5624 5548 5550 5168 5599 5167 5658 5885 5820 5350 5534 5183 5440 5596 5394 5515 5619 5653 5177 5264 5855 5603 5597 5911 5555 5195 5520 5196 5189 5212 5054 5591 5879
4452 4767 4409 4611 4403 4710 4155 4468 4807 4294 4572 4817 4715 4265 4415 4927 4749 5027 4508 4125 4272 4811 4468 4762 4808 4267 4599 4741 4437 4717 4326 4236 4606 4469 4562 4903 4222 4492 4452 4431 4898 4941 4742 4274 4694 4706 4485 4686 4235 4429 4794 4516 4320 4563 4591 4838 4608 4761 4798 4735 4552 4534 4805 4455 4631 4711 4483 5008 4725 4018 4787 4405 4628 4256 4617 4752 4488 4119 4679 4547 4406 4896 4674 4975 4557 4666 4376 4506 4307 4096 4482 4236 4242 4383 4351 5108 4553 5177 4505 4840 4594 4561 4531 4630 4446 4873 4502 4654 4673 4377 4314 4516 4798 4489 4551 4680 4522 4690 4947 4247 4037 4686 4496 4280 4593 4490 4631 4677 4519 4736 5067 4420 4973 4569 4468 4691 4789 4693 4448 4569 5067 4573 4588 4611 4384 5005 5062 4646 4619 4652 4512 4349 4434 4923 4420 4576 4545 4726 4616 4528 4837 4354 4513 4689 4489 4524 4512 4664 4731 4885 4381 4686 4343 4632 4471 4599 4706 3943 4761 5041 4780 4328 4662 4526 4601 4529 4792 4360 4819 4760 4484 4369 4058 4536 4518 4908 4671 4034 4497 4629 4213 4379 4913 4813 4611 4497 4792 4700 4338 4735 4547 4551 4558 4682 4547 4598 4982 4391 4577 4754 4623 4754 4333 4847 4558 4684 4323 4894 4380 4462 5022 4543 4603 4567 4606 4333 4834 4686 4521 4886 4590 4227 4584 4884 4632 4911 4663 4786 4684 4433 4294 4484 4423 4411 4569 4842
5235 5780 5506 5577 5564 5539 5121 5291 5118 4958 5311 5725 5539 5075 5358 5790 5430 6047 5239 5110 5012 5406 5250 5387 5757 5166 5387 5635 5524 5556 5371 5355 5829 5324 5374 5690 5107 5531 5454 5059 5899 5650 5493 5213 5444 5477 5191 5617 4992 5218 5521 5332 5263 5374 5526 5614 5371 5648 5470 5605 5322 5571 5658 5336 5266 5384 5335 5964 5705 4858 5601 5320 5454 5262 5079 5599 5598 4910 5267 5686 5242 5861 5526 5722 5232 5592 5143 5371 5163 4842 5283 5061 5310 5157 5395 5797 5331 6083 5642 5661 5297 5688 5363 5596 5457 5522 5519 5484 5557 5124 5368 5192 5484 5130 5331 5635 5328 5560 5627 5103 5060 5225 5756 5102 5584 5389 5486 5201 5160 5654 5913 5256 5684 5261 5317 5350 5574 5415 5329 5641 5679 5269 5343 5727 5241 5773 5733 5768 5534 5587 5363 5656 5254 5672 5280 5405 5374 5361 5506 5611 5602 5210 5280 5706 5500 5304 5540 5369 5816 5633 5665 5499 5225 5454 5385 5353 5585 4936 5382 5620 5579 5193 5288 5431 5419 5434 5494 4785 5663 5481 5723 5398 4870 5290 5256 5811 5643 5014 5193 5403 4963 4936 6030 5935 5493 5654 5561 5654 4989 5378 5230 5681 5452 5705 5261 5549 5618 5356 5463 5538 5340 5887 5018 5744 5297 5691 5141 5551 5076 5659 5968 5524 5629 5277 5717 5404 5926 5611 5282 5585 5831 4681 5408 5524 5489 5461 5654 5447 5572 5335 5016 5318 5564 5216 5621 5650
4915 5307 4721 5294 5054 4966 5090 5075 5202 4740 5045 5281 5217 4876 5128 5224 5374 5685 5172 4872 4841 5182 4816 5246 5637 4514 5235 5328 5216 5047 5319 4984 5440 4657 5120 5431 4668 5036 5110 4557 5678 5653 5221 5092 5176 5167 4944 5255 4950 5005 5253 5029 4799 5254 5262 5425 5114 5585 5368 5550 5050 5094 5304 5327 4803 5075 5109 5706 5201 4830 5267 5109 4843 4877 5211 5320 5203 4700 5427 5530 4869 5284 5091 5610 5275 5369 4862 4850 4790 4619 5034 4756 4999 4956 5170 5350 4967 5763 5031 5327 5232 5332 5192 5089 5188 5245 5213 5103 5257 4985 4846 5304 5412 4595 4926 5321 5120 5219 5451 5035 4568 5161 5373 4456 5564 4846 5228 4951 5057 5373 5178 5020 5623 4995 5085 5165 5523 5162 4881 5203 5289 5086 5235 5385 5023 5414 5279 5419 5203 5495 5081 4885 5142 5334 4643 5202 5125 5169 5058 5345 5519 4912 4756 5182 5166 5208 5152 5108 5367 5479 5338 5112 4723 5604 4958 5035 5224 4572 5086 5588 5176 5266 5047 5320 4894 5296 5397 4882 5501 5198 5028 5035 4835 5311 4891 5336 5340 4751 5024 5011 4667 5032 5840 5487 5210 4802 5094 5325 4797 5219 4768 5496 5087 4948 5203 5501 5399 5071 5277 5468 5129 5376 4792 5263 5278 5162 4682 5260 4591 5386 5529 4918 5100 5021 5139 5139 5350 4988 5093 5453 5547 4715 5224 5517 5263 5330 5540 5409 5179 5165 4843 5094 5235 4690 4946 5573
4548 5201 4747 4583 5173 4820 4787 4529 4803 4478 4408 4959 4903 4684 4722 4936 5106 5378 4813 4610 4714 4763 4695 5043 5152 4385 4812 4984 4917 4672 5007 4615 4990 4628 4892 5189 4266 4821 4942 4552 5046 5220 4960 4851 4976 5009 4587 5234 4499 4836 5087 4697 4801 4888 4821 5293 4687 5164 4983 5145 4414 4663 4891 5021 4732 4812 4773 5382 4848 4909 5078 4883 4876 4462 5021 5073 5020 4504 5281 5200 4590 5211 4713 5183 4649 5156 4590 4673 4737 4258 4887 4492 4605 4643 4879 5035 4855 5330 4887 4895 5020 5121 4776 4822 4837 5040 5077 4879 4915 4759 4744 5012 4987 4635 4553 4885 4750 4756 4767 4669 4440 4755 5198 4632 4876 4531 4628 5027 4808 5144 5149 4589 5144 4653 4689 4886 4970 4717 4450 5086 4773 4801 4830 4964 4779 5124 5145 5093 5226 4968 4595 4589 4694 5117 4830 5023 4772 4793 4869 5054 5282 4637 4619 5146 4701 4819 4907 4976 5041 4923 5098 4736 4417 5244 4903 4733 5004 4191 4903 5171 5254 4812 4881 5031 4853 4965 5356 4426 5116 4927 4564 4628 4398 5052 4773 5181 4887 4614 4693 4898 4504 4763 5641 5283 4819 4572 5008 5013 4591 4779 4546 5031 4727 4872 4692 4953 5146 4686 4937 4983 4780 4734 4479 5131 4911 4914 4375 5128 4418 5012 5476 4949 5081 4598 4974 5050 5219 4960 4994 5128 4997 4720 4864 4914 4858 4984 5045 5035 4527 5110 4603 4523 4724 4621 5162 5220
4985 5730 4936 5251 5149 5149 5090 5201 5130 4644 5041 5304 5328 4823 5009 5374 5304 5787 5311 5047 5174 4897 4970 5086 5390 4798 5170 5798 5393 4961 5227 4748 5272 5054 5278 5586 4718 5128 5083 4983 5673 5639 5270 4914 5115 5244 4750 5534 4709 4867 5276 5051 4916 5223 5193 5439 5119 5474 5375 5562 4995 5114 5435 5165 4996 5168 5345 5599 5176 4576 5088 5087 5217 4991 5346 5420 4990 4790 5257 5660 4924 5449 5086 5444 5148 5626 5070 5154 4976 4521 5289 4899 5073 4810 5252 5675 5131 5529 5349 5541 5129 5374 5450 5178 5393 5243 5191 5127 5282 5097 5041 5208 5147 5301 4876 5485 5232 5303 5222 4844 4694 5198 5668 5108 4946 5041 5175 5296 5452 5615 5580 5052 5449 4907 5205 5207 5541 5291 4849 5341 5476 5394 5150 5249 5203 5434 5479 5524 5287 5440 5159 4942 5044 5316 5275 5031 5093 5438 5014 5466 5985 4890 5013 5482 5163 5169 5304 5042 5819 5353 5398 5245 4730 5589 5262 4937 5579 4581 5224 5713 5314 5398 4882 5040 5291 5462 5748 4940 5649 5370 4841 5147 4731 5121 4946 5254 5202 4825 5347 5115 4816 5087 5804 5546 5173 4872 5338 5332 5068 4920 4920 5408 5031 5216 5114 5239 5212 5452 5495 5499 5088 5335 5030 5614 5150 5314 4857 5349 4830 5376 5753 5573 5363 5134 5152 5148 5509 5159 5101 5168 5599 4807 5312 5643 5093 5354 5482 5486 5130 5083 5178 5138 5118 4803 5420 5395
5058 5623 5038 5542 4937 5368 5136 5250 5343 4822 5115 5500 5476 5241 5066 5561 5428 5813 5221 5132 5009 4975 5192 5294 5781 4932 5444 5411 5220 5118 5111 5398 5331 5070 5241 5824 4728 4950 5274 4814 5575 5822 5345 5205 5227 5262 5052 5709 4760 5138 5549 5249 4807 5270 5502 5539 5248 5515 5348 5570 5301 5153 5535 5599 5186 5255 5214 6208 5415 4914 5367 5152 5168 4973 5350 5416 5355 4944 5713 5762 4987 5576 5637 5485 5198 5348 5077 4888 5094 4631 5182 5072 4806 5067 5208 5435 5077 5973 5413 5469 5270 5566 5246 5340 5332 5189 5448 5235 5495 4897 4972 5324 5173 5189 5487 5511 4997 5435 5569 5020 4686 5076 5254 5102 5522 5001 5262 5099 5038 5452 5547 5010 5616 5404 5202 5136 5306 5110 4980 5563 5507 5312 5084 5375 5216 5573 5510 5424 5055 5317 5269 5259 5117 5368 4902 5276 5262 5184 5229 5641 5799 5262 5484 5591 5181 5349 5468 5428 5383 5151 5460 5353 4740 5393 5253 5107 5521 4529 5205 5677 5780 5269 5223 5528 5484 5181 5662 4970 5531 5098 5111 5254 4725 5168 5182 5564 5380 4931 5381 4986 5029 5090 5676 5768 5168 5504 5315 5319 5149 5114 5135 5397 5257 5341 5385 5237 5336 5162 5217 5634 5301 5361 5104 5513 5338 5484 4821 5358 5015 5509 5718 5035 5416 5161 5118 5028 5530 5383 5206 5561 5595 5029 5107 5499 5398 5431 5495 5315 5574 5153 4916 5287 5269 4857 5236 5749
5065 5282 4600 5168 4804 4754 4762 4950 4823 4643 4744 5255 5204 4586 4846 5203 5275 5473 4913 4652 4870 4782 4861 5014 5190 4426 4917 5136 4989 4706 5007 4812 5279 4841 5004 5264 4373 4881 5080 4726 5509 5278 4924 4826 4888 4815 4565 5016 4544 4852 5207 4886 4674 4848 5016 4944 4952 5156 4877 5330 4762 4929 5153 4959 4824 4821 4967 5398 5122 4848 5045 4988 5158 4726 4979 4925 4824 4732 5197 5025 4592 5479 4958 5251 4977 5072 4954 4908 4904 4534 5002 4915 4741 4663 4860 5369 4908 5589 5022 5102 5002 4995 5047 5120 4904 5144 5018 5090 5105 4677 4824 5122 5276 4908 4796 5226 4925 5101 5251 4808 4521 4953 5051 4796 5007 4793 4844 4955 5031 5152 5436 4956 5457 4827 4771 4978 5223 5173 4641 5124 5066 5132 4990 5072 4786 5083 5252 4945 5393 5011 4732 5148 4707 4938 4721 4872 5226 4811 4730 4922 5429 4922 4896 5217 5022 4807 5098 4977 5288 4965 5057 5096 4616 5234 4841 5190 4994 4504 4945 5261 5118 4911 5036 5076 5129 4760 5295 4685 5172 5044 4729 4879 4605 4995 4792 5149 5125 4819 4685 4950 4467 4951 5480 5261 4916 4925 5263 4984 4658 5133 4643 5089 4687 5213 4973 5163 5135 5090 5070 5244 4866 4929 4779 5038 4889 5037 4603 5019 4650 5217 5690 4943 5216 4877 4940 4996 5125 4657 4829 5150 5240 4647 4965 4976 4979 5078 5380 4959 4679 4839 4557 4964 4770 4653 5168 5321
4825 5126 5047 5000 4878 4795 4656 5146 4656 4553 4791 5048 5175 4912 4749 5199 5218 5436 4760 4407 4713 4720 4940 4969 5090 4603 4760 5324 5128 4796 4791 4821 5191 4671 4873 5344 4605 5024 4980 4667 5485 5429 5052 4765 5040 5142 4829 4954 4744 5007 5382 4989 4559 5074 5200 5071 5186 5076 4794 5248 4425 4859 5173 4800 4647 4809 4943 5452 5170 4452 4993 4935 4862 4750 5018 4928 4809 4698 5253 5244 4628 5383 4931 5492 4751 5192 4693 4913 4727 4479 4951 4836 4641 4219 4977 5251 4919 5435 4951 5310 5064 5276 4767 5010 4759 5176 4930 4973 5231 4686 4724 4920 4884 4834 4868 5010 4917 5057 5091 4777 4703 4873 5147 4667 4933 4692 5132 5087 5028 5279 5214 4757 5469 5178 4571 5012 5222 5094 4797 5010 5095 4943 5063 5219 5003 5091 5300 5185 5169 5187 4791 5034 4830 5092 4512 5085 4636 5131 4879 4922 5364 4718 5071 5324 4897 4957 4953 4911 5171 5112 5113 5069 4696 5135 5077 4932 5243 4260 5171 5375 5074 5082 4935 5148 4894 5088 5101 4540 5185 5081 4795 4817 4726 4606 4858 5076 4997 4583 4797 4754 4600 4814 5386 5069 4711 4615 5027 4871 4639 5007 4830 4888 4893 4851 4850 5013 5217 5052 4861 5398 4858 5130 4517 5204 4927 4927 4829 5022 4763 5183 5525 4950 5036 4947 5205 4939 5305 4938 5057 4950 5243 4419 5025 5206 4941 5056 5242 5387 4850 5108 4836 5002 4942 4553 5109 5254
5060 5501 5261 5331 5209 5293 4992 5144 5175 4860 5147 5502 5304 4951 5399 5409 5297 5863 5418 4938 5072 5134 5110 5350 5704 4955 5141 5344 5324 5164 5177 5058 5407 5256 5183 5763 4935 5110 5030 4957 5537 5666 5407 5103 5138 5374 4924 5530 4807 5205 5323 5214 4903 5589 5419 5333 5193 5532 5276 5359 5018 5389 5390 5425 4985 4904 5043 5868 5369 4900 5312 5126 5157 5120 5358 5365 5552 4762 5429 5496 4675 5679 5361 5506 5318 5676 4950 4908 5295 4532 5483 5232 4974 4942 5448 5204 5317 5516 5271 5602 5266 5310 4951 5108 5422 5421 5182 5097 5068 5134 5312 5141 5203 5091 5281 5424 5228 5336 5523 5128 4666 5300 5347 4708 5251 5157 5132 5392 5331 5668 5425 5367 5609 5242 5105 5080 5183 5341 4901 5404 5456 5311 5215 5378 5197 5470 5526 5405 5466 5503 5111 5080 4897 5229 4781 5119 5250 5370 4829 5275 5607 4954 5051 5316 5250 5203 5447 5289 5510 5342 5519 5072 4830 5555 5044 5069 5511 4523 5332 5651 5388 5312 5103 5288 5206 5466 5431 4813 5659 5203 5012 5027 4821 5112 5183 5553 5404 5002 5421 5267 4738 4888 5921 5521 5021 5011 5516 5312 4971 5417 4953 5608 5341 5198 5293 5227 5701 5194 5481 5450 5207 5258 4986 5420 5465 5503 4804 5263 4723 5298 5707 5247 5112 5330 5035 5003 5597 5289 5238 5338 5298 4746 5327 5728 5217 5416 5469 5339 5096 5162 5115 5248 5207 4826 5198 5433
4846 5240 4931 4921 5235 4934 4708 4787 5179 4748 4550 5408 5024 4791 5039 5264 5308 5692 4781 4548 4600 4718 4841 5043 5501 4517 4961 5402 5304 4783 5035 5002 5137 4760 5015 5496 4591 5002 5014 4556 5299 5173 5309 4859 4927 5085 4689 4953 4758 4902 5128 4928 4815 5176 5141 5169 5157 5118 4963 5257 4839 5035 5141 5257 4743 5036 5073 5830 4879 4711 5368 5041 5102 4699 4977 5083 4894 4656 5185 5205 4550 5049 4807 5425 4937 5188 4619 4798 4901 4340 4850 4811 4794 4771 5207 5247 4874 5711 5104 5201 5222 5261 4769 4911 5160 5135 4971 5095 5187 4688 4720 5047 5102 5054 4705 5134 4860 4872 5020 4997 4480 5007 5251 4496 5148 4858 4981 5052 5019 5107 5462 4763 5217 4857 4906 5037 4987 4728 4591 5123 5343 4961 4971 5053 4852 5228 5308 5334 5110 5034 4815 4987 5069 5037 4761 5019 4840 4804 4887 5120 5259 5039 4796 5261 4792 5154 4946 4824 4970 5233 5186 5070 4512 5320 5017 4664 5046 4392 4748 5278 5256 4970 4821 5152 4842 5186 5374 4483 5482 5037 4733 4979 4566 4894 4963 5364 5465 4817 5065 4805 4411 4901 5286 5357 4729 4913 5081 4955 4557 5037 4460 5189 5075 4977 4762 5003 5230 4890 4963 5292 4709 5177 4631 5281 4944 4997 4610 5165 4472 5249 5203 4925 4925 4993 4890 4805 5373 5029 4899 5203 5258 4542 4936 5301 4782 5070 5188 5214 4963 5006 4799 4906 5043 4662 4941 5328
5125 5573 5149 5230 5403 5114 5049 5341 4973 5104 5308 5672 5467 5350 5365 5491 5556 6021 5251 4886 5013 5272 5088 5142 5747 4908 5489 5830 5661 5238 5438 5176 5468 5162 5422 5956 4781 5705 5522 4980 5850 5748 5297 5122 5103 5487 5113 5652 5007 5280 5361 5630 4958 5541 5345 5701 5501 5291 5270 5922 5124 5629 5527 5339 5445 5219 5294 5835 5342 4930 5612 5313 5626 5066 5365 5495 5430 4965 5450 5576 4960 5879 5366 5652 5154 5451 5191 5031 5092 4872 5452 5189 5173 5051 5370 5424 5455 5998 5396 5757 5182 5341 5306 5309 5256 5475 5627 5698 5588 5174 5163 5432 5424 5326 4909 5622 5249 5276 5648 4995 4889 5421 5712 5087 5310 5290 5570 5451 5372 5670 5802 5416 5776 5294 5143 5410 5513 5522 5097 5556 5701 5327 5156 5306 5626 5535 5662 5668 5443 5532 5329 5277 5369 5575 5033 5319 5185 5501 5274 5448 5776 5190 5154 5315 5253 5156 5415 5224 5549 5466 5382 5183 5185 5914 5281 5247 5595 4772 5394 5853 5493 5512 5516 5391 5411 5623 5606 5130 5900 5487 5121 5469 5001 5299 5197 5767 5576 5263 5385 5273 4762 5283 6128 5741 5484 5419 5663 5695 5195 5165 5060 5677 5440 5461 5318 5172 5767 5355 5486 5625 5237 5748 5236 5588 5511 5338 5078 5369 5017 5753 5896 5388 5542 5117 5447 5306 5893 5444 5372 5674 5600 4812 5457 5728 5314 5683 5510 5603 5155 5358 5169 4973 5474 5032 5490 5812
4549 5295 4715 4669 4930 4778 4654 4677 4994 4302 4816 5058 5002 4585 4561 4987 4953 5406 5047 4684 4707 4844 4617 4593 4914 4521 4800 5262 4966 4707 4902 4816 4912 4280 4924 5290 4574 4760 4620 4632 5200 5210 4741 4662 4852 4976 4760 5004 4581 4877 5051 4770 4605 4913 4859 5152 4808 5279 4958 5114 4708 4902 4948 4747 4624 4775 4978 5408 4827 4606 4916 4927 4732 4764 4875 4876 5025 4399 4708 5232 4763 4946 4909 5192 4978 5122 4584 4694 4722 4349 4802 4393 4732 4557 5014 4892 4740 5434 4789 4901 4800 4945 4901 4901 4871 5249 4840 4937 4939 4767 4727 4735 4663 4500 4847 5138 4910 5012 4979 4705 4509 4923 5266 4591 5022 4808 4680 5132 4943 5143 5118 4877 5376 4721 4881 4684 4959 4819 4372 4862 5059 4736 4917 4773 4795 4996 4815 5159 4900 5326 4976 4908 4752 5267 4726 4916 4912 5136 4910 5059 5235 4775 4677 4947 4767 4645 4817 4953 5009 4969 4934 4590 4600 5036 4888 4453 5030 4248 4729 5286 4897 4821 4673 4994 5096 5048 5020 4617 5422 5048 4776 4956 4737 4759 4511 5047 4724 4704 4431 4643 4312 4845 5316 5288 4828 4964 4970 5243 4437 4766 4361 5106 4624 4723 4475 4654 4980 4991 5062 5097 5088 5258 4823 5280 4965 5063 4605 4768 4499 4844 5358 4995 4753 4696 4975 4507 5374 4902 4628 5100 5266 4361 5003 5146 4884 5075 5255 4933 5049 4690 4581 4944 4974 4589 5158 5129
5273 5960 4861 5311 5090 5205 5066 4971 5385 5176 5122 5655 5348 5109 5101 5583 5685 5932 5224 5026 5154 5458 5087 5471 5586 4963 5461 5705 5274 5324 5726 5239 5600 5042 5351 5782 4697 5296 5487 5204 5673 5712 5399 5230 5309 5553 5236 5559 5019 5209 5734 5499 4823 5288 5475 5574 5200 5825 5347 5640 4956 5206 5473 5316 5092 5440 4880 5833 5454 4871 5384 5459 5293 5329 5515 5252 5036 5005 5522 5598 5326 5889 5344 5638 5303 5445 5071 5150 4982 4716 5228 5084 5275 5067 5241 5533 5262 6043 5204 5590 5327 5335 5376 5411 5425 5283 5251 5130 5267 5147 5219 5262 5387 4994 5070 5617 5208 5337 5567 5333 4980 5291 5608 4672 5359 5173 5104 5323 5128 5536 5859 5289 5719 5138 5235 5272 5353 5153 5319 5344 5683 5279 5308 5346 5244 5628 5551 5604 5412 5345 5020 5306 5186 5361 5089 5374 5514 5471 5372 5612 5600 5308 5187 5792 5285 5290 5543 5159 5597 5363 5485 5371 5122 5503 5246 5328 5520 4696 5313 5770 5439 5281 5223 5249 5152 5250 5412 4892 5820 5456 5247 5406 4906 5152 5214 5775 5322 4933 5280 4988 5024 5020 5899 5580 5148 5366 5479 5364 5173 5059 5130 5328 5194 5390 5221 5348 5534 5336 5204 5696 5280 5354 5076 5478 5291 5483 4949 5575 4939 5424 6083 5595 5345 5125 5619 5302 5831 5476 5287 5560 5420 4930 5414 5563 5407 5573 5596 5367 5255 5554 5217 5505 5410 4747 5512 5579
4879 5528 4973 5281 5062 5231 4994 5158 5201 4905 5331 5688 5407 4961 5263 5348 5523 5951 4935 5050 4966 5162 5111 5353 5694 4859 5269 5708 5496 4894 5114 5184 5419 4967 5542 5702 4885 5333 5161 5220 5618 5551 5240 5130 5355 5175 5036 5307 4775 5067 5311 5193 4786 5401 5096 5493 5076 5483 5189 5492 4987 5275 5426 5175 5198 5220 4980 5663 5348 4838 5378 5129 5127 5117 5398 5576 5333 4755 5255 5573 4958 5590 5468 5466 5074 5579 5061 4935 5086 4455 5426 5006 4984 4871 5299 5581 5164 5776 5194 5478 5299 5306 5327 5397 5283 5205 5304 5434 5215 5125 5085 5279 5381 5038 5092 5482 5033 5324 5209 5127 4711 5171 5559 4769 5211 4948 5160 5401 5233 5491 5569 5227 5731 5215 5196 5105 5415 5237 4855 5330 5641 5222 5334 5530 4926 5459 5479 5555 5492 5313 4948 5444 5020 5456 4979 5203 5136 5487 5178 5572 5391 5110 5188 5378 5084 5105 5344 5000 5664 5332 5553 5201 4886 5344 5162 5082 5581 4838 5047 5407 5527 4932 5194 5378 5117 5215 5213 4964 5484 5243 5222 5462 4730 4993 4964 5614 5340 4960 5292 5086 4795 5090 5990 5584 5221 5231 5318 5264 4809 5331 5003 5322 5264 5126 4936 5321 5432 5344 5379 5410 5296 5602 4831 5626 5245 5370 5012 5653 4985 5576 5700 5443 5252 5067 5562 5125 5700 5397 5143 5535 5653 4753 5195 5532 5363 5406 5486 5326 5394 5351 4912 5109 5496 5064 5510 5513
4759 5708 4984 5156 5138 4927 5114 4958 5057 4914 5010 5346 5159 5033 5290 5362 5692 5662 5185 5242 4781 5064 5205 5273 5481 5198 5345 5522 5532 4959 5268 5222 5732 5040 5404 5561 4683 5164 5137 4817 5701 5619 5264 5228 5185 5273 5231 5331 4669 5263 5230 5025 4676 5235 4997 5496 5532 5612 5335 5717 4881 5268 5505 5072 5097 5304 5069 5932 5336 4890 5483 5337 5136 4890 5137 5349 5241 4917 5318 5856 4978 5359 5441 5373 5326 5224 4879 5183 4908 4538 5026 4935 5039 4595 5343 5308 5253 5621 5162 5278 5364 5368 5187 5495 5146 5609 5537 5529 5373 5014 4970 5204 5409 5325 5003 5409 5187 4997 5238 4938 4843 5132 5582 4887 5435 4866 5259 5310 5300 5515 5494 4918 5445 5239 5163 4950 5207 5358 4865 5422 5584 5239 5078 5164 5254 5531 5382 5757 5378 5340 5274 5100 4953 5440 4850 5290 5197 5177 5214 5281 5527 5142 4904 5576 5057 4969 5207 5298 5269 5684 5270 5322 4942 5795 5315 4915 5422 4701 5060 5711 5419 5126 5316 5224 5216 5716 5544 4713 5299 5387 4898 5320 4994 5078 4950 5505 5034 4884 4864 5052 4582 5065 5576 5570 5028 4872 5518 5336 5039 5201 4920 5185 5315 4849 5077 5129 5437 5239 5048 5477 5371 5666 4886 5304 5107 5117 5030 5546 4595 5518 5447 5045 5204 5094 5207 5227 5412 5092 4924 5532 5652 4872 5295 5277 5092 5248 5555 5636 5148 4981 4940 5126 5176 4913 5247 5541
4914 5172 5058 5004 5071 5039 4661 5038 4965 4557 4726 5326 5140 4651 4793 5074 5147 5445 5098 4741 4986 4953 4785 5237 5116 4497 4806 5124 5222 4860 5223 4819 5004 4680 5043 5435 4843 4822 5118 4861 5563 5462 5088 4867 4837 5039 5001 5017 4691 5171 5141 4680 4662 4925 5205 5292 4778 5305 4906 5189 4806 5190 5234 5090 4813 5114 5122 5396 5033 4726 4947 4857 4786 4875 4994 5193 4910 4453 5111 5402 4638 5293 4975 5427 4781 5221 4583 4934 5038 4447 5220 4641 4681 4751 5073 5176 4909 5410 4955 5129 4860 5137 4992 4723 4994 5345 5084 4952 5164 4864 4943 4913 5101 4801 4923 5229 4930 5262 5105 4795 4598 4863 5270 4629 4906 4837 4978 4989 4981 5215 5211 5003 5409 4950 4919 4806 5040 5154 4855 5026 5289 4796 5062 5147 4966 5189 5433 5192 5121 5159 4766 4875 4954 5487 4543 5040 5017 5314 4990 5106 5293 4747 4828 5195 4942 4950 4892 5009 5337 5127 5142 4894 4744 5289 5141 4886 5181 4351 5266 5430 5096 5014 4876 5193 5017 4908 5155 4671 5410 4960 4887 4742 4513 4891 4997 5084 5084 4796 4737 5025 4437 4941 5396 5163 4992 4850 5340 5113 4668 5014 4747 5258 4977 4848 4772 5108 5236 5177 4937 5266 4940 4995 4490 5364 5051 5184 4597 5011 4737 5088 5567 5019 4979 4863 5295 4978 5270 4861 4952 5019 5386 4517 5160 5350 4977 5122 5412 5301 4884 4933 4837 4773 5004 4646 5042 5449
5012 5697 4913 5264 5313 5180 5123 5385 5409 4919 4921 5479 5707 4903 5070 5515 5661 5995 5419 5243 4780 5122 5199 5208 5573 4718 5390 5813 5294 5382 5353 5205 5570 5342 5212 5618 4679 5291 5276 4824 5520 5600 5350 5084 5218 5512 4943 5565 4820 5220 5558 5309 5191 5284 5411 5496 5226 5440 5540 5761 5063 5222 5404 5553 5114 5141 4924 5991 5487 4907 5455 5210 5276 4958 5505 5021 5336 4975 5551 5582 5055 5520 5182 5616 5402 5670 5228 5044 5186 4689 5165 5099 4965 5046 5397 5456 5139 5792 5216 5490 5254 5453 5496 5234 5546 5403 5165 5201 5284 5047 5237 5231 5409 5189 5085 5659 5056 5468 5200 5169 4738 5274 5434 4772 5499 4996 5225 5517 5459 5526 5218 5104 5739 5127 5221 5189 5284 5492 4934 5390 5459 5414 5350 5396 5343 5803 5582 5347 5191 5470 5098 5225 5170 5538 4937 5380 5319 5450 5394 5430 5995 5325 5189 5747 5275 5087 5410 5327 5319 5703 5187 5344 5110 5567 4805 5291 5592 4924 5191 5489 5313 5452 5198 5511 5193 5450 5692 4799 5678 5481 5215 5023 4899 5178 5163 5505 5553 5118 5161 5117 5017 5205 5650 5802 5148 5193 5415 5611 4813 5167 5019 5516 5201 5009 4962 5463 5544 5349 5386 5506 5360 5407 5246 5273 5160 5324 5022 5475 5041 5286 5931 5361 5281 5135 5178 5127 5552 5281 5191 5593 5505 4989 5103 5620 5105 5284 5551 5317 5364 5238 4827 5302 4986 4986 5484 5531
5504 6150 5390 5701 5437 5529 5451 5327 5737 5233 5325 5881 5489 5154 5431 5738 5637 6132 5565 5415 5362 5492 5311 5606 5905 5016 5700 5855 5614 5433 5675 5524 5512 5156 5596 6079 5029 5508 5517 5333 5835 5989 5585 5344 5654 5724 5229 5861 4993 5318 5854 5507 5341 5743 5620 5648 5651 5890 5712 5853 5332 5557 5935 5776 5686 5758 5878 6231 5716 5290 5675 5471 5569 5281 5708 5807 5425 5159 5834 5960 5287 5977 5700 6016 5686 6002 5268 5288 5690 4942 5577 5416 5525 5405 5255 6080 5700 6489 5656 5626 5478 5909 5751 5510 5739 5806 5581 5622 5806 5161 5301 5522 5720 5666 5283 5859 5488 5678 5946 5429 5147 5656 6118 5417 5668 5510 5691 5588 5508 6052 6117 5472 6010 5424 5475 5650 5619 5535 5145 5857 5872 5553 5607 5523 5584 5769 5902 5707 5461 5784 5433 5456 5433 5881 5474 5523 5603 5874 5503 5817 5939 5430 5163 5897 5580 5565 5890 5584 5747 5850 5707 5727 5238 6150 5622 5493 5627 5216 5790 6020 5934 5845 5660 5666 5463 5767 5775 5134 5997 5732 5616 5517 5119 5678 5510 5828 5562 5385 5580 5775 5248 5306 6150 5808 5771 5574 5847 5781 5590 5692 5390 5964 5512 5642 5699 5667 5658 5658 5699 5726 5379 5859 5305 6092 5546 5630 5343 5600 5171 5658 6296 5700 5781 5495 5785 5610 6055 5373 5707 5924 5845 5006 5601 5854 5600 5786 5940 5741 5526 5546 5485 5540 5378 4962 5916 6192
5270 5687 5148 5764 5427 5504 5340 5565 5528 5084 5178 5827 5664 5201 5170 5733 5956 6047 5332 5184 5211 5396 5127 5635 5720 4891 5586 6090 5567 5342 5663 5496 5811 5295 5434 5600 4878 5440 5469 5006 5895 5664 5534 5543 5386 5594 5173 5684 5112 5622 5614 5412 5226 5323 5676 5460 5258 5875 5464 5811 5322 5377 5567 5434 5002 5398 5296 6060 5498 5206 5829 5559 5374 5174 5690 5589 5578 5172 5754 6026 5276 5797 5596 5787 5306 5658 5121 5149 5410 4848 5664 5197 4899 5221 5839 5519 5251 6033 5513 5665 5551 5712 5262 5669 5700 5591 5411 5599 5688 5396 5402 5546 5472 5310 5338 5693 5408 5690 5465 5441 4849 5466 5498 4672 5832 5157 5735 5519 5304 5688 5572 5310 5831 5337 5347 5468 5588 5420 5250 5454 5773 5527 5523 5594 5378 5703 5667 5706 5486 5306 5116 5252 5697 5662 5092 5385 5620 5306 5663 5748 6025 5308 5502 5796 5355 5463 5687 5542 5823 5435 5319 5616 5112 5833 5208 5353 5634 4745 5385 5637 5513 5440 5349 5661 5427 5650 5981 5230 5903 5626 5116 5534 5100 5563 5486 5924 5506 5093 5227 5297 5161 5136 5915 5715 5280 5436 5698 5507 5256 5300 5136 5772 5407 5290 5449 5695 5694 5592 5420 5924 5735 5664 5172 5650 5262 5508 5197 5766 5279 5324 5843 5543 5669 5501 5385 5507 5734 5493 5450 5718 5909 5061 5399 5792 5373 5556 5911 5711 5470 5460 5281 5361 5500 4993 5376 5963
5169 5754 4835 5601 5441 5278 5141 5292 5510 5215 5074 5562 5202 4988 5109 5418 5522 5909 5235 4822 4780 5181 4976 5473 5553 4491 5338 5555 5685 5519 5552 5387 5574 4739 5124 5732 4772 5333 5266 4795 5615 5727 5276 5083 5228 5494 5162 5474 4948 5199 5415 5347 5056 5429 5337 5605 5629 5667 5116 5477 5003 5101 5484 5461 5290 5435 5144 6048 5417 5152 5435 5273 5457 4994 5283 5118 5246 4940 5429 5540 5359 5723 5353 5616 4978 5555 5079 5297 5178 4735 5087 4844 5068 5036 5157 5605 5056 5669 5188 5450 5205 5282 5742 5367 5344 5358 5573 5615 5439 5023 5203 5376 5306 5200 5325 5559 5346 5183 5535 5207 4827 5367 5459 4768 5495 5131 5175 5311 5123 5687 5819 5089 5874 5259 5264 5387 5465 5300 5093 5678 5651 5292 5232 5325 5043 5634 5313 5279 5354 5581 5160 5404 5211 5525 5312 5174 5342 5165 5216 5450 5798 5093 5075 5502 4959 5200 5402 5206 5645 5533 5368 5319 4862 5498 5302 5301 5687 4699 5480 5838 5535 5246 5225 5414 5309 5422 5367 4985 5790 5793 5172 5283 4879 5053 5154 5527 5179 5000 5176 5147 4790 5341 5765 5719 5223 5240 5338 5553 4839 5290 4883 5386 5269 5211 5262 5514 5427 5250 5518 5603 5304 5609 5144 5562 5323 5362 4760 5408 4936 5595 5799 5516 5177 4930 5423 5317 5545 5308 5016 5669 5592 5029 5096 5577 5216 5530 5517 5635 5094 5360 5256 5112 5324 5154 5635 5766
4865 5662 5224 5344 5220 5409 5330 4923 5481 5065 5068 5729 5561 5009 5120 5393 5332 5872 5425 5116 5172 5024 5305 5181 5852 4821 5343 6015 5505 5412 5442 5142 5629 4874 5349 5788 4924 5464 5335 4956 5664 5687 5328 5315 5300 5473 5114 5441 4941 5383 5591 5030 4919 5491 5454 5773 5225 5530 5412 5520 5048 5523 5624 5327 5323 5376 5178 5940 5574 5017 5394 5321 5324 5102 5335 5642 5412 4789 5755 5666 4914 5711 5365 5822 5204 5589 5223 5174 5335 4521 5425 4858 5159 4936 5405 5560 5244 5881 5441 5454 5221 5646 5492 5355 5247 5693 5453 5556 5839 4982 4985 5520 5517 5179 5178 5728 5287 5437 5469 5435 5033 5393 5633 5354 5319 5020 5028 5338 5429 5641 5655 5184 6111 5176 5312 5289 5412 5288 4941 5446 5439 5311 5451 5564 5256 5246 5739 5440 5512 5694 5262 5260 5206 5886 5143 5289 5343 5385 5413 5746 5672 5294 4886 5482 5305 5370 5744 5225 5634 5341 5402 5429 4926 5587 5372 5263 5933 4901 5459 5499 5653 5445 5259 5271 5341 5412 5519 4943 5863 5459 5258 5255 4986 5426 5343 5615 5343 4858 5115 5214 4913 5199 5950 5910 5617 5325 5587 5425 5015 5335 5201 5503 5278 5305 5350 5178 5515 5353 5424 5619 5237 5558 5217 5452 5597 5463 5038 5391 4977 5665 5926 5639 5309 5126 5664 5350 5942 5341 5493 5529 5969 4798 5346 5658 5536 5442 5707 5642 5329 5534 5163 5322 5346 5044 5653 5782
5028 5358 4734 4793 5003 4785 5027 5128 4926 4583 4942 5205 5257 4636 4920 5076 5184 5420 5035 4605 4599 4998 4739 5121 5297 4456 5162 5090 5080 4968 5074 4814 5059 4851 4939 5522 4590 4896 4965 4439 5213 5359 5036 4785 4850 5116 5004 5161 4562 4856 5236 4899 4736 4853 4852 5157 4933 5414 5257 5419 4725 5119 5117 5130 4664 4914 5127 5465 5013 4645 5106 5110 4871 4829 4958 5512 4915 4561 4943 5619 4810 5257 5093 5124 4793 5391 4684 4868 4808 4413 4960 4675 4596 4723 4822 5273 4803 5529 5025 5154 5215 5077 4963 5026 5008 5263 4982 4804 5167 4812 4867 4916 5014 4988 4800 5281 4819 4818 5171 4789 4395 4811 5198 4531 4908 4879 4965 5157 4849 5154 5198 4876 5101 5009 4933 4976 5243 4745 4926 4961 4996 4987 4964 5080 4921 5515 5233 5382 5219 4918 5162 4797 4825 5226 4707 4952 5042 5097 4895 5132 5611 4925 4850 4952 4763 4895 5056 4803 5266 5085 5108 4998 4587 5299 4940 4980 5100 4357 5016 5188 4980 4871 4667 4989 5303 5356 5308 4694 5423 5023 4843 4881 4368 4886 4914 5297 5061 4837 4847 4898 4502 4801 5533 5298 4895 4984 5136 5147 4502 5069 4699 5231 4772 5029 4845 5113 5079 4920 5111 5213 5022 5170 4727 5256 5183 5161 4506 5100 4705 5109 5542 5052 5226 5124 5002 4877 5120 4916 4945 5159 5247 4465 5191 5674 5099 5331 5570 5277 4652 5083 4778 4750 4827 4577 4946 5551
4667 5342 4886 4934 4966 5047 4592 4691 4849 4509 4761 5223 5067 4656 4816 4862 5103 5409 4805 4594 4607 4739 4812 4861 5263 4448 4919 4986 5090 4791 5115 4942 5063 4649 5001 5335 4631 5040 4886 4819 5323 5101 4901 4684 5043 5316 4798 5119 4690 4989 4867 4897 4532 4968 4956 5107 4974 5212 4825 5263 4611 4901 4983 4990 5077 4832 4784 5721 4942 4473 4996 4964 4953 4797 4973 4894 4953 4528 4960 4870 4713 5146 4905 5238 4912 5008 4764 4770 4797 4502 4767 4542 4864 4691 5028 5217 4989 5661 4880 5217 4898 5003 5036 4933 5023 5247 5139 5004 5067 4863 4758 4862 4884 4870 5018 5084 4923 5001 5101 4973 4287 5030 5224 4494 5026 4736 4862 4908 4876 5522 5166 4834 5496 4988 4779 4792 4992 4890 4890 5043 5394 4922 4942 4862 4654 5208 5089 5196 4923 5265 4800 4977 4918 5065 4932 4734 4883 5023 4961 5028 5329 4827 4889 5178 4626 5211 4959 4952 5215 4801 5025 4942 4748 5206 4807 4896 4999 4342 4958 5269 5254 4872 4886 4697 4967 5106 5004 4557 5383 5156 4815 4825 4594 4854 4846 5164 5120 4618 4914 4674 4404 4730 5468 5403 5031 4625 5060 4906 4679 4844 4712 5044 4857 4896 4934 4930 4948 4716 5071 5017 4858 5054 4515 5014 4687 4990 4774 5078 4555 5034 5271 4991 4916 4736 5107 4671 5529 4997 4825 4940 5062 4374 5230 5267 4950 5102 5174 5098 4850 4770 4765 4846 4768 4574 5165 5332
5313 5550 5320 5429 5397 5447 5147 5241 5274 4903 5212 5768 5588 5119 5291 5664 5529 5825 5347 5046 5049 4987 5230 5473 5602 5143 5505 5727 5385 5235 5337 5313 5325 5123 5555 5639 5217 5465 5436 5033 5726 5832 5398 5013 5303 5510 5138 5752 4980 5333 5760 5316 4792 5277 5490 5380 5224 5500 5280 5738 5262 5384 5733 5445 5329 5087 5504 5826 5615 5028 5226 5336 5143 5281 5476 5487 5469 5257 5624 5597 5147 5526 5309 5588 5382 5671 4852 5243 5245 4690 5424 5351 5155 5012 5211 5452 5252 5714 5293 5583 5392 5459 5284 5386 5623 5335 5194 5428 5430 5241 5089 5083 5251 5209 5167 5458 5319 5262 5531 5123 4907 5322 5496 4966 5406 5209 5261 5359 5477 5705 5607 5112 5487 5312 5325 5404 5563 5227 4875 5331 5562 5370 5415 5485 5500 5684 5890 5745 5454 5524 5211 5190 5209 5393 5150 5383 5378 5682 5270 5504 5629 5258 5318 5637 5292 5221 5670 5195 5444 5465 5537 5424 4888 5716 5128 5137 5787 4945 5544 5950 5376 5474 5173 5608 5480 5524 5745 5173 5561 5410 5216 5664 5095 5043 5189 5666 5453 5224 5176 5267 4850 5551 6002 5634 5381 5393 5685 5514 5250 5286 5113 5527 5324 5481 5332 5332 5509 5718 5396 5765 5207 5525 5288 5649 5311 5449 5169 5412 5244 5413 6001 5494 5587 5249 5481 5161 5693 5572 5069 5724 5731 4953 5479 5583 5267 5511 5734 5670 5188 5431 5196 5362 5084 4940 5579 5761
5025 5326 4960 4931 5027 4921 5179 4868 4830 4926 4670 5051 5077 4891 4850 5192 5281 5465 4563 4734 4832 4707 4829 5045 5438 4411 4990 5459 4948 4780 4983 4943 5260 4749 4973 5332 4334 4836 5237 4549 5412 5304 5169 4635 5088 5147 4747 5220 4701 5104 5140 5055 4625 5099 5349 5427 5126 5393 4939 5291 4513 4913 5448 5191 4750 4858 4848 5737 5083 4584 5117 4972 5159 4816 5271 4982 4931 4734 5097 5297 4852 5657 4965 5260 4876 5261 4899 4901 4975 4294 4652 4862 4697 4780 4732 5313 5239 5489 4952 5259 5299 5246 5124 5263 5127 5036 5298 5153 5309 4839 4765 4937 4933 4989 5018 5408 4962 4982 4989 5316 4642 4953 5364 4552 4949 4911 4991 4999 4783 5393 5368 4680 5655 5078 4839 4913 5205 4856 4924 4899 5176 4880 5085 5022 4859 5189 5137 5209 5254 4969 4714 4879 4933 5138 4829 4963 4991 4731 4956 5085 5535 4944 4922 5361 4905 4930 5223 5099 5292 4931 4993 5172 4588 5137 4973 4870 5256 4285 4942 5302 5388 5209 5011 5224 4976 5152 5383 4651 5531 5231 4828 4900 5042 4880 4968 5293 4933 4557 4926 4879 4502 4950 5615 5211 4803 5169 4934 4852 4755 4981 4552 5142 4795 5002 5000 4871 5091 4959 5153 5289 4973 5295 4905 5108 5067 5030 4635 5295 4545 5343 5689 4993 5009 4916 4863 5015 5287 5035 4815 5010 5589 4718 4936 5102 4954 4947 5354 4925 4781 5007 4663 4909 4886 4835 5241 5604
5029 5864 5106 5371 5206 5293 5130 5498 5304 4832 5038 5779 5255 5066 5123 5638 5302 5886 5152 4890 5136 5079 4934 5361 5529 4926 5321 5696 5563 4990 5490 5237 5576 5196 5498 5455 4715 5124 5304 4967 5790 5552 5435 5057 5349 5400 4959 5800 4586 5221 5469 5134 5167 5319 5408 5626 5427 5538 5379 5477 5119 5482 5440 5387 4972 5396 5311 5925 5272 4782 5201 5434 5205 5345 5312 5600 5150 4932 5478 5713 5021 5541 5375 5546 5312 5445 5047 5550 4849 4846 5278 5001 5033 5029 5166 5791 5278 6073 5537 5530 5417 5718 5345 5283 5419 5532 5198 5479 5418 5018 5194 5064 5222 5308 5188 5375 5711 5280 5457 5174 4960 5377 5796 4853 5366 5124 5233 5454 5432 5677 5715 5026 5687 5411 5008 4987 5405 5270 5015 5101 5607 5482 5304 5348 5201 5752 5527 5483 5267 5324 5158 5031 5113 5800 5009 5412 5278 5415 5242 5627 5554 5150 5228 5487 5429 5314 5176 5308 5537 5627 5429 5169 4917 5566 5717 5095 5402 5026 5297 5806 5532 5129 5365 5232 5284 5439 5465 5026 5524 5659 5199 5386 4694 4938 5422 5334 5203 4896 5261 5170 4919 5310 5772 5883 5397 5493 5489 5517 4736 5336 5049 5351 5105 5398 5169 5367 5602 5503 5410 5831 5324 5698 4884 5276 5192 5342 4974 5399 4881 5489 5819 5289 5296 5236 5453 5153 5650 5352 5068 5590 5633 4970 5387 5708 5210 5350 5769 5553 5149 5564 5146 5355 5213 4779 5290 5643
4883 5446 5040 5136 5170 4832 4795 5214 4964 4761 4810 5494 5232 4786 5198 5437 5367 5589 5193 4761 4940 4902 4869 5278 5442 4433 4844 5366 5145 4897 5030 4958 5231 4769 5045 5615 4422 5339 4708 4600 5392 5480 5292 4789 5248 5255 4956 5443 4901 5194 5450 4966 4867 5032 5175 5252 5147 5109 5311 5531 4887 5203 5380 5442 5152 5049 4992 5681 5281 4804 5239 5265 5064 4855 5155 5375 5129 4629 5438 5527 4782 5362 5192 5476 5051 5342 4791 4998 4843 4329 5076 4941 4828 4926 5163 5450 5071 5666 5143 5345 5332 5232 5115 5064 5271 5215 5205 5318 5113 5024 4543 5039 5172 4975 4950 5387 4883 5243 5249 5023 4502 4890 5306 4636 5425 4948 5255 5271 4894 5464 5358 5249 5351 5143 4999 5135 5235 5046 4520 5444 5504 5271 5126 5330 5333 5134 5324 5228 5043 5195 5046 4878 5113 5224 4827 5099 4774 5480 4715 5390 5332 5017 5003 5281 5308 5229 5440 5224 5334 5145 5484 4915 4980 5266 4861 5044 5427 4591 5198 5567 5540 5287 4905 5290 5035 5198 5146 4715 5551 5211 5096 5055 4743 5167 4948 5418 5268 5036 5154 5031 4706 4973 5686 5628 5296 5052 5095 5311 4682 4977 4957 5207 5094 5098 4969 5222 5146 5135 5192 5255 5129 5225 4807 5173 4987 5183 5004 5181 4540 5097 5785 5064 4999 4872 5306 5029 5548 5193 5147 5432 5343 4622 5210 5640 5137 5105 5446 4995 4980 5121 5171 4839 5208 4858 5280 5262
4859 5387 4673 4988 5063 5052 5069 4974 4859 4658 4734 5116 4903 4859 4876 4948 5205 5344 4939 4603 4821 4966 4594 5122 5252 4515 5032 5143 5065 4716 5250 4759 4920 4739 5090 5260 4232 4937 4917 4697 5242 5184 5089 4751 4930 5054 4704 4990 4433 4690 5049 4888 4454 4784 5058 5294 5094 5184 4773 5244 4604 5065 5057 5301 4916 4951 5100 5665 5236 4790 4899 5012 4942 4867 4942 5054 5125 4575 5349 5192 4669 5378 4903 5086 4575 4884 4497 4822 4714 4253 4745 4748 4572 4798 4853 5361 4956 5472 4819 5195 4951 5360 4850 5219 5099 5323 4807 4897 4993 5029 4756 5020 4941 4931 4890 5083 5055 4893 5114 4868 4336 4876 5042 4487 5001 4773 4814 4842 4910 5266 5251 4604 5336 5004 4874 5037 5144 5009 4697 4717 5175 4908 4929 5211 4989 5553 5232 5027 5192 4863 4765 4629 4670 5344 4418 4866 4978 5091 5086 5097 5441 4581 4757 5231 4706 4884 5133 5082 5221 4982 5075 4894 4686 5401 4988 4870 5238 4539 5011 5524 5201 4865 4842 5050 4849 5146 5320 4944 5532 5169 4559 5075 4568 5021 4876 5245 4998 4673 5008 4801 4499 4832 5557 5414 5142 5096 4973 4964 4587 4908 4323 5369 4582 5211 5057 5167 5384 4699 5150 5301 4834 5212 4654 5267 4916 4963 4519 5038 4762 4961 5472 5012 5169 5021 4810 4676 5297 5061 5031 5067 5149 4648 5160 5361 4705 5144 5087 5186 4830 4881 4694 4853 4689 4587 5206 5356
5343 5825 5216 5267 5256 5511 5409 5305 5314 5237 5385 5658 5517 5099 5553 5767 5828 6016 5458 5218 5159 5426 5233 5539 5593 4848 5574 5670 5647 5279 5417 5236 5802 5207 5438 5935 4862 5241 5645 5205 5814 5835 5500 5119 5558 5458 5217 5692 5201 5250 5447 5478 5154 5656 5468 5689 5306 5739 5288 5856 5329 5400 5851 5503 5403 5503 5433 6029 5603 5100 5489 5461 5253 5146 5489 5653 5255 4992 5450 5906 5319 5752 5570 5870 5343 5725 5211 5334 5279 4704 5623 4891 5359 5207 5334 5817 5271 6006 5331 5800 5443 5567 5411 5435 5494 5725 5696 5397 5767 5541 5360 5352 5577 5370 5376 5771 5503 5678 5700 5010 4835 5238 5584 4849 5530 5429 5359 5355 5301 5921 5690 5295 6033 5410 5367 5428 5668 5428 5426 5329 5880 5514 5494 5547 5343 5813 5800 5793 5555 5273 5398 5193 5365 5695 4942 5217 5434 5468 5340 5811 5834 5375 5300 5575 5222 5425 5387 5309 5807 5793 5654 5521 5134 5635 5493 5521 5457 5059 5293 5821 5513 5521 5622 5821 5412 5671 5604 5237 5859 5679 5289 5359 5032 5441 5484 6010 5465 5261 5401 5347 4930 5170 6129 5647 5577 5380 5690 5473 5140 5399 5165 5633 5275 5437 5281 5545 5902 5529 5822 5827 5533 5663 5160 5580 5325 5781 5004 5622 5126 5792 6021 5476 5634 5267 5655 5494 5535 5534 5249 5603 5515 4880 5592 5937 5685 5792 5953 5472 5460 5527 5194 5165 5286 5026 5629 5748
4663 5068 4502 4957 4699 4719 4662 4808 4814 4288 4771 5135 4752 4502 4683 5073 5003 5398 4631 4831 4698 4904 4805 4707 5050 4519 4811 5102 5035 4683 5047 4708 4909 4786 5198 5356 4397 4895 4800 4765 5268 5086 4936 4679 4915 4865 4603 5118 4534 4752 4966 4926 4587 4801 4990 5039 4950 5249 4981 4907 4339 4908 4988 4875 4713 4632 4671 5085 4936 4561 5003 4830 4953 4547 4776 5114 4718 4555 5050 5166 4719 5247 5053 5010 4712 5073 4569 4598 4656 4412 4629 4721 4608 4757 4907 4946 4997 5389 4932 5209 5016 5113 5021 4788 5024 5081 5060 5280 4831 4664 4895 4743 4956 4755 4748 5201 4844 4851 4847 4592 4300 4931 5194 4566 4753 4898 4783 4543 4706 5269 5090 4779 5030 4709 4819 4970 5002 4961 4627 5176 5041 4917 4962 4825 4738 5132 4903 5161 4984 5010 4723 4802 4755 5155 4741 4840 4812 5089 4794 4756 5216 4512 4653 5283 4780 4902 4946 4872 5083 5046 4784 4655 4547 5393 4767 4754 5179 4012 4642 4946 5168 5000 4613 5062 4652 4950 5046 4684 5261 4861 4753 4750 4365 4818 4395 5097 4978 4578 4819 4682 4524 4573 5662 5330 4828 4781 4886 5027 4820 4929 4606 4938 4723 4723 4930 4940 5025 4800 4945 5287 4871 5109 4875 4823 4861 4891 4598 5075 4649 4929 5423 4715 5119 4698 5080 4895 5264 4698 4825 4884 5302 4423 4824 4974 4859 4935 4875 4932 4904 4908 4628 4929 4817 4489 5238 5349
4416 5175 4556 4611 4663 4917 4671 4612 4472 4170 4452 4747 4758 4448 4410 4804 4578 5065 4447 4687 4471 4317 4514 4610 4631 4252 4492 4954 4725 4499 4728 4393 4812 4374 4700 4940 4043 4576 4651 4587 5040 4902 4882 4564 4698 4854 4492 4747 4281 4710 4939 4515 4235 4489 4812 5065 4523 5052 4674 4881 4525 4646 4886 4754 4606 4798 4461 5098 4715 4240 4694 4539 4771 4533 4725 4841 4773 4446 4748 4812 4385 5055 4634 5022 4643 4885 4549 4599 4545 4080 4787 4421 4556 4321 4452 4674 4604 5387 4542 5010 4893 4790 4692 4848 4706 4915 4754 4619 4839 4395 4471 4685 4645 4413 4582 4851 4647 4826 4805 4484 4406 4548 5114 4553 4597 4534 4450 4593 4591 4755 5167 4496 5166 4476 4548 4479 4701 4674 4452 4525 4957 4533 4642 4596 4636 4676 4912 4955 4635 4838 4729 4490 4448 4796 4549 4573 4438 4811 4624 4692 5046 4417 4494 5073 4542 4687 4831 4715 4849 4732 4665 4796 4408 4838 4850 4696 4960 4086 4613 5045 4828 4487 4806 4725 4752 4798 4944 4181 5045 5061 4665 4641 4349 4364 4432 4713 4512 4293 4566 4770 4240 4365 5363 4962 4693 4534 4734 4578 4345 4547 4404 4914 4653 4486 4507 4595 5067 4718 4569 4685 4825 4844 4506 4916 4498 4721 4339 4814 4414 4716 5319 4535 4690 4521 4551 4500 5020 4558 4709 4770 5048 4111 4865 4731 4542 4733 4877 4833 4583 4305 4354 4664 4467 4234 4629 4970
4469 5092 4555 4662 4520 4690 4465 4832 4819 4538 4625 5358 4767 4580 4901 4936 4793 5403 4577 4683 4562 4719 4668 4717 5199 4139 4908 5240 5002 4709 4544 4743 4770 4919 4800 5052 4358 4693 4714 4512 5025 5526 4870 4406 4791 4969 4496 5163 4386 4459 5027 5158 4863 4745 4964 5154 4820 5159 4889 4945 4482 5067 4887 4841 4893 4869 4673 5211 4825 4546 5025 4636 4646 4672 4954 4894 4539 4250 4988 5153 4688 5205 5016 4986 4852 5024 4626 4545 4687 4154 4762 4591 4413 4569 4793 5035 4757 5409 4888 4869 4653 4815 5020 4735 4771 4883 4732 5184 4704 4453 4543 4831 5001 4878 4597 5005 4532 4627 4979 4313 4221 4825 4996 4333 4946 4473 4853 4784 4765 5104 4924 4845 5166 4744 4869 4819 4947 4897 4361 4997 4876 4945 4801 4881 4855 5231 5050 4811 4982 4901 4833 4584 4577 5229 4629 5027 4806 4941 4716 4928 5246 4692 4934 4894 4849 4632 4866 4834 4921 4850 4854 4658 4475 5054 4714 4750 5230 4366 4798 5085 4772 5038 4642 4788 4686 4853 4910 4646 5133 4923 4629 4732 4417 5033 4633 5143 5014 4494 4891 4338 4551 4718 5163 5198 4711 4899 4939 4912 4532 4805 4713 4786 4814 4646 4887 4766 5192 4967 5003 4904 4823 4820 4738 4814 4732 4911 4536 5031 4342 4980 5393 4879 4954 4697 4780 4766 5154 4785 4959 4921 4985 4297 4778 5013 4638 4895 5017 5033 4664 4931 4696 4708 4769 4645 4880 4976
5027 5185 4767 5113 4987 5153 4977 4868 4978 4736 4962 5403 5336 4837 5451 5261 5315 5856 5023 4729 5226 4867 4861 5201 5334 4848 5130 5441 5345 4846 4874 4918 5202 4931 5177 5552 4920 5280 5114 4743 5280 5502 5070 5109 4877 5229 4843 5299 4670 5242 5184 4947 4765 5085 5258 5406 4974 5502 5043 5042 4643 5325 5400 5241 5076 4936 5140 5817 5231 4754 5050 5050 5095 4897 5066 5170 5093 4693 5476 5553 4892 5596 5177 5319 4859 5530 4888 5068 4879 4548 4853 4963 4817 4780 5317 5456 5119 5441 5208 5296 5015 5209 5218 5072 5205 5131 5158 5097 5501 4998 5048 5068 5107 5039 5100 5262 4898 5071 5148 5080 4734 5074 5316 4877 5118 4870 5126 4998 4770 5159 5589 5004 5436 5087 5191 5124 5173 4928 5010 4864 5351 5055 4891 5278 4880 5456 5501 5204 5359 5257 5069 4886 4931 5482 4852 5227 5139 5249 5088 5031 5521 5053 5077 5530 4884 5060 5136 5051 5350 5198 5520 5264 4562 5392 4931 5140 5397 4532 5272 5393 5372 4897 4826 4959 5207 5001 5419 4807 5505 5203 5028 5182 4542 4930 5283 5355 5164 4903 5072 5109 4742 5115 5716 5457 5001 5093 5196 5012 4759 5281 4666 5316 5051 5100 5147 4849 5369 4992 5199 5505 5058 5172 4959 5130 5171 5167 4806 5134 4657 5251 5613 4995 5097 5133 5133 5080 5260 4995 4993 5309 5511 4711 5131 5361 4947 5324 5576 5363 4796 4820 4702 5060 4983 4895 5531 5621
5191 5786 5166 5239 5345 5507 5190 5236 5037 4853 5168 5737 5412 5106 5226 5528 5534 5771 5134 5368 5096 5232 4923 5123 5461 5086 5389 5500 5475 5343 5560 5178 5526 5101 5358 5785 4851 5074 5369 5144 5905 5857 5410 5114 5204 5463 5076 5592 4675 5178 5811 5262 4773 5155 5303 5575 5179 5668 5532 5604 5111 5474 5527 5330 5295 5425 5394 5896 5572 4948 5190 5187 5354 5083 5400 5477 5217 4984 5549 5736 5057 5765 5392 5634 5298 5499 5127 5155 5225 4848 5206 5187 4903 5036 5120 5776 5094 5900 5270 5561 5456 5633 5603 5507 5347 5540 5821 5450 5592 5132 5277 5245 5321 5076 5180 5670 5407 5303 5525 5183 4975 5127 5626 5290 5297 5278 5231 5426 5380 5653 5659 5212 5575 5291 5084 5335 5530 5599 5164 5405 5461 5348 5509 5361 5360 5719 5872 5481 5587 5461 5154 5253 5248 5517 5045 5279 5315 5403 5077 5404 5689 5042 5254 5545 5189 5245 5419 5405 5469 5351 5479 5336 4897 5484 5261 5240 5517 4709 5237 5786 5469 5496 5174 5337 5422 5418 5588 4913 5613 5633 5031 5391 4974 5413 5308 5490 5449 5161 5149 5027 4800 5113 5967 5775 5253 5323 5522 5477 5131 5333 5158 5538 5268 5210 5328 5414 5414 5326 5426 5673 5288 5496 4987 5481 5167 5482 4766 5401 5148 5380 6035 5447 5479 5243 5401 5178 5813 5144 5523 5429 5697 4822 5402 5468 5229 5425 5672 5720 5223 5365 4956 5130 5136 4813 5608 5869
4703 5508 4556 5113 4957 4808 4775 4996 4716 4607 4934 5352 5171 4792 4769 5077 5127 5502 4679 4737 4577 4907 4727 5003 5190 4520 5017 5130 5135 4753 5096 4832 4885 4794 4927 5369 4381 4658 4904 4769 5272 5219 4854 4857 4797 5040 4578 5308 4622 4989 5146 4735 4593 4802 5223 4927 4627 5337 4940 5425 4609 4856 5050 4806 4975 4865 4985 5418 4875 4654 5208 4756 5038 4866 4873 5169 4914 4508 5182 5313 4790 5319 4991 5219 4735 4808 4662 4698 4659 4376 5013 4751 4659 4522 4724 5329 4895 5647 4995 5125 5122 5211 4997 5176 4911 5086 4847 5100 5136 4690 4823 5011 5065 4823 4827 5072 4868 4993 4902 4864 4630 4993 5052 4696 5027 4601 4803 4856 4894 5078 5329 4859 5421 4794 4841 4726 5081 4817 4576 5052 5106 4757 4947 5177 4802 5105 5221 5280 5523 5045 4957 4840 4649 4984 4953 4915 4955 5046 4826 5218 5355 4734 5005 5218 4655 4871 4940 5094 5169 5019 4947 4820 4528 5047 4821 5067 5168 4378 5033 5182 5227 4635 4944 4979 4901 5015 5155 4565 5345 5033 4658 4813 4615 4716 4733 5155 4916 4714 4877 4785 4557 4752 5546 5425 4810 4934 5157 4813 4666 4797 4905 5093 4793 4935 4805 5158 4905 4877 5032 5489 4994 4835 4547 4916 4983 4754 4456 4843 4650 5017 5428 5054 4855 4658 5091 4832 5192 4816 4881 5098 5118 4389 4917 5352 5164 5212 5236 5121 4742 4930 4707 5158 5056 4528 5113 5257
4584 4968 4940 5058 4990 5099 5079 4939 5023 4986 4907 5129 5233 4789 4915 5046 5221 5498 4929 4618 4765 5046 4868 5165 5520 4545 5270 5262 5323 4887 5238 4971 5175 4638 4890 5263 4531 5032 5172 4577 5321 5276 5041 4768 5002 5206 4705 5406 4721 4822 5302 4864 4679 5264 4994 5331 5154 5223 5106 5153 4614 5068 5178 5229 4684 4980 4982 5589 5159 4739 5146 5275 5062 4903 5089 5319 5111 4955 5054 5201 4742 5258 5241 5408 5093 5138 4827 4862 4795 4446 5128 4846 4858 4721 5010 5158 4889 5604 5064 5209 5203 5198 4869 5149 4960 5118 5130 5129 5218 4903 4842 5125 5055 5057 5051 5386 4977 5409 5206 5053 4469 4892 5073 4488 5178 4877 4988 5143 5014 5546 5165 4840 5176 5011 4864 5038 5578 4986 4853 5156 5303 5216 5254 5104 5058 4991 5406 5261 5155 5304 4862 4775 4976 5206 4970 5169 5063 5133 5017 5117 5422 4996 4770 5169 5004 5219 5425 5046 5374 5214 5303 5083 4645 5473 4857 4911 5161 4520 4952 5314 5093 5246 5053 5171 4722 5287 5121 4739 5371 5214 4904 5087 4623 4963 4932 5357 4953 4630 4838 4931 4805 4623 5517 5231 5036 5040 5070 5184 4993 5152 4805 5180 4922 5046 4971 4927 5522 5006 5069 5315 4921 5167 4616 5062 4928 5246 4606 5317 4819 5134 5658 5003 5287 4848 5343 4946 5545 5034 5080 5315 5375 4900 5274 5448 5125 5121 5099 5605 4783 5102 4815 5166 5121 4646 5147 5514
5179 5600 5090 5633 5076 5202 5186 5319 5364 4746 5158 5570 5545 4991 5185 5339 5716 5835 5332 4877 5102 5315 5175 5176 5717 4684 5497 5667 5236 5155 5374 4967 5349 4952 5064 5829 4811 5326 5246 4784 5451 5681 5305 4997 5114 5508 4860 5795 4952 5175 5429 4923 4795 5183 5605 5273 5176 5394 5350 5539 4927 5313 5659 5096 4982 5194 5185 5600 5447 4882 5354 5288 5282 4911 5484 5260 5401 4879 5508 5548 5168 5597 5428 5546 5242 5335 5018 5190 5284 4429 5268 5038 5040 4953 5230 5657 5290 5717 5112 5643 5143 5199 5356 5317 5101 5261 5249 5301 5207 5053 5051 5182 5423 5168 5036 5200 5065 5385 5371 5168 4640 5185 5560 4838 5375 4851 5367 5323 5106 5515 5571 5066 5822 5064 4949 5200 5378 5125 5098 5480 5398 5653 5092 5553 5074 5612 5552 5273 5491 5242 4994 5292 4815 5255 5110 5280 5202 5546 5362 5543 5647 5176 5243 5287 5100 5099 5445 5452 5707 5191 5203 4994 4751 5395 5205 5248 5644 4626 5271 5713 5473 5494 5231 5258 5382 5142 5667 4959 5617 5499 5039 5053 4718 5377 5075 5415 5085 4884 5319 5091 4597 5250 5657 5531 5042 5279 5166 5391 5045 5144 5164 5377 5004 5400 5215 5389 5241 5190 5243 5750 5468 5326 5061 5364 5206 5321 5011 5382 4907 5481 5750 5293 5380 5088 5339 5265 5481 5328 5366 5580 5443 4594 5363 5572 5460 5375 5521 5336 4983 5438 4942 5134 5214 4964 5665 5587
4864 5445 4902 4677 5115 5149 5043 4663 5036 4704 4963 5236 5251 4816 4971 5304 5416 5653 5054 4952 4943 5011 4982 5115 5507 4481 5056 5309 5121 4989 5236 5232 5283 4865 5131 5457 4764 5184 5213 4932 5268 5222 5048 4878 4962 5032 4886 5496 4926 5103 5477 5251 4854 5423 5190 5562 4977 5640 5149 5368 4607 4995 5494 5240 4936 4947 5112 5941 5161 4853 5311 5262 5145 5009 5085 5231 5184 4677 5259 5137 5028 5558 4932 5360 5185 5379 4780 5149 5122 4523 4917 4841 4990 4931 5131 5205 5056 5596 5137 5205 5090 5469 5098 5138 5246 5281 5290 5281 5118 4973 5002 5261 5098 4925 5007 5457 5104 5352 5212 5116 4686 5410 5140 4756 5104 4938 5075 5110 5208 5455 5535 4951 5374 5158 5069 5139 5211 5102 4798 5185 5402 4898 5189 4667 5058 5107 5527 5523 5374 5248 4956 5065 5207 4998 5029 5172 5231 5163 5023 5211 5483 4879 5048 5434 4879 5061 4986 5223 5353 5277 5302 5121 4520 5430 4885 5105 5477 4590 4971 5350 5261 5295 4950 5133 5173 5187 5284 4859 5463 5197 4885 4915 4798 4953 5041 5450 5377 4823 5031 5034 4560 5018 5744 5547 5010 5069 5226 5143 5034 5255 4724 5174 5103 5103 5118 5045 5117 4925 5257 5325 5069 5266 4820 5222 5010 5424 4983 5261 4866 5129 5583 5275 5102 4933 5165 4992 5637 4942 4750 5265 5423 4688 5265 5074 4972 5088 5442 5567 4809 4871 5094 5217 5068 4816 5102 5660
4885 5472 4972 5062 5098 5229 5223 5147 5258 4932 5021 5725 5146 4914 5101 5548 5616 5528 5147 4858 5012 5132 5234 5405 5445 4740 5265 5759 5318 5362 5189 5123 5407 4999 5217 5536 4822 5426 5306 4948 5558 5625 5307 5197 5336 5213 4834 5478 4916 5189 5444 5492 4937 5504 5354 5658 5292 5553 5348 5459 4942 5449 5476 5108 5054 5036 5154 5903 5508 4997 5116 5291 5190 5050 5166 5350 5341 4955 5521 5727 5014 5502 5337 5567 5346 5515 4978 4920 5160 4432 5198 4907 5070 4959 5165 5493 5312 5599 5325 5448 5256 5276 5144 5382 5266 5309 5381 5325 5248 5273 5066 5078 5205 5374 5176 5681 5477 5111 5387 5081 4858 5272 5572 4917 5140 5045 5147 5238 5326 5679 5820 5224 5641 5122 5152 5160 5428 5387 5041 5093 5351 5513 5386 5270 5259 5377 5545 5401 5122 5260 5205 5190 5296 5559 5201 4994 5183 5265 4977 5358 5794 5387 5165 5535 5271 5330 5540 5193 5625 5365 5438 5185 4878 5399 5222 5099 5635 4871 5245 5731 5694 5239 4775 5403 5186 5274 5287 4909 5651 5507 4959 5050 4893 5291 4931 5670 5145 4781 5139 5053 4933 5320 5769 5645 5164 5235 5298 5626 4920 5228 4998 5465 4993 5405 5169 5252 5595 5493 5458 5669 5217 5431 5052 5133 5025 5322 5237 5379 4901 5268 5824 5564 5165 5435 5060 5099 5562 5386 5240 5416 5482 4743 5373 5831 5169 5362 5560 5494 5213 5268 5084 5141 5166 4992 5345 5576
5314 5776 5307 5455 5300 5410 5252 5332 5212 4839 5164 5481 5462 5073 5147 5383 5553 5645 5309 5050 5096 5125 5091 5223 5435 4948 5439 5517 5723 5361 5209 5135 5462 4952 5389 5695 5029 5159 5283 5054 5566 5597 5574 5078 5385 5382 4928 5307 5047 5310 5289 5178 5044 5334 5315 5488 5392 5667 5591 5665 5209 5378 5608 5453 5321 5483 5196 6031 5256 4855 5543 5283 5208 5067 5496 5362 5441 4837 5344 5402 4919 5636 5124 5648 5107 5372 5168 4822 5027 4569 5111 4948 5261 5210 5494 5304 5232 5888 5536 5443 5301 5482 5515 5420 5323 5529 5399 5586 5574 5127 5032 5395 5368 5126 5406 5477 5306 5515 5430 5206 4850 5097 5420 5008 5447 5256 5285 5257 5147 5404 5833 5123 5652 4957 5475 5180 5467 5408 5072 5662 5672 5201 5176 5386 5233 5561 5367 5629 5414 5390 5313 5298 5404 5532 4986 5301 5030 5530 5114 5266 5888 5389 5264 5452 5174 5231 5429 5317 5574 5528 5353 5375 5111 5560 5160 5465 5556 4780 5454 5809 5510 5384 5209 5448 5021 5208 5573 4800 5573 5470 5476 5109 4746 5366 4981 5717 5254 4746 5128 5068 4840 5053 5808 5754 5292 5450 5526 5505 5114 5178 5187 5367 5241 5259 5323 5287 5532 5071 5210 5504 5307 5481 5160 5620 5128 5626 4983 5356 5246 5412 5505 5309 5516 5343 5335 5368 5657 5138 4942 5323 5598 4825 5390 5727 5276 5683 5458 5638 5358 4989 5101 5334 5431 4919 5429 5584
4991 5309 4878 5092 5177 5302 4989 5225 5280 4792 5096 5669 5205 4887 5212 5327 5330 5915 4947 4600 4942 5009 4938 5195 5486 4764 5358 5315 5410 5076 5070 5193 5275 5022 5093 5564 4767 5288 5100 4925 5354 5615 5353 4837 5192 5440 5077 5483 4688 5125 5171 5402 5062 5152 5193 5167 5037 5591 5271 5447 4973 5181 4974 5195 4872 5223 5161 5724 5231 4647 5508 5065 5009 5027 5072 5408 5138 4668 5332 5791 4853 5324 5152 5237 5490 5569 4895 5180 5176 4550 5361 4815 4924 4810 5409 5616 5241 5961 5130 5493 4923 5078 5252 5250 5184 5443 5233 5014 5302 5083 5069 4985 5356 5189 5081 5252 5070 5433 5389 5028 4989 5001 5281 4685 5116 4803 5374 5116 4928 5689 5307 5029 5349 5011 5011 5112 5277 5125 4847 5151 5468 5185 5018 5319 5224 5602 5477 5206 5195 5322 4828 5136 5073 5210 4841 5120 4921 5327 5218 5445 5641 4919 5025 5279 5217 5125 5146 5372 5278 5056 5501 5317 4947 5589 5340 4987 5530 4715 5105 5559 5362 5348 4970 5061 5354 5335 5488 4839 5488 5361 4890 5085 4703 5234 4942 5632 5399 5081 4966 5299 4523 5119 5758 5618 5311 5093 5187 5312 4783 5451 4948 5355 4869 5265 5156 5223 5363 5162 5363 5568 5046 5253 4763 5211 5277 5145 4814 5190 4675 5443 5862 5185 5189 5079 5201 5154 5598 5150 5238 5363 5344 4537 5473 5671 4948 5506 5394 5405 5029 5057 5022 5169 5152 4808 5183 5583
4788 5411 5041 4932 5226 4928 5150 4912 5106 5109 4908 5348 5283 4776 5276 5449 5457 5776 5061 4766 4910 4872 4864 4933 5450 4561 5112 5658 5262 5165 4944 4894 5156 4977 5050 5596 4504 5088 5133 4786 5297 5240 5086 4892 4959 5130 4958 5433 4878 5163 5151 5012 4840 5195 5140 5296 5101 5261 5097 5326 4795 5121 5211 5056 4962 5211 4787 5827 5086 5019 5193 5093 5294 4647 5089 5091 5303 4814 5090 5326 4758 5504 5162 5255 5360 5188 4719 4993 5306 4715 5098 4965 4802 4788 5114 5575 5096 5571 5104 5258 5265 5109 4969 5174 4933 4979 4998 5292 5373 4850 4911 5433 5153 4741 4949 4972 4791 5297 5107 5025 4780 5054 5201 4675 5267 4825 5082 5225 5097 5381 5512 5064 5521 4899 4910 4898 5266 5408 4503 5332 5606 4747 5005 5057 5043 5539 5512 5280 5378 5303 4968 5100 4900 5531 4855 5454 5174 5183 5174 5264 5313 5002 5140 5266 4928 5120 5069 5189 5453 5434 5124 5073 4780 5438 4821 5062 5197 4545 5252 5548 5404 5036 5235 5188 4856 5008 5139 4737 5378 5309 4889 4808 4792 4855 4959 5522 4949 4892 5139 5107 4506 4948 5579 5257 5032 4992 5354 5095 4596 5529 4735 5357 4831 5045 4864 5135 5531 4944 5200 5120 5422 5057 4665 5201 5266 4978 4571 5298 4620 5236 5723 5278 5058 5002 5257 5113 5422 5067 5203 5164 5355 4532 5049 5254 5043 5187 5328 5315 4912 4897 4842 4943 5214 4769 5371 5441
4891 5447 4973 5108 5191 5169 5022 5008 5363 4697 5048 5040 5051 4855 5004 5309 5188 5574 4954 4816 4937 5290 5007 5139 5353 4590 5054 5288 5367 4960 4939 4814 5299 4964 4991 5519 4664 4911 5186 4964 5130 5501 5256 4956 5201 5484 5053 5461 4703 5136 5121 4907 4947 5029 5155 5457 5012 5447 5149 5273 4636 5139 5143 5183 4825 5158 5008 5548 5178 4798 5236 5130 5277 4892 5153 5115 5060 4708 5309 5400 4976 5318 5175 5622 4661 5367 4989 5055 5035 4285 5282 4786 4903 4688 5146 5296 5219 5983 5003 5375 5135 5393 5438 5161 5308 5338 5395 5030 5062 4987 5212 5021 5033 5003 5034 5223 4975 5070 5202 4972 4672 4941 5491 4519 5276 4868 5139 5179 4951 5413 5555 4695 5589 5042 5348 5166 5352 5367 4925 5153 5472 4912 5126 5174 5016 5331 5425 5285 5267 5274 5195 4996 4885 5373 5058 5078 5115 5476 5132 5190 5631 4955 4979 5407 5087 5299 5275 5223 5444 5261 5270 5442 4881 5683 5086 5092 5029 4328 5169 5621 5090 4976 4953 5059 5133 5319 5365 4729 5552 5009 5147 5131 4521 5161 4980 5198 5111 4723 4910 5141 4553 4753 5631 5557 4868 5178 5231 5202 4973 5287 4824 5288 4951 4958 5068 5178 5566 5170 5212 5252 5149 5304 4645 5212 5094 5169 4463 5119 4845 5407 5669 4965 5491 4877 5063 5256 5358 4935 5134 5269 5492 4697 5190 5429 5004 5219 5123 5027 4860 4890 4994 5116 4982 4813 5198 5537
5101 5398 4777 5186 5091 4868 5016 5245 5247 4823 5016 5507 5578 5295 5082 5417 5413 5734 5151 5014 4866 5488 4890 5130 5476 4744 5175 5500 5439 5139 5165 4939 5492 5360 5100 5824 4785 5027 5035 4828 5577 5675 5422 5199 5186 5363 5084 5422 4743 5149 5484 5035 5254 5386 5381 5276 5362 5725 5013 5544 4890 4965 5510 5158 5059 5083 5121 5814 5496 4882 5422 5155 5251 4926 5192 5194 5163 4914 5392 5449 4681 5627 5165 5482 5243 5187 5025 5028 5224 4675 5277 5185 4793 4814 5171 5216 5144 6088 5299 5626 5317 5161 5088 5266 5392 5442 5426 5322 5633 4953 4895 5430 5196 5005 5000 5568 5243 5512 5509 5064 4781 5293 5381 4657 5325 5084 5274 5125 5093 5565 5418 4991 5743 5118 5163 5189 5524 5430 4690 5265 5465 5207 5284 5245 4951 5394 5552 5570 5501 5090 5138 4987 5340 5469 5135 5141 5040 5252 5289 5458 5417 5145 5257 5618 5353 5429 5181 5390 5633 5543 5207 5183 5138 5488 5176 5315 5549 4570 5114 5558 5449 5070 5170 5234 5323 5701 5474 4843 5500 5230 5122 4987 5004 5093 5146 5444 5226 5052 5107 5122 4779 5107 5851 5914 5117 5254 5688 5247 4732 5191 4996 5348 5055 5226 5290 5245 5592 5172 5405 5369 5120 5371 4759 5310 5390 5323 4916 5437 4669 5406 5623 5374 5321 5240 5275 5182 5794 5489 5188 5487 5583 4832 5220 5752 5053 5147 5560 5225 5183 5254 5085 5272 5286 4702 5246 5581
4659 5471 4988 5043 4966 5207 4665 4818 4820 4585 4814 5299 5084 4744 4814 5284 5024 5106 4937 4615 4882 4844 5026 5108 5102 4689 5204 5635 5048 4910 5018 5102 5314 4663 4916 5582 4525 5050 5059 4855 5463 5391 5041 4802 4882 5092 4859 5182 4817 4896 4917 4786 4624 5212 4704 5274 5097 5174 4951 5400 4945 5066 5278 4939 4946 4542 4851 5671 5058 4602 5004 5223 4986 4807 5038 5182 5052 5030 4909 5193 4582 5320 4848 5294 4955 5319 4762 4882 5086 4489 5152 4429 4963 4961 5230 5073 4932 5573 5016 5138 4987 5177 5004 4913 5080 5273 5111 5319 4981 5265 4855 5026 5050 4978 4710 5215 4966 5004 5275 4800 4662 4948 5329 4763 5094 4990 4628 5149 5216 5382 5323 4988 5256 4923 4917 5031 5103 5022 5009 5055 5236 4901 4893 5034 5001 5266 5180 5146 4970 5170 4910 5019 4864 5214 4703 5282 4955 5188 4899 5163 5284 4884 5012 5290 4662 4797 5085 4809 5175 5413 5136 4788 4755 5141 5088 4988 5268 4315 4950 5362 5179 4931 5081 5249 5073 5212 5377 4760 5725 5196 4753 5102 4860 4733 4928 5501 4986 4640 4765 4784 4687 5038 5524 5315 5018 4899 5072 5147 4656 4773 4721 5238 5101 5044 5039 4928 5407 5250 5005 5261 4938 5173 4612 5202 4973 5198 4462 5186 4590 5247 5269 5353 5200 4983 5025 4858 5533 4975 4864 5441 5156 4913 5009 5377 5059 5092 5347 5183 5023 4984 4749 4952 4996 4732 5076 5423
4742 5137 4701 5147 4876 4986 5055 4485 4985 4574 4673 5257 4788 4537 5014 4950 5081 5470 4838 4550 4664 4760 4806 5027 5308 4183 5059 5463 5148 5030 4965 4723 4876 4801 4798 5099 4372 4773 4959 4480 5216 5363 4984 4753 4893 5300 4567 5220 4576 4636 5180 4825 4692 4830 5047 5184 5054 5464 4509 5183 4545 4942 5108 5136 4778 4806 4915 5769 4921 4582 4957 4934 4763 4703 4925 5092 4956 4620 5040 5130 4714 5138 4719 5173 4762 4945 4609 4848 4836 4418 5047 4637 4575 4683 4950 4937 4792 5348 4789 5234 4788 4792 5120 5082 5133 5008 5022 5002 4888 4800 4823 5095 4847 4868 4921 5217 4870 5105 5372 5044 4411 4952 4965 4488 5039 4859 4709 4913 5036 5343 5175 4618 5205 4735 4624 4748 5272 5032 4496 5141 5046 4784 5070 4909 4987 5248 5045 5260 4954 5103 4849 4952 4694 5374 4910 4973 4945 5008 4691 5529 5182 4768 4901 5064 4982 4998 5229 4970 5128 5018 4956 4827 4259 5303 5016 4893 5167 4591 5113 5507 5124 4997 4857 5149 4826 4936 5064 4695 5226 4908 4687 5099 4626 4804 4782 5118 4784 4588 4988 4769 4561 4738 5286 5201 4908 4894 5039 5091 4810 5021 4403 4973 4911 4925 4944 4856 5185 5081 5130 5142 4975 4879 4667 5040 5135 5057 4554 4956 4573 5153 5357 5102 5075 4784 4936 4763 5374 5129 4818 5327 5120 4627 5048 5331 4843 5119 5201 4919 4795 4905 4727 4960 5040 4465 5132 5458
5163 5840 5056 5330 5298 5177 5137 5276 5288 4987 5281 5830 5767 5292 5376 5467 5585 5914 5266 4824 5035 5363 5363 5212 5606 4899 5402 5441 5651 5163 5399 5263 5410 5172 5804 5887 4823 5235 5448 5035 5670 5938 5622 5393 5564 5477 5140 5518 5005 5093 5558 5299 5366 5599 5554 5687 5320 5843 5466 5629 5090 5402 5643 5317 5408 5147 5134 6127 5358 4967 5389 5333 5469 5232 5235 5515 5483 5008 5363 5762 5071 5940 5520 5781 5488 5600 5090 5107 5169 4791 5492 5047 5369 5201 5599 5655 5348 5976 5381 5750 5319 5311 5195 5349 5472 5483 5277 5677 5339 4946 5070 5468 5409 5185 5452 5591 5103 5436 5657 4905 4836 5597 5732 4828 5548 5068 5367 5452 5339 5616 5786 5187 5693 5232 5197 5304 5551 5462 4982 5517 5631 5265 5201 5414 5344 5536 5631 5667 5693 5371 5653 5220 5356 5826 5366 5412 5276 5313 5184 5331 5505 5103 5226 5573 5529 5248 5458 5279 5570 5610 5361 5185 5017 5491 5401 5415 5813 4791 5334 5851 5583 5464 5148 5529 5606 5500 5363 5199 5675 5628 5248 5208 5012 5264 5050 5719 5395 4937 5169 5251 4881 5079 5971 5741 5470 5219 5642 5216 4743 5432 5078 5564 5294 5265 5323 5508 5539 5283 5600 5614 5275 5139 5241 5512 5236 5676 5123 5504 4980 5535 5801 5325 5238 5278 5572 5425 5450 5347 5525 5587 5479 4855 5221 5485 5197 5624 5655 5615 5124 5135 5316 5419 5375 4971 5220 5655
4704 5240 4808 5170 5061 4962 4692 4957 5317 4935 4976 5261 5053 4674 4767 5000 5122 5551 4646 4744 4798 4741 4986 5060 5064 4903 5225 5196 5164 4892 5078 5034 5406 4663 5280 5363 4733 4958 5113 4826 5489 5192 5292 4814 4960 5111 4822 5283 4559 4784 5064 5076 4512 4989 5121 5352 5228 5533 5323 5215 5018 5108 5377 5048 4943 4992 5052 5652 4979 4621 5191 4911 5260 4709 5028 5267 4743 4757 4947 5214 4650 5480 4950 5192 5100 5255 4751 5246 4713 4290 4812 4523 5050 4881 5005 5293 4752 5844 5038 5055 4937 5266 5270 5173 5004 5045 4954 5105 4985 4742 4902 5013 4967 4696 5073 5179 4833 5006 5207 4749 4655 5133 5309 4712 5048 4786 4765 5068 4987 5572 5463 4920 5272 4957 4956 5029 5127 4873 4763 5256 5235 4928 5159 5009 4809 5374 5317 5366 5121 5280 4779 5051 4900 5355 4696 5204 5221 5178 4935 4926 5522 4889 4779 5484 4771 4828 4868 4829 5054 5322 5169 5342 4556 5456 4904 4914 5229 4501 5075 5354 5244 4763 5100 5140 5020 4891 5294 4729 5249 5098 5081 5144 4715 4901 4755 5575 5206 4751 4738 4841 4606 5053 5420 4957 5076 4901 5175 4942 5098 5038 4735 4982 4776 5159 4819 4806 5163 4934 5177 5407 5049 5263 4963 5251 4864 4951 4800 5311 4582 5285 5626 5223 4946 4824 5412 5098 5100 4941 4940 5111 5387 4521 5116 5076 5047 5319 5291 5495 5093 4903 4773 4888 4964 4713 5136 5335
4845 5251 4893 5167 4725 4877 4545 4929 4834 4490 4774 5364 5081 4555 5134 5052 5303 5300 5014 4936 4596 4967 4835 4867 5424 4396 4836 5393 5109 4908 4955 4779 5085 4792 4734 5255 4342 4799 4972 4439 5347 5407 4987 4731 4905 5322 4933 5315 4590 4663 5185 5044 4966 5044 4955 5048 5009 5341 4884 5321 4873 5045 5251 5219 4911 5071 4967 5399 5026 4646 5280 4824 4900 4615 5168 5073 5134 4563 5075 5345 4899 5268 5056 5378 4976 5260 4637 4741 4776 4419 5180 4388 4608 4541 5203 5084 4783 5458 4991 5311 4862 5194 5010 5072 4809 5107 5175 5283 5217 4810 4786 5222 4933 4971 4823 5038 4837 5306 5390 4488 4420 5008 5391 4561 5217 5104 4935 5035 4916 5191 5118 4818 5351 4863 4720 5102 5221 4944 4732 5109 5300 4962 4948 4996 5055 5350 5274 5174 4835 5184 4879 4970 4859 5287 4657 4978 4664 5093 4756 5289 5264 4930 4969 5141 4893 4933 5021 5004 5106 5032 5209 4905 4568 5507 5163 4813 5319 4464 5152 5191 5034 5149 4835 5134 5045 5305 5079 4441 5238 5232 4898 4807 4658 4984 4751 5169 4866 4694 4703 4645 4514 4631 5668 5280 4826 4928 5003 5510 4777 4946 4796 5085 4959 4626 4971 5148 5245 5300 5074 5190 4974 5305 4739 4907 4959 5117 4787 4961 4632 5166 5585 4962 5136 4822 4954 4992 5200 5180 5096 5110 5123 4534 5095 5464 5128 5287 5262 5133 5137 5100 4975 4744 4979 4654 5130 5508
4941 5602 4997 5193 4995 5168 5219 5266 5225 4827 5158 5813 5251 5168 5198 5536 5497 5766 5468 5162 5131 5275 5223 5438 5692 5075 5419 5831 5555 5091 5553 5362 5348 5395 5509 5690 4819 5292 5413 5263 5660 5748 5447 5218 5178 5396 5287 5607 4953 5104 5863 5185 5154 5134 5364 5394 5304 5504 5444 5745 5148 5354 5672 5059 5094 5274 5284 5917 5464 5026 5345 5276 5210 5226 5573 5644 5393 5024 5465 5778 5132 5651 5560 5677 5340 5674 5123 5146 5167 4875 5455 5335 5162 5175 5362 5818 5447 6043 5289 5656 5403 5585 5365 5451 5460 5588 5276 5396 5732 5243 5454 5352 5312 5073 5137 5600 5212 5798 5477 5086 4903 5245 5459 4889 5411 5270 5455 5396 5390 5698 5671 5202 5601 5098 5041 5190 5695 5300 5429 5491 5562 5451 5323 5370 5358 5701 5527 5453 5494 5242 5211 5223 5229 5554 5213 5529 5438 5424 5069 5464 5594 5172 5350 5507 5227 5299 5618 5383 5824 5450 5575 5217 5103 5571 5217 5233 5411 4897 5251 5433 5425 5396 5579 5474 5647 5469 5462 5064 5911 5395 5023 5254 5024 5225 5305 5513 5516 5121 5115 5346 4885 5069 5693 5829 5386 5227 5582 5313 5098 5365 5013 5641 5226 5347 5092 5315 5549 5320 5417 5620 5564 5442 5003 5466 5234 5533 5153 5638 5479 5350 6000 5303 5565 5306 5599 5154 5587 5281 5258 5516 5839 4613 5449 5478 5455 5600 5645 5592 5161 5229 5228 5221 5456 5074 5677 5737
5165 5849 5290 5798 5459 5530 5409 5697 5778 5024 5515 6151 5828 5322 5486 5896 5698 6080 5417 5267 5376 5390 5370 5483 6007 5194 5541 5823 5704 5390 5770 5550 5863 5387 5609 5954 5105 5458 5535 5188 6102 6002 5677 5481 5608 5912 5393 6171 5287 5686 5642 5681 5453 5601 5783 5984 5704 5967 5629 5975 5641 5587 5775 5730 5570 5639 5517 6402 5574 5245 5916 5413 5629 5514 5766 5709 5577 5126 5711 6019 5308 5936 5494 5945 5783 5808 5339 5505 5604 5000 5447 5344 5218 5656 5516 5809 5446 6246 5625 6043 5654 5796 5762 5654 5910 5740 5696 5864 6010 5344 5643 5556 5358 5512 5382 5795 5793 5685 5747 5389 5126 5664 6191 4979 5633 5482 5660 5500 5556 5855 5933 5660 6129 5272 5408 5501 5597 5607 5287 5612 6114 5629 5682 5445 5436 5898 6044 5829 5746 5794 5565 5490 5686 5902 5125 5453 5393 5780 5700 5755 5818 5517 5322 6045 5659 5701 5637 5687 5750 5645 5642 5443 5419 5936 5561 5494 5717 5101 5622 6073 5733 5760 5460 6005 5573 5580 5888 5273 5906 5721 5495 5405 5157 5379 5553 5970 5525 5223 5373 5504 4939 5587 6186 5923 5633 5496 5873 5804 5420 5760 5401 5691 5615 5561 5606 5668 5917 5493 5756 6118 5620 5591 5528 5948 5629 5567 5315 5658 5261 5731 6186 5285 5482 5563 5880 5337 5913 5620 5584 5735 5856 5262 5578 5922 5426 5940 6026 5801 5682 5572 5360 5480 5695 5262 5741 6198
5452 6052 5444 5742 5383 5517 5382 5542 5416 5231 5472 5727 5762 5374 5592 5881 5927 6223 5453 5169 5363 5563 5417 5595 5982 5196 5294 6132 5763 5634 5734 5427 5501 5426 5518 6047 4816 5517 5727 5176 5849 6205 5749 5433 5686 5685 5356 5855 5286 5574 5647 5684 5416 5745 5642 5986 5619 6104 5522 5733 5155 5434 5770 5605 5245 5493 5496 6173 5682 5296 5637 5705 5460 5256 5861 5708 5780 5131 5649 6050 5249 5997 5687 5915 5345 5732 5346 5376 5565 4979 5499 5205 5351 5171 5621 5961 5366 6263 5743 5852 5446 5885 5769 5629 5561 5768 5732 5956 5752 5321 5253 5710 5791 5539 5450 5871 5434 5604 5842 5447 5056 5305 5742 4978 5824 5356 5523 5481 5619 5806 5972 5338 6104 5579 5448 5466 5521 5602 5340 5741 5839 5508 5610 5645 5528 5715 5908 5713 5724 5785 5299 5363 5334 5721 5249 5813 5609 5791 5465 6143 6011 5410 5493 5747 5555 5778 5664 5394 5934 5578 5735 5449 5153 6034 5490 5816 6132 4913 5601 6028 5739 5599 5150 5923 5298 5498 5774 5380 5888 5694 5479 5357 5301 5665 5553 6078 5611 5128 5637 5290 5036 5364 6324 6099 5714 5319 5519 5652 5391 5543 5500 5833 5505 5549 5502 5629 5649 5637 5473 5939 5659 5806 5377 5972 5726 5739 5034 5720 5090 5922 6102 5718 5776 5421 5838 5591 5904 5643 5603 5766 5931 5248 5833 5874 5635 5757 5946 5802 5523 5689 5497 5619 5515 5190 5808 5750
4965 5464 5061 5213 4999 4949 5075 5039 5102 4914 5158 5466 5225 5076 5085 5431 5467 5775 5171 4639 4876 4912 4883 5091 5536 4790 4962 5471 5629 4827 5010 4852 5359 5145 5124 5563 4525 5213 5147 4844 5307 5538 5308 4949 5348 5213 5139 5493 4756 5150 5198 4963 5016 5282 5429 5324 5321 5761 5131 5016 4699 5197 5273 5252 4798 5060 5227 5779 5117 4819 5297 5278 5307 4867 5164 5400 5104 4828 5356 5472 5063 5242 5032 5451 4843 5250 5045 4976 5087 4635 5014 5005 4907 4698 5293 5368 5063 5837 5267 5418 5167 5442 5235 5407 5305 5322 5103 5216 5390 5007 5005 5273 5218 5286 5201 5283 5457 5231 5225 5243 4659 4929 5355 4885 5293 4892 4884 5039 5098 5442 5546 4738 5495 5103 5080 4922 5049 5112 4880 5180 5410 5139 5061 5282 4795 5557 5166 5489 5471 5290 5429 4966 4980 5306 4941 5164 5177 5217 5177 5459 5466 5077 5190 5467 4964 5087 5111 5330 5595 5429 5332 5303 4755 5483 5149 4820 5455 4760 5338 5470 5259 4789 4844 5211 5451 5157 5439 4880 5435 5038 5025 5152 4654 5021 5035 5767 5168 4954 4930 5084 4784 4894 5676 5540 5185 5126 5155 5153 4894 5288 4984 5368 4846 5356 5144 5045 5564 5027 5163 5432 5132 5519 4827 5409 5340 5321 4684 5361 4932 5338 5364 5082 5072 5375 5295 5172 5386 5319 4896 5270 5300 4637 5454 5491 5232 5522 5564 5250 5082 5107 5048 5280 5283 4896 5230 5330
5104 5838 5407 5475 5391 5503 5511 5309 5513 4936 5592 5846 5799 5339 5463 5976 5683 6123 5554 4916 5380 5564 5322 5444 6006 5146 5314 5666 5632 5537 5467 5327 5924 5455 5550 5994 4965 5431 5474 5167 5730 6084 5778 5244 5708 5701 5347 5942 5019 5571 5534 5801 4959 5619 5401 5803 5439 5925 5395 5738 5504 5609 5636 5602 5169 5447 5416 6004 5722 5084 5566 5682 5394 5420 5807 5767 5700 5226 5790 5835 5092 5827 5504 5823 5428 5574 5570 5303 5401 4897 5761 5352 5033 5211 5740 5651 5684 6250 5661 6108 5658 5684 5374 5494 5700 5593 5450 5505 5880 5240 5304 5477 5647 5331 5395 5745 5468 5813 5710 5812 5174 5463 5863 5250 5551 5454 5384 5519 5515 5789 6086 5468 5867 5334 5364 5391 5713 5566 5535 5323 5812 5503 5461 5470 5646 5808 5718 5856 5584 5596 5376 5315 5490 5814 5284 5353 5359 5684 5521 5809 6088 5615 5375 5721 5555 5672 5426 5899 5692 5344 5460 5568 5279 5613 5527 5418 5763 4871 5345 5883 5889 5635 5052 5644 5562 5942 5722 5184 6045 5644 5249 5567 5271 5363 5340 5872 5671 5128 5386 5596 4957 5271 6252 5876 5431 5732 5663 5620 5047 5555 5383 5721 5247 5472 5778 5669 5698 5420 5733 5905 5487 5575 5439 5672 5617 5665 5038 5585 5229 5475 6188 5708 5601 5467 5393 5481 6043 5451 5593 5551 5927 5173 5462 5829 5372 5709 5942 5564 5445 5590 5272 5633 5564 5020 5797 6023
5044 5636 5103 5299 5191 5379 5061 5040 5370 4789 5020 5590 5137 5198 4883 5353 5516 5859 5391 4617 4906 5148 5324 5221 5067 4935 5248 5460 5499 5091 5515 4885 5190 4989 5101 5528 4828 4924 5327 5147 5438 5916 5210 4903 5468 5268 5161 5456 4995 5098 5353 5308 4913 5319 5429 5349 5281 5684 5174 5596 4999 5280 5456 5072 5416 5009 5112 5721 5297 4800 5467 5149 5215 4914 5566 5335 5028 4624 5409 5400 4883 5721 5180 5858 5158 5783 4838 5256 5049 4291 5281 4875 4852 5007 5200 5453 5042 5784 5482 5408 5274 5174 5231 5200 5371 5275 5220 5531 5386 4903 4955 5087 5173 4906 5107 5339 5440 5193 5294 5033 4732 5544 5540 4808 5167 5007 5042 5258 5022 5473 5422 5089 5614 5194 4934 5178 5126 5145 4896 5414 5371 5105 5404 5173 5166 5221 5570 5446 5385 5475 5185 4779 5106 5686 4782 5441 5048 5264 5304 5315 5742 5291 5131 5620 5083 5103 5278 5043 5196 5455 5309 5345 4792 5492 5410 5179 5393 4690 5116 5749 5460 5329 5109 5183 5163 5457 5405 4819 5701 5066 5156 5097 4956 5297 5127 5720 5135 4777 4959 4881 4795 5246 5731 5484 5395 5143 5574 5293 5025 5247 4954 5413 4980 5251 5031 5404 5424 5330 5419 5610 5161 5529 5140 5527 5172 5540 4927 5336 4911 5265 5887 5271 5029 4992 5463 5108 5573 5171 5105 5223 5479 4939 5316 5465 5337 5519 5588 5614 4934 5380 4878 5279 5018 4793 5518 5545
4841 5366 4897 5184 5067 5225 5139 4870 4934 4763 5182 5222 5390 4978 4991 5341 4972 5671 5150 4880 4901 5225 5130 5057 5404 4740 5173 5213 5042 5035 5110 4832 5311 5047 5200 5596 4603 5095 5230 4943 5537 5553 4969 5025 5216 5284 4983 5601 4552 5035 5534 5135 4643 5198 5276 5393 5442 5534 5069 5236 4834 5066 5331 5231 4776 4933 5180 5754 5155 4812 5333 5082 5276 4893 5100 5243 5136 5037 5358 5599 4797 5446 5124 5150 5025 5310 4931 5018 4844 4675 5010 4994 4761 5048 5105 5239 5282 5715 4938 5286 5186 5236 4994 5085 5410 5434 5451 5145 5418 5163 5110 5014 5107 4989 5119 5518 5054 5245 5557 5131 4778 5022 5009 4788 5194 4750 4881 5108 5116 5414 5509 4888 5609 5090 4874 5084 5289 5216 4783 5260 5386 5086 5176 5220 4875 5567 5407 5688 5239 5183 5186 4907 5015 5111 4894 5272 5195 5248 4796 5322 5475 5043 5109 5602 5032 5085 5298 5316 5163 5284 5125 5165 4683 5344 5097 5146 5316 4726 5111 5406 5546 5190 5036 5460 5024 5509 5491 5126 5536 5156 4874 5082 4759 5036 4965 5250 5239 4851 5116 4989 4615 4675 5845 5450 5304 5155 5136 5315 4799 4997 4635 5252 5083 5157 5181 5097 5424 5251 5162 5410 5233 5205 4834 5297 5145 5394 4584 5167 4961 5266 5637 5316 5197 4791 5176 4897 5441 5292 5079 5294 5453 4706 5125 5621 4924 5267 5333 5489 5278 4931 5101 5141 5008 4819 5322 5321
5014 5484 5040 5163 4914 4960 5160 5118 5027 4968 5110 5571 5240 4903 5129 5108 5460 5864 5175 4725 4720 5167 5147 5143 5377 4659 5322 5538 5567 5056 5436 5079 5209 5112 5566 5813 4768 5113 5209 4984 5556 5669 5092 4941 5023 5460 5090 5190 4856 4944 5369 4983 5236 5191 5304 5283 5378 5328 5252 5537 4830 5289 5467 5042 5072 5011 5033 5790 5298 4758 5340 5153 5387 4952 4906 5382 5141 4848 5269 5371 5069 5644 5261 5416 5191 5534 4835 4959 4863 4552 5536 4685 5082 4910 5346 5325 5276 5918 5293 5158 5133 5070 5336 5166 5119 5810 5383 5464 5272 5099 5004 5476 5071 4894 5131 5586 5010 5294 5434 4713 4766 5116 5354 4841 5124 5384 5120 5149 5307 5477 5446 5159 5538 5231 5334 5307 5449 5167 5135 5415 5189 5131 5066 5259 5275 5547 5348 5483 5452 5215 5199 5033 5007 5454 5102 5331 5114 5181 4918 5258 5509 4890 5302 5258 4961 5249 5215 5293 5457 5179 5009 5049 4790 5359 5193 4888 5512 4502 5070 5466 5151 5095 5086 5199 5217 5676 5378 4986 5903 5277 5097 5133 4954 5245 4891 5623 5243 5039 4989 4952 4919 5164 5708 5710 5097 4982 5124 5275 4938 5092 4987 5413 5210 5204 4953 5233 5218 5152 5175 5441 5281 5413 5041 5387 5073 5379 5051 5251 5131 5382 5878 5301 5147 4921 5379 4942 5695 5294 4939 5346 5328 4500 5121 5701 5380 5458 5165 5412 5162 5438 5050 5082 5282 5048 5250 5464
5103 5814 4901 5229 5038 5093 5107 5131 5045 4944 5113 5720 5631 4811 5136 5659 5486 5767 5361 4913 4956 5399 5108 5154 5492 4813 5392 5483 5498 5163 5329 4972 5446 4924 5288 5938 4778 5535 5279 4882 5841 5624 5388 4840 5311 5146 5264 5509 4917 5090 5645 4964 5064 5279 5215 5474 5442 5554 5379 5467 5073 5303 5620 5092 5272 5202 5160 6043 5116 5074 5299 5261 5330 5029 5218 5370 5250 4859 5508 5688 4917 5823 5355 5777 5326 5422 5061 5219 5221 4437 5147 4858 4790 4998 5582 5555 4981 5975 5261 5653 5110 5207 5214 5228 5503 5382 5492 5342 5357 5235 5004 5369 5153 4938 5044 5584 5036 5413 5288 5034 4584 5151 5690 4760 5591 5224 5077 5300 5206 5801 5666 5205 5492 5160 5157 5233 5611 5436 4908 5448 5425 5369 5177 5667 5175 5527 5583 5425 5607 5189 5360 5280 5216 5498 5175 5129 5258 5493 5326 5487 5802 5184 5163 5499 5364 5141 5265 5192 5323 5667 5527 5091 4894 5647 5423 4823 5185 4550 5085 5475 5546 5473 5190 5401 5342 5463 5448 5031 5801 5206 4804 5071 5354 5183 4941 5503 5256 4920 5140 5099 5108 5082 5958 5647 5291 5294 5503 5339 4951 5207 5151 5526 5060 5225 5340 5265 5273 5052 5283 5524 5277 5500 4850 5567 5235 5447 4967 5443 4975 5377 5795 5577 5111 5270 5534 5107 5549 5281 5519 5519 5287 4751 5107 5810 5586 5702 5541 5371 5109 5098 4984 5144 5519 4822 5327 5692
4941 5700 4988 5247 5391 5162 5028 5351 5334 4843 4842 5789 5163 4937 5074 5609 5175 5945 5431 5036 4778 5255 5170 5138 5419 4813 5388 5591 5327 5111 5341 5159 5396 4944 5130 5790 4575 5342 5103 4878 5457 5564 5362 5035 5201 5173 5284 5448 4839 4927 5482 5134 5050 5227 5418 5522 5189 5423 5606 5494 4967 5070 5453 5436 5316 5303 5246 6027 5285 4838 5412 5362 5164 4984 5580 5378 5363 4742 5240 5715 4964 5670 5429 5520 5384 5448 4931 5116 4948 4390 5039 4720 5096 4941 5214 5424 5197 5749 5060 5392 5401 5588 5323 5564 5310 5394 5238 5538 5260 5097 5099 5365 5270 5214 4951 5620 5127 5190 5117 4927 4527 5275 5464 4862 5430 5291 5043 5309 5186 5492 5681 5065 5403 5151 5003 5038 5369 5241 5142 5384 5398 5276 5342 5406 5200 5754 5216 5522 5372 5243 5041 4968 5046 5418 4879 5493 5179 5200 5120 5546 5542 5204 5229 5425 5235 5079 5349 5134 5251 5426 5474 5174 4881 5467 5167 4885 5500 4884 5253 5500 5364 5121 5206 5495 5253 5228 5533 4966 5541 5333 5468 5246 4822 5313 4968 5704 5266 5086 5093 4921 4949 5111 5658 5563 5346 5208 5091 5579 5046 5238 5009 5481 5199 5008 4804 5103 5504 5325 5244 5709 5146 5553 5323 5552 5312 5310 5225 5286 5074 5336 5741 5316 5209 5067 5495 4943 5298 5184 5017 5584 5641 4757 5330 5407 5242 5567 5613 5481 5361 5156 5109 5034 5410 5140 5571 5499
4912 5584 5190 5253 5124 5265 5486 4989 5292 5026 5252 5718 5447 4989 5466 5562 5415 5676 5147 4795 5071 5127 5058 5245 5726 4896 5354 5631 5574 5312 5462 5122 5339 5149 5280 5759 4799 5144 5256 4878 5598 5778 5343 4949 5543 5282 5057 5556 4877 4910 5474 5262 4983 4981 5402 5321 5538 5552 5166 5600 5003 5406 5501 5280 4970 5420 5038 5814 5362 4933 5505 5332 5291 4919 5382 5595 5206 4889 5604 5959 5021 5876 5223 5665 5288 5526 4846 5085 5164 4567 5205 5097 4770 4910 5377 5371 5365 5833 5212 5466 5196 5403 5306 5488 5274 5271 5537 5419 5748 5063 5030 5334 5325 5172 4988 5676 5059 5297 5550 5166 4745 5054 5465 4641 5474 4999 5156 5144 5321 5622 5477 5295 5725 5159 5180 5252 5492 5367 4948 5203 5634 5005 5228 5575 5239 5499 5841 5523 5869 5412 5170 5281 5138 5435 4881 5353 5213 5351 5421 5453 5637 5047 5100 5221 5151 5259 5591 5326 5644 5273 5317 5531 5042 5533 5181 5132 5684 4747 5432 5696 5313 5576 5014 5533 5224 5176 5343 5196 5466 5449 5294 5113 4884 5349 4929 5891 5263 5005 5151 4866 4970 5055 5933 5472 5306 5440 5266 5158 5140 5401 5115 5751 5121 5116 5336 5301 5374 5247 5425 5735 5562 5295 4972 5502 5305 5522 4919 5383 4903 5374 5956 5356 5311 5399 5443 5213 5527 5511 5387 5159 5650 4635 5246 5527 5200 5468 5651 5607 5218 5437 5016 5100 5361 4921 5505 5459
5359 6041 5423 6094 5580 5605 5345 5516 5547 5120 5483 6057 5540 5051 5590 6011 5717 6044 5481 4857 5413 5627 5411 5492 5805 5303 5630 6047 5686 5475 5604 5457 5680 5157 5528 6206 5075 5462 5420 5179 6290 6333 5716 5547 5611 5701 5386 5631 5150 5556 5697 5288 5084 5649 5737 5535 5420 5717 5411 6047 5632 5489 5977 5462 5484 5390 5797 6171 5670 5181 5381 5686 5261 5560 5700 5469 5527 5048 5628 5952 5183 5733 5765 5960 5623 5506 5194 5510 5283 4827 5837 5158 5276 5175 5596 5883 5528 6003 5764 5763 5394 5713 5103 5494 5661 5692 5802 5858 5720 5575 5306 5610 5335 5322 5560 5863 5586 5605 5721 5278 4812 5480 5818 4889 5540 5358 5691 5790 5661 5964 5908 5478 6133 5475 5637 5326 5825 5646 5538 5723 6151 5613 5667 5796 5584 5952 5729 5728 5613 5784 5358 5470 5504 5733 5242 5632 5711 5687 5499 5940 5992 5524 5586 5871 5393 5507 5439 5307 5783 5690 5787 5491 5167 5818 5579 5518 5745 4865 5664 6120 5714 5626 5632 5737 5557 5756 5820 5300 5796 5689 5510 5579 5243 5707 5521 5946 5709 5134 5376 5402 5057 5285 6041 5975 5335 5684 5853 5631 5215 5526 5315 5831 5493 5501 5500 5494 5869 5790 5632 6069 5656 5776 5214 5823 5593 5753 5363 5594 5212 5888 6110 5589 5355 5496 5819 5461 5725 5778 5314 5976 5791 4990 5675 6154 5729 5900 5894 5850 5697 5459 5395 5488 5506 5296 5763 5903
5188 5779 5200 5372 5373 5306 5368 5237 5262 5122 5171 5571 5545 5121 5374 5515 5480 5832 5462 5168 5381 5375 5188 5578 5773 4750 5364 5696 5379 4998 5334 5267 5643 5241 5364 5868 5052 5060 5270 5155 5856 5875 5247 5210 5230 5369 5221 5685 5106 5428 5712 5415 5120 5516 5477 5691 5568 5835 5307 5830 5153 5192 5699 5476 5060 5475 5349 5936 5574 5074 5545 5425 5402 4944 5384 5392 5094 5174 5530 5957 5362 5727 5721 5568 5279 5582 5019 5230 5263 4841 5367 5082 4996 5203 5253 5543 5134 5719 5420 5472 5547 5738 5448 5317 5454 5613 5406 5602 5695 5082 5219 5446 5213 5180 5237 5718 5089 5650 5515 5345 4919 5332 5561 4919 5525 5123 5561 5195 5251 5794 5591 5094 5914 5173 5213 5197 5489 5289 5310 5349 5703 5356 5353 5157 5464 5616 5614 5661 5683 5539 5416 5285 5396 5433 5137 5434 5510 5756 5364 5472 5822 5230 5109 5659 5460 5404 5495 5395 5724 5608 5449 5417 4722 5872 5205 5227 5542 4865 5419 5623 5633 5488 5161 5866 5379 5510 5763 5109 5757 5359 5067 5124 4880 5135 5229 5566 5433 5193 5303 5282 4916 4985 6101 5879 5407 5329 5413 5602 4985 5366 5090 5758 5155 5395 5468 5313 5591 5291 5411 5885 5366 5522 5273 5430 5459 5506 5048 5513 4973 5644 5768 5314 5599 5300 5505 5355 5686 5231 5258 5635 5734 4781 5518 5493 5124 5482 5928 5565 5311 5272 5238 5351 5189 5019 5704 5758
4857 5533 4916 5083 5049 5077 5151 5109 5075 4848 4954 5528 5399 4732 5054 5266 5479 5685 5050 4951 4722 5075 4934 5228 5631 4809 5308 5394 5291 4831 5494 5272 5307 5090 5188 5633 4749 5173 5168 5056 5471 5385 5318 4866 5103 5532 4948 5249 4561 4946 5196 5330 4751 5236 5303 5340 5026 5420 5400 5622 4894 5525 5215 5324 4860 5287 4777 5731 5308 4573 5346 5197 5087 4972 5258 5384 5059 4779 5173 5292 4920 5534 5151 5333 5103 5386 4850 4967 4903 4611 5303 4892 4723 4862 5197 5270 5153 5864 5165 5216 4960 5132 5218 5134 5189 5268 5138 5385 5059 4797 4905 5225 5351 4925 5094 5572 5196 5412 5333 4787 4729 5271 5460 4969 5193 5013 5226 5061 5412 5590 5315 5196 5481 5205 5044 5095 5318 5226 5011 5191 5651 5236 5085 5316 5271 5391 5300 5593 5264 5197 5059 5181 5101 5270 4990 5087 5219 5106 5312 5462 5450 4873 4813 5290 4978 5219 5194 5263 5365 5194 5165 5382 4661 5439 5313 4799 5412 4833 5166 5467 5114 5024 5055 5047 5291 5065 5326 4887 5647 5426 5062 5071 4531 5056 4895 5348 5283 4963 5059 4965 4837 4878 5595 5555 5118 5128 5070 5340 4852 5081 4998 5503 4982 5121 5303 5201 5102 4941 5222 5421 5282 5429 5137 5030 5152 5245 5151 5326 5010 5257 5861 4959 5163 4896 5323 4933 5789 5391 5324 5196 5495 4636 5113 5303 5189 5222 5350 5464 5029 5595 4867 5219 5299 4791 5276 5551
5380 6038 5458 5607 5292 5512 5405 5441 5082 4729 5387 5982 5546 5287 5376 5597 5697 5954 5583 5440 5179 5456 5123 5542 5802 5117 5500 5996 5544 5334 5483 5290 5388 5127 5688 5933 4816 5494 5312 5331 5986 5683 5411 5258 5692 5370 5304 5892 4901 5347 5571 5397 5093 5326 5334 5622 5398 5879 5418 5774 5176 5534 5736 5575 5379 5550 5326 5932 5499 5400 5280 5387 5269 5422 5536 5702 5597 5110 5444 6056 5313 5787 5634 5774 5351 5619 4996 5386 5179 4899 5559 5172 5173 5323 5393 5479 5157 6405 5431 5876 5728 5759 5441 5415 5442 5505 5750 5670 5543 5442 5219 5584 5458 5257 5286 5849 5289 5376 5595 5331 5098 5370 5953 4983 5922 5582 5447 5527 5464 5658 5789 5187 5570 5392 5369 5163 5780 5357 5193 5618 5705 5413 5448 5715 5348 5654 5432 5784 5430 5545 5544 5319 5497 5539 5457 5235 5693 5779 5433 5945 5789 5545 5348 5483 5462 5453 5457 5457 5616 5636 5604 5637 5134 5678 5500 5368 5731 4984 5480 5943 5696 5196 5348 5852 5576 5766 5891 5179 5778 5576 5395 5518 5057 5311 5218 5765 5475 5199 5519 5267 5279 5412 6261 6063 5414 5478 5683 5712 5112 5170 5357 5595 5088 5224 5099 5463 5728 5570 5744 5756 5753 5881 5293 5718 5461 5505 4949 5618 5057 5758 5812 5563 5644 5590 5994 5309 5754 5599 5391 5556 5724 4969 5607 6090 5732 5675 5897 5427 5471 5684 5189 5578 5624 4902 5657 5729
4404 5386 4571 4852 4920 4809 4861 4946 4923 4536 4881 5215 4906 4709 4798 4884 5162 5499 4841 4750 4742 4953 5003 4888 4983 4651 5011 5348 5098 4538 4849 4755 5347 4882 5068 5297 4599 4655 4751 4744 5292 5390 5054 4721 4985 4978 4526 5222 4470 4839 5064 4812 4457 4674 5066 5221 4895 5080 4936 5535 4462 5100 5193 4713 4874 4954 4954 5256 5193 4516 4982 4831 5099 4666 4919 4929 4661 4551 5107 5257 4926 5232 4950 5352 4816 5002 4699 4837 4669 4267 5047 4556 4626 4674 4774 5140 4941 5311 4921 4717 4793 5097 4916 5146 4856 5175 4847 5058 5083 4793 4523 4927 5083 4539 4726 5254 4768 4808 4768 4705 4336 4853 5122 4449 5009 4609 5086 4845 4764 4969 4972 4883 5371 4777 4740 4863 4913 4789 4646 4995 5270 4956 5068 5082 4832 5253 5257 5313 5140 5025 5055 4865 4531 5217 4729 4870 4858 5044 4667 5135 5117 4543 4740 5084 4607 4715 4927 4749 4993 5091 4801 4942 4655 5085 4848 4809 5167 4530 4913 5332 5115 4983 4898 4978 5065 4809 4927 4611 5150 5148 4734 4778 4389 4686 4783 5325 4857 4666 4722 4856 4348 4785 5449 5134 4692 4639 5021 4899 4477 4537 4756 4939 4810 5046 4946 4960 5126 4918 5001 5411 4839 5288 4738 5234 4905 4887 4885 5024 4704 5108 5281 4965 4757 4670 5020 4974 5308 4640 4774 4997 5217 4453 5050 5228 4943 4956 5123 5118 4766 4876 4749 4699 4973 4693 4886 5385
5184 5703 4966 5576 5151 5119 5125 5265 5222 5020 5084 5603 5333 4798 5206 5520 5484 6003 4931 4730 5062 5311 5106 5286 5684 4812 5462 5695 5395 4831 5548 5351 5195 5015 5537 5629 4621 5178 5186 5043 5759 5536 5319 5213 5297 5285 5064 5455 4921 4933 5586 5252 4978 5032 5413 5375 5187 5443 5034 5643 4920 5220 5471 5375 5027 5277 5257 5686 5273 4885 5421 5260 5115 5002 5185 5481 5444 4814 5695 5604 5028 5346 5170 5573 5036 5418 4740 4955 5010 4680 5265 5055 5184 5029 5317 5295 5135 5810 5392 5408 5127 5306 5274 5304 5292 5478 5339 5189 5401 5257 5184 5139 5244 5072 5086 5447 5131 5230 5326 4930 4736 5069 5447 4433 5188 5145 5288 5220 5450 5207 5531 4977 5670 5071 4935 5154 5462 5366 5029 5210 5573 5404 5158 5347 5311 5598 5490 5743 5402 5425 5011 5212 5002 5315 5022 5153 5181 5587 4971 5403 5357 5003 5077 5611 5127 5193 5375 5399 5466 5372 5613 5317 5001 5513 5020 5253 5450 4643 5299 5485 5407 5260 5130 5367 5288 5544 5223 5170 5465 5260 5002 5288 4789 4906 5338 5532 5361 5173 5076 5354 4963 5186 6061 5724 5153 5319 5447 5567 5050 5360 4757 5584 5222 5309 5111 5306 5399 5199 5318 5646 5128 5435 4902 5474 5319 5298 4913 5545 5109 5257 5722 5329 5224 5328 5128 5007 5586 5429 4972 5471 5362 4584 5463 5630 5010 5405 5573 5390 5246 5199 5154 5251 5069 4869 5374 5541
4616 5192 4982 4624 4747 4760 4790 4702 4702 4439 4547 5196 4982 4750 4710 4974 5127 5320 4708 4714 4530 4650 4611 4981 5013 4493 4911 4971 5159 4651 4923 4628 4873 4780 4821 5279 4662 4670 4799 4820 5267 5198 4938 4629 4823 4976 4590 4966 4313 4721 4915 4860 4419 4930 5022 4895 4777 5267 4973 5213 4450 4898 5040 4924 4680 5037 4772 5348 4957 4605 4908 4745 4548 4439 5275 4838 4683 4396 4884 5118 4639 5127 4881 5097 4959 5031 4634 4692 4612 4400 4795 4711 4564 4582 4706 5291 4764 5387 4920 4981 4980 5094 4767 4894 4953 4855 4969 5002 5117 4661 4523 4871 5097 4673 4384 5184 4832 4786 4979 4757 4415 4602 5140 4520 4995 4645 4666 4756 4596 5029 4969 4720 5271 4938 4751 4887 5209 4913 4626 4897 5175 5023 4781 5012 4695 4984 5196 4899 5045 4951 4700 4981 4833 4859 4588 5056 4891 5065 4567 5133 5140 4595 4689 5096 4969 4881 4814 4979 5189 4853 4920 4979 4622 5058 4873 4759 5091 4383 4676 5146 4733 4858 4793 4732 4855 4853 5115 4369 5089 5078 4923 4808 4373 4998 4610 5039 4866 4601 4927 4613 4643 4731 5336 5348 4624 4728 4793 4721 4641 4738 4557 5100 4813 4944 4827 4588 5273 5018 4823 5144 4896 4988 4896 5272 4983 4783 4780 4841 4534 5111 5390 4876 4838 4891 4826 4678 5139 5019 4752 5135 5318 4380 5115 4991 4946 4962 5123 5184 4706 4858 4656 4729 4858 4623 4930 5057
5142 6203 5562 5621 5655 5335 5562 5428 5335 5309 5248 6031 5875 5185 5394 5929 5804 6186 5431 5137 5290 5499 5232 5541 5750 5018 5265 5947 5506 5509 5714 5196 5874 5373 5412 6087 5068 5454 5405 5309 5996 5919 5841 5405 5529 5455 5289 5686 5142 5467 5791 5609 5399 5441 5607 5675 5462 5883 5579 5772 5243 5563 5765 5537 5391 5304 5340 5916 5603 5232 5714 5753 5518 5308 5464 5838 5400 4947 5394 5876 5231 6115 5363 5952 5405 5763 5377 5477 5526 5039 5660 5207 5146 5150 5548 5771 5239 6017 5737 5833 5886 5892 5440 5607 5473 5594 5651 5676 5863 5416 5324 5654 5695 5489 5233 5850 5206 5576 5573 5636 5060 5409 5558 4938 5627 5314 5580 5685 5369 6072 5715 5504 5883 5339 5503 5432 5645 5524 5040 5698 5877 5639 5771 5941 5574 5687 5654 5853 5651 5608 5572 5397 5390 5751 5292 5554 5543 5468 5390 5791 5929 5330 5480 5561 5337 5630 5721 5361 5862 5705 5770 5470 5334 5524 5598 5292 5798 4719 5580 5802 5849 5499 5239 5737 5481 5750 5838 5220 6147 5638 5253 5519 5225 5367 5273 6203 5448 5204 5511 5347 5059 5433 6191 5905 5419 5450 5733 5374 5136 5579 5345 5952 5317 5788 5173 5594 5636 5620 5367 5858 5477 5629 5281 5915 5472 5602 5208 5727 4824 5858 6008 5587 5566 5605 5646 5452 6094 5614 5323 5848 5668 5025 5533 6094 5391 5510 5804 5688 5502 5596 5210 5287 5678 5335 5828 5878
4916 5498 4712 5102 5058 5190 5276 5009 5048 4661 4839 5215 5002 4821 5034 5276 5530 5615 5166 5184 4671 5086 5071 5279 5443 4929 4962 5528 5366 5124 5086 4755 5335 4894 5098 5453 4510 4891 5209 4899 5346 5352 5273 5032 4946 5455 4781 5127 4618 5056 5276 4835 4772 5167 5326 5287 5142 5683 5356 5474 5032 5032 5442 5187 5088 5287 4922 5658 5183 4894 5393 5300 5104 4754 5145 5109 5066 4835 5281 5512 4679 5518 4876 5498 5130 5359 4765 4909 4857 4428 5402 5014 4852 4824 5137 5186 4960 5736 5144 5123 5150 5013 5260 5212 5191 5050 5152 5286 5115 4879 4873 5179 5222 4712 4862 5367 4861 5145 5003 4920 4765 5296 5328 4761 5282 4791 4936 5176 5165 5146 5278 4869 5453 4988 5238 4898 5440 5306 4677 5366 5237 5057 5060 5295 5076 5396 5392 5222 5166 5156 5183 4974 4638 5551 4879 5449 5232 5345 5177 5479 5416 4818 4869 5260 5115 4994 5185 5131 5339 5514 5170 5173 4798 5376 4950 4964 5203 4655 4994 5431 5229 4913 5215 5186 5186 5036 5404 4692 5519 5306 4936 5104 4984 5214 4873 5521 5093 4732 5054 4818 4915 4945 5449 5559 5030 5081 5214 5126 5071 5072 4735 5188 5025 4801 4965 4950 5252 5338 5411 5295 5314 5222 5012 5338 4935 5195 4688 5228 4737 5010 5706 5200 4976 5037 5241 5083 5373 5130 5049 5181 5339 4738 5151 5370 5100 5434 5474 5320 5137 5156 4981 4975 5122 4628 5218 5520
4939 5719 5124 5415 4950 5165 5162 5181 5019 4823 5342 5646 5348 4772 4992 5227 5520 5592 5003 4923 5028 5098 4992 5440 5558 4632 5153 5677 5294 5005 5305 5028 5368 4895 5300 5547 4566 5111 5376 4932 5683 5533 5366 5221 5222 5454 4899 5443 4710 5055 5395 5051 5030 5192 5275 5470 5138 5669 5167 5430 4947 5204 5363 5303 5356 5148 5084 6003 5162 4922 5213 5211 5436 5012 5105 5389 5378 4841 5386 5352 4928 5741 5306 5473 5077 5302 4790 5159 4971 4398 5339 4796 4982 4906 5265 5307 5103 5825 5146 5602 4974 5315 5170 5262 5329 5404 5540 5374 5204 4873 5112 5379 5220 5256 4934 5439 5364 5211 5484 4984 4984 5224 5491 4966 5094 4899 5194 5541 5182 5451 5753 4982 5781 5121 4984 5123 5365 5257 5045 5364 5567 5205 4999 5381 5092 5432 5526 5379 5589 5379 5173 5125 5109 5623 5114 5148 5229 5401 5238 5413 5520 4989 5366 5472 5207 4985 5206 5194 5524 5109 5552 5203 4983 5402 5351 5039 5828 4605 5276 5467 5469 5077 5176 5313 5752 5138 5523 4873 5617 5325 5007 4966 4766 5160 5218 5459 5321 4747 4928 4984 4732 4996 5801 5688 5204 5057 5346 5191 4681 5094 4870 5494 5060 5172 5057 5265 5275 5315 5430 5590 5026 5427 4913 5306 5489 5360 4730 5421 4946 5505 5777 5285 5242 5315 5181 5076 5666 5290 5196 5505 5335 4720 5325 5632 5110 5450 5590 5472 5066 5112 5003 4859 5129 4916 5571 5523
5113 5439 4824 5198 5214 5017 4894 4967 5114 5042 4879 5403 5131 4912 5043 5342 5482 5699 5160 4937 4896 5253 4785 5273 5287 4446 5172 5356 5193 4903 5207 4871 5478 4811 5158 5559 4616 5081 4953 4872 5635 5346 5161 5025 5153 5151 4833 5314 4787 4825 5234 5111 4628 5171 5215 5371 4947 5514 5309 5288 5146 4896 5561 5283 4750 5331 4872 5667 4838 4776 5311 4934 5033 4717 5090 5428 5156 4750 5308 5563 4902 5670 5060 5457 5155 5326 4885 4943 4973 4437 5036 4848 5070 4908 5214 5392 5176 5727 4993 5105 5234 5236 4992 5180 4792 5353 5111 5140 5294 4869 4695 5170 5284 4991 4913 5298 4900 5057 5358 4908 4595 4912 5270 4637 5073 4784 5109 5094 5050 5437 5467 5085 5447 4860 5047 5124 5306 5190 4873 5236 5395 5055 5061 5395 5074 5506 5417 5400 5161 5169 4845 5133 4896 5296 4626 5111 5123 5203 5033 5165 5597 4889 5213 5406 5062 5179 5338 5359 5304 5309 5406 4963 4756 5519 5066 4953 5348 4529 5313 5525 5481 5175 4989 5232 4965 4984 5195 4615 5509 5273 4921 5079 4751 5097 5054 5543 5030 4774 5043 4952 4570 4886 5659 5263 4910 5050 5062 5185 4903 5130 4916 5203 5146 4861 5138 5097 5578 5139 5208 5542 5072 5141 4878 5361 5063 4916 4672 5117 4721 5315 5823 5153 5181 5132 5290 5292 5402 4837 4954 5324 5408 4750 5121 5504 5456 5281 5641 5529 5079 5110 4999 4930 5195 4637 5213 5518
5040 5367 4811 5354 4848 4972 4898 4883 4986 4744 4987 5403 5277 4735 4898 5432 5436 5635 4979 4956 4722 4924 5072 5040 5330 4654 5201 5669 5197 4840 5149 5009 5380 4923 5188 5735 4804 5318 5159 4871 5322 5652 5166 4847 5380 5323 4867 5327 4711 4951 5372 4888 4712 5312 5155 5035 5074 5422 5149 5382 4806 4930 5428 5300 5115 5213 5078 5812 4919 4802 5154 5381 5107 4722 5224 5227 5165 4941 5462 5331 4826 5353 5226 5286 5247 5530 4829 4979 5159 4414 5350 4932 4934 4767 5007 5334 5204 5552 5307 5268 5080 5254 5036 5197 5063 5412 5307 5237 5291 4727 4900 5073 5237 5179 4750 5347 5027 5571 5511 4903 4948 4865 5191 4756 5052 5052 5113 5150 5189 5312 5548 4814 5423 4978 4990 5032 5191 5239 5134 5356 5405 5280 5010 5000 5077 5328 5491 5298 5289 5223 4903 4984 5029 5356 5135 5180 5266 5177 5179 5319 5671 5130 4990 5520 5161 5183 5348 5008 5294 5320 5410 5092 4616 5518 5102 5042 5222 4657 5107 5382 5324 5184 5041 5189 5281 5036 5441 5067 5430 5255 4930 5108 4857 5138 5094 5567 5152 4660 5003 5034 4784 4761 5728 5499 5307 5238 5139 5094 4855 5116 4859 5267 5099 5037 5044 5288 5134 5283 5247 5661 4862 5357 5036 5410 5106 5276 4711 5188 4968 5438 5877 5167 5435 5104 5090 4970 5671 5070 4892 5457 5496 4834 5076 5549 4884 5231 5671 5354 4944 5035 4861 4976 4973 4856 5251 5564
4866 5467 4872 5274 4951 5229 4977 5086 5188 4747 4999 5251 5114 4893 5038 5274 5362 5383 5290 4817 5074 5214 4839 5348 5487 4769 5077 5560 5378 5038 5189 4902 5113 4976 5169 5776 4660 5259 5109 4907 5605 5445 5246 4989 5205 5218 4819 5353 4753 5057 5377 5151 4733 5230 5062 5185 5315 5552 4912 5156 4927 5208 5340 5241 4940 5099 5022 5829 5344 5211 5073 5346 5232 5252 5172 5394 5178 4894 5125 5582 4986 5391 5270 5403 5142 5427 4617 4968 5095 4285 5335 4824 4896 4954 5290 5193 5074 5688 5063 5304 5155 5220 5051 5325 5223 5687 5185 5367 5422 5105 4981 5235 5071 5016 4964 5508 5029 5068 5360 4914 4668 5367 5261 4839 5331 5070 5044 5264 5318 5569 5377 5084 5573 4868 4993 5120 5333 5190 4934 5159 5271 5172 5078 5225 5072 5409 5432 5524 5401 5342 5124 4939 4807 5589 4829 4958 5133 5085 5057 5287 5388 5005 5089 5242 5139 5213 5525 5060 5215 5275 5327 5157 4511 5607 5095 4697 5266 4548 5313 5529 5449 5123 4972 5279 5246 5260 5312 5047 5453 5132 4984 5142 4836 5107 4951 5307 5044 4956 5138 4962 4667 4879 5985 5409 5055 5132 5312 5196 4949 5194 4471 5544 4970 5084 5015 5149 5295 5224 5048 5428 4911 5503 4886 5454 5268 5319 4658 5360 5069 5370 5506 5299 5255 5249 5144 4930 5448 5125 5101 5375 5469 4779 5182 5348 4875 5483 5316 5463 5062 5130 4742 5131 5181 4776 5386 5541
5206 5691 4818 5545 5028 5104 5332 5086 5128 4741 5002 5496 5186 4888 5048 5269 5589 5456 5285 4940 4845 5384 4776 5328 5521 4780 5223 5363 5477 5114 5333 5343 5153 4832 5441 5511 4606 5008 5160 5016 5742 5518 5313 5128 4949 5169 4879 5318 4649 5286 5609 4790 4987 5147 5406 5252 5289 5727 5355 5427 5039 5146 5388 5483 5142 5094 5297 5946 5569 4922 5304 5458 5009 5041 5224 5266 5328 4767 5489 5547 4878 5481 5110 5530 5203 5321 4886 5058 4895 4477 5306 4915 4742 4907 5244 5354 5167 5790 5306 5296 5201 5224 5377 5221 5470 5316 5057 5005 5203 5165 5033 5118 5271 5000 5066 5541 5148 5296 5386 4834 4830 5429 5537 4765 5674 5065 5127 5433 5164 5324 5446 4828 5594 5014 4977 4950 5484 5112 5001 5191 5557 5116 5143 5217 5119 5503 5233 5581 5361 5368 5333 4868 5147 5511 4985 5053 5335 5574 4986 5589 5712 5242 4890 5606 5220 5212 5486 5371 5377 5612 5173 5208 4687 5596 4924 4855 5216 4760 5207 5501 5463 5155 5166 5427 5332 5349 5559 4906 5474 5372 5075 5159 4939 5031 5021 5511 5407 4917 5132 5099 4981 5098 5532 5732 5173 5146 5126 5496 4905 5393 4806 5513 5032 4953 4884 5368 5218 5244 5593 5743 5118 5458 4974 5283 5429 5491 5023 5256 4956 5216 5660 5157 4889 5176 5156 4897 5710 5407 5058 5393 5449 4744 5423 5568 5087 5303 5538 5016 5141 5107 4750 5136 5018 4878 5298 5449
4895 5440 4608 5198 4936 5244 4841 5050 4985 4811 5076 5357 5035 4895 5007 5131 5308 5502 5091 4952 5051 5135 5241 5040 5439 4533 5329 5401 5363 5175 5320 5026 5160 5012 5087 5448 4731 5130 5260 5231 5535 5732 5318 5033 4959 5094 4957 5441 4728 5133 5329 5161 4915 5175 5123 5418 5067 5564 5204 5374 4903 5233 5277 5239 5023 5129 4938 5487 5228 4743 5358 5056 4973 4867 5264 5455 5293 4610 5430 5412 4941 5538 5227 5546 5101 5334 4916 5127 4915 4587 5310 5009 4975 4797 5234 5069 5143 5987 5184 5463 5086 5301 5084 5268 5009 5308 5063 5255 5315 4963 5096 5118 5156 4702 5229 5521 4921 5313 5258 4854 4532 5035 5511 4775 5226 4881 4898 5111 5164 5226 5678 5057 5552 4888 5119 4898 5228 5235 4929 5249 5384 5243 4917 5213 4939 5382 5408 5486 5150 5195 5112 5295 5156 5470 4750 5319 5116 5295 4981 5434 5722 5167 5106 5490 4842 5125 5226 5111 5375 5748 5378 5068 4939 5493 5201 5221 5538 4699 5356 5420 5151 4989 4961 5245 5218 5117 5267 4986 5606 5379 5130 5102 4745 4959 4981 5428 5210 4794 4869 4957 4953 5066 5881 5599 5091 5237 5395 5201 4910 5253 4928 5157 5046 5095 4959 5079 5403 5044 5039 5413 5157 5372 5123 5202 5036 5350 4957 5416 4919 5441 5656 5090 5235 5115 5519 4985 5639 5226 5164 5186 5410 4768 5136 5508 5131 5286 5350 5364 5101 5127 4893 5029 5327 5001 5352 5575
5117 5544 5185 5444 5158 5357 5438 5134 5297 4774 5152 5329 5297 5145 5405 5461 5825 5782 5574 5202 5052 5143 4914 5447 5643 4645 5402 5720 5388 5365 5388 5124 5554 5042 5201 5519 4528 5405 5337 4968 5774 5543 5292 5240 5324 5439 4904 5589 4983 5454 5450 5098 5186 5352 5219 5726 5232 5805 5350 5768 5022 5373 5442 5426 5262 5132 5250 6226 5523 5263 5598 5466 5103 5203 5421 5378 5235 4890 5558 5679 5042 5562 5320 5726 5343 5406 4879 5458 5285 4586 5582 4781 5027 5259 5348 5420 5023 5896 5297 5506 5343 5379 5089 5312 5393 5503 5367 5289 5223 5260 5037 5256 5489 5094 5204 5733 5192 5260 5824 4922 4962 5367 5584 4948 5497 5230 5275 5542 5468 5427 5498 5089 5549 5022 5146 5166 5517 5340 4822 5272 5363 5088 5315 5321 5282 5433 5517 5864 5297 5521 5136 5023 5240 5604 5042 5180 5233 5353 5298 5886 5749 5359 5153 5579 5393 5429 5551 5307 5227 5485 5640 5193 5025 5438 5384 5115 5518 4822 5341 5871 5599 5401 5195 5505 5502 5338 5735 5008 5787 5364 5212 5066 4916 5325 5383 5501 5409 4978 5347 5281 4979 5261 5658 5680 5319 5265 5419 5454 5163 5186 4935 5414 5130 5261 5191 5211 5331 5366 5257 5495 5313 5523 4892 5677 5389 5528 5032 5551 4692 5407 5658 5246 5372 5315 5643 5138 5741 5519 5323 5943 5524 4825 5486 5641 5032 5318 5897 5341 5059 5293 5009 5308 5200 5183 5293 5791
5271 5869 5266 5363 5413 5470 5350 5210 5270 5058 5164 5505 5404 5049 5367 5377 5683 5731 5173 5290 5197 5180 5166 5473 5331 4768 5385 5814 5523 5424 5411 5279 5469 5123 5303 5734 4700 5119 5399 5051 5738 5861 5437 5408 5102 5231 4953 5689 5205 5240 5498 5350 4955 5465 5708 5641 5187 5751 5461 5927 5105 5185 5580 5346 5433 5231 5174 5887 5562 5022 5363 5431 5357 5229 5522 5323 5312 4932 5498 5654 5104 5795 5469 5597 5254 5523 5020 5398 5274 4675 5482 5108 4987 5067 5417 5519 5128 5885 5522 5787 5378 5584 5349 5358 5557 5497 5401 5715 5580 5316 5131 5450 5477 5150 5160 5461 5329 5275 5233 4949 5099 5355 5655 5272 5385 5196 5314 5368 5368 5404 5650 5235 5839 5249 5307 5142 5330 5415 5143 5475 5637 5234 5538 5408 5275 5667 5685 5762 5270 5375 5342 5004 5322 5590 5224 5371 5646 5437 5221 5497 5693 5282 5369 5863 5171 5606 5483 5201 5689 5608 5396 5378 4955 5396 5036 5566 5918 4662 5316 5726 5578 5346 5229 5655 5335 5542 5461 5175 5662 5584 5102 5207 4883 5272 5109 5721 5376 5224 5263 5284 4866 4866 6103 5759 5417 5354 5694 5238 4907 5223 5113 5476 5400 5077 5052 5382 5703 5431 5367 5686 5542 5600 5265 5578 5234 5743 5089 5508 5083 5580 5887 5569 5355 5097 5594 5278 5540 5277 5156 5607 5614 4883 5444 5358 5220 5355 5612 5673 5400 5245 4959 5291 5217 5147 5607 5719
5258 5713 4961 5407 5248 5499 5289 5222 5439 5030 5099 5846 5461 5307 5327 5673 5714 5867 5299 5107 5240 5038 5052 5471 5637 4936 5400 5944 5539 5132 5612 5369 5525 5253 5494 5736 4877 5533 5393 4916 5640 5788 5547 5307 5493 5506 4984 5845 4938 5190 5448 5383 4924 5526 5323 5600 5561 5689 5567 5675 5104 5259 5413 5222 5371 5516 5309 6013 5427 4918 5306 5368 5478 5037 5441 5612 5328 4918 5706 5696 5028 5691 5395 5695 5303 5429 5118 5282 5083 4815 5415 5135 5339 5134 5373 5790 5348 5916 5484 5664 5224 5652 5342 5443 5385 5312 5378 5498 5469 5045 5206 5484 5477 5262 5204 5637 5315 5265 5508 5286 4883 5381 5507 5190 5602 5040 5184 5403 5348 5501 5880 5200 5671 5272 5257 5260 5496 5306 5252 5373 5785 5362 5229 5621 5419 5641 5524 5566 5161 5550 5314 5145 5611 5560 5209 5746 5253 5590 5223 5690 5771 5322 5464 5699 5368 5088 5367 5501 5543 5525 5335 5628 5074 5600 5350 5196 5776 5094 5468 5957 5597 5539 5290 5605 5305 5495 5617 5209 5773 5843 5120 5323 5076 5295 5315 5877 5557 4973 5266 5385 5105 5297 6147 6095 5325 5130 5729 5679 4888 5254 5054 5438 5185 5674 5268 5461 5660 5448 5678 5919 5397 5762 5207 5709 5313 5124 5032 5385 4983 5508 5835 5275 5475 5290 5602 5310 5716 5256 5549 5587 5681 5136 5590 5504 5218 5698 5812 5667 5305 5635 5176 5415 5455 4975 5628 5893
4580 5207 4676 5005 4902 4620 4793 4762 4973 4614 4839 5182 4870 4369 4662 5155 5031 5534 4945 4744 4793 4896 4662 4963 5300 4607 4768 5119 5145 4707 4732 4657 5226 4534 4774 5285 4410 5116 5052 4696 5053 5381 4834 4598 4947 5247 4928 5123 4698 4703 4961 4890 4499 4971 5138 5017 4896 5350 4795 5107 4742 4979 4982 4948 4609 5006 4747 5293 5235 4716 5054 4956 4928 4689 5183 5005 4874 4551 5186 5356 4779 5006 5030 5181 5054 4829 4605 4945 4740 4210 5189 4653 4763 4540 4830 5094 4721 5476 4772 5114 4960 4975 4717 4951 4691 5011 4918 4834 5062 4615 4726 5067 5066 4811 4639 5173 4763 4894 4958 4802 4499 5023 5302 4654 4866 4586 4675 5036 4923 5204 5230 4727 5279 4958 4822 4812 4949 4955 4602 5107 5048 4688 4572 5145 4733 5186 5135 5017 4924 5076 4902 4861 4826 5236 4819 4842 4894 5006 5032 5204 5339 4951 4778 5161 4716 4628 4601 4904 5235 4908 4843 5081 4465 5117 4866 4800 5237 4313 4858 5270 5192 4701 4690 5018 5127 4950 4939 4524 5157 4855 4547 4868 4554 5052 4677 5329 5066 4468 4780 4853 4450 4802 5444 5098 5092 4922 5089 4977 4630 4706 4849 4990 4582 4903 4883 4782 5006 5009 5153 5366 5036 5258 4709 5016 5182 5158 4557 5015 4579 5067 5385 4959 5032 4791 4754 4936 5394 4830 4909 5195 5087 4431 4978 5163 4808 4966 5322 5025 4810 5026 4600 5074 4796 4655 5252 5238
5234 5606 5029 5221 4961 5043 5202 5167 5025 4812 5151 5464 5111 5008 5097 5404 5711 5655 4955 4935 5045 5116 4871 5313 5452 4657 5232 5565 5385 5285 5365 5179 5331 4938 5287 5585 4841 5136 5423 4942 5471 5668 5074 5136 4963 5428 5023 5518 4802 5197 5686 5072 4960 5224 5437 5448 5214 5392 5061 5471 5093 5229 5700 5282 4997 5234 5337 5631 5455 5084 5203 5165 5138 5115 5241 5119 5229 4830 5616 5440 4902 5491 5434 5390 5233 5220 4890 5265 5043 4631 5284 5229 4960 4923 4957 5175 4892 5566 5302 5573 5372 5464 4868 5226 5421 5359 5188 5299 5407 4842 5211 5102 5025 5031 5034 5473 5105 5213 5343 4972 4877 5472 5394 4642 5457 5076 5234 5230 5344 5232 5460 4835 5782 5254 5111 5334 5293 5406 4956 5382 5465 5266 5248 5123 5132 5405 5532 5578 5276 5269 5126 5054 5078 5453 4922 5067 5402 5174 5213 5503 5754 5233 5121 5507 5214 5244 5474 5193 5321 5155 5384 5340 4682 5656 5231 4972 5296 4608 5360 5864 5241 5085 5434 5510 5286 5457 5328 5097 5532 5110 4887 5463 4746 5225 5035 5483 5189 4844 5020 5093 4643 5223 5586 5794 4829 5389 5508 5369 5100 5171 4892 5476 5093 5380 5045 5231 5326 5264 5221 5800 5237 5341 5004 5259 5381 5356 4721 5520 5144 5493 5784 5286 5286 5130 5032 5181 5647 5388 5136 5325 5597 4611 5306 5538 5155 5272 5531 5293 5173 5258 5066 5251 4934 4624 5273 5706
4852 5421 5103 4962 5140 5103 4960 4999 5044 4727 4818 5323 5207 4799 4711 5278 5027 5638 4840 4898 4878 4872 4660 5258 5283 4633 4959 5202 5366 4974 5237 5018 5271 4872 4915 5509 4636 5157 5181 4980 5657 5341 5080 4957 5128 5142 4712 5400 4818 5148 5189 5044 4815 4991 5107 5157 4762 5416 5135 5498 4871 4816 5400 5206 4976 4914 5030 5518 5164 4630 5192 4667 5079 4726 5172 5279 5088 4389 5196 5296 5014 5784 4938 5541 4928 5423 4651 5009 4936 4479 5148 4670 5042 4918 5137 5374 4753 5420 5067 5578 5256 5257 5059 4947 5084 5362 5196 5114 5589 4824 4921 5272 5148 4917 4857 5161 5068 5153 5322 4837 4474 5114 5140 4594 5097 5076 4957 4925 4927 5224 5194 4786 5427 5103 5092 4944 5244 5213 4803 5135 5300 4817 5088 5227 4914 5396 5407 5442 5198 5125 4916 5041 5220 5355 4644 4967 4966 5280 4952 5282 5287 4769 4909 5225 4954 5042 4972 5019 5385 4968 4893 5073 4620 5309 4898 4982 5464 4369 5034 5504 4942 4997 5110 5165 5209 5013 5208 4905 5512 5124 4946 5038 4493 4826 5183 5234 5106 4747 5075 4872 4627 4886 5499 5549 4944 5106 5377 5200 4897 5010 4925 5195 5097 5108 5075 5015 5218 4884 5294 5134 5076 5040 4838 5346 5169 5115 4566 5264 4687 5096 5644 5130 5095 4865 5063 5018 5424 4647 5103 5143 5330 4548 5115 5388 4996 5088 5352 5316 4861 4986 4662 4827 4846 4704 5075 5383
5166 5708 5044 5289 5065 5443 5338 5186 5343 4997 5115 5570 5452 5286 5287 5435 5360 5797 5195 4779 5173 5263 5252 5360 5570 4829 5421 5870 5515 5289 5408 5372 5358 5158 5376 5803 4975 5324 5317 5072 5858 5715 5427 5086 5274 5581 5119 5730 5143 5340 5666 5252 5096 5368 5713 5587 5343 5900 5226 5774 5284 5516 5642 5243 5190 5083 5297 6018 5571 4876 5589 5196 5132 5054 5410 5468 5341 4992 5600 5504 5068 5731 5440 5663 5327 5567 5199 5092 5357 4609 5357 4884 4999 5017 5246 5445 5227 6047 5384 5696 5305 5337 5309 5412 5518 5597 5355 5547 5618 5104 5289 5415 5056 5452 4932 5529 5570 5398 5763 5104 4816 5093 5768 4799 5273 5057 5193 5082 5468 5682 5883 5140 5742 5096 5198 5294 5577 5458 5066 5370 5726 5382 5486 4893 5368 5470 5758 5709 5560 5619 5203 5060 5334 5565 5127 5227 5330 5725 5475 5477 5630 5090 5258 5538 5134 5451 5136 5194 5694 5518 5403 5251 4963 5950 5406 5256 5667 4613 5564 6014 5374 5339 5276 5453 5584 5331 5713 5086 5923 5141 5179 5453 5012 5248 5185 5608 5217 5088 5193 5224 4864 5070 5983 5624 5367 5602 5551 5219 5169 5458 4962 5566 5148 5262 5472 5369 5665 5390 5456 5956 5286 5398 5137 5741 5464 5400 4827 5493 4892 5401 5759 5329 5670 5324 5490 5268 5842 5540 5264 5560 5804 4827 5652 5934 5279 5722 5693 5529 5231 5119 5230 5167 5106 4801 5386 5956
4645 5137 4639 4824 4765 4684 4731 4868 4729 4564 4658 5196 4787 4788 4729 5069 5128 5277 4935 4463 4577 5081 4751 4992 5095 4598 4947 5004 4964 4684 4897 4899 5022 4637 4832 5270 4483 5018 4849 4934 5206 5178 4780 4631 4660 4933 4769 4953 4624 4664 4777 4682 4357 4721 4924 5026 4827 5183 4986 5030 4701 4872 4973 4936 4654 4863 4926 5246 5245 4472 5105 4952 4867 4604 4982 5023 4869 4646 4874 5081 4829 5299 5048 5094 4819 4912 4619 4729 4827 4356 5062 4609 4935 4700 4775 5135 5014 5510 4805 4908 4916 4861 4858 4796 4820 5001 4779 4881 4998 4747 4860 4810 4986 4709 4598 5097 4886 5053 4913 4746 4462 4693 5079 4342 5171 4554 4840 5018 4728 5267 5243 4862 5261 4843 4841 4861 5061 4775 4737 5000 5284 4990 4838 5056 4765 5175 5213 4999 4896 4836 4717 4564 4810 4995 4628 4977 4839 5090 4813 4983 5128 4899 4688 4965 4651 5026 4767 4977 5056 5110 4870 5092 4459 4996 4811 4647 4963 4416 4872 5473 4927 4756 4985 4880 4575 4994 4903 4682 5253 4894 4686 4930 4503 4729 4604 5208 4890 4540 4660 4778 4359 4701 5206 5070 4746 4827 4963 4895 4713 4873 4809 5056 4517 4784 4696 4774 5021 5012 4538 5385 4946 5261 4576 5014 5039 5091 4749 5021 4650 5117 5452 5205 4808 4763 5068 4921 5258 4843 4786 4903 5018 4313 4901 5137 4933 5048 5196 5083 4786 4760 4551 4630 4851 4719 5044 5103
5200 5591 5499 5375 5430 5607 5287 5350 5212 5168 5048 5631 5337 4989 5439 5729 5606 6090 5286 5082 5302 5462 5342 5510 5815 5240 5491 5694 5343 5272 5556 5226 5609 5254 5333 5920 4822 5083 5467 4954 5994 5538 5595 5540 5347 5329 5303 5521 5081 5278 5630 5574 4837 5475 5582 5754 5624 5542 5308 5643 5245 5541 5751 5539 5273 5359 5390 6011 5463 4935 5419 5528 5468 5107 5293 5427 5564 5198 5477 5629 5068 5768 5644 5607 5206 5470 5043 5236 5183 4813 5252 5052 5322 5474 5556 5734 5421 6188 5326 5616 5637 5769 5167 5409 5487 5642 5560 5608 5576 5031 5217 5305 5344 5368 5165 5673 5468 5424 5363 5351 4816 5236 5624 5003 5627 5055 5253 5264 5356 5779 5754 5293 5782 5613 5232 5272 5552 5359 4960 5537 5783 5406 5340 5458 5541 5798 5659 5721 5535 5312 5182 5124 5118 5665 4933 5527 5335 5496 5393 5476 5593 5104 5472 5618 5352 5294 5326 5466 5883 5548 5524 5355 5042 5778 5390 5532 5524 4697 5329 5962 5715 5464 5262 5492 5242 5412 5797 4999 5756 5275 5282 5363 5018 5142 5405 5817 5562 5243 5558 5151 4863 5044 5853 5712 5302 5459 5592 5407 5246 5443 4974 5750 5400 5411 5289 5453 5343 5435 5536 5818 5487 5430 5009 5369 5247 5607 4910 5571 5162 5516 5954 5234 5599 5320 5540 5347 5802 5342 5324 5528 5945 4950 5367 5580 5488 5450 5862 5699 5435 5441 5147 5284 5174 4894 5626 5942
5674 6008 5469 5672 5555 5433 5432 5749 5561 5231 5282 6001 5688 5423 5465 5821 5946 6225 5469 5428 5492 5511 5373 5709 5765 5031 5908 5958 5847 5382 5699 5577 5921 5509 5574 6202 5075 5585 5454 5290 6057 6026 5766 5456 5507 5771 5430 5974 5301 5602 5885 5691 5288 5478 5697 5839 6003 6040 5779 5945 5496 5515 5991 5948 5391 5833 5600 6277 5746 5513 5757 5744 5740 5219 5834 5619 5516 5270 6067 6080 5540 5974 5717 5986 5553 5823 5383 5591 5332 4989 5527 5471 5541 5599 5831 5668 5312 6148 5633 5761 5616 5809 5823 5512 5801 5868 5973 5948 5886 5626 5298 5623 5880 5540 5431 5768 5468 5963 5725 5330 5239 5210 5886 5334 5806 5375 5552 5481 5448 6055 6045 5656 6123 5263 5293 5494 5799 5635 5275 5771 5970 5863 5444 5843 5685 5918 5817 5949 5716 5664 5483 5656 5698 5900 5241 5744 5772 5609 5556 5816 6042 5515 5541 5921 5716 5746 5785 5896 5986 5964 5780 5742 5147 5944 5685 5829 5981 5195 5498 6050 5976 5779 5725 5859 5508 5622 5857 5410 5708 5741 5342 5416 5172 5500 5319 5850 5589 5589 5363 5281 5211 5607 6267 6034 5528 5551 5718 5982 5225 5475 5240 5842 5568 5649 5549 5540 5805 5681 5592 6029 5977 5847 5519 5695 5575 5619 5267 5826 5364 5927 6182 5898 5734 5495 5720 5758 5869 5745 5571 5940 5951 5185 5484 6049 5407 5970 6020 5851 5650 5718 5642 5714 5780 5119 5945 6040
4913 5276 5118 5122 4837 4850 4837 4877 4626 4351 4665 5099 4849 4699 4867 4887 5043 5431 5002 4550 4968 5026 4764 4952 5351 4352 4925 5024 5378 4965 5102 4993 5022 4486 4981 5190 4254 4791 4795 4663 5343 5327 5051 4875 4927 4981 4729 4831 4874 5022 4887 4826 4526 5132 4966 5160 4820 5382 5095 4960 4715 4973 4966 5067 4630 4969 5032 5417 5005 4680 5088 5187 4681 4897 4952 5027 5189 4637 5036 5251 4572 5311 5029 5335 4971 5026 4663 4820 4816 4352 4801 4504 5009 4613 5010 5118 4973 5596 4992 5286 5146 5276 4881 4885 5029 5306 5078 5101 5116 4830 4853 5039 5059 4995 4854 5265 4854 4904 5190 5055 4591 4876 5307 4490 5097 4822 4822 5205 4672 4991 5587 4792 5277 4877 4720 4942 5191 5066 5069 4914 5160 5041 4762 5017 4820 4963 5087 4899 4915 5221 4684 4800 4730 5186 4747 4736 4885 5036 4740 5403 5346 5043 4879 4922 4923 4797 4954 5181 5287 5280 5009 4942 4764 5102 5023 4809 5246 4449 4948 5085 4979 4840 4835 4952 4813 5166 5150 4574 5360 5161 4915 4996 4450 4938 4763 5163 5003 4612 4743 4927 4430 4800 5561 5449 4769 4748 5093 5177 4539 5111 4658 5288 4877 4691 4750 4857 5286 5068 4944 5370 4823 5074 4730 5233 5146 5173 4553 5000 4708 5109 5436 4925 4963 4856 4941 4789 5296 4767 4759 5225 5072 4582 5212 5296 5036 5509 5238 5001 5075 4750 4760 4787 4726 4567 5256 5204
4922 5653 4797 5338 5252 5240 4970 5244 5108 4927 4975 5280 5271 4743 4832 5501 5242 5676 5028 4784 4864 5274 4908 5074 5217 4825 5329 5324 5171 5246 5234 4823 5350 4915 5249 5676 4634 5311 5234 4743 5539 5555 5290 4957 5188 5123 5072 5332 4726 5106 5255 5366 4655 5165 5360 5322 5098 5884 5353 5637 5076 5071 5231 5172 5184 5096 5132 5826 5135 4768 5360 5181 5071 4940 5233 5384 5175 4896 5233 5470 4948 5367 5273 5363 5189 5296 4928 4857 5136 4752 5019 4678 4865 4982 5107 5045 5234 6095 4959 5193 5323 5476 5136 5323 4778 5359 5264 5374 5504 4694 5017 5172 5438 4656 5048 5349 4987 5226 5080 5218 4547 5007 5297 4836 5191 4570 4904 5000 4986 5332 5475 4915 5525 5237 5242 4851 5042 5082 5026 5340 5569 5007 5050 5284 5263 5462 5371 5352 5411 5388 5022 5171 5050 5225 4827 5593 5195 5386 5014 5423 5681 5028 5084 5319 4995 5073 5101 5035 5240 5528 5197 5347 4767 5584 5137 5006 5493 4823 5179 5557 5222 5152 5121 5179 5255 5089 5297 4716 5419 5187 5203 5088 4907 4922 4952 5606 5351 4972 4930 5179 4757 4851 5823 5620 5267 4998 5393 5096 4820 5041 5075 5221 5007 5075 5108 5138 5626 5025 5044 5333 5223 5407 4842 5316 5471 5381 4795 5151 4626 5306 5635 5356 5192 5054 5314 5125 5609 4825 4847 5361 5445 4661 5376 5293 5216 5562 5611 5374 5061 4976 4821 5159 5203 4953 5404 5437
5300 5522 5241 5362 5059 5171 5040 5546 5406 5006 5189 5408 5435 5284 5087 5512 5533 6010 5188 5261 5167 5156 5345 5365 5607 4924 5501 6171 5628 5152 5203 5154 5321 5206 5386 5727 4720 5306 5274 4999 5426 5814 5418 5174 5278 5223 5171 5709 5094 5208 5345 5271 5042 5291 5610 5364 5378 5368 5436 5591 5067 5285 5753 5402 5101 5136 5233 5845 5226 5241 5331 5221 5489 5065 5366 5184 5438 4968 5656 5705 5181 5560 5398 5631 5303 5574 4896 5045 5340 4648 5645 4987 5305 5092 5448 5453 5158 6072 5198 5642 5347 5510 5084 5427 5373 5450 5382 5498 5805 5126 5106 5380 5557 5001 5154 5700 5022 5680 5318 5195 4991 5215 5504 4971 5474 4932 5394 5491 5407 5469 5542 5077 5608 5097 5287 5268 5423 5421 4901 5464 5427 5196 5278 5645 5479 5601 5709 5738 5570 5668 5276 5253 5239 5761 5005 5255 5423 5476 5366 5365 5780 5422 5348 5541 5244 5239 5123 5179 5782 5819 5612 5372 5097 5622 5238 5400 5398 4656 5350 5620 5628 5455 5162 5592 5269 5611 5487 5082 5912 5383 5163 5231 5142 5389 5153 5840 5565 5105 5090 5192 5077 5215 6086 5727 5340 5288 5641 5423 5043 5314 5196 5683 5135 5124 5209 5564 5436 5377 5257 5765 5314 5532 4989 5460 5431 5509 4842 5507 5025 5682 5755 5581 5461 5207 5515 5694 5642 5428 5429 5472 5556 4925 5108 5661 5326 5496 5848 5421 5446 5483 5244 5102 5224 4944 5698 5644
4855 5386 4820 5013 4810 5107 4890 4741 4612 4502 4874 5041 5336 4690 4637 5071 5071 5327 4813 4508 4877 5073 4716 5076 5349 4454 5014 5056 5012 5104 5052 4678 4914 4720 4810 5098 4455 4525 4787 4756 5330 5487 4972 4590 4731 5108 4874 5248 4565 4847 5045 4996 4751 4883 5226 5229 4945 5434 4786 5358 4588 5149 4988 4994 4937 4876 5106 5371 5216 4425 5076 4928 4882 4756 5027 5119 4644 4563 4873 5447 4721 5190 4883 5242 4814 4873 4551 4906 4746 4645 4957 4398 4500 4717 4726 4984 4842 5635 4888 5508 5066 5147 5076 5007 5041 5384 5039 5010 4935 5003 4830 4959 4852 4738 4988 5197 4949 4700 4984 4721 4407 4931 5362 4834 5149 4847 4991 5053 5000 5373 5096 5008 5233 4901 4932 4935 5040 4902 4493 4851 5030 5231 5019 5024 4611 5019 5136 5328 5195 5164 5029 4940 4735 5227 4904 4742 4845 4764 5054 5204 5350 4772 4866 5220 4848 4629 4889 5090 5143 5014 4949 4994 4449 5184 5108 4872 5401 4312 4858 5298 5119 4789 4851 4931 4987 5187 5259 4823 5497 5003 4633 5066 4452 4787 4701 5232 5118 4529 4962 5017 4398 4884 5544 5295 4825 5029 4997 4901 4844 4734 4602 5108 4629 5065 4952 4891 5057 4853 5020 5173 5020 5002 4521 4986 4794 5182 4584 5027 4642 5128 5170 4943 5007 4799 4748 4927 5369 5083 4815 5147 5223 4417 4967 5252 4829 5073 5192 5254 4657 4940 4650 5051 4801 4680 5141 5374
5183 5695 5061 5200 5256 5154 5206 5170 5117 4933 5136 5878 5432 5168 5285 5484 5446 5649 4907 4736 4976 5208 4995 5035 5683 4730 5288 5718 5483 5178 5198 5241 5421 5148 5270 5685 4917 5155 5089 5034 5590 5606 5493 4979 5188 5369 5107 5717 5054 5190 5379 5176 5004 5397 5459 5339 5216 5552 5086 5501 5128 5238 5593 5246 5232 5009 4980 5991 5284 4934 5127 5130 5270 5248 5440 5119 5386 4818 5466 5539 4887 5695 5259 5794 5123 5264 5087 4890 5174 4811 5224 5076 5171 5017 5272 5598 5322 5867 5170 5581 5183 5281 5247 5293 5392 5349 5502 5344 5351 4993 4871 5293 5389 5168 5322 5527 5243 5575 5317 5132 4752 5031 5764 4660 5291 5127 5343 5139 5199 5560 5708 5188 5885 5115 5089 4972 5357 5170 5028 5544 5621 5336 5350 5341 5235 5523 5496 5550 5715 5125 5306 5214 5090 5388 5207 5205 5229 5205 5242 5381 5676 5206 5030 5625 5407 5263 5412 5341 5642 5388 5455 5063 4946 5282 5181 5306 5602 4703 5239 5608 5565 5226 5270 5667 5117 5448 5417 4801 5603 5170 5026 5142 5162 5040 5202 5454 5329 4959 5208 5353 4927 5226 5758 5664 5117 5431 5550 5379 4853 5255 5134 5271 5096 5427 5328 5279 5490 5157 5281 5637 5179 5322 5024 5280 5508 5554 5032 5386 5172 5490 5654 5396 5365 5268 5418 4858 5512 5407 5261 5555 5488 4831 5079 5591 5392 5407 5580 5300 5137 5398 5182 5230 5241 4964 5343 5654
5029 5492 4922 5352 4894 4972 5225 4939 5075 4868 5062 5548 5308 4866 5156 5428 5371 5805 4811 4959 5072 4919 4776 5225 5445 4655 5491 5662 5418 4944 5182 5064 5308 4704 5049 5864 4500 5184 5304 4671 5503 5613 5204 5150 5080 5204 4747 5278 4750 5048 5284 5110 4844 5096 5329 5212 5241 5532 4989 5538 4881 5171 5270 5293 5038 4988 5164 5679 5295 4816 5180 5159 5317 4908 5144 5283 5362 5121 5421 5361 4902 5676 5007 5482 4815 5310 5126 4867 5088 4544 5248 4900 4693 4798 5280 5359 4991 5737 5247 5440 5118 5477 5009 5234 5447 5285 5408 5161 5287 5041 5048 5347 5115 5110 4907 5231 5218 5392 5612 5096 4726 5048 5309 4598 5145 4964 4827 5114 4842 5280 5723 4924 5623 5012 4980 4941 5246 5098 4931 5251 5568 5155 4966 5367 4981 5323 5300 5374 5276 5281 5005 5184 5271 5542 5024 5209 5509 5453 4982 5652 5665 5165 5217 5345 4980 5073 5165 4979 5487 5483 5219 4987 4910 5399 5197 5241 5548 4689 5072 5329 5224 5194 5156 5245 5246 5311 5357 4902 5671 5457 4879 5083 4764 5065 5172 5686 5268 4916 4958 5258 4780 4859 5522 5321 4917 5374 5354 5212 4768 5144 4885 5462 5323 4987 5096 4964 5283 5109 5409 5447 5095 5274 4760 5389 5447 5397 4738 5197 5044 5393 5547 5393 5071 5149 5227 4956 5635 5098 4966 5397 5400 4440 5363 5665 5094 5399 5474 5297 5189 5056 4832 5147 4972 4700 5385 5411
5005 5463 4742 4716 5135 4882 4881 4579 4817 4769 4787 5338 5280 4689 4865 5254 4988 5696 4999 4554 4603 5038 4749 4972 5389 4546 4928 4999 5078 4861 5100 4897 4917 4989 4812 5226 4659 4918 5001 4658 5363 5367 4880 4685 4733 5143 4715 4951 4624 4941 5384 5144 5010 5038 5258 5332 4931 5476 4765 5071 4687 5027 5223 5150 4926 5051 4867 5651 5248 4700 5119 4991 4917 4859 5014 5108 5103 4404 5271 5141 4470 5431 4799 5383 5046 4970 4821 4808 4669 4617 4810 4798 4627 4771 4974 5113 4644 5543 4834 5251 5162 5217 4761 4915 5109 5512 4890 5127 5179 4692 4773 4923 5003 4809 4937 5199 5034 5074 5080 4729 4457 5003 5019 4579 5376 4780 4916 4952 4801 5151 5488 4811 5227 4879 4853 5044 4999 5170 4629 5034 5176 4920 5049 4921 4775 4977 5226 5070 5086 5132 5133 4866 5095 5307 4727 4982 5018 4936 4771 5138 5120 5051 4894 5202 5126 5035 5139 4900 5229 5121 4976 4873 4856 5353 4780 5092 5104 4478 4849 5080 5091 4972 4979 4966 5041 5189 5137 4758 5314 5161 4863 4750 4626 4649 4685 5169 5031 4805 4957 4639 4625 4822 5632 5456 5037 4859 5072 4953 4568 5042 4587 5156 5000 4867 5087 5158 5212 4794 5058 5281 4767 4826 4712 5140 4991 5105 4613 5110 4776 5116 5509 5073 5061 4925 5163 4923 5350 5028 5071 5252 5297 4478 5381 5399 4910 5093 5110 5390 4560 5052 4846 4893 4889 4514 5113 5203
5004 5591 4995 5258 5326 5142 4911 5287 4791 4868 4823 5524 5447 4915 5163 5608 5488 5672 5097 4986 4932 5123 5184 5410 5387 4765 5025 5673 5317 5320 5121 5101 5415 5025 5234 5530 4832 5190 5237 4940 5420 5606 5472 4934 5119 5476 4965 5311 4713 5189 5385 5193 4945 5189 5377 5286 5187 5464 5095 5674 5045 5207 5463 5311 5062 5078 5043 5743 5193 4752 5314 5256 4852 4872 5023 5273 5312 4922 5286 5479 4702 5375 5170 5397 5386 5621 4787 5013 4979 4611 5350 5053 4932 4739 5109 5328 5150 5745 5326 5480 5270 5339 5054 5404 5194 5569 5226 5203 5428 5119 4879 5126 5313 4912 4940 5355 5047 5401 5309 4926 4978 4946 5470 4635 5184 5171 5280 5101 5172 5415 5458 5112 5406 5002 5177 5206 5560 5243 5117 5354 5484 5073 5061 5140 5204 5160 5348 5377 5311 5176 4942 5212 5167 5462 5025 5128 4932 5304 5156 5394 5404 5159 5087 5512 5370 5361 5457 5058 5234 5335 5695 5113 5023 5600 5409 5175 5799 4790 5127 5509 5216 5213 5005 5372 4968 5383 5433 4896 5490 5308 5036 5158 4824 5189 4976 5607 5202 4933 4957 5159 4560 5112 5764 5787 5078 5011 5306 5275 4677 5233 4746 5536 5285 5161 4810 5127 5396 5279 5253 5461 4936 5209 4974 5376 5216 5128 4835 5201 4851 5502 5801 5048 5297 5083 5342 5156 5630 5407 5101 5366 5602 4454 5372 5473 4915 5229 5436 5400 5045 5026 5052 5242 5185 4839 5307 5545
4622 5365 4981 5267 4870 4960 5181 5138 5207 4661 4960 5403 5319 4753 4908 5370 5277 5653 5035 4984 4628 4910 4697 4950 5404 4689 5048 5449 4970 5084 5204 4809 5228 4682 5064 5569 4563 4820 5069 4798 5322 5379 5410 4992 5020 5398 5019 5260 4421 4896 5400 5133 4676 5033 5431 5416 5070 5391 5244 5310 4806 5034 5030 5102 4933 5229 4981 5612 5133 4665 5609 5212 4900 4811 5118 5362 4937 4775 5075 5398 4881 5402 5054 5575 5189 5200 4829 4879 4875 4448 5149 4814 4879 4724 4986 4928 5110 5613 4943 5264 5170 5459 5208 5146 4908 5283 5413 5213 5029 4750 4955 5092 5211 5156 4756 5328 5209 5099 5235 4792 4567 4888 5303 4754 5348 4670 5114 5155 5018 5515 5196 5117 5509 5192 4990 5067 5489 5040 4920 5208 5521 5205 5276 5112 5018 5439 5425 5289 5147 5218 4970 4971 4913 5307 4682 5215 5133 5391 4915 5355 5604 5106 4841 5212 5167 5062 5189 5331 5354 5277 5060 5219 4717 5624 4927 4885 5524 4698 5128 5554 5244 5094 4896 5130 5260 5045 5501 4866 5352 5106 4908 5089 4456 5064 5008 5333 4980 4852 5149 4775 4731 4957 5531 5424 5054 5010 5129 5175 4849 5135 4752 5424 5156 4802 5008 4977 5207 5171 5066 5457 5167 5220 4910 5139 5233 5141 4899 5280 4473 5178 5733 4947 5272 4994 5133 4821 5505 5083 5092 5274 5529 4648 5230 5277 5048 4979 5634 5453 4920 5202 5019 4853 5077 4524 5227 5360
4785 5166 4769 5003 4986 5080 4818 5003 4872 4463 4789 5149 4893 4587 4748 5083 5209 5419 5009 4701 4570 4885 4732 4887 4902 4618 4914 5040 5168 4636 4835 4480 5156 4762 4969 5558 4591 4825 4783 4527 5210 5242 5397 4706 5012 5287 4679 5049 4218 4996 5079 4742 4570 5047 4981 4995 4866 5379 5181 5202 4741 4878 5005 4883 4761 4961 4931 5457 5088 4497 4861 4769 4611 4888 5359 5150 4733 4627 4755 5253 4755 4947 4872 5410 4920 5202 4699 4745 4963 4270 5000 4545 4642 4740 4936 5283 4710 5686 4739 5069 5089 4966 5030 4992 4944 5035 4860 5160 5091 4741 4618 5046 4976 4681 4744 5308 4907 5264 5054 4825 4369 4917 5181 4644 5046 4712 4888 4973 5024 5205 5067 4856 5444 5055 4885 4790 5091 4970 4778 4970 5175 4832 5014 5225 4741 5257 5285 5027 4933 4999 4945 4645 4628 5230 4588 4938 4757 5038 4693 4975 5252 4808 4764 4938 4878 5123 5028 4883 5059 5038 4865 4855 4453 5206 4895 4888 4998 4527 4883 5575 5125 4877 4924 5030 5051 5018 5264 4672 5327 4735 4765 4612 4604 5044 4762 5277 5125 4765 4732 5125 4448 4895 5421 5164 5078 5034 5175 5001 4663 5030 4608 4913 4842 4836 4774 4992 5133 5068 4773 5104 4911 5019 4579 5129 4933 5025 4582 4892 4749 5095 5510 4887 4833 4884 5145 4895 5086 4960 4829 5372 5470 4507 4849 5263 5071 5051 5406 5205 4706 4885 4763 4775 4951 4579 4748 5344
5141 6022 5249 5824 5376 5222 5298 5271 5340 5165 5268 5602 5575 4930 5214 5756 5625 6045 5427 4903 4989 5223 5159 5472 5754 5064 5456 5893 5493 5235 5295 5183 5787 5129 5309 6119 4949 5730 5449 5174 5732 5604 5488 5253 5476 5493 5103 5933 4990 5197 5448 5278 5069 5305 5575 5569 5534 5737 5483 5471 5082 5450 5668 5307 5360 5295 5281 6200 5409 4921 5696 5533 5448 4988 5265 5715 5376 5252 5575 5392 5220 5905 5342 5897 5413 5636 4871 5345 4931 4496 5568 5149 5217 4940 5580 5669 5208 5918 5555 5306 5475 5657 5268 5448 5256 5755 5404 5804 5401 5124 4971 5575 5362 5459 5301 5547 5441 5545 5717 5198 4803 5405 5547 5063 5381 5284 5234 5429 5376 5511 5649 5505 5500 5417 5238 5315 5453 5443 5227 5506 5835 5187 5330 5673 5442 5861 5573 5686 5384 5659 5268 5155 5303 5733 5044 5643 5686 5312 5473 5661 5858 5309 5366 5603 5303 5352 5431 5422 5685 5628 5610 5398 5035 5583 5470 5183 5598 4798 5295 5787 5607 5409 5490 5581 5346 5568 5773 5030 5657 5536 5221 5362 5063 5502 5350 5870 5587 5118 4974 5348 4893 5266 5808 5857 5563 5350 5478 5546 5210 5272 5197 5440 5521 5395 5045 5406 5617 5220 5539 5836 5431 5834 5298 5805 5407 5453 4919 5652 5198 5508 5884 5354 5356 5253 5487 5350 5849 5248 5327 5859 5656 4908 5560 5585 5380 5437 5689 5880 5299 5558 4944 5371 5409 5058 5482 5791
4706 5186 4968 4853 4883 4812 4698 4663 4804 4543 4788 5271 5021 4721 5022 5332 5327 5639 4883 4543 4296 4835 4818 5085 5162 4791 5001 5193 5094 4908 4788 4854 5234 4564 4935 5100 4356 5002 5092 4614 5438 5324 4905 4514 5049 5130 4834 5102 4629 4760 5166 4824 4600 4927 5013 5045 4878 5211 4868 5169 4654 4807 5201 5021 4729 4926 4701 5353 4892 4732 5093 4957 4685 4696 5021 4876 5178 4653 4990 5200 4675 5360 5041 5365 4732 5039 4548 4906 4780 4530 4813 4789 4709 4638 5087 5115 5036 5589 4828 5162 4870 4904 5061 4849 5055 5189 5274 5143 5130 4770 4691 4948 5099 4736 4863 5171 4709 4838 4899 4921 4454 5015 5172 4495 5037 4921 5041 5093 4984 5163 5252 4500 5114 4898 4795 4907 4966 4897 4822 4884 5112 4945 4931 5195 4916 5257 5288 5204 5156 4858 4871 5055 4863 4834 4589 5007 4656 5166 4712 5227 5230 4793 4815 5045 4907 4873 5036 5043 4866 4871 5208 4873 4568 5001 5008 4743 5019 4349 4552 5129 5076 4864 4831 5076 4912 5442 5283 4383 5362 5115 4696 5071 4956 4712 4839 5424 5004 4900 4801 4614 4369 4969 5391 5020 4743 4888 4955 4877 4788 4776 4675 4952 4862 4873 4871 4848 5205 4662 4798 4891 4941 5242 4671 5197 5012 5261 4760 5188 4692 4999 5290 5093 4850 5023 5014 4724 5289 4937 4826 5274 5002 4473 4980 5086 5032 5283 5425 5272 4672 4978 4878 5085 4838 4717 5008 5164
4990 5698 5270 5173 5044 5249 5525 5256 4853 4731 5144 5584 5247 4903 5184 5308 5409 5680 5252 5008 4838 5255 5032 5150 5607 4864 5235 5379 5310 5187 5152 5283 5387 5003 5188 5515 4735 5150 5251 4906 5862 5590 5093 4994 5047 5054 5206 5306 4852 5029 5610 5310 4653 5311 5356 5304 5292 5508 5064 5416 4804 5276 5529 5192 4917 5011 5112 5835 5235 4679 5326 5320 5163 4984 5353 5350 5458 5020 5073 5422 4867 5741 4999 5808 5074 5294 4867 5181 4962 4571 5055 5153 4947 4854 5279 5183 5015 5639 5111 5408 5443 5406 5146 5273 5323 5631 5175 5266 5255 5131 5023 5123 5217 5055 5086 5430 5200 5152 5341 5022 4532 5309 5299 4696 5389 4871 4950 4847 5403 5629 5675 5051 5721 5150 5010 4995 5362 5425 5019 5064 5472 5058 5321 5124 4981 5429 5298 5766 5428 5364 5292 5129 5104 5359 4866 5070 5098 5272 5006 5345 5584 5087 5069 5413 5291 5248 5238 5300 5623 5537 5132 5275 4760 5534 5182 5042 5436 4964 5188 5661 5083 5189 4955 5289 5083 5396 5505 4771 5681 5249 4973 5120 5073 5080 5183 5369 4930 4822 5029 4966 4701 4958 5652 5616 5151 5232 5211 5108 4953 5299 5021 5485 4968 5078 5251 5178 5418 5438 5110 5506 5337 5445 5160 5309 5148 5456 4710 5451 5025 5372 5510 5176 5343 5190 5280 4972 5529 5055 5287 5347 5478 4773 5360 5768 5244 5177 5510 5622 5015 5261 5032 5264 5268 4692 5299 5489
4728 5126 4666 4647 4901 4946 4923 4927 4986 4574 4894 5137 5190 5017 4986 5007 5134 5342 4884 4698 5053 4949 4658 5009 5191 4548 4991 5322 5119 4777 5140 4932 5076 4900 4908 5290 4439 4908 4814 4634 5141 5402 5057 4820 4783 5178 4629 5044 4470 4664 5225 5050 4670 4718 5052 5021 4945 5182 5147 5092 4751 4913 4812 5164 4965 5038 4775 5687 5149 4589 5065 5050 4999 4815 5179 5017 4758 4670 5166 5333 4830 5310 5138 5239 4731 5112 4691 4697 4743 4348 4981 4609 4520 4631 4786 5179 4908 5462 5041 5048 4736 5082 5225 4952 4750 5107 4993 5070 4950 4953 4986 4899 4857 4896 4740 5168 5102 5103 4949 4810 4434 4931 5200 4495 5008 4756 4822 5141 4981 5137 5283 4953 5351 4705 4794 5163 5087 5080 4834 5130 5020 5194 4996 5091 5228 5087 5006 4967 5108 5086 4683 4780 4871 5080 4691 4969 5042 5349 4832 5053 5152 4902 4720 5084 5013 4882 5016 4987 5242 5072 5289 4812 4625 5177 4887 5073 5332 4482 5059 5306 5122 5082 4879 4896 4871 4955 4949 4636 5472 5025 4773 5050 4385 4864 4975 5321 5179 4730 4963 4785 4653 4885 5430 5032 4687 4957 5041 4973 4733 4981 4716 5327 4854 4995 5042 5093 5272 5018 4921 5097 4575 5110 4532 5194 5002 5023 4603 4980 4789 5023 5604 5020 4957 4886 5037 4967 5452 4722 4892 5171 5144 4668 5169 5137 4683 5453 5339 5038 4815 4918 4823 4800 4846 4668 5109 5253
4863 5261 4624 5092 4816 4672 4689 4787 5155 4680 4988 5153 4953 4444 4793 5013 4996 5349 4825 4692 4717 4794 4879 4799 5488 4494 4979 5112 4874 4572 4872 4871 5323 4729 5201 5297 4609 4883 4955 4671 5125 5386 5040 4730 4843 5185 4758 5277 4582 4945 5062 4690 4514 5248 5183 5075 4973 5439 4931 5263 4984 4966 5265 5069 4935 4867 4830 5550 5175 4599 5001 4848 4765 4882 4917 5101 4998 4773 5157 5277 4755 5124 4976 5007 5110 5069 4771 4846 4878 4515 5062 4689 4669 4846 4946 5053 4796 5733 4954 5093 4861 5199 5071 4708 5057 5040 4795 5306 4967 4831 4582 4888 4867 4615 4889 4854 4884 5114 5161 4774 4462 5138 5696 4768 5037 4748 4850 5054 4833 5135 5276 4820 5239 4933 5015 4907 4912 4981 4654 4968 5060 4884 5087 5050 4786 5315 5447 5151 4980 4943 4866 5008 4547 5122 4727 5116 5049 5110 4962 5190 5378 4645 4739 5237 4725 4664 5189 4825 5330 5104 5254 4766 4630 5402 4977 4787 5336 4501 5056 5055 5179 4948 4991 5173 5311 5109 5228 4644 5378 4938 4693 4920 4637 4713 4859 5177 5061 4460 4671 4814 4431 5054 5638 5702 5040 5071 5115 5004 4645 5016 4660 5002 4838 5174 5108 5122 4978 4878 5041 5205 4607 5214 4639 5285 4996 4892 4585 5003 4509 5179 5511 5250 4912 4889 4866 4793 5118 4816 4885 5104 5209 4437 4842 5289 4910 5007 5318 4994 4963 5080 4836 4722 4950 4614 4810 5476
