5001 5024 4729 5437 5063 5188 4851 4550 5127 5290 4863 5258 4779 5098 5388 5034 4607 4991 5213 5042 4929 4720 4710 5277 5111 4976 5464 5150 5046 4861 5123 5112 4699 5028 4919 4890 4883 5373 5107 4797 4902 5300 4957 4914 4588 4996 5036 5157 4678 5094 4976 5068 5229 4701 5138 5267 4822 4891 4587 5275 5362 4827 5051 4889 5032 5101 4725 5226 4959 5119 4988 5122 4732 4975 4671 4869 4990 4880 4817 5079 4908 4408 4775 4551 5324 4919 5145 5237 4719 5174 4785 5064 4932 4843 5317 4993 4858 5136 5037 4707 4750 4719 5308 5125 4988 5186 5347 4652 4812 5197 5144 4938 4818 4866 5171 5146 4713 4710 4691 5210 5121 5102 5144 5181 4994 4699 5279 4932 5180 4880 4591 4628 5236 4850 4963 4869 5060 4647 4345 5261 5539 4622 4907 4848 4947 5374 5056 4818 4729 4816 5298 4806 4945 4819 4980 4895 4832 5144 4872 5337 4397 4911 4860 5007 4782 4787 4716 4740 4557 5413 5072 5147 5226 5135 5160 5095 5222 5131 5128 5011 5175 4802 4642 4985 5047 4727 5349 5254 4876 5010 5114 4996 4874 4953 5087 5005 4729 5402 5203 4832 4955 4825 4745 5235 5022 5293 4663 4810 5101 5320 4706 5084 4928 4708 5268 4895 4468 4884 4959 4896 4888 4913 5145 4883 4776 4753 4919 4344 4889 4687 5424 5187 4964 4645 4946 5195 4792 5069 4843 5213 5634 5075 4729 4860 5028 5092 4868 5556 5071 4671 4655 5264 4808 5129 4977 5427
5170 5231 4980 5408 5340 5185 5039 4805 5327 5316 5343 5408 5119 4966 5514 4978 5001 5093 5406 5304 5143 4876 5024 5461 5452 5161 5517 5421 5096 5337 5042 5063 5084 5340 5194 4932 5207 5395 5172 5001 5271 5558 4971 5031 4733 5403 5349 5662 4931 5153 5501 5366 5238 5007 5442 5388 4820 5280 5020 5198 5574 4906 5103 5256 4949 5135 4981 5524 5360 5669 5315 5287 5009 5283 5017 5037 5311 5234 5156 5381 5526 4839 4827 4963 5455 5032 5459 5439 5001 5157 5222 5224 4972 5392 5520 5439 5032 5444 5232 5333 5040 4972 5420 5374 5277 5271 5557 5102 5050 5413 5589 5086 4874 5396 5440 5151 4991 5035 5085 5510 5025 5182 5513 5448 4982 4687 5249 5076 5232 5075 4959 5222 5399 4948 5230 5192 5155 4909 4873 5184 5444 4862 5165 5089 5039 5476 5326 5243 4997 5296 5644 5349 5035 5059 5348 5392 5230 5245 5302 5935 4607 5385 5209 5322 5108 5180 5052 4770 4855 5748 5226 5580 5401 5399 5377 5127 5540 5037 5634 5336 5518 4816 4898 4864 5109 5194 5665 5409 4924 5295 5017 5162 4997 5276 5331 5301 5085 5625 5150 4812 5129 5427 4885 5578 5279 5304 4691 5225 5462 5665 4888 5182 5070 5054 5285 4819 4999 5069 5269 4947 5109 4972 5120 5339 4739 5234 5262 4469 5149 5244 5612 5659 4986 5100 4984 5104 5365 5409 5173 5567 5452 5093 5212 4798 5374 5509 5076 5707 5237 4832 4809 5541 4891 5155 5238 5590
4942 5635 5199 5569 5262 5610 5391 5113 5516 5273 5497 5331 5248 4968 5486 5210 5342 5425 5445 5542 4856 4944 5297 5532 5462 5122 5896 5394 5452 5665 5216 5303 5280 5129 5296 5456 5172 5666 5368 5006 5731 5741 5457 5209 4840 5485 5592 5435 4887 5384 5273 5774 5524 5174 5536 5723 5004 5326 4802 5608 5742 5186 5444 5254 5188 5293 5031 5489 5196 5499 5261 5306 5023 5564 5098 5322 5405 5296 5361 5408 5167 4725 4924 4942 5497 5488 5998 5763 5233 5361 5175 5469 5179 5431 5801 5382 5252 5196 5409 5206 5196 5115 5674 5346 5231 5625 5559 5017 4985 5341 5741 5054 4851 5214 5725 5285 5214 5233 5266 5256 5258 5467 5668 5591 5130 5145 5790 5034 5627 5165 5295 5291 5618 5396 5382 5499 5604 5104 4900 5367 5706 5222 5246 5295 5244 5599 5518 5417 5143 5585 5527 5121 4888 5365 5476 5298 5303 5205 5275 6071 4854 5254 5271 5417 5124 5195 5212 4978 5152 5931 5509 5279 5579 5369 5445 5011 5367 5200 5570 5606 5711 5276 5083 5204 5130 5554 5883 5639 5392 5194 5183 5345 5285 5461 5465 5829 5199 5764 5656 5256 5320 5582 4954 5342 5506 5318 4944 5036 5440 5812 4920 5338 5345 5267 5762 5172 4904 5264 5382 5430 5391 5207 4988 5102 5045 5087 5408 4963 4960 5163 5561 5827 5518 5185 5362 5203 5657 5433 5390 5782 5892 5371 5358 5048 5564 5192 5352 5971 5294 5211 4720 5681 4724 5328 5298 5761
5457 5497 5479 5698 5597 5535 5423 5130 5605 5491 5479 5468 5493 5310 5660 5240 5582 5809 5437 5822 5331 5043 5369 5848 5385 5421 5954 5620 5156 5388 5350 5340 5253 5461 5378 5524 5508 6005 5640 5212 5363 5887 5384 5245 4625 5573 5591 5741 4993 5436 5478 5545 5492 5530 5815 5440 5152 5820 5279 5725 6176 5084 5506 5509 5273 5496 5274 5604 5412 5889 5680 5537 5279 5477 5303 5754 5658 5585 5415 5576 5809 5277 5293 5078 5511 5537 6105 6011 5227 5467 5300 5621 5366 5943 5923 5855 5542 5597 5533 5552 5084 4959 5719 5544 5288 5677 5832 5102 5090 5591 5762 5389 5186 5769 5810 5390 5078 5318 5404 5534 5204 5902 5505 5332 5244 5171 5757 5155 5722 5574 5193 5222 6048 5239 5735 5596 5527 5544 5028 5536 5580 5298 5379 5210 5532 5641 5549 5531 5218 5569 6041 5244 5240 5143 5821 5405 5283 5533 5479 6213 4760 5366 5656 5344 5270 5194 5399 5037 5160 5742 5819 5361 5656 5740 5638 5276 5575 5274 5964 5883 5713 5434 5316 5442 5430 5527 5986 5873 5518 5544 5254 5613 5355 5660 5534 5966 5521 6061 5607 5391 5356 5422 5004 5703 5842 5782 5295 5752 5799 5819 5032 5516 5423 5318 5520 4956 5445 5402 5607 5338 5651 5401 5386 5507 5098 5317 5505 4898 5271 5377 5992 6073 5614 5204 5378 5372 5690 5493 5549 5899 6077 5524 5605 5406 5813 5252 5520 5797 5425 5233 5187 5664 5173 5617 5540 5984
5542 5498 5530 5818 5592 5600 5286 5123 5559 5553 5760 5506 5256 5278 5801 5281 5183 5529 5552 5743 5340 5037 5279 5566 5538 5252 5888 5805 5336 5546 5495 5288 5208 5560 5389 5754 5572 6013 5606 5126 5509 5901 5396 5108 4675 5555 5521 5806 5088 5476 5659 5575 5563 5435 5730 5686 5056 5681 5167 5752 5913 5201 5456 5247 5314 5391 5174 5585 5684 5693 5708 5679 5607 5586 5160 5555 5737 5484 5523 5718 5792 5029 5325 5319 5790 5446 5883 5610 5014 5481 5462 5511 5255 5722 5715 5945 5437 5781 5455 5630 5484 5127 5449 5534 5479 5504 5619 5408 5374 5632 5649 5205 5255 5647 5732 5322 5334 4987 5236 5656 5335 5709 5546 5489 5379 5053 5699 5209 5723 5558 5154 5348 5781 5453 5426 5727 5581 5158 4959 5215 5738 5327 5284 5362 5136 5788 5533 5336 5538 5356 5831 5419 5104 5299 5717 5615 5222 5490 5176 6222 4747 5527 5283 5491 5485 5208 5247 5173 4861 6039 5627 5482 5855 5702 5487 5385 5683 5563 5683 5470 5734 5129 5184 5016 5429 5453 5945 5691 5290 5566 5064 5486 5294 5784 5330 5876 5340 5920 5741 5310 5334 5551 5140 6024 5491 5481 4949 5390 5684 5931 5016 5385 5441 5078 5780 5105 4927 5392 5420 5500 5445 5113 5442 5745 5030 5245 5266 4777 5239 5353 5811 5835 5313 5414 5592 5635 5449 5579 5339 5759 6125 5460 5539 5107 5824 5597 5581 5567 5385 5198 5217 5806 5204 5712 5584 5829
4787 5280 4939 5014 4994 5437 4830 4655 5094 5225 5153 5230 4806 4858 5158 4653 4953 5186 4993 5026 4840 4585 4622 5089 4942 4850 5609 5441 4889 4993 5132 4956 4849 5029 4906 4700 4945 5450 5097 4737 5043 5532 5081 4774 4424 5070 5113 5318 4499 5198 5058 5231 5285 4769 5161 5138 4879 5295 4789 5248 5500 4521 4797 4864 4831 5032 4793 5172 5060 5074 4917 4796 4969 5054 4652 5181 5127 5020 5018 4933 4836 4442 4954 4566 5303 4890 5046 5105 4536 5301 4890 5098 4760 5164 5182 5072 5119 5131 5121 4688 4764 4518 5161 5159 5049 5265 5099 4593 4816 5230 5018 5069 4854 5101 5196 4806 4472 4574 4607 5143 4780 5134 5178 5202 4694 4836 4939 4468 5018 5299 4779 4863 5139 5049 5217 4914 5040 4987 4364 4992 5263 4767 4981 4935 4919 5337 5208 4942 4633 5193 5456 4826 4802 5093 5262 5112 5013 5068 4923 5369 4467 5080 4757 4981 4845 4751 4594 4369 4676 5370 5041 5071 5072 4912 5101 4806 5195 5097 5322 5205 5053 4847 4908 4820 5046 5134 5430 5306 5118 5059 4826 4975 4827 5260 5026 5238 4782 5295 5254 4917 4922 4923 4715 5399 5384 5022 4535 5034 5158 5565 4340 5162 4948 5007 5166 4948 4754 4912 5043 4866 4981 4593 5096 4911 4715 4909 4962 4323 4793 5027 5198 5060 4956 4621 4831 5117 4983 5155 5119 5217 5288 5030 5129 4926 5212 5104 4797 5508 5168 4837 4602 5098 4860 5119 5125 5186
4955 5315 4936 5187 5024 5345 5028 4580 5187 5009 4896 5253 4746 4891 5158 4965 4975 4845 5277 4896 4795 4546 4724 5269 5097 5093 5552 5143 4538 4868 5000 5241 5100 4985 4951 5064 4773 5513 4991 4961 5226 5322 5130 4989 4487 5185 4944 5304 4680 5148 4928 5267 5319 4603 5024 5520 4743 5103 4708 5198 5567 4890 5100 4941 5141 5171 4995 5280 5022 5202 5049 4966 4967 4944 4741 5257 5082 5275 4813 5078 5093 4659 4708 4537 5250 4887 5476 5355 4942 5210 4935 5301 5095 5323 5446 5083 4968 5031 4962 5220 4861 4687 5071 4924 4986 5347 5095 5212 4648 4881 5226 4820 4699 5007 5361 5031 5025 5019 5211 5203 4963 5117 5265 5450 4813 4618 5295 4740 5008 4950 4743 4767 5037 4855 5246 5133 5168 4806 4491 5037 5480 5008 5123 4910 5002 5189 4941 5040 4718 5067 5223 4936 4881 4829 5263 5080 4971 4998 4968 5598 4393 5036 5128 4912 4931 4707 4678 4734 4864 5505 5057 4886 5272 5194 5314 4894 5018 5224 5333 5160 5258 4908 4617 4753 4944 4859 5400 5138 5047 4918 4799 4992 4727 5077 5154 5261 4939 5099 5026 4747 5185 5251 4729 5264 4924 5272 4732 4972 5369 5641 4705 4829 4982 4990 5416 4842 4876 4700 4822 4872 5139 5118 4930 5045 4742 4930 5086 4448 5001 4900 5264 5293 5022 4793 5006 4839 5075 4981 4858 5192 5504 5066 5059 4828 5199 5048 5151 5543 5056 4873 4848 5198 4790 5005 4697 5694
5028 5186 4929 5239 5268 5252 5044 4707 5197 5237 4984 5356 5246 5006 5217 5012 4922 5301 5353 5057 5203 4776 4988 5338 5378 5109 5728 5498 5084 5102 4996 4932 5069 5173 5008 5008 5170 5549 5220 5031 5090 5605 5011 5246 4468 5416 5155 5728 4867 5081 4882 5195 5209 4958 5272 5316 4835 5263 4772 5319 5620 4921 5167 5113 4905 5207 4858 5408 4902 5406 4973 5004 5236 5308 4877 5240 5579 5283 5097 4949 5382 5047 5095 4865 5048 5123 5366 5496 5129 5406 5069 5286 4987 5303 5678 5059 4861 5247 5053 5227 4871 4915 5286 5439 5534 5198 5455 4962 4781 5196 5697 5114 5020 5184 5367 5178 4808 4880 5152 5580 4848 5350 5205 5363 4751 4997 5522 4919 5159 5166 4923 5068 5610 5427 5336 4920 5233 4981 4809 5220 5413 4781 5283 5211 5088 5505 5286 5031 4738 4997 5516 4963 4771 5007 5302 5076 5349 5176 5015 5617 4481 5068 5271 5181 5172 4884 4690 4803 4934 5678 5246 5365 5485 5197 5338 4983 5244 5184 5335 5355 5555 5103 4625 4807 5181 5405 5615 5270 5367 4901 5109 5176 5014 5469 5158 5374 4908 5401 5481 4796 5081 5029 4819 5162 5381 5260 4957 5407 5142 5360 4861 5261 5470 5201 5557 5157 4998 4980 5346 5073 5171 4896 5025 4999 4981 5098 5122 4668 4913 5153 5625 5680 5110 4849 5037 5263 5138 5304 5340 5595 5716 5210 5079 4735 5296 5006 4844 5479 5279 5091 4591 5483 5011 5313 4828 5541
5221 5742 5421 5316 5540 5783 5214 5186 5441 5489 5563 5507 5311 5545 5963 5246 5421 5525 5640 5627 5397 5131 5267 5724 5530 5382 5923 5647 5490 5301 5592 5481 5361 5676 5259 5358 5593 5611 5520 5432 5559 6112 5518 5063 5005 5776 5623 6019 5270 5616 5173 5624 5692 5386 5505 5758 5040 5791 5194 5692 6014 5302 5535 5332 5482 5343 5117 5474 5545 5575 5656 5424 5364 5613 5225 5588 5407 5527 5513 5450 5441 5119 5140 5136 5706 5568 5594 5800 5358 5891 5388 5469 5322 5551 5859 5751 5602 5709 5451 5555 5458 4842 5746 5703 5326 5477 5428 5300 5378 5538 5811 5280 5640 5661 5498 5577 5283 5182 5203 5552 5357 5763 5572 5717 5370 5317 5706 5262 5663 5561 5597 5328 5777 5404 5547 5365 5785 5203 5166 5694 5898 5322 5254 5235 5493 5895 5485 5910 5002 5476 5691 5316 5027 5239 5642 5762 5581 5547 5299 6236 4955 5396 5374 5497 5410 5161 5152 5190 5248 5935 5850 5529 5688 5615 5640 5149 5585 5495 5795 5665 5885 5298 5247 5461 5303 5422 5976 5845 5514 5328 5502 5553 5203 5915 5680 5632 5229 5784 5739 5316 5523 5675 5161 5659 5751 5777 4961 5493 5547 5972 5142 5475 5533 5424 5620 5536 5495 5356 5552 5517 5530 5324 5567 5382 5214 5311 5321 4781 5410 5564 5888 5906 5395 5280 5060 5661 5414 5622 5551 5946 6048 5527 5596 5229 5767 5547 5449 6085 5388 5156 5021 5905 5243 5712 5196 5932
4879 5480 5049 5583 5414 5166 5097 4597 5262 5213 4940 5322 5182 5220 5431 5104 5021 5232 5424 5063 5062 4761 4723 5318 5279 5308 5922 5099 4976 5345 5025 5042 4879 4908 4963 4988 4975 5680 5119 5203 5198 5630 5409 4995 4659 5228 5394 5566 4783 4926 5080 5385 5483 5011 5417 5537 4802 5248 4820 5417 5702 5068 5101 5044 4996 5156 4977 5603 5470 5521 5304 5256 4880 5292 4691 5189 5151 5403 4881 5481 5471 4592 4993 4843 5359 5043 5180 5329 4999 5416 5117 5061 4709 5241 5400 5271 5252 5176 5144 5106 5016 4810 5164 5333 5124 5492 5495 4924 4832 5242 5270 4671 4879 5238 5432 5088 4874 5006 4957 5274 5065 5350 5281 5304 4908 4980 5214 4969 5332 5059 4962 5002 5268 4962 5600 5247 5147 5185 4909 5087 5572 5030 5072 5166 5099 5706 5180 5139 4733 5325 5566 5117 4844 4935 5240 5624 5400 5009 5112 5794 4537 5314 5193 5322 4884 4679 4852 4777 5088 5720 5418 5228 5320 5017 5328 5093 5348 4996 5563 5471 5509 4910 4686 4880 4901 5254 5407 5285 5368 5034 5184 4927 5146 5223 4884 5336 5029 5708 5213 4987 5276 5319 4899 5414 5110 5357 4607 4974 5130 5591 5025 5252 5057 5149 5494 4725 4937 5208 4946 5251 5168 5016 5100 5119 5073 4978 5302 4518 4996 5214 5338 5613 5091 4912 5144 5113 4883 5038 5115 5557 5535 5221 5054 5182 5303 5409 5292 5532 5211 4833 4522 5391 4931 5343 4987 5535
4777 5248 4930 5208 5173 5413 5021 4851 5410 5260 5245 5167 5051 5210 5387 4917 4980 5238 5258 5094 4884 4752 5026 4983 5205 4929 5717 5362 4782 5089 5037 5208 5033 5159 5082 5242 4955 5586 5246 4973 5244 5683 5229 4781 4309 5231 5259 5334 4711 5038 4948 5257 5227 4865 5321 5354 4829 5260 5044 5448 5535 4960 5046 5097 5082 5101 5155 4995 5279 5290 5101 5061 5136 5032 5037 5025 5264 5005 5162 5335 5474 4797 4825 4807 5446 5231 5560 5476 4978 5236 5054 5100 5034 5382 5459 5499 5247 5192 4945 5251 5223 4775 5431 5327 4985 5322 5290 4702 4665 5188 5498 4853 4952 5508 5487 5010 5191 4901 4940 5264 4801 5302 5322 5321 5004 4742 5315 5091 5132 5071 5043 4661 5381 4961 5287 5120 5473 4770 4750 5252 5334 4973 4856 5057 4986 5377 5245 5334 4762 5194 5330 4941 4920 4827 5335 5052 5149 5038 4845 5648 4722 5036 4991 5457 5141 5039 4953 4733 4856 5634 4974 5008 5589 5114 5317 4719 4918 5348 5187 4960 5552 4858 4787 4964 4946 5090 5389 5577 5352 4830 4993 5054 4747 5320 5043 5168 5172 5168 5266 4757 5161 5266 5008 5327 5135 5538 4666 5123 5285 5529 4802 5030 5294 4986 5315 4834 4785 4864 5294 5048 5042 4885 5170 5067 5028 5070 5174 4540 4967 5119 5447 5646 5136 4980 5020 5083 5122 5230 5223 5534 5487 5072 5148 5023 5168 5242 5184 5567 4933 5007 4927 5472 4921 5240 4899 5714
5238 5391 5175 5410 5216 5470 5186 4690 5191 5212 5261 5346 4830 5258 5559 5169 4941 5277 5262 5396 4981 4766 5261 5389 5405 5388 5607 5296 5034 5230 5124 5279 4896 5138 5411 5467 5398 5478 5155 5302 5443 5708 5023 4887 4568 5221 5578 5460 4830 5156 5170 5414 5522 5139 5346 5503 4749 5237 4837 5314 5400 5129 5222 5053 5098 5319 5102 5161 5016 5572 5546 5127 5108 5271 4875 5282 5337 5240 5197 5385 5313 4806 4695 4622 5379 5156 5744 5587 5021 5580 5162 5319 4958 5395 5750 5603 5098 5380 5216 5176 4987 4966 5200 5416 5176 5577 5560 5072 4910 5249 5473 4994 5276 5454 5359 5239 4809 4911 5322 5369 5234 5245 5385 5272 4859 4873 5239 5099 5201 5283 5212 5203 5508 4941 5309 5336 5124 4972 4790 5084 5708 4943 5338 5263 5156 5839 5246 5499 5023 5478 5415 5026 5167 5091 5321 5326 4887 5005 5168 5675 4610 5225 5435 5368 5065 4932 4661 4870 5155 5768 5428 5411 5456 5275 5724 5167 5204 5133 5534 5606 5357 4936 4712 5048 5127 5069 5603 5845 5436 4917 5117 5159 5186 5505 5294 5437 5156 5604 5371 5126 5137 5284 4905 5359 5315 5515 4743 5330 5494 5687 4967 5219 5257 4989 5449 4637 4879 5298 5227 5286 5303 5177 5135 5150 4696 4969 5275 4856 5247 4978 5497 5682 5145 5204 5127 5189 5430 5367 5565 5302 5506 5147 5375 5469 5339 5215 5285 5867 5509 5076 4840 5490 4865 5247 5038 5683
4535 5278 4633 5275 5286 5379 4954 4761 5152 5042 4824 5092 4864 4893 5379 4895 4841 5183 5227 5146 4861 4372 4795 5091 4988 4898 5632 5396 4654 4995 5022 5016 4865 5083 5050 5052 4872 5205 4909 5019 5147 5669 5205 4819 4282 5146 5085 5364 4833 4947 4713 5295 5380 4608 5154 5180 4858 5292 4766 5223 5680 4843 5069 4891 4679 4901 4833 5075 5036 5131 5061 4992 5081 5134 4816 5001 4971 5213 4871 5076 5320 4752 4963 4748 5144 4991 5529 5469 5066 5204 5202 5383 4829 5066 5632 5357 4892 5112 5052 5105 4938 4662 5260 5124 4875 5199 5042 4612 4854 5137 5161 4576 5060 5382 5465 4947 4595 4907 4915 5216 4694 5292 5339 5248 4836 4747 5101 4946 5297 5154 4924 4569 5426 4750 5409 4788 5510 4898 4821 5171 5494 4977 4640 4773 5009 5495 5142 5028 4601 5184 5369 4758 4911 4730 5251 5180 4955 4885 4831 5536 4501 4962 4918 5122 4951 4803 4567 4737 4811 5286 5166 4915 5387 5099 5118 4877 5194 5080 5523 5277 5452 4619 4795 4901 4792 5135 5573 5463 5171 4834 5083 4931 4693 5326 4910 5184 5096 5352 5111 4819 4905 5237 4692 5351 5081 5268 4650 5133 4983 5491 4797 5119 5163 4979 5213 4749 4921 5137 5074 5123 5074 4804 4970 5194 4753 4743 5046 4483 5060 5050 5065 5345 4954 4940 4691 4868 4955 5205 5005 5350 5361 4928 4927 4741 5278 4882 5059 5309 5000 5051 4595 5441 4916 4975 4978 5210
5104 5390 5156 5427 5411 5290 4935 4759 5292 5336 5316 5200 5077 5172 5649 5138 4968 5266 5414 5284 4923 4788 5045 5584 5370 5136 5663 5482 5158 5372 5339 5210 5089 5226 4902 4852 5063 5488 5140 5149 5311 5716 5172 5224 4543 5256 4905 5475 4649 4997 5093 5426 5592 4992 5275 5280 4983 5453 4893 5155 5639 5008 5341 5129 5179 5365 4918 5336 5231 5738 5231 5169 5063 5415 5067 5373 5484 5403 5092 5104 5449 4756 5106 4637 5208 5053 5471 5389 4968 5576 4913 4918 4852 5546 5471 5324 5162 5389 5154 5099 5145 4723 5321 5317 5163 5347 5419 4910 4847 5077 5414 4819 4754 5281 5350 5075 4912 4825 5194 5404 5047 5467 5391 5397 5035 4790 5250 5035 5376 5309 5082 5187 5701 4946 4963 5187 5041 5112 4632 5227 5266 4844 5251 5273 4880 5600 5063 5150 5165 5566 5595 5069 4808 5265 5487 5258 5269 5291 5019 5745 4569 5102 5517 5349 5009 4891 4863 4910 4903 5717 5534 5198 5253 5434 5232 4968 5448 5032 5475 5511 5347 5064 4793 4802 5016 5180 5538 5337 5243 5294 4885 5091 5036 5557 5322 5495 5095 5633 5481 4932 5239 5370 4902 5590 5207 5197 4820 5038 5246 5595 4893 4945 5167 5050 5273 4894 5073 5242 5196 5001 5278 5160 4882 5473 4860 5054 5047 4496 5051 5276 5501 5589 5206 4930 5021 5420 5282 5609 4893 5457 5710 5362 5259 5020 5549 5122 5139 5617 5098 4816 4967 5407 5144 5095 5034 5654
5094 5744 5311 5470 5502 5573 5214 4999 5407 5492 5515 5594 5202 5123 5509 5300 4885 5349 5343 5490 4924 4938 4991 5528 5479 5103 5816 5399 5069 5434 5457 5430 5061 5364 5054 5383 5158 5490 5290 5230 5251 5677 5204 5157 4813 5362 5361 5829 4872 5168 5210 5771 5608 5014 5302 5614 5108 5311 5130 5317 5930 4875 5430 5527 5198 5532 4844 5589 5213 5420 5220 5375 5191 5294 5250 5179 5459 5427 4918 5200 5407 4944 5294 5090 5547 5214 5731 5555 5159 5487 5177 5244 5087 5290 5812 5344 5531 5349 5354 5432 5079 4943 5258 5499 5318 5649 5482 5068 4898 5489 5407 4981 4951 5541 5766 5278 4999 5174 5356 5534 5162 5190 5475 5775 5073 4666 5225 5143 5437 5389 5069 5383 5688 5071 5250 5492 5524 5034 4831 5351 5497 5109 5071 5335 5090 5775 5193 5308 4998 5277 5738 5163 5067 5298 5500 5449 5333 5394 4981 5648 4491 5229 5304 5438 5466 5160 5088 5025 4917 5869 5514 5271 5453 5447 5548 5082 5325 5329 5549 5486 5426 5189 4706 5191 5220 5131 5863 5761 5152 5267 5166 5222 5057 5327 5360 5466 5358 5466 5740 5226 5306 5208 4826 5702 5297 5344 5225 5413 5278 5748 5032 5361 5359 5288 5592 5091 4967 5419 5516 5209 5325 5201 5058 5469 5050 5250 5253 4716 5223 5081 5467 5758 5460 5301 5023 5451 5193 5505 5198 5700 5588 5503 5415 5087 5545 5506 5202 5805 5266 4899 5009 5445 5204 5302 5132 5699
4556 4895 4659 4926 4764 4991 4911 4583 4862 5004 4705 4778 4695 4562 4907 4509 4650 4976 4981 4943 4690 4469 4779 4820 5077 4772 5272 4937 4602 5013 4763 4768 4622 5150 4545 4788 4609 5160 4757 4702 4860 5111 5084 4724 4376 5111 4852 4935 4463 4830 4899 5004 5086 4702 5071 4996 4612 4973 4390 5088 5127 4668 4751 4663 4725 4699 4645 4843 4961 5077 4862 4697 4723 4981 4697 4992 4758 4972 4683 5023 5001 4532 4690 4635 5134 4819 4996 5196 4545 4789 4867 5043 4738 5193 5150 5019 4786 4890 4812 5086 4760 4414 5010 5134 4936 5069 4970 4768 4390 4990 5178 4588 4696 4920 5018 4588 4766 4691 5021 4929 4617 5045 5063 4945 4639 4529 5027 4773 5096 4992 4598 4680 5068 4803 4797 4994 4948 4788 4449 4556 4969 4914 4877 4530 4669 5044 5071 4810 4520 4809 4969 4718 4595 4855 5014 4841 4941 4899 4790 5311 4218 4986 4814 5051 4700 4625 4352 4477 4601 5377 4980 4880 5114 4988 4996 4692 4995 5000 5428 5109 5017 4582 4416 4650 4447 4827 5251 4952 5053 4896 4587 4766 4385 4900 4909 5278 4796 4936 4845 4737 4846 4924 4523 5117 5189 4699 4560 4833 5016 5303 4417 4823 4942 4665 5240 4671 4626 4616 4968 4853 4793 4632 4656 4761 4622 4487 4740 4395 4752 4886 5038 5192 4997 4602 4728 4658 4970 4960 4939 5101 5059 4835 4871 4717 5020 4890 4687 5198 4824 4568 4697 5024 4732 4780 4722 5002
4768 5081 4869 4966 4911 4960 4702 4413 5154 4889 4979 4809 4754 4718 5019 4682 4752 4849 4734 4898 4465 4527 4534 4921 5106 4906 5132 4889 4526 5040 4935 4964 4609 4804 4593 4840 4772 5087 4892 4642 4959 5090 4811 4773 4215 4934 4876 5035 4306 4996 4787 4856 5099 4766 4890 5028 4534 4911 4270 4816 5067 4420 4772 4906 4858 4934 4732 4949 4900 5027 4862 4712 4769 4729 4769 5048 5056 4756 4552 4829 5039 4370 4507 4517 4791 4726 5059 5003 4420 4932 4791 4720 4744 4940 5162 5008 4727 4880 4713 4870 4573 4429 5278 4934 4679 5021 5031 4325 4603 4921 5037 4845 4551 4816 5024 5008 4447 4731 4639 5027 4689 4932 4839 4904 4524 4601 4806 4587 4779 4972 4545 4593 5335 4551 4545 4836 4905 4587 4190 4785 5076 4539 4743 4686 4892 5229 4903 4942 4829 4926 4993 4731 4671 4832 4970 5129 4539 4869 4657 5339 4340 4956 4847 4931 4848 4473 4584 4316 4482 5456 4632 5027 4967 5105 5144 4693 4928 4962 5104 4933 5060 4612 4525 4792 4762 4731 5250 5305 4998 4837 4843 4844 4704 4751 5087 5160 4857 4889 4917 4608 4462 4913 4509 4979 4920 4794 4629 4777 5030 5509 4298 4823 4919 4777 4972 4633 4507 4655 4771 4848 4887 4786 4679 4875 4305 4568 4566 4230 4642 4601 5035 5170 4889 4492 4640 4894 5047 4935 4778 5308 5416 4707 4777 4821 4964 4934 4924 5435 4950 4669 4083 5149 4404 4866 4535 5342
4642 5166 5028 5134 5290 5238 5136 4790 5029 5182 5412 5201 5092 5106 5336 4833 4703 5145 4897 5152 4820 4570 5012 5243 5175 4833 5490 5301 4881 4915 4985 5043 4630 5007 4851 4949 5029 5707 5100 4740 4974 5278 5089 5064 4408 5105 5139 5459 4662 5388 4903 5395 5323 4827 5147 5300 4738 4949 4563 5061 5691 4748 5072 4748 4578 5181 4607 5134 4740 5241 4927 4718 4902 5030 4934 5152 5168 4895 4857 4885 5364 4531 4833 4785 5062 4973 5206 5466 4707 5444 4886 4937 4860 5036 5476 5025 5099 5095 5100 4937 5141 4642 5198 5048 4978 5175 5210 4753 5086 5017 5300 4927 5054 5200 5305 4890 4897 4755 5034 5260 4837 5252 5099 4980 4678 4703 5064 4879 5016 5264 4942 4903 5647 5146 5007 5047 5284 4969 4638 5041 5068 4775 4803 4824 4963 5501 5350 4902 4940 4960 5345 4814 4844 4902 5162 4889 4892 4823 5001 5681 4776 5095 4983 5030 4870 4815 4496 4760 4521 5434 5004 5033 5205 5088 5055 5101 5209 5029 5605 5163 5260 4874 4726 5020 4834 4879 5350 5476 4981 5036 4729 5103 4793 5043 4995 5274 4927 5260 5169 4981 4818 5066 4498 5397 5139 5174 4625 4888 5002 5560 4579 5157 4983 5110 5114 4772 4818 5062 5237 5142 5172 5073 5092 4963 4742 5120 5212 4499 5159 5142 5429 5554 5011 4598 4690 5042 4886 5093 5234 5694 5526 5215 5191 5002 5504 5240 4925 5231 4870 4781 4651 5241 4873 5263 5000 5284
5051 5360 5105 5309 5062 5039 4970 4561 5171 5295 5190 5459 4987 5075 5478 5059 4994 5377 5174 5068 5035 4648 4793 5112 5664 5263 5537 5109 4967 5204 5059 4756 5062 5095 5047 5239 5048 5322 4971 5218 4852 5649 5224 4944 4625 5343 5152 5385 4734 5133 4833 5193 5255 4684 5353 5324 4774 5362 4904 5236 5367 4782 4983 5157 4755 5434 4987 5484 5055 5309 5103 4986 5137 5353 4846 5177 5090 5406 5162 5243 5294 4673 4832 4743 5204 5100 5332 5429 5154 5227 5117 4937 5060 5346 5840 5223 5274 5274 4978 5177 5150 4582 5334 5273 5361 5371 5247 4861 4709 5203 5595 5012 5135 5228 5642 5402 4872 4839 4989 5382 4849 5318 5335 5177 5070 4989 5315 5067 5171 5028 5033 5132 5417 5119 5015 4850 5615 5104 4619 5356 5666 4801 5081 5296 5273 5466 5307 5502 4619 5357 5608 4957 4801 4852 5291 5216 5207 5224 4975 5828 4624 5338 5168 5256 5116 4681 4744 4791 4859 5590 5138 5338 5315 5256 5379 5016 5289 5167 5496 5328 5479 4772 5124 4789 5121 5152 5532 5419 5337 4891 5216 5071 4783 5492 5015 5244 5088 5375 5245 4910 4911 5173 4935 5096 5117 5329 4472 5206 5181 5456 4728 5098 4999 4941 5431 4817 5026 4897 5103 5065 5139 5277 5149 5366 4915 5033 5109 4374 4948 5161 5201 5762 4813 4828 5057 5183 5165 5351 5137 5628 5585 4906 5265 4906 5234 5341 5045 5533 5000 5121 4718 5565 5051 5178 4908 5503
5303 5635 5187 5540 5625 5479 5215 4800 5657 5611 5558 5564 5244 5539 5751 5024 5100 5522 5456 5530 5406 4929 4915 5416 5474 5380 6208 5691 5287 5337 5504 5226 5089 5559 5196 5317 5163 5432 5380 5280 5348 5832 5378 5222 4528 5665 5428 5898 5090 5374 5414 5443 5343 5186 5501 5695 5180 5657 4933 5629 5913 5315 5505 5084 5226 5251 5243 5629 5591 5789 5461 5358 5000 5429 4947 5308 5465 5257 5038 5382 5594 4663 5113 5155 5520 5363 5346 5550 4874 5735 5455 5342 5314 5529 5709 5532 5428 5641 5287 5317 5378 5017 5386 5553 5346 5781 5797 4905 5142 5378 5495 4991 5221 5475 5648 5268 5029 5137 5158 5445 5238 5619 5730 5579 5230 5153 5307 5089 5521 5558 4995 5211 5884 5203 5293 5240 5505 5432 4981 5274 5532 5191 5194 5183 5315 5669 5227 5341 5091 5414 5598 5252 5348 5205 5439 5730 5286 5617 5180 5778 4689 5419 5364 5712 5066 5150 5033 4877 4972 5850 5377 5442 5704 5374 5623 5268 5506 5589 5661 5486 5617 5067 5128 5242 5134 5434 5536 5610 5428 5305 5457 5428 5207 5260 5272 5599 5354 5735 5371 5157 5231 5281 4934 5566 5682 5406 5047 5237 5394 5839 4980 5355 5380 5204 5683 5117 5196 5460 5468 5148 5322 5212 5138 5505 5059 5179 5237 4703 5136 5354 5761 6059 5411 5193 5220 5216 5199 5490 5488 5858 5906 5359 5441 5314 5724 5289 5298 5460 5217 4881 4772 5767 5212 5212 5363 5802
4885 4998 4487 5030 5034 4957 4776 4329 4813 4860 4832 4631 4585 4804 4979 4657 4739 5063 4645 5018 4811 4275 4861 5101 4915 5039 5299 4933 4626 4310 4746 4687 4708 4767 4853 4599 4512 5139 4716 4829 4558 4998 4999 4693 4322 4869 4899 4938 4293 4975 4705 5044 4984 4415 4796 5248 4453 4962 4354 5030 5037 4466 4605 4447 4560 4829 4667 4962 4797 5055 4882 4582 4849 5029 4609 4982 5133 4798 4741 4824 5039 4386 4554 4213 4911 4744 4942 5083 4550 4963 4871 4831 4602 5046 5228 4951 5086 4873 4885 4881 4821 4374 4788 4954 4990 5162 4963 4358 4405 4801 4922 4479 4460 4820 4981 4357 4966 4753 4672 5028 4571 5134 5127 4751 4496 4911 4884 4453 4791 4617 4424 4318 5183 5005 4949 4794 4826 4896 4297 4504 4998 4673 4738 4886 4774 5054 4736 4911 4550 4805 5237 4497 4707 4652 4802 4913 4966 4672 4799 5221 4064 4814 4851 4714 4656 4541 4408 4427 4583 5181 4895 4739 4846 4729 5013 4726 4883 4803 5128 5202 4815 4521 4414 4751 4732 4825 5020 4988 4808 4571 4523 4787 4707 5113 4794 4855 4842 5162 4996 4608 4591 4666 4468 4924 4804 4982 4240 4894 4815 5291 4646 4661 4892 4882 5092 4269 4522 4703 4941 4622 4811 4717 4653 4551 4587 4727 4852 4331 4553 4811 5166 5431 4894 4485 4791 4679 4806 4765 4736 5203 5126 4776 4739 4756 5054 4693 5015 4949 4937 4611 4596 5054 4499 5001 4584 5144
5204 5546 5556 5514 5597 5658 5432 4900 5400 5426 5611 5669 5210 5309 5759 5188 5312 5532 5434 5584 5214 4801 5172 5732 5693 5522 6095 5484 5604 5263 5430 5340 5250 5052 5413 5442 5482 5897 5675 5175 5403 5909 5364 5229 4493 5503 5245 5840 4935 5557 5496 5499 5526 5559 5519 5674 5004 5533 5268 5412 6049 5322 5539 5182 5302 5576 5153 5680 5152 5771 5265 5589 5332 5511 5321 5470 5487 5370 5103 5647 5477 5081 5210 4895 5613 5765 5757 5613 5355 5486 5290 5743 5245 5705 5822 5445 5618 5370 5329 5508 5304 4984 5743 5860 5536 5744 5703 4919 5037 5674 5486 5048 5130 5438 5553 5165 5181 5061 5317 5552 5171 5664 5514 5571 5139 5244 5390 5073 5557 5392 5274 5394 5641 5196 5675 5580 5669 5111 4981 5511 5695 5257 5212 5368 5440 5940 5507 5672 5247 5481 5674 5132 4942 5364 5368 5352 5361 5198 5380 5985 4796 5461 5175 5265 5472 4932 5179 5012 5274 6066 5571 5357 5837 5292 5533 5480 5538 5277 5826 5773 5738 5284 5036 5287 5385 5177 5731 5664 5462 5404 5167 5609 5400 5810 5438 5587 5428 5869 5707 5187 5473 5362 5034 5825 5499 5454 5044 5318 5576 5961 5201 5477 5311 5347 5593 5293 5031 5451 5570 5329 5378 5254 5220 5195 5189 5404 5269 4760 5203 5504 5875 5963 5488 5058 5448 5428 5608 5334 5382 5944 5928 5491 5793 5375 5861 5455 5361 5941 5289 5039 5013 5570 4990 5734 5072 6020
5217 5282 5202 5369 5405 5575 5121 4741 5409 5335 5536 5400 5081 5097 5406 5316 5040 5360 5361 5380 5126 5165 5181 5383 5340 5203 5715 5477 5175 5063 5369 5352 4934 5337 5365 5221 5082 5435 5375 5146 5239 5512 5233 4983 4600 5232 5244 5497 4903 5000 4942 5646 5670 5272 5261 5254 5105 5386 4814 5475 5559 4922 5121 5193 5076 5253 4920 5517 5325 5292 5171 5174 5324 5313 5190 5290 5226 5183 5147 5186 5376 4819 4841 5003 5581 5052 5897 5323 5023 5327 4982 5367 5232 5381 5859 5503 5245 5364 5048 5273 5115 4770 5333 5528 5451 5522 5533 4902 5020 5331 5347 4886 4900 5051 5506 4961 5062 4994 5042 5600 4879 5453 5446 5221 5056 5189 5289 5199 5508 5135 5009 5029 5488 5330 5270 5300 5101 5071 4546 5371 5720 4882 5328 5184 5240 5707 5312 5342 4843 5329 5464 4996 4737 4643 5241 5329 5383 5025 4936 5645 4597 5404 5237 5397 5125 4895 4747 4753 4972 5864 5466 5171 5546 5410 5372 5189 5490 5235 5655 5632 5512 4928 4543 5072 5264 5303 5720 5374 5153 5292 5148 5101 4966 5537 5347 5336 5330 5661 5494 5112 5181 5435 4958 5293 5189 5291 4781 5352 5025 5653 4973 5097 5169 5391 5542 5065 5078 5107 5273 5351 5247 5142 5202 5118 4955 5236 5238 4664 5120 5253 5540 5624 5200 4991 5226 5433 5411 5406 5346 5469 5530 5358 5240 5059 5304 4970 5113 5829 5361 4939 4983 5313 4940 5292 4873 5527
4999 5379 5091 5326 5059 5548 5035 4813 5220 5189 5183 5292 4953 4917 5303 5078 4855 5209 5046 5369 4994 4765 4882 5323 5131 5037 5464 5186 4836 5139 4958 5048 4821 5047 4742 5113 4990 5745 5072 4939 4809 5578 5088 4844 4823 5313 5370 5173 4864 5223 4833 5127 5367 4959 5207 5335 4935 5277 4906 5287 5434 4750 5011 4975 4733 5130 4909 5359 5098 5052 5189 5158 5057 5135 4852 5050 5344 5293 4921 4986 5271 4691 5089 4842 5324 4972 5459 5485 4767 5305 4897 5211 4875 5280 5336 5316 5189 5535 5281 5137 4912 4857 5163 5128 5136 5186 5188 5243 4882 5199 5507 5033 5060 5245 5391 4770 4747 4747 5113 5348 4966 5378 5194 5316 5125 5113 5602 4867 5043 4888 4930 4826 5535 5284 5258 5205 5144 5047 4680 4773 5436 5026 5146 5055 4886 5243 4995 4991 4769 4892 5486 5053 4947 4973 5382 5269 4997 5325 5209 5712 4825 4953 5317 5322 5064 4912 5017 4977 4740 5527 5230 4885 5124 5087 5190 4973 5124 5152 4971 5177 5106 4849 4606 4755 4987 5252 5681 5461 5142 5019 5152 5308 5216 5568 5542 5223 5139 5522 5392 5019 5000 4987 4740 5425 5295 4989 4743 5039 5249 5551 4551 4934 5279 4880 5332 4716 4861 4860 5189 5268 5278 5108 5080 4843 4740 4810 5017 4690 4935 4833 5114 5579 4960 4861 5030 4891 5023 5204 5126 5496 5287 5042 5051 4995 5192 5002 5030 5484 5038 4967 5148 5243 4713 4858 4963 5493
5015 5284 5224 5231 5479 5237 5082 4528 5234 5289 5373 5137 5080 4941 5348 5026 4872 5471 5219 5319 5063 4780 5100 5364 5479 5183 5682 5283 4968 5287 5070 5304 5210 5302 4984 5138 5017 5212 4903 5081 5081 5428 5183 4983 4549 5300 5290 5374 4826 4930 5044 5475 5505 5145 5284 5208 4651 5446 4875 5318 5446 4728 5252 5021 5072 4989 4849 5223 5067 5423 5009 5155 5045 5283 4875 5295 5147 5192 4666 5309 5319 4561 4999 4903 5181 5088 5450 5250 4982 5297 5145 5041 5021 5194 5444 5386 5310 5482 5097 5192 5010 4804 5511 5367 5127 5468 5428 4885 4786 5254 5389 4958 4983 5214 5373 5048 4937 4846 5113 5327 5091 5333 5367 5275 4801 4967 5141 4894 5075 5283 4971 4915 5445 5092 5123 5227 5301 4811 4684 5183 5360 5090 4968 4966 5235 5319 5147 5229 4889 5300 5392 5073 4876 4972 5139 5317 5148 5031 4932 5432 4434 5087 5182 5322 4973 4823 4747 4520 4889 5511 5474 5281 5388 5366 5241 4900 5490 5210 5459 5112 5624 5269 4744 4973 4894 4991 5814 5583 5404 4994 4943 5115 5098 5166 5215 5320 4901 5599 5311 5172 5325 5284 4854 5189 5631 5458 4701 5090 5418 5454 4790 5157 4822 5253 5395 4830 5055 5141 5167 5035 5379 4883 4895 5320 4969 4995 5114 4397 4963 5048 5554 5619 5301 5228 4838 5200 5264 5498 5140 5489 5698 5074 5426 5111 5394 4992 5228 5313 5233 4891 5039 5514 5115 4967 5045 5664
5145 5472 5097 5172 5350 5546 5102 4815 5374 5277 5161 5194 4924 5072 5446 5024 5067 5458 5243 5196 5069 4655 5183 5509 5398 5447 5756 5291 5121 5279 5316 5281 4983 5153 5278 5359 5306 5427 5673 5217 5250 5664 5188 5193 4685 5399 5525 5559 4733 5082 5203 5513 5694 4928 5375 5295 4876 5375 4955 5233 5536 4905 5159 5154 4887 5226 5001 5252 5145 5268 5273 5029 5170 5155 4940 5236 5140 5193 5124 5234 5562 4721 4925 4843 5348 5457 5624 5538 4984 5282 5126 5245 4860 5400 5681 5226 5287 5417 5003 5263 4733 4759 5115 5296 5081 5479 5556 4879 4731 5331 5447 4946 4987 5360 5199 5009 4917 4855 5099 5292 5049 5262 5030 5112 4753 5070 5428 4848 5533 5307 5000 5166 5599 5031 5369 5357 5363 5176 4669 5271 5605 4957 5215 5075 5379 5513 5071 5543 4968 5354 5646 5007 4952 4981 5392 5306 5272 5018 5313 5762 4508 5063 5351 5154 4905 4833 4938 5070 5058 5764 5596 5061 5363 5051 5479 5168 5386 5078 5550 5549 5466 5099 4816 5155 5126 5040 5683 5377 5325 5098 5049 5483 5409 5272 5205 5307 5240 5700 5617 4873 5179 5217 4894 5466 5479 5208 4839 5217 5191 5525 4830 5306 5451 5161 5467 4839 5153 5225 5300 5210 5203 4921 5204 5129 4818 5156 5157 4770 5311 5403 5484 5590 5308 4853 5214 5312 5292 5467 5569 5557 5658 5291 5354 5323 5646 5242 5153 5734 5283 5055 4764 5358 4782 5460 5100 5530
5367 5751 5206 5695 5570 5706 5415 4880 5496 5923 5360 5594 5314 5376 5640 5335 5177 5741 5543 5338 5434 4780 5272 5689 5581 5275 5870 5733 5364 5256 5379 5487 5307 5479 5434 5397 5535 5821 5683 5259 5442 5862 5510 5391 4931 5599 5180 5756 5003 5522 5274 5634 5846 5296 5592 5608 4908 5465 5344 5966 6002 5172 5163 5434 5204 5503 5393 5559 5128 5943 5349 5432 5411 5441 5235 5434 5291 5446 5279 5750 5604 5071 5305 5123 5577 5297 5556 5582 5186 5342 5078 5290 5103 5751 5812 5396 5489 5838 5573 5560 5161 5086 5668 5609 5174 5725 5590 5304 5138 5279 5727 4996 5225 5521 5498 5367 5313 5285 5424 5571 5201 5234 5622 5413 5351 5177 5579 5344 5475 5245 5340 5118 5634 5177 5258 5476 5618 5450 4858 5388 5446 5267 5164 5522 5386 5798 5635 5371 5210 5351 5923 5151 5126 5056 5773 5459 5268 5605 5465 5749 4565 5539 5603 5482 5271 4970 5016 5098 5120 5692 5468 5559 5556 5417 5455 5383 5796 5520 5638 5544 6072 5099 4868 5184 5548 5407 5928 5555 5510 5405 5064 5399 5140 5533 5361 5539 5341 5748 5869 5250 5352 5308 4961 5778 5749 5472 5224 5240 5719 5787 5325 5502 5516 5389 5757 5177 5307 5226 5670 5283 5265 5393 5338 5293 5241 5584 5271 4594 5400 5550 5690 5944 5349 5245 5384 5388 5308 5546 5274 6023 5999 5664 5245 5105 5593 5482 5286 5856 5376 5222 5392 5636 4985 5616 5256 5810
5000 5170 5093 5165 5379 5297 5242 4567 5114 5072 5277 5100 4730 5145 5274 5154 4930 5038 5041 5096 4979 4623 5015 5536 5370 4959 5414 5454 5037 4795 5401 4899 4848 5046 4865 5084 5043 5344 4971 5192 5033 5407 5149 4897 4489 5157 4907 5527 4968 5187 4932 5125 5147 4886 5168 5346 4859 5282 4826 5572 5680 4814 4979 5181 4939 5244 5145 5234 5215 5367 5132 5039 5265 4913 4953 5306 5362 5235 5222 5181 5385 4807 4706 4909 5283 5026 5223 5232 5009 5160 5129 4959 4899 5283 5665 5149 5214 5239 4906 5187 4881 4451 5199 5390 5128 5411 5238 5010 4666 5442 5185 5044 5134 5105 5433 4949 4842 5054 5256 5132 4993 5300 5365 5112 4790 4944 5029 4922 4913 5083 4959 4908 5537 4962 5284 5002 5151 5032 4739 5191 5504 4918 5100 5122 5014 5472 5153 5362 4961 5266 5570 4964 4893 4881 5462 5317 4985 5240 5051 5526 4214 5073 5129 5397 5006 4758 4938 4713 4753 5614 5221 5109 5432 5228 5380 5163 5494 5109 5610 5441 5365 4983 4412 4764 4878 5370 5400 5647 5040 4892 4904 5001 5270 5248 5160 5406 5040 5438 5205 4803 4799 5111 4769 5190 5270 5144 4918 5187 5183 5395 4669 4939 5068 5228 5529 5014 4931 5107 5071 5176 4910 5126 5228 5139 4741 4854 5274 4672 4798 5020 5394 5411 5112 4747 4947 5192 5313 5297 4997 5510 5394 5138 5149 5212 5019 4962 5067 5506 5175 4905 5044 5259 5181 5259 5021 5768
5263 5412 5387 5457 5320 5460 5227 5002 5189 5339 5699 5589 5159 5279 5579 5159 5218 5309 5353 5388 5051 5129 5061 5750 5471 5084 5765 5575 5356 5317 5091 5474 5036 5547 5096 5350 5370 5463 5297 5294 5238 5784 5233 5110 4839 5385 5204 5766 4858 5572 5080 5507 5414 5043 5561 5284 4901 5514 5152 5394 5800 5037 5249 5151 5324 5203 5187 5360 5401 5406 5483 5348 5216 5430 5276 5670 5397 5519 5201 5444 5580 4880 5228 5103 5505 5157 5420 5589 4798 5358 5257 5414 5098 5451 5550 5636 5521 5595 5009 5415 5169 4868 5529 5612 5314 5530 5382 5083 4922 5604 5812 5280 5363 5506 5480 5344 5001 5183 5495 5571 5087 5436 5590 5360 5198 5123 5452 5155 5260 5161 5205 5281 5829 5183 5346 5554 5479 5379 4800 5354 5637 5319 5454 5297 5366 5669 5535 5352 5185 5125 5738 5170 4952 5224 5593 5513 5224 5492 5418 6148 4776 5295 5410 5524 5382 5040 5055 5147 4979 5733 5596 5276 5491 5596 5600 5237 5512 5619 5801 5531 5735 5132 4850 5018 5224 5322 5807 5606 5247 5353 5387 5490 5245 5537 5449 5474 5221 5676 5649 5036 5352 5679 5013 5651 5557 5432 5030 5556 5513 5722 4787 5395 5357 5213 5426 5026 5040 5221 5348 5416 5429 4968 5302 5247 4883 5025 5182 4748 5245 5238 5895 5955 5200 4677 5212 5317 5497 5566 5395 5880 5845 5155 5463 5129 5534 5329 5232 5658 5130 5069 5022 5700 5105 5575 5067 5916
4940 5730 5213 5673 5283 5543 5098 5018 5190 5511 5425 5217 4981 5131 5452 5376 5216 5406 5377 5335 4994 4962 5023 5348 5330 5282 5798 5368 4910 5320 5380 5404 5188 5090 5181 5381 4779 5628 5431 5089 5268 6087 5435 5085 4867 5637 5298 5407 4768 5151 5016 5359 5511 5041 5297 5358 5187 5513 5105 5352 5653 4829 5233 5179 5256 5346 5097 5333 5194 5465 5409 5104 5278 5286 5097 5096 5246 5397 5115 5455 5501 4784 5138 4901 5430 5232 5673 5486 5059 5419 5083 5231 5165 5663 5572 5391 5542 5616 5223 5232 4996 4900 5698 5192 5255 5650 5487 4951 5109 5517 5592 5156 4885 5491 5607 5392 4975 5258 5431 5457 5021 5303 5390 5529 5395 4958 5341 5292 5233 5146 5046 5159 5412 5049 5295 5360 5414 4931 4798 5297 5582 5076 5227 5028 5419 5583 5260 5203 4898 5352 5668 4816 5191 5165 5719 5343 5055 5163 5367 6003 4798 5325 5372 5359 5267 4790 4889 4950 5036 5951 5454 5270 5351 5796 5472 5362 5335 5518 5495 5613 5604 4977 4910 5131 5238 5421 5751 5791 5497 5106 5503 5308 4846 5621 5283 5562 5332 5543 5322 4890 5238 5103 4946 5386 5129 5108 4914 5456 5550 5804 4894 5274 5327 5000 5415 4910 5123 5165 5374 5329 5331 5237 5085 5538 4878 5030 5147 4804 5092 5032 5499 5862 5133 4887 5264 5090 5480 5551 5269 5768 5691 5194 5439 5083 5484 5345 5369 5890 5230 5046 5040 5562 4991 5439 5240 5612
5449 5483 5390 5782 5491 5491 5267 4873 5602 5548 5393 5446 4964 5508 5754 5275 5274 5593 5542 5657 5197 5100 5258 5798 5471 5609 5694 5547 5359 5378 5308 5241 5305 5333 5439 5507 5474 5596 5701 5145 5445 5954 5201 5319 4911 5704 5206 5573 4857 5449 5215 5572 5789 5108 5560 5545 4887 5664 4931 6046 5595 5235 5533 5425 5411 5400 5216 5597 5358 5901 5319 5071 5263 5300 5474 5643 5246 5526 5314 5541 5637 4782 5095 5120 5777 5142 5528 5578 5371 5420 5347 5677 5216 5913 5830 5346 5638 5479 5380 5086 5268 4906 5629 5540 5241 5645 5836 5122 5083 5853 5675 5063 5188 5549 5747 5140 5103 5069 5195 5647 5017 5516 5515 5578 5125 5242 5339 5137 5496 5624 5198 5267 5528 5319 5477 5490 5322 5250 4996 5476 5607 5228 5720 5540 5398 5707 5212 5295 5159 5557 5781 5130 5032 5308 5607 5296 5412 5365 5320 5936 4526 5411 5262 5321 5123 5003 4886 5136 5047 5990 5681 5414 5561 5365 5767 5261 5493 5347 5661 5671 5676 5263 4999 5264 5448 5507 5844 5627 5399 5075 5145 5391 5230 5676 5627 5732 5267 5622 5742 5268 5335 5256 4678 5533 5717 5533 4846 5277 5572 5813 5062 5239 5312 5264 5653 5082 5342 5306 5385 5361 5357 5246 5454 5473 5087 5187 5399 4714 5075 5425 5515 5634 5278 4906 5147 5407 5492 5460 5221 5680 5880 5546 5467 5234 5673 5319 5278 5864 5180 5204 4998 5593 5412 5538 5114 5414
5191 5539 5337 5623 5642 5595 5555 4983 5306 5820 5432 5711 5392 5302 5546 5315 5324 5672 5537 5579 5094 5074 5238 5730 5716 5445 5850 5767 5114 5550 5215 5624 5387 5568 5503 5353 5527 5736 5474 5502 5430 5635 5271 5358 4759 5410 5566 5754 5133 5429 5052 5504 5690 5284 5715 5467 5060 5580 5453 5451 5931 5456 5439 5263 5089 5196 5330 5386 5461 5694 5509 5561 5337 5573 5243 5419 5565 5617 5231 5526 5864 5066 5031 5196 5607 5365 5722 5870 4909 5647 5491 5528 5169 5583 6040 5445 5503 5637 5505 5539 5203 5070 5692 5467 5414 5668 5629 5423 5254 5534 5794 5048 5144 5772 5865 5243 5000 5181 5403 5985 5308 5603 5661 5489 5159 5252 5661 5378 5392 5302 5608 5224 5761 5144 5317 5529 5722 5458 4891 5464 5529 5340 5584 5125 5552 6023 5506 5191 5132 5494 5782 5344 5182 5210 5596 5459 5307 5372 5235 5982 4852 5396 5266 5454 5416 5212 4834 5182 5340 6031 5770 5416 5707 5702 5712 5207 5499 5604 5755 5699 5681 5091 4897 4954 5253 5293 6002 5704 5507 5250 5611 5674 5150 5661 5421 5498 5391 5828 5818 5127 5410 5563 5250 5790 5801 5509 5081 5368 5536 5754 5090 5310 5151 5422 5692 4998 5370 5350 5398 5372 5418 5151 5248 5295 5068 5462 5459 4816 5252 5390 5701 5991 5331 5092 5270 5444 5823 5650 5628 5832 5710 5368 5429 5352 5527 5521 5383 5524 5274 5197 5187 5803 4913 5440 5078 5741
5038 5225 5241 5359 5326 5467 4943 4853 5453 5404 5259 5361 5224 5174 5335 5212 5007 5265 5306 5448 5053 4885 5029 5361 5252 5244 5554 5498 4923 5245 5427 5202 4915 5188 4878 5081 5250 5485 5203 4964 5360 5634 5285 4989 4592 5483 5123 5733 4544 5216 4951 5556 5334 5375 5245 5429 4987 5307 4927 5431 5615 4936 5171 5088 5104 5355 4809 5143 5189 5597 5363 5045 4968 5459 4734 5465 5182 5110 5159 5148 5672 4728 4992 5054 5451 4996 5367 5414 4811 5279 5059 5483 4969 5463 5460 5249 5136 5670 5242 5207 5098 4812 5567 5479 4908 5422 5619 4867 4988 5117 5502 4865 4944 5131 5502 5191 4925 4904 5287 5533 4981 5567 5309 5412 5197 4694 5380 4973 5129 5543 5050 5314 5730 4957 5161 5030 5457 4880 4854 5123 5262 4936 5190 5144 5341 5858 5240 5266 5040 5369 5665 4929 5009 5126 5432 5327 4990 5053 4795 5729 4797 5114 5256 5284 5361 4659 4923 4702 4754 5503 5321 5249 5449 5593 5432 5207 5305 4968 5327 5413 5548 4852 5138 5043 5038 5098 5838 5602 5079 5223 5158 5225 4889 5476 5340 5577 5220 5536 5411 5130 5110 5292 4860 5386 5250 5261 4872 5130 5319 5505 4638 5367 5330 5272 5472 5016 5197 5440 5210 5038 5052 5179 4967 5171 4813 5164 5041 4491 5216 5340 5606 5556 5126 4775 4883 5325 5176 5170 5289 5384 6062 5320 5246 5023 5526 5281 5113 5451 5470 4808 4810 5166 5177 5291 5260 5545
5014 5372 5118 5341 5156 5348 5077 4810 5152 5296 5189 5417 5054 5331 5408 4924 4770 5230 5231 4991 4985 4890 4993 5306 5437 5164 5483 5144 4999 5231 5095 5032 4774 5196 4741 5169 4901 5447 5278 5308 5279 5518 5162 4900 4397 5413 5145 5465 4877 5153 4945 5143 5314 5110 5399 5327 4924 5273 4871 5313 5524 4847 5129 5129 4937 5459 4930 5381 5292 5456 5352 5263 5229 5135 4890 5332 5404 4989 5082 5292 5612 4653 4944 4842 5478 5078 5401 5303 5162 5454 5099 5328 4987 5452 5616 5226 5186 5091 5129 5235 5051 4866 5138 5338 5235 5384 5373 5132 4917 5185 5400 4973 5087 5266 5420 5219 4977 4941 5191 5541 5003 5139 5215 5295 4948 4569 5327 4984 4987 5242 4936 5143 5634 5064 5093 5223 5648 5085 4819 5133 5160 5349 5172 5042 4892 5565 5377 4990 4903 5323 5504 5074 4749 5056 5502 5316 5076 5203 5082 5777 4560 5065 5245 5234 4976 4989 4637 5033 4826 6008 5313 5274 5222 5238 5320 5286 5182 5289 5411 5391 5502 5014 4894 4980 5074 5129 5633 5375 5497 5080 5054 5063 4854 5349 5315 5556 5351 5466 5352 4848 4925 5335 4830 5403 5279 5146 4833 5449 5270 5486 4627 5134 5193 5000 5491 4943 5010 5154 5109 5127 5247 5078 5095 5250 4864 4979 5214 4607 5091 5113 5389 5606 4931 5100 5187 5327 5087 5381 5400 5345 5427 5301 5321 5167 5419 5242 4943 5674 5159 4907 4833 5424 4884 5423 4916 5707
5091 5605 5183 5493 5468 5351 5154 4853 5463 5309 5154 5297 5198 5148 5443 5014 5094 5460 5354 5471 4989 4676 5075 5306 5288 5152 5708 5382 4979 5251 5289 5249 4927 5011 4879 5149 5234 5741 5467 5008 5260 5652 5275 4781 4667 5319 5258 5551 4914 5231 4951 5430 5361 5162 5398 5330 4952 5259 4808 5530 5733 4959 5070 5328 5218 5417 5124 5428 4914 5302 5261 5043 4999 5211 4773 5188 5186 5258 4775 5151 5549 4838 5497 4965 5309 5062 5361 5395 5143 5501 5162 5021 4975 5522 5604 5306 5122 5674 5283 5263 5120 4726 5462 5331 5272 5210 5231 5131 4980 5132 5528 4833 4961 5378 5472 4911 5122 4967 5104 5438 5056 5500 5272 5424 4987 4913 5316 5007 5346 5054 4722 4982 5710 5091 5149 5322 5287 5081 4961 4935 5492 4991 5043 5154 5202 5720 5503 5151 5102 5044 5509 5072 4902 5048 5427 5070 5070 5262 5066 5847 4532 5244 5179 5376 5006 4844 4920 4926 4884 5623 5112 5245 5337 5451 5122 5180 5320 5169 5472 5335 5305 4885 4869 5075 5076 5196 5850 5438 5096 5128 5091 5430 4996 5474 5286 5130 5278 5591 5510 5140 4987 5346 4963 5436 5333 5079 4979 5068 5586 5496 5137 5173 5324 5125 5551 4779 5090 5119 5276 5255 5317 5089 4989 5032 4936 5171 5070 4513 5032 4999 5387 5450 5046 5156 4814 5145 4886 5236 5188 5592 5821 5333 5090 4909 5152 5153 5066 5472 5188 4816 4905 5243 5216 5048 5106 5672
4943 5290 5239 5064 5149 5355 4894 4689 5183 4920 5076 5112 4915 4984 5310 4974 4954 5301 5246 5221 4825 4563 4700 5072 5034 4976 5404 5245 4630 5047 4962 5048 4959 4663 4884 5148 4890 5363 5121 5012 5134 5344 5404 4722 4349 5149 5175 5435 4744 4847 5121 5233 5144 4979 5073 5180 5088 5291 4624 5274 5534 4830 5025 5105 5017 4829 4887 5199 5222 5258 5238 4997 4887 5297 4990 5204 5085 5170 4877 5196 5059 4656 4823 4995 5103 4899 5352 5495 4784 5080 5107 5173 5009 5394 5337 5030 5051 5374 4959 5004 4867 4402 5462 5358 5080 5263 5174 4832 4944 5144 5248 4959 4739 5206 5196 5014 4958 4988 4831 5387 4943 5406 5217 4985 4903 4858 5194 4672 5061 4971 4840 4758 5235 4934 5250 5108 5270 4939 4554 4765 5656 4973 4880 4980 4991 5412 5281 5065 4724 4976 5345 4831 4767 4968 5258 5002 4870 4844 5011 5700 4456 5227 4982 4949 4776 4819 4669 4565 4966 5518 5048 5098 5321 5115 5119 4983 5340 4900 5482 5366 5338 4851 4625 5125 5002 5117 5478 5445 5089 5112 4905 5056 5014 5472 5063 5242 5059 5459 5185 4781 5047 5084 4557 5132 5055 5317 4751 5134 5174 5611 4833 5053 5027 5330 5425 4544 4690 4792 5220 4838 4939 4822 5061 4933 4796 5007 4930 4480 4806 5113 5361 5598 5296 4601 4828 5112 5148 5164 5062 5530 5491 5373 4984 4820 5003 5084 5106 5427 5099 4977 4738 5293 4839 5153 4875 5530
5143 5474 4770 5276 5366 5510 5210 4827 5071 5407 5275 5226 5092 5020 5404 5089 5077 5413 5059 5461 5004 4523 5080 5628 5150 5154 5746 5401 5088 5236 5310 5339 4850 5303 5032 5162 5282 5465 5130 5109 5030 5598 5364 4942 4598 5297 5118 5601 4789 5252 5108 5359 5358 4829 5510 5337 5037 5362 4712 5556 5617 4920 5266 4970 5052 5043 4941 5349 5067 5268 5213 4918 5110 5368 5083 5268 4932 5470 5032 5297 5457 4761 4871 4886 5509 4986 5352 5402 4776 5443 4957 5361 4727 5440 5652 5474 5096 5368 5083 5312 5293 4906 5528 5583 5082 5561 5162 5066 5112 5243 5641 4931 5164 5247 5632 4918 4998 4993 5153 5426 5062 5552 5287 5193 5267 4904 5339 4981 5236 5184 4932 4811 5354 5163 5408 5268 5545 5045 4926 5192 5540 5208 5146 5094 4959 5669 5252 5087 4975 5059 5418 5156 4996 5120 5294 5174 4915 5267 5078 5846 4525 5082 5242 5170 4974 4977 4784 4873 4799 5589 5268 5171 5278 5355 5436 4917 5480 5364 5712 5377 5318 5020 4754 5110 4903 5100 5710 5359 5218 5342 5029 5248 4961 5432 5269 5376 5134 5519 5349 4856 4986 5114 5004 5452 5499 5253 4722 5135 5224 5633 4830 5339 5033 4964 5563 5387 4799 4977 5185 5079 5273 4983 5078 5241 4881 4948 4986 4743 5047 5044 5264 5555 5245 5001 5038 5062 5219 5408 5219 5794 5754 5310 5281 4951 5360 4918 5009 5488 5194 5026 5058 5601 4956 5167 5108 5404
4834 5072 4756 5209 5155 5149 4951 4407 4970 5122 5060 5021 4942 4847 5196 4611 4887 5121 5059 5044 4703 4538 4890 5290 5195 4972 5349 5062 4766 4774 5129 4757 5026 4867 4847 5023 4975 5426 5266 4800 4958 5350 5117 5019 4274 5291 5046 5348 4639 5075 4997 5189 5165 4989 5091 5264 4810 5253 4618 5182 5661 4571 4750 4894 4748 5252 4682 5075 4931 5110 5144 4923 4912 4928 4812 5082 5004 5126 4729 5110 5165 4433 4997 4256 5179 4902 5370 5134 4983 5124 4991 4927 4852 5138 5340 5201 5056 4979 4972 4898 5026 4485 5081 5330 5016 4986 5278 4926 4419 4968 5223 4966 4921 5037 5223 4826 4713 4618 5102 5252 4583 5148 5001 4956 4708 4654 5094 4743 4963 5172 4693 4594 5364 4790 5250 5113 5086 4816 4736 4968 5241 4904 4915 4822 5006 5330 4865 4952 4655 5017 5298 4990 4553 4957 5224 5138 4981 5036 4904 5709 4339 5084 4874 4893 4829 4662 4565 4653 4656 5509 5121 5049 5148 5369 4869 4824 5166 4808 5331 5307 5063 4706 4638 4869 4838 5068 5635 5374 5084 4987 4632 4923 5022 5043 5066 5342 4839 5118 5372 4865 4830 5152 4611 5247 5112 5222 4696 5262 5144 5340 4770 4950 4651 4844 5163 4771 5073 4584 4818 5029 5132 4876 5023 5157 4720 5033 4723 4435 4653 4728 5333 5440 4875 4603 4843 5204 4876 5211 4791 5294 5320 4863 5005 4886 5051 4926 4974 5444 5089 4639 4776 5287 4831 5205 4779 5464
4916 4944 4961 5417 5330 5264 5054 4593 5027 5389 5252 5287 4976 5052 5267 4972 5006 5180 5139 5018 4879 4545 5044 5245 5443 5008 5630 5314 5039 4824 4952 5063 4893 5418 4901 5035 5248 5360 5358 4636 5091 5565 4926 5129 4469 5120 4977 5387 4715 4971 5224 5162 5293 5010 5383 5254 4622 5412 4914 5143 5349 4931 5167 4809 4931 5048 4723 5312 5112 5368 5129 4944 4795 5036 4761 5258 5106 5025 5271 5347 5406 4774 4840 4642 5382 5040 5218 5232 4833 5151 4843 5133 4801 5344 5513 5245 5012 5216 5154 4939 4940 4769 5285 5376 5138 5179 5537 4877 4883 5042 5506 4791 4845 5054 5421 4842 4992 4715 4807 5704 4914 5263 5160 5307 4776 4871 5213 4823 5121 5085 4953 4897 5321 5094 5201 5094 5166 4912 4595 5171 5210 4620 4927 5208 4959 5402 5054 5059 4728 5195 5244 4824 4677 5007 5374 5096 5091 5062 4841 5653 4127 4794 5126 5280 4989 4628 4513 4777 4792 5658 5351 5076 5424 4972 5200 4646 5276 5026 5622 5261 5499 5168 4627 4894 4761 4779 5374 5380 5193 4860 5120 5023 4808 5170 5217 5231 5021 5329 5022 5165 5125 5175 4889 5453 5325 5196 4802 5053 5136 5553 4837 5091 5062 4678 5423 4872 4863 5159 5234 4916 5236 4925 5008 5156 4578 4971 4954 4692 4705 5036 5538 5539 4943 4874 5042 5072 5274 5104 5266 5394 5800 5091 5190 4918 5217 5140 4848 5440 4863 4842 4759 5364 4914 5130 5001 5168
4891 5182 5054 5294 5071 5302 5103 4790 5197 5258 5155 4961 4990 4877 5185 5151 5037 5116 5271 5223 4782 4752 4948 5332 5088 4893 5728 5560 4854 5072 5080 5039 4712 5151 5033 5042 5033 5149 5013 4874 5213 5396 5265 4891 4391 5382 4960 5236 4771 5015 4879 5243 5158 5168 5152 5189 4925 5205 4871 5084 5413 5042 5291 4983 5129 5072 4829 5080 5171 5201 5014 4982 4882 5240 4581 5147 5232 5121 5191 5278 4923 4577 4843 4818 5403 4963 5275 5361 4718 5293 4799 5278 4851 5282 5578 5291 5079 5213 4940 4903 4957 4745 5279 5064 4992 5350 5337 4888 4944 5279 5187 4683 4771 5328 5395 4925 4892 4779 4869 5385 4975 5263 5141 5167 4820 5008 5257 4956 5150 5027 5164 4849 5284 5024 5264 5299 5147 4755 4743 5225 5392 5023 4933 5056 4693 5504 5373 4874 4987 5062 5398 4775 4948 4895 5443 5080 4946 4943 4843 5513 4408 4963 4813 4961 4930 4682 4548 4731 5090 5512 5286 4825 5502 5285 5003 4929 5206 4959 5414 5225 5235 4748 4579 4703 5024 5316 5745 5180 5197 5083 4853 4852 4852 5399 4942 5372 4916 5428 5361 4980 5027 5201 4551 5211 5237 5392 5062 5194 5022 5506 4628 4936 5186 5067 5298 4814 4838 5010 5045 5051 5013 4819 4940 4836 4915 4860 4880 4581 5001 5015 5509 5450 5000 4816 5013 5191 5083 5172 4842 5566 5700 5246 5067 4956 5224 4967 4957 5278 5012 4869 4987 5329 4909 5307 4887 5450
5168 5599 5054 5590 5290 5613 5425 4927 5295 5489 5575 5592 5267 5273 5604 5381 5248 5351 5300 5294 5077 4975 5162 5806 5599 5451 5817 5641 5313 5416 5363 5376 5291 5286 5465 5418 5668 5643 5512 5117 5250 5799 5482 5370 5143 5496 5364 5540 5025 5253 5350 5587 5557 5150 5380 5730 5217 5760 5197 5689 5623 5193 5316 5343 5329 5448 5404 5340 5718 5604 5598 5058 5289 5298 5272 5613 5193 5249 5557 5510 5477 4869 5102 5026 5794 5715 5826 5666 5292 5507 5282 5580 5190 5715 5884 5411 5405 5484 5308 5344 5154 4961 5732 5587 5191 5578 5486 5247 5038 5603 5655 5123 5250 5580 5672 5228 5103 5195 5233 5511 4954 5580 5553 5408 5317 5317 5509 5096 5485 5129 5498 5218 5627 5056 5477 5585 5561 5307 4787 5645 5523 5411 5267 5469 5142 5663 5364 5588 5152 5442 5714 5043 5068 5393 5637 5537 5365 5454 5403 6113 4600 5340 5440 5466 5518 5214 5127 5341 5017 6122 5731 5261 5591 5511 5663 5092 5346 5644 5768 5688 5786 5066 5001 5448 5051 5246 5796 5618 5510 5289 5451 5404 5123 5632 5498 5581 5447 5616 5585 5173 5250 5434 4998 5604 5674 5510 4981 5448 5662 6059 4926 5211 5468 5232 5823 5115 5354 5505 5579 5295 5432 5337 5214 5456 5239 5129 5353 4839 5274 5436 5863 5790 5362 4769 5059 5405 5499 5749 5492 5885 6072 5590 5341 5353 5559 5406 5159 5987 5182 5188 5100 5686 5280 5421 5293 5759
5142 5470 5194 5599 5482 5776 5362 4844 5355 5475 5517 5520 4999 5301 5602 5374 5060 5393 5464 5585 5288 4947 5120 5424 5445 5389 5843 5518 5233 5490 5343 5306 5083 5323 5345 5367 5276 5862 5456 5257 5393 5690 5664 5419 4690 5344 5551 5810 5273 5409 5290 5576 5775 5233 5577 5599 5340 5413 4913 5547 5926 5183 5396 5388 4936 5349 5101 5359 5395 5514 5711 5386 5302 5427 5134 5301 5331 5348 5307 5476 5607 4891 5092 4942 5768 5321 5817 5864 5053 5749 5060 5439 5291 5668 5759 5726 5230 5505 5163 5251 5470 4843 5443 5609 5312 5743 5542 5168 5059 5597 5477 5423 5187 5550 5754 5546 5129 4996 5233 5718 5345 5667 5268 5489 5286 4995 5499 5310 5526 5348 5007 5222 5583 5097 5473 5294 5407 5305 4965 5370 5949 5237 5209 5303 5226 5852 5416 5498 5077 5493 5661 5462 5139 5321 5655 5480 5287 5135 5268 6059 4975 5414 5196 5249 5301 5170 4881 5079 5203 5785 5341 5558 5457 5572 5519 5314 5757 5438 5509 5615 5646 5022 5032 5150 5348 5519 6017 5698 5576 5518 5136 5445 5221 5572 5537 5645 5367 5892 5585 5127 5141 5476 4971 5673 5464 5539 4784 5418 5595 5971 5096 5469 5289 5305 5802 5075 5230 5311 5426 5357 5405 5320 5436 5337 5038 5275 5149 4819 5358 5347 5606 5846 5304 5121 5235 5431 5658 5653 5745 5859 5672 5550 5424 5422 5540 5594 5410 6006 5490 5239 5059 5631 5009 5457 5313 6047
4850 4978 4964 5223 5061 5037 5061 4805 5269 5206 5131 5087 4938 4828 5134 4924 4902 5094 4837 5115 4930 4815 4780 5107 4955 5071 5573 5247 4626 4861 4770 4965 4802 4898 5005 5014 5142 5286 5149 4989 5005 5212 5147 4880 4531 4963 5069 5276 4499 5078 4861 5300 5205 4936 5247 5191 4760 5363 4826 5198 5188 4888 4780 4890 4718 5179 4978 4930 5265 5153 5002 5070 4714 5134 4577 5006 5060 4931 5032 5097 5080 4309 4760 4508 5573 5198 5250 5257 4822 5258 4974 5103 4602 5212 5266 5369 4777 5199 4810 4968 4835 4723 4996 5283 4859 5118 5390 4949 4619 5019 5093 5049 4730 5100 5287 4908 4626 4866 4941 5297 4752 5176 5307 5284 4937 4700 5330 4912 4957 5101 4723 4807 5168 4747 5098 5069 5280 4661 4630 4920 5361 4806 4807 4685 4957 5405 4952 4886 4589 5094 5344 4678 4889 4645 5279 5213 4754 4711 4855 5501 4505 5138 5165 5273 5058 5022 4473 4764 4608 5296 5193 5056 5239 5087 5069 4769 5058 4902 5229 5219 5395 4587 4519 4671 5131 5097 5564 5275 5102 4954 4944 5162 5008 5165 4982 5183 5157 5317 5464 4844 4800 4886 4586 5345 5163 5400 4705 4953 5053 5430 4564 4779 5061 4921 5376 4724 4691 4788 5094 4898 5135 4733 4878 4905 4652 4883 4784 4643 4981 4835 5316 5407 4936 4654 5114 5106 5123 5276 5161 5221 5454 5063 4993 4951 5156 4919 5221 5301 4887 4827 4805 5092 4484 5029 4866 5281
5202 5278 5047 5435 5202 5491 5255 4994 5265 5497 5359 5323 5245 5039 5563 4741 4843 5404 5299 5376 5097 4717 5125 5335 5320 4997 5462 5406 4932 5054 5078 5146 5218 4969 5111 5299 5141 5743 5260 4915 4911 5478 5348 4623 4681 5291 5461 5516 4825 5129 5087 5307 5321 4973 5564 5426 5106 5422 4918 5406 5603 4771 4997 5020 4879 5277 4801 5419 5265 5326 5292 4986 5211 5381 5196 5367 5241 5379 5159 5200 5299 4810 5157 4998 5365 4943 5440 5436 4721 5374 5110 5313 4805 5406 5491 5142 5288 5548 5119 5054 4843 4810 5284 5250 5158 5417 5446 5067 4947 5255 5341 4923 5246 5385 5458 4724 4915 4785 4975 5505 4995 5351 5361 5018 5136 4825 5518 5023 5095 5456 5098 4999 5493 5083 4952 5357 5377 5167 4598 5009 5470 4851 5004 5202 5231 5390 5369 5137 4832 5239 5768 4858 5043 4838 5562 5107 4884 5240 5175 5726 4853 5195 5132 5087 4972 5002 4996 4667 5025 5581 5176 5175 5369 5249 5220 5029 5385 5163 5574 5453 5404 4965 4856 4927 5093 5286 5708 5858 5105 5072 4956 5144 5105 5515 5301 5309 5059 5603 5475 4937 5096 5089 4707 5382 5382 5298 4761 5152 5129 5367 4559 5368 5106 5054 5568 4943 5095 5090 5500 5284 5220 5142 5168 4978 5166 5325 4986 4725 4870 5145 5673 5551 5293 5008 5241 5381 5344 5181 5141 5691 5592 5327 5177 5098 5435 5228 5026 5301 5311 5084 4953 5354 4908 4960 4937 5283
5358 5660 5480 5626 5556 5480 5261 4991 5326 5543 5208 5548 5375 5382 5856 5401 5448 5628 5553 5376 5253 4884 5140 5733 5598 5391 5841 5591 5117 5199 5353 5395 5322 5314 5379 5611 5136 5787 5664 5184 5321 5970 5493 5378 4844 5588 5428 5732 4937 5298 5038 5520 5536 5097 5414 5583 5025 5675 4942 5608 5669 5126 5311 5250 5097 5454 5192 5402 5678 5575 5333 5305 5168 5398 5186 5463 5410 5511 5194 5616 5451 4816 5012 4925 5623 5324 5587 5760 5229 5397 5327 5344 5199 5587 5668 5479 5437 5669 5279 4959 5201 4959 5312 5592 5126 5746 5553 5231 4939 5599 5697 4927 4986 5437 5534 5565 5191 5066 5190 5714 5076 5447 5378 5599 5278 5079 5599 5246 5546 5493 5198 5240 5739 5413 5348 5316 5346 5368 4725 5516 5695 5090 5350 5294 5194 5575 5601 5489 5183 5337 5805 5127 5176 5049 5560 5557 5331 5403 5189 6050 4875 5378 5201 5354 5076 5028 5087 4899 5105 5785 5520 5352 5555 5612 5464 5329 5378 5431 5630 5476 5704 4897 4984 5149 5117 5444 5737 5906 5442 5121 5088 5521 5256 5522 5166 5727 5445 5550 5607 5122 5439 5325 4971 5511 5470 5599 4821 5295 5664 5837 5087 5219 5371 5425 5664 5083 4934 5215 5295 5401 5517 5030 5258 5331 5125 5036 5278 4705 5203 5306 5474 5640 5313 4843 5317 5322 5239 5692 5388 5801 5796 5403 5343 5151 5670 5408 5537 5619 5359 5114 4886 5773 5276 5640 5380 5518
4924 5238 4716 4961 4790 5191 5110 4571 4973 5057 5120 5080 4812 4977 5159 4788 4732 5362 4848 5095 4956 4501 4662 5275 4892 4993 5514 5093 4925 4833 4907 4654 4650 4886 4897 5086 4769 5162 5039 4958 4974 5263 4989 4879 4414 5035 4892 4999 4541 4792 5035 4982 5171 4615 4976 5184 4750 4911 4562 5076 5229 4457 4892 4871 4681 5220 4908 5315 5081 5309 4913 4895 4907 5073 4776 4937 5023 5170 4955 5095 4998 4448 4605 4603 5199 4846 5067 5105 4537 5088 4958 5362 4727 5056 5399 5110 5087 5118 4988 5006 4644 4593 5127 5442 4943 5146 5323 4917 4661 5093 5193 5069 4956 5059 5355 4919 4417 4574 4935 5182 4774 4741 4983 5094 4723 4488 5033 4681 4946 5011 4715 4898 5028 4926 4679 4941 5277 4767 4487 5071 5250 4719 4773 5147 5081 5105 4974 4904 4580 4983 4872 4774 4562 4729 5036 4846 4960 5028 4922 5434 4206 4716 4911 5219 4932 4881 4645 4532 4424 5465 4736 4966 4897 5037 4992 4950 5061 5168 5386 5166 5145 4942 4490 4737 4904 4855 5446 5186 4825 4914 4928 4889 4611 4988 5018 5164 5063 5094 5126 4833 4960 4789 4796 5098 5074 4973 4509 5059 5001 5242 4550 5004 4789 4851 5076 4896 4711 4980 4912 4725 5032 4763 4868 4994 4794 4868 4854 4439 4779 4678 5230 5198 5011 4756 5082 5066 5225 5195 4906 5369 5261 4625 5135 5016 5049 4774 4911 5413 5042 4393 4576 5042 4644 5013 4853 5305
5126 5179 5389 5325 5366 5411 5038 4824 5384 5481 5187 5301 4997 5181 5303 5106 4987 5358 5208 5423 5007 4647 4892 5447 5310 4999 5660 5457 4916 4931 5331 5068 4888 5223 5080 5114 5017 5420 5403 5050 5087 5381 5157 5168 4688 5267 5250 5382 4769 5186 5333 5321 5441 5175 5352 5288 4774 5253 4886 5039 5638 5046 5278 5272 4910 5134 4946 5220 5172 5403 5282 5029 5003 5175 4960 5224 5133 5139 4923 5143 5306 4739 4952 4719 5351 5083 5308 5681 4880 5104 5064 5339 5172 5253 5645 5102 5277 5344 5195 5245 5083 4697 5273 5216 5174 5389 5252 4921 4681 5133 5392 5116 4810 5206 5278 4966 4846 5052 5051 5215 4987 5520 5368 5424 5197 4993 5266 4890 5360 4983 5163 5130 5422 5061 5157 5045 5230 5075 4598 5207 5448 5005 5000 5109 5106 5336 5163 5170 5070 5061 5548 4936 4610 5086 5308 5096 4989 5179 4891 5687 4322 4871 4812 5459 4833 5062 5144 4986 4730 5620 5241 5187 5455 5164 5405 5234 5212 5056 5471 5617 5454 5100 4692 5139 5152 5110 5553 5431 5224 5089 5003 5178 5043 5193 5469 5238 5001 5345 5519 4868 5295 5075 4688 5404 5290 5540 4609 5016 5149 5422 4848 5135 5200 5167 5363 4838 5158 5209 5279 5052 4999 4913 5152 5328 4980 5104 5134 4651 5095 5074 5579 5426 5259 4915 5055 4973 5187 5127 5179 5349 5375 5422 5168 5096 5381 5270 5021 5514 5136 5016 4962 5638 4854 5295 5039 5634
5344 5639 5294 5667 5453 5744 5276 4623 5262 5381 5317 5439 5336 5354 5667 5261 5376 5544 5287 5621 5127 5057 5090 5599 5462 5328 5845 5620 5106 5131 5473 5550 4962 5201 5333 5626 5420 5844 5439 5336 5178 5607 5484 5107 4951 5828 5446 5817 5029 5550 5355 5707 5415 5087 5559 5746 5197 5624 5065 5620 5921 4972 5381 5299 5036 5449 5407 5543 5291 5641 5553 5271 5351 5385 5139 5428 5373 5513 5327 5619 5495 4967 4973 5106 5700 5138 5453 5887 5378 5549 5421 5561 5354 5386 5860 5487 5719 5384 5265 5370 5336 4969 5777 5350 5439 5958 5530 5417 5244 5577 5775 5342 5234 5435 5696 5312 5094 5180 5739 5646 5011 5802 5632 5319 5006 5042 5387 5252 5262 5464 5298 5311 5510 5375 5367 5138 5559 5253 4997 5096 5718 5086 5581 5418 5222 5555 5364 5250 5056 5396 5700 5077 5139 5281 5648 5261 5381 5365 5228 5841 4657 5485 5416 5499 5461 5090 5115 4989 4942 5869 5277 5488 5397 5404 5731 5436 5375 5554 5737 5547 5685 5409 4974 5255 5195 5379 5970 5853 5602 5275 5128 5354 5297 5524 5284 5606 5281 5596 5432 5115 5508 5143 5035 5719 5650 5282 5012 5474 5570 5869 4856 5207 5277 5264 5552 5025 5194 5074 5395 5383 5531 5489 5181 5425 5154 5348 5495 4586 5113 5192 5586 5781 5419 5071 5253 5437 5533 5544 5463 5780 5881 5463 5548 5417 5545 5679 5359 5614 5371 5262 4922 5532 5087 5517 4996 5891
4819 5304 5089 5190 5040 5086 4953 4495 5077 5100 4852 5321 4834 4858 5502 4943 4839 5078 5109 4972 4788 4824 4987 5355 4935 4949 5258 5222 4917 5115 5004 4998 4861 5024 5195 5349 5120 5304 5272 5082 5115 5514 5036 4887 4593 5292 5080 5376 4848 4957 4898 5136 5336 4880 5371 5371 4937 5287 5036 5224 5351 4966 5115 4907 5046 5038 4915 5067 4917 5422 5472 4856 5188 4986 4897 5503 4822 4992 5000 5229 5223 4464 4922 5037 5091 4979 5369 5105 4782 5114 5149 5227 4766 5365 5406 5386 5211 5421 4907 5009 4776 4634 5211 5586 4918 5276 5137 5100 4929 5129 5398 4744 4927 5327 5397 5113 4905 4559 4959 5276 4651 5106 5031 5332 4913 4605 5148 4811 5116 5098 5053 5163 5299 5063 5005 5207 5249 4797 4712 4841 5366 5044 5043 4977 5129 5364 5063 5055 4916 4980 5395 4934 4621 4843 5259 5143 5081 5002 4879 5803 4570 5061 4917 5177 5053 4877 4647 4711 4531 5712 5411 4879 5204 5297 5103 4936 4854 5078 5531 5351 5356 4943 4613 4743 4974 5052 5618 5272 5199 4948 4945 5208 5051 5573 5070 5460 5159 5128 5459 4860 5204 4951 4887 5249 5352 4794 4719 4982 5227 5649 4744 4819 5299 4935 5345 4425 4864 5146 5150 4847 5154 4934 4982 5259 4578 4837 4829 4517 4732 4983 5204 5381 4927 4649 4844 4971 5219 5150 5207 5256 5677 5145 5033 4687 5143 5235 5030 5487 5146 5012 4648 5393 4697 5301 4896 5386
4996 5470 5087 5580 5206 5602 5257 5011 5353 5325 5390 5280 5159 5511 5551 5051 4955 5384 5418 5230 5026 4738 4954 5322 5329 5219 5904 5462 5131 5342 5202 5426 5152 5132 4805 5225 5360 5668 5519 5137 5297 5739 5386 5064 4694 5490 5186 5584 5122 5562 5091 5405 5591 5168 5324 5427 4728 5514 5188 5600 5677 5025 5191 5083 5380 5177 5099 5124 5252 5460 5230 5016 5295 5316 5217 5269 5358 5432 5378 5414 5663 4726 5390 5217 5543 5276 5188 5565 5283 5445 5279 5232 5041 5298 5379 5364 5516 5204 5282 5279 5161 4905 5398 5538 5314 5543 5426 5132 4899 5558 5727 4907 5230 5773 5513 5170 5099 5076 5156 5493 5288 5479 5371 5387 5222 5117 5401 4991 5161 5272 5065 5267 5451 5208 5421 5522 5474 5298 4836 5469 5381 5117 5126 5096 5339 5668 5543 5173 4955 5011 5623 4946 5044 5160 5224 5564 5472 5268 5257 6120 4646 5464 5140 5490 5077 5119 4845 4895 4914 5441 5369 5383 5426 5209 5541 5156 5186 5436 5328 5353 5728 4911 4867 4963 5258 4993 5533 5593 5334 5008 5317 5462 5055 5463 5401 5345 5320 5531 5394 5053 5155 5164 4760 5587 5566 5345 4910 5223 5409 5758 4861 5460 5258 5177 5565 5053 4785 5282 5530 5287 5510 5078 5007 5089 5082 5293 5304 4653 4897 5466 5633 5635 5142 4811 5257 5038 5299 5470 5617 5719 5726 5312 5501 5248 5738 5310 5114 5680 5293 5000 5068 5668 5176 5489 5277 5569
4918 5402 5012 5333 5019 5539 5045 4571 5149 5245 5010 5431 4912 5041 5546 5008 5142 5182 5084 5324 4958 4880 4789 5242 5268 5096 5616 5392 4894 5145 4879 5195 4800 5375 4898 5216 5134 5333 5314 5089 5090 5626 5277 4912 4478 5571 5232 5301 4719 5253 5021 5463 5499 4954 5207 5473 4852 5205 4847 5382 5430 4794 5003 4994 5071 5178 5054 5308 5073 5485 5257 5114 5315 5264 5025 5212 5172 5175 4955 5655 5069 4822 4748 4785 5552 4805 5439 5423 5050 5153 4940 5218 4923 5383 5426 5324 5206 5409 5151 4920 4846 4949 5237 5202 5109 5491 5229 4895 4934 5426 5511 4904 4971 5390 5501 5111 4802 5077 4907 5162 4892 5097 5254 5298 4861 4776 5284 4852 5099 5214 5030 4716 5178 5021 5239 5032 5182 5015 4711 5165 5334 5065 5059 4899 4979 5371 5172 5227 4868 4965 5615 5153 4826 5049 5459 5147 5101 5071 5080 5828 4533 5469 5073 5129 5119 4797 4694 4745 4738 5642 5276 5192 5308 5181 5528 5066 5293 5153 5379 5376 5565 4771 4800 5172 5491 5167 5423 5289 5389 5230 4937 5015 4887 5406 5300 5280 5006 5207 5201 4862 5123 5030 4544 5412 5252 5249 4701 5340 5114 5534 4818 5175 5082 5050 5235 5031 5004 4999 5487 5147 5042 4944 5216 5287 4910 4917 5033 4586 5069 5240 5308 5697 5111 4660 4985 5082 5189 5402 5198 5526 5454 5124 5223 4886 5445 5205 4860 5554 5320 5011 4990 5420 4915 5364 4791 5493
4934 5451 5051 5116 5344 5318 4988 4866 5131 5310 5404 5127 4897 4993 5279 4776 4994 5214 5437 5048 5158 4757 5117 5249 5072 5222 5531 5134 5021 4863 5228 5152 4921 5223 5224 5063 5174 5373 5094 5009 4942 5367 4994 4760 4393 5090 5094 5060 4834 5106 5013 4976 5181 5107 5460 5277 4699 5298 4871 5353 5681 4875 5023 5124 4714 5030 5078 5180 4899 5392 5292 4943 5086 4952 4915 5138 5044 5105 4896 5048 4992 4773 4888 4683 5202 5238 5117 5392 4911 5145 5000 5265 5023 5095 5537 5575 5346 5330 4892 4950 4808 4550 5457 5164 4899 5144 5208 4854 4981 5087 5075 5023 4975 5187 5226 4770 4812 4711 4711 4988 4685 5265 5067 5137 4830 4946 5233 4878 5288 4896 5217 4784 5257 4950 4792 5070 5145 4769 4580 4945 5058 4989 4885 4921 5123 5381 5057 5069 4632 5074 5297 4926 4936 4953 5227 5139 4693 5104 4925 5420 4337 5011 4826 5184 5155 4785 4657 4797 4554 5738 5281 4933 5087 5118 5236 4799 5135 5239 5277 5283 5133 5005 4842 4928 5037 4882 5462 5490 5157 4879 5005 4997 4759 5043 4999 5229 4897 5326 5377 4889 5186 4884 4915 5215 5107 5165 4440 4958 5225 5547 4613 5086 4845 4970 5176 4768 5273 5080 5051 4822 4959 4882 4917 5222 4599 4791 4989 4452 4876 5016 5454 5282 4813 4778 4899 5081 4922 5186 4945 5406 5823 5084 5213 4916 5271 5163 5058 5250 4962 4936 4989 5331 4886 5037 4732 5504
4697 4842 4582 4703 4875 4931 4534 4254 4830 4896 4930 4839 4321 4690 4993 4579 4525 4777 4603 4577 4474 4032 4631 4608 5039 4766 5119 4821 4476 4581 4597 4656 4440 5108 4724 4630 4601 4993 4708 4214 4768 5097 4762 4688 4278 5004 4740 5089 4522 4610 4534 4902 5090 4209 4770 4914 4548 4807 4331 4899 5219 4171 4636 4577 4549 4833 4424 4933 4560 4734 4815 4478 4517 4540 4446 4639 4645 4747 4604 4893 4962 4389 4488 4442 4749 4444 4952 4935 4263 4836 4571 4703 4323 4830 5255 4840 4504 4799 4642 4733 4647 4264 4645 4841 4469 4797 4906 4419 4221 4715 4813 4501 4609 4650 4849 4670 4492 4521 4467 4836 4405 4838 4965 4771 4489 4360 4820 4610 4541 4937 4160 4371 5025 4432 4581 4651 4750 4423 4371 4834 4912 4303 4580 4568 4632 4980 4509 4593 4363 4726 4970 4688 4449 4724 4855 4759 4690 4546 4771 5023 4107 4665 4515 4767 4580 4387 4360 4313 4506 5297 4703 4755 4701 4735 4832 4519 4878 4950 4954 4834 4879 4446 4311 4539 4567 4485 5009 4844 4810 4707 4528 4735 4466 4883 4776 4800 4306 4927 4936 4442 4650 4649 4601 4833 4881 4551 4249 4643 4759 5030 4208 4708 4826 4523 5090 4519 4480 4525 4742 4550 4616 4666 4517 4745 4439 4568 4672 4199 4444 4767 4938 4923 4574 4403 4659 4980 4473 4806 4649 5106 5134 4793 4474 4370 4880 4718 4576 5193 4644 4587 4386 4849 4468 4818 4616 4954
5421 5837 5401 5888 5732 5966 5323 4838 5680 5452 5443 5562 5336 5525 5737 5293 5153 5322 5486 5440 5249 5068 5194 5584 5519 5487 5947 5499 5319 5527 5458 5365 5393 5302 5293 5406 5348 5649 5631 5068 5570 6135 5354 5327 4885 5563 5403 5705 4964 5558 5496 5700 6057 5269 5546 5748 5240 5706 5045 5694 6001 4969 5374 5343 5329 5790 5295 5673 5658 5594 5595 5345 5240 5614 5423 5698 5585 5734 5291 5421 5915 4889 5428 5053 5507 5397 5768 5968 5112 5462 5490 5595 5163 5777 5770 5399 5650 5646 5371 5551 5296 4862 5291 5820 5124 5467 5713 4968 5091 5257 5858 5349 5237 5469 5671 5277 5325 5342 5101 5512 5291 5737 5725 5645 5399 5366 5802 5046 5577 5626 5135 5359 5775 5238 5587 5571 5377 5497 4966 5112 5895 5314 5521 5614 5183 5901 5516 5395 5206 5486 6043 5303 5020 5376 5751 5758 5471 5483 5450 5986 5051 5185 5556 5642 5451 4998 5138 5259 5157 5948 5602 5528 5565 5516 6064 5336 5671 5497 5731 5788 5748 5200 5289 5243 5467 5516 5825 5644 5621 5669 5238 5389 5147 5860 5501 5673 5497 5784 5848 5211 5302 5444 4898 5830 5737 5425 5225 5402 5446 6029 4899 5425 5381 5402 5753 5475 5298 5495 5625 5328 5554 5331 5481 5625 4941 5314 5674 4977 5062 5460 5881 5737 5458 4951 5347 5250 5537 5621 5586 5969 5878 5468 5240 5204 5599 5580 5268 6046 5428 5375 4997 5791 5102 5463 5406 5772
5074 5345 4967 5358 5278 5378 5127 4649 4997 5045 5290 5175 4893 5188 5097 4514 4922 5153 4841 5073 4803 4780 4879 4945 5138 5108 5584 5252 5000 5176 5029 5175 5047 5063 4900 5137 4959 5089 4921 4924 4981 5494 5152 4694 4464 5394 5157 5568 4736 4963 4903 5378 5215 5082 5483 5064 4622 5236 4900 5326 5524 4888 5143 5183 5110 4966 4747 5191 4971 5477 5199 5011 4990 5339 4933 5349 5335 5145 4650 5298 5251 4711 5014 4835 5149 5349 5122 5256 5006 5284 5072 5019 4660 5283 5339 5021 5109 5376 5027 4951 5044 4484 5079 5429 5048 5287 5032 4845 4873 5218 5361 5173 4899 5403 5253 4866 4925 4843 5011 5179 4902 5357 5282 4952 5231 4800 5063 4837 4933 5047 4809 4811 5328 4803 5108 5103 5295 5008 4743 5061 5365 5248 5071 4927 5176 5471 5066 4930 4786 4975 5265 4758 4781 4926 5300 5067 4848 5106 4813 5572 4581 5054 4917 5230 5056 5138 4610 4845 4972 5664 5171 5262 5036 5075 5141 5030 5360 4920 5505 5409 5425 5002 4704 4848 4919 5208 5537 5368 5030 4718 4783 4927 4995 5082 5316 5217 4948 5399 5493 4822 5107 5081 4744 5151 5415 5405 4809 4942 5455 5325 4474 5013 4976 5127 5314 4890 4807 5024 4969 4887 4983 4834 4920 4902 5169 5091 4806 4371 4865 5001 5379 5468 5023 4729 4813 5041 5063 5085 5116 5499 5612 5345 5318 4769 5246 5102 5244 5434 5086 4947 4807 5567 4821 5123 5197 5424
4787 4928 4674 4838 4835 5165 4859 4582 4930 5004 4868 4737 4599 4701 4891 4480 4590 4981 4934 4745 4472 4312 4628 4933 4780 4926 5281 4831 4690 4598 4631 4725 4551 4660 4733 4963 4889 4952 4712 4769 4674 5084 4690 4888 4079 4725 4951 4867 4189 4561 4747 4823 4965 4505 4841 4900 4362 4823 4469 4802 4975 4533 4635 4848 4518 4844 4620 4614 4877 4838 4751 4629 4671 4823 4303 4877 4720 4765 4630 4759 4887 4496 4489 4349 5124 4595 4980 5162 4585 4820 4674 4893 4515 5081 4980 4758 4694 4946 4530 4808 4538 4374 4826 5103 4597 4866 4819 4417 4373 4649 4834 4453 4399 5138 4913 4845 4451 4290 4408 4808 4481 4930 4738 4844 4514 4139 4784 4635 4820 4772 4643 4569 5090 4576 4652 4695 5074 4601 4495 4677 5064 4573 4748 4734 4362 5019 4863 4867 4568 4654 4989 4895 4634 4582 4941 4835 4842 4680 4512 5250 4024 4734 4652 4644 4651 4566 4572 4535 4229 5107 4903 4690 4937 4769 4751 4237 4577 4714 5004 4945 5034 4503 4232 4361 4645 4729 4929 5065 4955 4495 4409 4510 4439 5145 4565 5030 4604 5036 4995 4605 4864 4650 4365 4937 4914 4825 4353 4714 4687 4996 4717 4631 5020 4666 5064 4444 4514 4707 4883 4563 4720 4652 4812 4720 4558 4488 4664 4172 4662 4685 4915 5193 4711 4634 4701 4540 4836 4923 4845 5130 5039 4575 4835 4672 4705 4963 4931 5056 4596 4574 4544 4981 4636 4748 4458 5273
4622 5061 4705 4945 4825 4938 4889 4381 4921 4896 4883 4947 4639 4899 4995 4637 4747 5029 4964 4762 4725 4396 4412 5068 4929 5016 5229 5066 4491 4999 4953 4977 4640 4807 4538 4762 4802 5078 4875 4729 4878 5298 5097 4528 4297 4938 4820 5228 4502 4991 4766 5089 4907 4507 4983 5050 4573 4980 4576 5247 5296 4595 4968 4743 4701 5027 4778 4952 4854 4905 4936 4647 4422 4922 4563 4802 4755 4854 4616 4825 4982 4550 4611 4412 5160 4547 4929 5008 4752 4884 4675 4964 4592 5369 5037 4897 5285 5175 4911 4929 4739 4496 4972 5121 4672 5148 5267 4712 4360 4770 4991 4700 4714 4723 5041 4898 4663 4801 4983 4909 4564 4849 5236 4992 4744 4509 4920 4758 4956 4948 4646 4684 5156 4627 5014 4800 5137 4970 4589 4967 4997 4619 4680 4679 4730 5339 4859 4831 4577 4934 5000 4355 4920 4656 4959 4903 4654 4530 4759 5408 4372 4849 4910 4852 4580 4690 4761 4620 4585 5239 4964 4781 4866 4804 4978 5007 4733 4790 5166 5017 5025 4685 4820 4343 4792 4847 5145 4976 4979 4745 4668 5102 4757 4892 4767 4988 4837 5065 5105 4700 5044 4836 4634 5375 4689 5086 4583 4689 4961 5163 4556 4806 4876 4905 5159 4651 4712 4704 4872 4903 4871 4887 4751 4707 4779 4510 4938 4156 4792 4848 5146 5067 4850 4542 4873 4676 4819 5064 4806 4964 5263 5075 4833 4827 5052 4959 4833 5158 4950 4683 4427 4916 4865 4976 5131 5222
4945 5413 5271 5732 5479 5695 5003 4703 5288 5318 5394 5611 5099 5380 5722 5211 5219 5471 5334 5326 5146 4826 5097 5524 5435 5043 5811 5520 5224 5142 5362 5392 5082 5392 5218 5300 5376 5892 5245 5361 5211 5683 5497 5068 4532 5546 5233 5796 4804 5417 5035 5615 5466 5086 5377 5488 5027 5490 4872 5631 5943 4846 5384 4986 5058 5439 5139 5250 5344 5617 5540 5260 5164 5317 5070 5750 5598 5383 5061 5207 5325 4925 4984 4807 5581 5254 5472 5801 5141 5570 5178 5089 5214 5462 5710 5612 5331 5682 5301 5477 5422 4756 5648 5426 5355 5444 5426 4964 5177 5822 5284 5112 5307 5608 5533 5448 5007 5111 5351 5430 5232 5606 5688 5337 5186 5044 5149 5070 5220 5257 5187 5197 5570 5407 5497 5190 5814 5004 5043 5448 5526 5168 5181 5173 5315 5778 5354 5486 4873 5488 5476 4910 4902 5234 5330 5430 5334 5269 5093 5865 4721 4974 5518 5097 5023 5152 4959 4823 4695 5647 5305 5275 5502 5497 5452 5191 5529 5653 5750 5703 5379 5147 5069 5207 5167 5253 5618 5622 5488 5161 5499 5399 5243 5746 5404 5541 5384 5529 5649 4932 5044 5324 5192 5776 5365 5506 4973 5319 5122 5692 5000 5337 5137 5205 5503 5109 5210 5414 5398 5232 5407 5393 5409 5474 5066 5096 5198 4622 5151 5008 5827 5950 5260 4963 4783 5440 5446 5587 5443 5868 5714 5309 5643 5323 5596 5404 5284 5556 5235 5161 4674 5358 5202 5452 5142 5940
5426 5722 5309 5699 5616 5534 5565 5123 5650 5522 5773 5882 5228 5356 5747 5463 5321 5593 5554 5568 5199 5435 5380 5671 5903 5618 6217 6013 5222 5608 5249 5423 5479 5557 5423 5565 5436 6119 5400 5028 5577 5881 5660 5574 4789 5700 5678 5789 5173 5720 5432 5753 5838 5322 5665 5829 5079 5852 5284 5888 6069 5252 5556 5328 5413 5548 5211 5716 5390 5714 5518 5403 5611 5421 5198 5454 5701 5493 5544 5506 5638 5033 5267 5344 5576 5571 5794 5841 5452 5765 5325 5670 5338 5693 5895 5670 5538 5588 5720 5521 5323 5201 5679 5665 5574 5954 5739 5390 5354 5550 5802 5362 5063 5721 6010 5409 5192 5456 5533 5994 5149 5676 5937 5533 5340 5306 5775 5183 5502 5416 5460 5542 5917 5543 5635 5458 5825 5455 4920 5453 5677 5097 5382 5415 5262 5614 5737 5402 5414 5585 6193 5259 5550 5224 5596 5668 5426 5500 5622 6244 4989 5762 5680 5748 5394 5258 5121 5250 5142 6032 5643 5734 5764 5424 5828 5246 5426 5483 5707 5466 5991 5183 4997 5107 5343 5612 5988 5755 5734 5484 5570 5656 5307 5943 5688 5756 5171 5840 5793 5452 5534 5294 4989 5796 5882 5590 4979 5613 5792 6097 5025 5422 5401 5524 5923 5297 5133 5465 5579 5524 5451 5473 5318 5488 5227 5354 5457 4874 5424 5533 5776 6019 5426 5306 5381 5255 5410 5450 5823 5911 5937 5592 5635 5367 5803 5487 5599 5949 5467 5429 5372 5765 5099 5586 5533 5901
5060 5532 5126 5447 5482 5863 5126 4728 5504 5205 5085 5401 5232 5432 5857 5161 5060 5479 5344 5169 5146 4914 5196 5330 5523 5094 6019 5518 5181 5467 5414 5575 5028 5296 5165 5422 5243 5831 5482 5144 5293 5737 5575 4925 4518 5520 5358 5531 4918 5246 5125 5540 5423 5059 5571 5618 5147 5391 5007 5482 6130 5038 5338 4996 5174 5325 4882 5314 5264 5150 5359 5475 5209 5300 4997 5188 5208 5302 5366 5211 5609 4598 4981 4956 5067 4923 5672 5810 4976 5561 5059 5331 5223 5623 5640 5378 5544 5723 5429 5411 5118 4877 5659 5239 5123 5553 5452 4969 5070 5213 5871 5181 5053 5428 5509 5280 5076 5061 5325 5307 5072 5506 5206 5239 5180 5059 5519 5153 5491 5230 5185 5343 5583 5404 5605 5400 5514 5000 4688 5391 5955 5220 5103 5252 5104 5764 5485 5438 5078 5356 5432 5081 4924 5087 5373 5420 5363 5243 5225 5863 4832 5174 5464 5351 4988 5034 5089 4841 5145 5825 5544 5298 5398 5432 5600 5250 5343 5570 5410 5501 5506 5137 5010 5184 5125 5451 5641 5553 5452 5464 5023 5404 5284 5453 5351 5429 5239 5585 5480 5300 5196 5151 5148 5309 5482 5511 4829 5206 5388 5859 5098 5385 5284 5298 5685 4988 5099 5298 5435 5398 5389 5342 5161 5426 5295 5205 5238 4735 5064 4940 5220 5702 5383 5139 5224 5282 5261 5288 5483 5731 5799 5473 5418 5090 5783 5467 5410 5681 5239 5389 4938 5511 5063 5339 5161 5766
5334 5799 5526 5645 5644 5808 5532 5083 5516 5554 5494 5697 5309 5668 5861 5463 5545 5784 5811 5884 5553 5301 5433 5660 5526 5467 5964 5640 5355 5597 5578 5688 5186 5423 5449 5441 5525 5960 5427 5362 5787 6005 5556 5249 4935 5513 5615 5888 5176 5770 5566 5616 5865 5529 5650 5726 5043 5690 5350 5805 5973 5276 5480 5293 5756 5383 5182 5597 5451 6090 5792 5440 5451 5742 5192 5761 5654 5736 5699 5630 5458 5224 5241 5090 5742 5469 5825 5724 5349 5626 5474 5711 5360 5728 5606 5768 5489 5685 5591 5470 5466 5104 6010 5770 5682 5909 5775 5519 5515 5647 5697 5404 5378 5923 5949 5352 5236 5212 5385 5834 5183 5972 5750 5529 5621 5453 5695 5359 5551 5431 5438 5393 5858 5647 5760 5318 5711 5307 5007 5625 5952 5294 5619 5352 5592 6096 5606 5437 5280 5769 5825 5377 5450 5348 5526 5499 5353 5391 5552 6164 4988 5602 5573 5523 5478 5406 5281 5089 5075 6076 5761 5534 5554 5337 5822 5374 5313 5520 5773 5756 6007 5209 5172 5322 5580 5388 6039 5954 5607 5434 5391 5668 5527 6051 5903 6162 5391 5992 5664 5316 5520 5648 4986 5700 5949 5909 5212 5451 5632 6310 5055 5445 5584 5565 5805 5341 5382 5566 5481 5452 5611 5219 5400 5648 5337 5366 5460 4917 5491 5421 5921 5879 5715 5129 5363 5430 5871 5709 5365 6039 5986 5542 5559 5534 5822 5699 5422 5954 5618 5529 5120 5921 5127 5621 5380 5885
5348 5752 5652 5640 5681 5701 5662 5254 5623 5834 5744 5450 5472 5681 5711 5217 5376 5382 5647 5611 5349 4990 5037 5615 5406 5419 5745 5512 5041 5215 5508 5292 5072 5398 5277 5393 5513 5686 5450 5247 5484 5793 5612 5111 4586 5626 5237 5779 4999 5559 5170 5793 5510 5351 5781 5671 5286 5605 5208 5728 6081 5196 5570 5459 5312 5461 5265 5636 5358 5699 5630 5196 5241 5153 5167 5418 5559 5744 5286 5687 5798 4913 5296 5006 5744 5525 5466 5843 5115 5425 5349 5497 5269 5494 5884 5342 5370 5665 5254 5569 5275 5086 5534 5584 5372 5754 5616 5182 5144 5809 5486 5138 5421 5497 5695 5537 5245 5493 5518 5779 5426 5668 5407 5736 5428 5135 5755 5157 5396 5474 5153 5315 5466 5153 5557 5539 5491 5181 4914 5307 5485 5436 5403 5351 5551 5919 5725 5499 5158 5556 5670 5209 5215 5400 5274 5571 5232 5367 5296 6018 4603 5414 5197 5545 5517 4955 4977 5174 4938 5949 5261 5524 5825 5643 5821 5470 5478 5430 5762 5762 5625 5188 4961 5360 5529 5497 5672 5839 5598 5349 5343 5324 5252 5513 5465 5596 5360 5833 5839 4871 5240 5106 4888 5799 5584 5509 5158 5278 5524 5863 4992 5551 5404 5402 5621 5391 5250 5042 5582 5349 5304 5361 5141 5300 5064 5185 5248 4827 5251 5442 5853 5664 5321 5190 5303 5447 5493 5452 5580 5791 5982 5334 5407 5493 5565 5483 5011 5752 5297 5263 5073 5602 5227 5351 5246 5980
5141 5213 4998 5303 5101 5414 5091 4749 4932 5249 5111 5398 5194 5197 5339 4992 5070 5336 5145 5314 4832 4929 4811 5539 5220 4960 5590 5408 4783 4961 5237 5150 5025 5185 5266 4997 4976 5388 5116 5078 5031 5559 5077 5039 4650 5329 5114 5286 4570 5107 5197 5595 5228 4988 5243 5363 4857 5327 4614 5319 5682 4753 5156 5041 5015 5227 4793 5305 5188 5313 5128 5098 5059 5319 4691 5452 5041 5141 5049 5023 5182 4688 4887 4634 5519 5083 5468 5547 4843 5341 5169 5454 5151 5560 5415 5466 5234 5397 5022 5171 4856 4710 5303 5164 4996 5442 5259 4743 4895 5018 5591 4948 4771 5527 5318 4925 4859 4858 5112 5306 4878 5374 5343 5101 5006 4656 5239 4791 5091 5011 4768 4907 5404 5075 5196 5295 5491 5067 4661 5144 5222 4924 5137 5160 5038 5424 5352 4927 4881 5125 5374 4934 4977 5114 5415 5140 5217 5174 5030 5900 4482 5062 5297 5334 5126 4781 4823 4796 5021 5607 5357 5059 5224 5478 4996 4940 5237 5122 5545 5387 5337 5043 4821 5022 5055 5221 5460 5262 5391 5295 5087 5059 4754 5538 5256 5457 5077 5484 5352 5239 5176 5152 4787 5418 5405 5246 4862 5168 5341 5174 4653 5175 5071 4902 5257 4645 5094 5042 5479 5122 5344 5086 4987 5085 4885 4959 5052 4455 4979 5059 5422 5539 5059 4952 5023 5016 4963 5141 5281 5288 5553 5323 5094 4884 5341 5072 4916 5411 5079 4921 4703 5231 4915 5413 5221 5521
4958 5340 5028 5246 5251 5471 4867 4785 5297 5050 5156 5305 4869 5063 5454 4886 5046 5459 5378 4947 4889 4430 4878 5585 5412 5188 5843 5345 5065 5433 5216 5263 4717 5220 4902 5324 5266 5601 5529 5039 5146 5573 5111 5057 4501 5470 5062 5727 4823 5292 5039 5224 5286 5011 5388 5284 4650 5472 4824 5374 5614 4971 5276 4935 4958 5099 4997 5236 5115 5466 5546 5072 5102 5380 5032 5154 5177 5342 5153 5261 5524 4971 5175 5014 5258 5037 5355 5463 5049 5298 5114 5249 4838 5510 5391 5521 5125 5251 5277 5208 4983 4582 5499 5588 5136 5429 5487 4960 4805 5500 5618 4986 4791 5298 5355 5098 4850 4940 5127 5385 4853 5440 5353 5200 4990 5084 5125 5112 5416 5348 4805 5285 5608 5237 5476 5144 5528 5021 4615 5275 5337 5054 5251 5164 5010 5608 5515 5196 4890 5448 5505 4925 4849 5098 5490 5317 5252 5115 4996 5802 4344 5155 5089 5233 4950 4870 4977 4945 5023 5525 5525 5129 5117 5209 5303 4955 5269 5193 5384 5464 5489 4990 4811 4966 5187 5078 5581 5386 5221 5199 5191 5345 5017 5324 5206 5431 5222 5191 5316 5042 5216 5301 4935 5494 5497 5212 4608 5325 5325 5738 4774 5068 5401 5078 5296 4942 4956 5027 5302 5174 5193 4971 5036 5188 5068 5022 5123 4813 5005 5144 5327 5592 5287 5103 4955 5139 5186 5449 5310 5624 5708 5181 5442 5057 5587 5121 5218 5584 5204 5292 4873 5323 5063 5293 5213 5513
5489 5630 5299 5730 5331 5449 5383 4641 5467 5519 5275 5541 5288 5277 5649 5221 5373 5481 5390 5361 5160 4934 5203 5756 5276 5267 5852 5590 5222 5325 5306 5317 5160 5410 5046 5556 5309 5776 5715 5319 5219 5626 5523 5162 4962 5477 5426 5721 4888 5268 5146 5600 5753 5059 5296 5845 5232 5603 5010 5436 5779 5029 5052 5105 5431 5642 5392 5567 5214 5579 5505 5235 5438 5362 5327 5638 5309 5457 5229 5677 5446 4735 5065 4930 5545 5154 5576 5559 5090 5582 5471 5654 5010 5534 5903 5639 5594 5542 5186 5254 4954 5013 5547 5704 5387 5577 5741 5313 5068 5548 5648 5168 5159 5384 5648 5369 5268 5087 5451 5664 5333 5467 5573 5769 5139 4921 5535 5224 5376 5271 5192 5351 5708 5492 5359 5456 5322 5229 4814 5347 5532 5175 5373 5569 5408 5583 5596 5229 5257 5370 5667 5202 4916 5132 5629 5205 5379 5221 5071 5902 4741 5234 5266 5357 5306 4742 4982 5013 4946 5783 5475 5244 5568 5472 5441 5510 5516 5586 5744 5810 5726 5405 4912 5345 5489 5237 5936 5695 5391 5241 5064 5480 5170 5647 5427 5328 5269 5189 5681 5212 5465 5250 5082 5576 5489 5497 4830 5526 5548 5857 4873 5399 5290 5385 5786 4937 5391 5362 5480 5331 5738 5206 5203 5334 5193 5434 5301 4825 5101 5160 5753 5563 5490 5007 5250 5555 5329 5557 5495 5796 5969 5601 5542 5336 5540 5463 5325 5686 5480 5010 5152 5666 5189 5579 5235 5696
5158 5398 5053 5579 5457 5201 5448 4836 5235 5475 5496 5526 5224 5418 5467 5382 5130 5181 5318 5415 5279 4805 5124 5650 5542 5221 5673 5735 5215 5148 5222 5353 5076 5551 5103 5267 5258 5656 5461 5258 5209 5895 5475 5143 4857 5435 5335 5652 5098 5432 5059 5642 5498 5055 5583 5748 5149 5217 4962 5514 5625 5158 5273 5238 5234 5388 5022 5460 5392 5615 5542 5091 5416 5438 5249 5277 5428 5368 5399 5505 5669 4870 5011 4881 5513 5296 5496 5637 5202 5533 5402 5513 5293 5501 5750 5584 5390 5488 5162 5467 5221 5164 5484 5407 5439 5636 5420 5227 4960 5491 5586 4886 5144 5578 5652 5472 5085 5239 5116 5798 5151 5322 5653 5575 5241 4965 5454 5316 5520 5418 5079 5135 5575 4981 5359 5337 5425 5101 4743 5501 5272 5062 5120 5163 5195 5701 5409 5237 5151 5404 5600 5232 4990 5313 5379 5395 5319 5309 5154 5977 4484 5086 5379 5727 5266 5203 4815 5101 5016 5643 5505 5473 5496 5488 5483 5267 5374 5158 5621 5446 5736 5182 4713 5058 5137 5386 5776 5586 5446 5146 5466 5430 4999 5648 5410 5452 5118 5385 5564 5312 5318 5250 4994 5718 5410 5612 4831 5309 5569 5660 5051 5204 5254 5176 5584 5109 5062 5347 5358 5360 5264 4929 5083 5369 4804 5296 5361 5002 4973 5102 5544 5756 5265 5060 5322 5447 5159 5337 5522 5804 6013 5322 5522 4985 5622 5324 5208 5755 5393 5030 5118 5470 5282 5452 5315 5703
4831 5551 5241 5281 5301 5435 4980 5221 5512 5468 5399 5528 5278 5053 5298 5040 4912 5392 5248 5346 4993 4878 5104 5379 5299 5026 5891 5584 5016 5275 5207 5260 5051 5229 5189 4955 5213 5752 5275 5069 5202 5684 5362 5085 4612 5285 5414 5550 4661 5450 5074 5510 5374 5125 5298 5553 4952 5349 4920 5571 5867 4880 5282 5073 4838 5000 5100 5202 5203 5266 5431 4864 5172 5517 4943 5075 5455 5471 5197 5100 5347 4716 5111 4917 5535 5261 5613 5608 4884 5499 5174 5262 5027 5283 5402 5536 5248 5351 5235 5221 5103 4735 5427 5458 4914 5526 5052 4965 4848 5142 5610 5147 5183 5426 5805 4984 4775 5015 5159 5505 4972 5394 5333 5424 5131 5030 5528 4887 5521 5219 5174 5193 5549 5190 5470 5363 5298 5175 4997 5102 5441 5039 5155 4991 5233 5753 5299 5402 4814 5335 5481 4956 5133 5014 5441 5302 5364 5298 5337 6120 4666 5229 5312 5371 5104 5121 4664 4672 4960 5582 5556 5235 5358 5341 5497 4936 5274 5421 5593 5420 5408 4952 4925 5017 5215 5316 5569 5688 5541 5133 5277 5313 5059 5048 5339 5367 5004 5739 5515 4982 5279 5462 4859 5602 5226 5336 4633 5287 5328 5777 4786 5439 5362 5347 5437 5001 4953 5171 5374 5230 5081 4909 5083 5172 4645 5035 5137 4844 4978 5284 5792 5754 5365 5177 4892 5137 5536 5437 5394 5656 5586 5170 5309 4986 5454 5046 5086 5557 5208 5055 4742 5718 5206 5054 4964 5560
4940 5222 4860 5441 5417 5478 5133 4756 5145 5148 5104 5309 5074 5083 5595 4916 4838 5362 5204 5344 5203 4899 5074 5456 5188 5057 5774 5488 4966 5123 5250 5168 4765 5242 5163 5224 5169 5387 5174 5391 5089 5531 5500 4944 4865 5325 5323 5386 4654 5144 5025 5371 5425 5114 5367 5416 4494 5271 4614 5442 5698 4962 5090 4942 4857 5450 4893 5098 5257 5200 5202 5274 4957 5440 4916 5239 5151 5316 4833 5204 5360 4851 5031 4966 5380 5015 5317 5683 4866 5558 5058 5361 4871 5041 5719 5189 5182 5455 5143 5311 5103 4984 5592 5224 5059 5449 5456 4997 4914 5148 5598 5052 5129 5324 5428 5234 4746 5108 5325 5403 4885 5442 5217 5376 5309 4718 5328 5351 5380 5119 5131 4878 5582 4919 5344 5083 5533 5185 4924 5333 5552 5034 5250 5319 5103 5527 5224 5185 5027 5041 5363 5145 4818 5104 5473 5199 4777 5168 5189 5742 4773 5054 5291 5218 5247 4965 4883 5044 4797 5633 5395 5138 5258 5397 5124 5221 5471 5044 5424 5306 5477 5050 4654 5026 5067 4993 5778 5422 5321 5154 5196 5248 4897 5389 5254 5036 4932 5374 5442 5180 5445 5225 4936 5463 5254 5349 4795 5177 5428 5502 4865 5236 5269 5004 5462 4796 4876 5109 5134 5077 5404 5059 5200 5403 4826 5060 5102 4690 5283 4972 5340 5469 5331 5072 5067 5019 4960 5245 5121 5315 5589 5315 5099 4953 5338 5428 5158 5596 5054 5005 5073 5527 5015 5318 4870 5453
4947 5145 4918 5464 5201 5479 5126 4511 4900 4894 4932 5103 4801 4830 5331 5016 5040 5067 4894 5033 4936 4501 4800 5365 4977 5045 5436 5284 4918 4839 5119 5406 4763 5102 4819 5069 4842 5233 5071 4959 4768 5301 4995 4734 4623 5343 5079 5628 4739 5072 4993 5232 5330 5112 5260 5106 4692 5253 4948 5166 5552 4643 4681 4945 4928 5365 4918 5122 4903 5481 5171 5166 5055 5312 4647 5553 5187 4988 4936 5031 5092 4742 4953 4849 5167 4807 5344 5341 4899 5129 4746 5250 4621 5280 5463 5144 5206 5536 4940 4950 4964 4613 5224 5139 5194 5592 5232 4936 4835 5141 5200 4979 4879 4994 5307 5002 4702 4944 5158 5347 4616 5511 5299 5113 4729 4659 5184 4882 4975 4729 4892 4783 5361 4937 5186 4985 5146 4939 4779 5026 5426 4875 5188 5106 5207 5597 4911 4920 4893 4878 5574 4707 4826 5101 5339 5025 4736 4951 5081 5651 4482 4992 4931 5021 5111 4729 4785 4795 4756 5647 5025 5004 5152 5123 5135 5043 5163 5061 5462 5434 5420 4997 4674 4832 5165 4900 5676 5436 5225 5030 4973 4944 4919 5443 5187 5315 4929 5269 5109 4738 5077 5024 4669 5284 5284 5268 4954 4959 5034 5491 4846 5112 5080 4982 5307 4987 5074 5174 5222 5126 5357 5111 5002 4832 4929 5063 4869 4409 4814 4833 5397 5421 5013 4839 4907 5021 4756 5142 4837 5442 5504 5147 4969 4943 5080 5342 4923 5546 5178 4745 4930 5052 4831 5222 4779 5418
4580 4871 4832 4949 5057 5220 4794 4669 5000 5045 4835 4928 4733 4766 5110 4957 4842 5162 5110 5098 4816 4555 4562 5108 4968 4970 5239 5152 4566 4816 4719 5091 4718 4909 4866 4960 4768 4964 4818 4899 4930 5363 4998 4758 4492 5197 4888 5196 4491 4973 4675 4939 5276 4667 5025 4974 4330 5169 4585 4931 5299 4725 5039 4920 4647 4899 4547 5064 5080 5205 4869 4910 4600 4907 4883 5141 5009 4862 4910 4891 5122 4443 4820 4442 5093 4855 4986 4974 4681 5255 5034 5004 4724 5057 5184 5031 4983 5094 4727 4960 4706 4611 5117 5120 4915 5235 5092 4710 4665 4736 5234 4657 4609 5136 5031 4865 4776 4690 4916 5092 4748 5133 4965 4952 4649 4733 4949 4780 4962 5087 4890 4963 5217 4750 4842 4941 4726 4987 4398 4922 4935 4746 4903 4850 4556 5292 5056 4984 4689 4921 5142 4730 4671 4846 5213 5118 5024 4818 4591 5437 4284 4933 4953 4964 4660 4746 4505 4637 4680 5514 5001 5045 5152 5110 4927 4868 4825 4930 5465 4938 5373 4592 4326 4694 4882 4878 5441 5155 4968 4840 4509 4777 4770 5273 4682 5263 4846 5151 5005 4627 4831 5053 4506 5116 5249 5079 4621 4999 4991 5170 4680 5068 5059 4950 5368 4617 4583 4701 4855 4827 4964 4652 4567 4988 4514 4973 4823 4374 4939 4795 5239 5311 4999 4660 4868 4746 4872 5016 4681 5350 5275 5012 4708 4867 5128 4799 4833 5151 4810 4722 4691 5183 4982 5053 4584 5338
4877 5070 5163 5478 5127 5093 4720 4570 4908 5133 4910 5200 4932 4993 5238 4957 4717 5275 4896 5043 4679 4670 5037 5250 5175 4886 5458 5135 4736 5038 5128 4978 4629 4793 4939 4976 4890 5307 5149 5139 4864 5452 5005 4900 4641 5411 5051 5238 4879 5045 4890 5306 5453 4856 5023 5340 4805 5054 4910 5103 5315 4592 4788 4864 4684 5105 4778 5106 4835 5219 5303 4975 4935 5149 4840 4978 4995 5124 4938 5193 4995 4540 4875 4783 5335 4954 5285 5331 4917 5539 4838 4955 4835 4957 5559 5115 5198 5178 5046 4878 4854 4655 5075 5032 5000 5349 5262 4782 4740 5227 5052 4997 4826 5152 5343 4849 4609 4705 5156 5316 4915 5256 5220 5176 5018 4889 5159 5096 5166 5016 4979 4744 5125 4820 5200 4956 5074 5046 4515 5300 5273 4812 5143 4971 5120 5153 5039 5041 4752 4877 5510 4899 4847 4908 5260 4868 5012 5154 4889 5386 4280 5131 5058 5019 5101 4677 4314 4764 4785 5471 5052 4736 5099 5012 5048 4938 5139 5007 5167 5209 5368 4655 4356 5084 4885 4835 5604 5282 4938 4917 4899 4981 4730 5023 4977 5020 5013 5233 5375 5118 4872 4956 4432 5373 5261 5193 4717 5102 5350 5456 4658 5049 5141 4872 5251 4603 4808 4760 5099 5158 5137 4762 4977 5085 4776 4797 4933 4357 4985 4939 5152 5487 5088 4630 4811 4989 5119 5142 4995 5546 5512 5144 5102 5140 5166 5200 4824 5309 4861 4704 4859 5229 4911 5086 4829 5142
5036 5172 5082 5334 5419 5441 5177 4758 5249 5403 5220 5166 4873 5261 5433 5224 5165 5490 5389 5290 5031 4638 4957 5456 5295 5133 5750 5510 4997 5222 5352 5101 4875 5292 5074 5211 5048 5449 5421 5024 5361 5574 5362 5097 4588 5460 5229 5461 4801 5235 5201 5456 5448 5204 5514 5316 4669 5183 4838 5458 5754 4841 5095 5294 4910 5049 5144 5277 5504 5595 5325 5032 5287 5183 5054 5330 5426 5229 5231 5354 5241 4808 4868 4959 5349 5340 5209 5608 4945 5018 5300 5222 4973 5339 5797 5367 5234 5538 5167 5072 5156 4694 5114 5583 5037 5536 5561 5070 5100 5413 5443 4947 4952 5399 5342 5235 5145 5155 5043 5352 5262 5346 5460 5504 4852 4882 5528 4808 5371 5309 5239 5050 5529 5286 5384 5343 5322 5304 4641 5304 5225 5323 4895 5175 5037 5546 5368 5016 4982 5133 5615 4997 4951 5208 5294 5306 5168 5307 5110 5845 4458 5201 4928 5054 5057 4856 4754 4661 5063 5645 5474 5121 5527 5420 5417 5044 5287 5154 5651 5307 5595 5018 4697 5221 4919 5118 5569 5641 5291 5223 5204 5168 5046 5245 5252 5446 5209 5403 5522 4855 5064 5273 4642 5243 5579 5450 4689 4850 5169 5483 4871 5277 5200 5245 5524 5072 4938 5121 5249 5183 4931 4864 5172 5368 4990 5206 5272 4610 5292 5039 5495 5676 5213 4885 4983 4960 5410 5155 5084 5753 5929 5377 5496 5086 5222 5192 5047 5563 5120 4963 4872 5473 5058 5399 5377 5568
4938 5339 5138 5495 5371 5457 5226 4861 5108 5046 5318 5415 5097 5128 5439 5090 5005 5211 5316 5240 5058 4780 4563 5291 5140 5201 5538 5274 5010 5114 5342 5234 5208 5205 5039 5247 4929 5545 5203 4955 5213 5614 5331 5104 4645 5397 5029 5608 4789 5319 5175 5347 5570 4992 5255 5488 4856 5504 4856 5556 5821 4761 5378 4980 5024 5076 5001 5213 5171 5405 5455 4964 5098 5171 4855 5318 5184 5246 4911 5320 5160 4546 5035 4835 5423 5078 5400 5273 4899 5280 5047 5003 5277 5436 5302 5422 5138 5499 5154 5206 5299 4828 5290 5590 5050 5436 5081 4956 5100 5130 5368 4822 4909 5376 5503 5076 4938 4927 5248 5484 5002 5414 5506 5595 5081 4842 5208 4926 5372 5222 5013 5033 5239 5127 5380 5184 5523 5103 4515 5270 5397 5001 4922 4898 5118 5336 5448 5142 4978 5223 5411 4955 4901 4878 5227 5107 5115 4980 4820 5944 4559 5106 5078 5087 4923 4898 4882 4821 4656 5444 5051 4903 5143 5353 5250 5322 5354 5353 5367 5253 5451 5102 4814 4814 5351 5006 5635 5470 5377 5245 5021 5345 5053 5415 4975 5446 4977 5531 5149 5020 5044 5287 4962 5519 5296 4934 4662 5101 5013 5447 4732 5108 5360 5007 5389 4797 4915 5063 5304 5087 5273 5021 4917 5224 4678 4735 5065 4665 4862 5017 5601 5519 5117 4706 4820 5004 5147 5438 5246 5566 5625 5430 5163 5114 5451 5227 5035 5447 5373 4911 5100 5249 5192 5404 5115 5389
5262 5404 5310 5595 5458 5336 5112 4670 5341 5760 5217 5511 5241 5346 5288 4951 4944 5453 5516 5052 4978 5017 5139 5366 5390 5320 5778 5453 5223 5350 5251 5137 5009 5274 5219 5386 5173 5613 5671 5139 5148 5833 5275 5191 4549 5468 5461 5629 4842 5233 5215 5251 5488 5160 5684 5375 4918 5519 4980 5389 5867 4749 5198 5101 4942 5389 5056 5372 5121 5384 5349 5299 5074 5366 5047 5394 5505 5168 5108 5208 5573 4820 4964 4943 5683 5142 5265 5250 4936 5356 5256 5209 5152 5453 5666 5525 5481 5791 5446 5267 5004 5095 5317 5690 5321 5404 5545 4959 5228 5401 5478 5126 5053 5342 5475 5198 4798 4711 5166 5609 5134 5357 5182 5363 4894 4843 5307 4954 5282 5432 5019 5351 5514 4972 5389 5417 5445 5161 4843 5054 5589 4937 5168 5316 5315 5761 5485 5213 4930 5647 5794 5009 5194 4877 5546 5490 5104 5378 5149 5922 4900 5154 5146 5415 5325 4993 4886 4912 5150 5691 5389 5290 5526 5563 5596 5090 5643 5288 5562 5573 5493 4950 4776 4823 5253 5339 5827 5765 5459 5254 5173 5002 5053 5584 5103 5639 5278 5880 5491 5063 4999 5215 4947 5532 5211 5450 4851 5280 5232 5587 4949 5119 5240 5163 5543 4895 4963 5238 5278 5266 5080 4962 5252 5342 4831 5243 5320 4838 5025 4980 5360 5725 5048 5184 5356 5385 5173 5233 5387 5799 5815 5430 5366 5259 5286 5430 5083 5629 5347 5092 4967 5677 4861 5392 5204 5416
4794 5217 5024 5189 5300 5409 4975 4696 5377 5098 5170 5059 5006 4971 5125 4920 4822 5192 5074 4918 5018 4670 4895 5108 5354 5147 5486 5218 4926 4916 5077 5194 5020 4780 4709 5050 4918 5562 4855 4632 4814 5418 5299 4862 4469 5057 5270 5468 4657 4998 4954 5185 5357 4827 5150 5260 4798 5205 4650 5384 5494 4729 5215 5083 4681 5147 4673 5458 4743 5129 4985 4927 5202 4860 4956 5139 5250 5117 5020 5086 5423 4830 5045 4740 5209 5193 5299 5018 4898 5203 4941 5012 4866 5447 5230 4988 4918 5208 5023 5123 5000 4765 5422 5117 4952 5241 5173 4815 4793 5097 5207 4812 4931 5259 5393 4785 4643 4934 4746 5214 4715 5053 5142 5164 4940 4903 5167 4739 4945 5146 4838 4493 5449 4996 5172 4846 5351 4773 4841 5206 5221 4856 4537 4727 5130 5422 5093 4956 4728 5015 5409 4675 4963 4768 5089 4996 5055 5072 5109 5725 4604 5197 5073 5098 4815 4772 4704 4725 4678 5234 5286 4912 5097 5103 4835 4896 5248 4792 5421 5212 5511 5062 4681 5016 4839 5110 5446 5376 5109 4958 5085 5366 4772 5182 5146 5255 5003 5362 5037 4900 5079 4995 4822 5212 5138 5223 4461 5070 5214 5425 4475 4903 5144 4991 5419 4938 4771 5080 5155 4899 5057 4799 4929 4940 4870 5091 4915 4599 4886 4751 5309 5601 4755 4814 4843 5111 5306 4952 5214 5688 5554 5079 5307 4881 5245 4958 5056 5483 5056 4772 4937 4989 4746 4924 5017 5384
5100 5495 5439 5340 5520 5477 5247 4834 5237 5079 5146 5140 5087 5375 5362 5156 5016 5427 5376 5296 5116 5010 5082 5448 5340 5242 5899 5155 5038 5246 5200 5350 5139 5254 4824 5211 5205 5713 5204 4969 5206 5763 5330 4989 4648 5621 5231 5479 4810 5389 5192 5531 5673 5257 5209 5582 4988 5223 4908 5467 5476 5034 5155 5287 5246 5294 4776 5234 5128 5407 5262 5241 5254 5259 4896 5469 5268 5717 5045 5261 5502 4914 5093 4909 5261 5149 5306 5931 5333 5318 5164 5332 5069 5487 5432 5196 5340 5305 5361 5291 5144 4747 5410 5321 5135 5469 5385 5158 4865 5399 5615 5114 5110 5283 5512 5201 5102 5264 5045 5231 5195 5619 5548 5615 4869 5139 5397 5054 5097 5136 5290 4958 5565 5490 5340 5281 5212 5059 4830 5060 5206 5474 5157 4953 5170 5467 5524 5242 5131 5305 5485 4950 5046 5152 5445 5414 5051 5272 5015 5720 4654 5132 5113 5451 5011 4805 4832 4860 4909 5831 5390 5214 5392 5202 5475 5249 5426 5208 5566 5603 5426 5224 5116 5040 5246 5123 5859 5622 5300 5363 5013 5246 5051 5684 5573 5522 5060 5472 5593 5185 5454 5329 4787 5521 5548 5461 4885 5165 5638 5719 4662 5222 5176 5253 5714 4994 5197 5329 5282 5286 5410 5258 5046 5341 4859 4978 5253 4623 5185 5359 5434 5606 5223 4793 5044 5293 5190 5427 5341 5693 5983 5457 5316 5190 5580 5212 5098 5564 5337 5044 5003 5476 5002 5442 5165 5716
5165 5383 5361 5621 5365 5499 5343 4843 5160 5427 5325 5325 5253 5333 5727 5105 5163 5334 5364 5454 5025 5002 4997 5277 5452 5424 5567 5190 4927 5250 5319 4997 5055 5275 5092 5622 5203 5524 5232 4911 5345 5497 5204 5202 4571 5720 5270 5595 4888 5368 5190 5539 5586 5127 5469 5732 4841 5701 5101 5441 5603 5078 5367 5266 5157 5368 5241 5246 5315 5640 5276 5195 5378 5172 5082 5258 5430 5412 5284 5468 5373 4752 5201 5004 5275 5097 5352 5520 5221 5293 5238 5360 5045 5496 5753 5409 5285 5317 5391 5167 5114 4805 5224 5508 5315 5542 5703 5053 5068 5326 5486 5041 5093 5402 5518 5268 4979 5049 5088 5501 5081 5481 5608 5350 4865 5178 5408 5401 5230 5064 5152 5188 5647 5166 5400 5311 5485 5014 4590 5241 5379 4841 5129 5339 5286 5759 5584 5474 5141 5414 5735 5022 4982 5039 5481 5522 5157 5196 5060 5966 4537 5297 5349 5758 5192 4867 4777 4946 5198 5797 5264 5380 5426 5170 5714 5270 5191 5291 5389 5567 5713 4863 4891 4909 5312 5174 5657 5769 5336 4941 5146 5190 5192 5566 5458 5757 5185 5525 5417 4967 5049 5124 4737 5514 5384 5461 4901 5083 5357 5643 4872 5141 5156 5133 5661 5163 4851 5261 5396 5291 4979 5248 5025 5371 5065 5197 5132 4897 5170 5216 5317 5435 5159 5015 5313 5089 5414 5165 5328 5766 5648 5381 5270 5204 5412 5201 5309 5704 5142 5184 5088 5640 4938 5319 5100 5481
4863 5180 5026 5377 5137 5616 4713 4640 5137 5359 5064 5084 4916 5038 5378 4821 4977 4985 5128 4937 4741 4508 4937 5134 5111 5156 5449 5040 4874 5210 4972 5151 4895 5153 4811 4938 4967 5251 5211 4918 5168 5565 5000 4850 4392 5069 5067 5371 4605 5276 4811 4978 5187 4990 5165 5112 4610 5046 4789 5263 5457 4839 5020 4886 4853 5141 4984 5289 4982 5382 5220 4896 4922 5109 4882 4990 5207 4975 4739 5083 5324 4608 4896 4521 5261 4920 5202 5287 4611 5344 4968 5062 4776 5410 5411 5408 5076 5259 5045 5155 4763 4528 5374 5573 4975 5241 5149 4827 4674 5150 5515 4776 4974 5077 5266 4915 5023 4813 4867 5268 5063 5180 5148 5406 4850 4951 5320 4837 5391 5192 4646 4997 5148 4963 5246 4967 5148 4860 4581 4961 5260 4860 4903 4951 4983 5479 5114 4899 4689 5074 5600 4850 4904 5104 5363 5092 5120 5137 4899 5561 4539 4713 5025 4819 5005 5033 4634 4467 4862 5479 5189 5397 5289 5287 5128 4900 4989 5079 5198 5271 5265 4833 4667 4712 5058 5015 5673 5435 5224 4996 4981 5085 4609 5321 5147 5298 4999 5153 5226 4770 4867 5119 4707 5193 5118 5129 4639 5154 4965 5316 4517 5025 5007 4848 5269 5006 5013 4767 5248 4764 4923 4970 4962 4946 4764 4836 4996 4488 5265 4842 5293 5499 5104 4713 4732 4997 5013 5088 5307 5288 5324 4850 5272 4827 5036 4977 5001 5501 4979 4784 4770 5271 5076 5167 4999 5275
5248 5673 5568 5589 5582 5648 5437 5000 5683 5836 5557 5707 5432 5349 5610 5409 5455 5563 5523 5614 5288 4944 5362 5548 5413 5405 5995 5703 5316 5310 5287 5378 5274 5567 5516 5701 5589 5950 5645 5541 5567 5747 5356 5235 4658 5665 5767 5837 5007 5426 5558 5689 5821 5212 5616 5829 5228 5708 5022 5650 5870 5231 5453 5372 5560 5438 5441 5647 5550 5604 5528 5541 5231 5465 4897 5443 5682 5663 5382 5854 5765 4970 5213 5070 5685 5522 5745 5733 5312 5676 5051 5308 5140 5610 5892 5728 5275 5400 5460 5250 5090 5108 5579 5714 5315 5655 5698 5275 5183 5714 5767 5083 5523 5629 5773 5191 5036 5173 5180 5733 5335 5552 5544 5597 4985 5094 5683 5155 5370 5418 5154 5177 5647 5477 5485 5456 5560 5284 4904 5546 5742 5224 5371 5354 5337 5749 5510 5465 5177 5819 5563 5292 5359 5181 5598 5310 5313 5457 5290 6117 4758 5365 5639 5544 5256 5087 4943 4966 4935 5988 5612 5532 5596 5287 5851 5416 5466 5594 5721 5658 5809 5345 5126 5332 5575 5313 6026 5651 5470 5362 5335 5386 5322 5553 5466 5686 5115 5835 5826 5188 5309 5412 5130 5834 5705 5695 5110 5280 5527 5909 4961 5493 5295 5436 5730 5422 5158 5581 5519 5407 5489 5200 5153 5414 4988 5353 5343 5059 5315 5189 5678 5717 5646 5306 5499 5604 5501 5516 5448 5766 5907 5567 5510 5332 5650 5414 5537 5760 5521 4958 5066 5688 5283 5544 5343 5706
5332 5744 5009 5495 5558 5529 5364 4816 5402 5444 5404 5545 5280 5545 5612 5399 5217 5384 5489 5429 5104 5057 5232 5408 5723 5457 5872 5511 5141 5041 5291 5429 5216 5376 5377 5107 5439 5596 5180 5096 5481 5600 5347 5175 4637 5582 5495 5649 4729 5646 5285 5443 5489 5334 5247 5832 4979 5750 4952 5651 5815 5194 5374 5298 5216 5259 4877 5641 5467 5559 5347 5316 5296 5575 5000 5493 5525 5457 5131 5419 5374 5014 5060 4946 5517 5559 5545 5717 5334 5356 5351 5398 5039 5598 5653 5326 5194 5716 5309 5600 5303 4984 5535 5545 5010 5496 5484 5262 5123 5399 5910 5159 5235 5691 5651 5223 5319 5222 5175 5707 5066 5717 5520 5243 5175 5105 5397 5158 5252 5477 5142 5098 5591 5368 5231 5387 5544 5283 4863 5656 5697 5221 5254 5151 5195 5896 5328 5340 5096 5398 5469 5144 5114 5012 5293 5291 5042 5364 5195 5778 4720 5398 5416 5335 5186 5028 4948 5096 5092 5813 5528 5441 5386 5515 5501 5259 5503 5367 5702 5750 5623 4968 4854 5426 5174 5194 5736 5782 5246 5105 5400 5639 5226 5617 5596 5495 5261 5405 5565 5189 5311 5271 5131 5680 5532 5430 5158 5390 5570 5873 5031 5442 5385 5380 5638 5055 5237 5409 5384 5104 5346 5270 5287 5086 5060 5317 5060 4788 5141 5078 5622 6067 5399 4824 5006 5331 5254 5421 5555 5827 5969 5443 5313 5141 5489 5362 5273 5752 5440 5194 5138 5574 5040 5529 4952 5785
4917 5295 5038 5522 4837 5328 5073 4823 5452 5337 4930 5500 4789 5158 5402 4938 5086 5119 5275 5023 5055 4823 4822 5286 5287 5098 5565 5371 5066 5242 5136 5018 5109 5373 5089 5176 4989 5509 5188 4851 5306 5692 5302 5171 4690 5323 5278 5303 4785 5124 5168 5302 5302 4823 5385 5559 4867 5483 4986 5333 5414 4835 4987 4973 5093 5584 5066 5338 5140 5356 5496 4921 5162 5201 4852 5055 5091 5137 5175 5209 5361 4565 4794 4642 5386 5024 5451 5116 5075 5409 5032 5434 5235 5306 5593 5424 5249 5256 5075 5043 4997 4869 5375 5383 5074 5269 5287 4891 4714 5345 5352 5043 4892 5258 5433 4992 4917 4788 5043 5313 4939 5224 5312 5532 5070 4814 5365 4905 5351 5160 4910 5189 5106 4885 5180 5180 5330 4814 4756 5069 5366 4821 4861 5100 5270 5500 5063 5301 4815 5384 5494 4900 4789 4942 5286 5232 5286 5102 4882 5700 4465 5481 5229 5377 4968 4941 4744 4869 4884 5584 5095 5099 5245 5131 5629 4942 5046 5152 5165 5487 5548 4733 4798 4973 5183 5327 5394 5162 5420 4929 5123 4959 4867 5278 5356 5282 5010 5663 5467 4926 5088 5272 4909 5370 5165 5220 4686 5432 5375 5719 4735 5307 5306 4702 5267 4864 4998 4904 5148 4965 5016 5011 4923 5008 4977 4964 5073 4555 5046 5222 5406 5401 5089 5231 5192 5211 5269 5249 5163 5487 5629 5274 5087 4998 5528 5278 4823 5814 5056 4778 4792 5339 4984 5169 4720 5298
4953 5403 4980 5287 5229 5338 5099 4767 5127 5211 5340 5124 4822 4847 5293 4979 4781 5078 4941 5053 4862 4422 5000 5281 5019 5077 5515 4943 4769 4935 4913 5049 4838 4978 4975 5263 4997 5440 5063 5054 5180 5492 5071 5026 4615 4931 5005 5210 4585 4985 4962 5287 5373 4724 5144 5237 4682 5050 4770 5150 5473 4534 4911 4852 4621 5087 4825 5412 5044 5140 5175 5123 4845 5112 4922 5164 5085 5038 4892 5256 5172 4434 4888 4777 5425 4875 5365 5389 4663 5070 4884 5036 4827 5120 5435 5203 5377 5239 4862 5221 4798 4693 4955 4983 5091 5110 5543 4682 4742 5131 5361 4892 4754 5223 5280 5023 4910 4885 5085 5303 4669 5116 5229 5047 4786 4681 5039 4954 5152 5069 4831 4786 5230 4798 4993 5222 5468 4958 4382 5037 5193 4667 4776 4815 4927 5348 5046 5154 4446 4914 5374 4920 4529 4838 4995 4990 4864 5034 4954 5585 4249 5030 5082 4971 5172 4680 4615 4947 4572 5368 4985 5229 5151 4977 5077 4643 5157 4926 5200 5298 5199 5126 4454 5256 5136 4829 5284 5202 4920 5185 4897 5360 4869 5096 4998 5205 5160 5153 5247 4967 5025 4938 4714 5536 5181 5011 4563 5121 5148 5393 4754 5026 4987 4946 5139 4797 4745 5146 4993 4998 4907 5000 5046 4748 4464 5162 4733 4678 4930 4799 5291 5379 5130 4833 5051 4976 5032 5420 5066 5243 5400 5126 5107 4783 5554 4903 4975 5494 5054 4614 4599 5133 4453 5210 4751 5470
5188 5602 5040 5228 5403 5365 5121 4862 5504 5477 5364 5396 5256 5169 5306 4972 5042 5524 5442 5257 5248 4905 5077 5449 5362 5267 5567 5551 5320 5376 5185 5297 5409 5190 5215 5118 5383 5781 5250 5078 5446 5838 5351 5194 4614 5509 5305 5492 4934 5477 5112 5334 5497 5005 5390 5444 5182 5456 5280 5332 5819 4913 5182 5372 5255 5248 5065 5410 5322 5326 5151 5307 5253 5371 5068 5489 5236 5301 5063 5033 5475 4516 5212 5071 5375 5322 5411 5447 5168 5263 4971 5645 5096 5658 5514 5347 5346 5617 5160 5338 5258 4973 5180 5526 5288 5229 5415 5267 4865 5189 5560 5406 5279 5529 5666 5374 5135 4976 4947 5316 4723 5646 5206 5346 5239 5057 5533 4873 5291 5233 5253 4918 5568 5259 5247 5436 5522 5086 4896 5207 5702 4989 5458 5300 5121 5316 5344 5112 4890 5406 5491 5155 5070 5033 5397 5461 5322 5494 5295 5868 4967 5020 5278 5242 5349 5210 4959 4791 4951 5777 5485 5294 5234 5357 5503 5375 5248 5393 5592 5597 5477 5146 4871 4848 5375 5310 5822 5516 5219 5301 5080 5449 5155 5535 5492 5688 5035 5624 5580 4797 5341 5169 4953 5445 5289 5505 4911 5364 5370 5705 4736 4996 5402 5433 5699 4958 5342 5058 5191 5026 5364 5409 5029 5296 4774 5241 5048 4824 4854 5086 5736 5647 5159 4973 5349 5158 5267 5380 5224 5747 5728 5348 5389 5216 5421 5332 5068 5938 5451 4950 4965 5851 4802 4986 5103 5850
4646 4946 4575 4970 4890 5122 4342 4519 4779 5215 4729 5116 4685 5051 5127 4581 4666 5036 4999 4818 4831 4538 4827 4959 4795 4764 5218 5143 4840 4761 4727 4929 4611 4541 4509 4877 4731 5334 4934 4495 4881 5216 4844 4535 4491 4992 4985 4923 4619 4808 4663 5208 4896 4564 5036 4879 4548 4656 4813 5123 5180 4617 5039 4517 4636 4975 4698 4931 4621 4893 4789 4775 4741 4808 4522 4970 4795 4822 4935 4951 4881 4466 4634 4718 5223 4868 5038 5224 4581 4934 4995 5003 4566 4945 5048 5136 4712 4901 4812 4775 4717 4329 5049 5109 4718 5067 5122 4787 4473 4783 5060 4385 4763 5028 5274 4757 4630 4490 4740 4757 4425 4959 4853 4983 4763 4526 5178 4649 4902 4942 4768 4660 5057 4780 4666 4782 4985 4692 4485 4805 5195 4619 4871 4904 4744 5228 4777 4696 4568 4781 5148 4563 4764 4745 5122 4886 4612 4488 4564 5359 4273 4822 4695 4885 4784 4608 4466 4574 4397 5125 4981 4600 4985 4748 4777 4560 4853 4870 5014 5029 5228 4621 4488 4362 4555 4564 5123 5116 4760 4679 4868 4706 4550 5175 4882 5141 4763 5037 4978 4705 4944 4800 4439 5095 4930 5099 4456 4759 4759 5206 4371 4738 4912 4589 4845 4658 4777 4854 4841 4751 4651 4935 4759 4789 4666 4526 4614 4282 4560 4865 5250 5202 4700 4610 4700 4893 4953 4644 4828 5160 5245 4697 5136 4573 5083 4840 4937 5200 4802 4720 4382 5029 4365 4934 4832 4969
4968 5201 5002 5103 5284 4994 5064 4586 4996 4926 5040 4992 5016 4880 5037 4901 4886 5036 4983 5086 4790 4803 4723 4937 5195 4997 5355 5209 4647 4893 4839 4757 4650 4943 4737 5043 4920 5266 5003 4738 5014 5253 5061 4790 4723 5225 4909 5180 4511 5116 4785 5333 5249 4878 4921 5199 4582 5132 4348 4929 5172 4680 4959 4788 4809 5200 4805 5075 5155 5316 5109 5042 4783 5012 4815 5162 4989 5299 5038 5202 5405 4446 4881 4745 5050 4911 5240 5481 4821 5069 5022 4899 4671 5162 5751 4942 4759 5110 4866 4928 4719 4680 5208 5107 4868 5373 5083 4935 4706 5018 5392 4819 4771 5157 5313 5039 4739 5135 5266 5269 4862 5155 4998 5242 5122 4635 5138 4934 4755 5079 4805 4914 5387 4640 5024 5149 5141 4924 4535 4730 5314 4950 4950 5070 4828 5313 5326 4853 4884 5237 5079 4687 4641 4699 5278 5015 4489 4905 4729 5582 4451 4704 5013 4975 4956 4728 4615 4599 4618 5376 4996 4901 5194 5175 4947 5190 5088 4873 5394 5351 5310 4789 4719 4774 4633 4992 5491 5660 4960 4928 4847 5148 4866 5057 4998 5269 5076 5092 5158 4466 4849 4951 4509 5145 5133 5031 4737 5055 5058 5404 4517 4817 4895 4936 5241 4731 4414 5151 4804 4736 4980 5010 4906 5152 4538 4872 5025 4511 4811 4807 5373 5275 4777 4954 4906 4964 4906 5099 4919 5328 5483 5055 5262 4918 5136 4935 4815 5226 5019 4849 4625 5385 4720 4975 4702 5291
4605 4657 4576 4711 4305 4440 4664 4284 4447 4546 4516 4836 4575 4439 4761 4486 4304 4344 4294 4741 4456 4169 4194 4679 4698 4575 4842 4548 4550 4531 4541 4480 4424 4480 4284 4648 4410 5116 4611 4262 4324 5032 4442 4659 4004 4512 4785 5053 4196 4356 4673 4640 4784 4326 4743 4812 4295 4702 4322 4859 4750 4147 4263 4700 4346 4606 4376 4871 4739 4962 4820 4373 4798 4567 4576 4369 4672 4664 4591 4742 4489 4201 4107 4166 4816 4549 4675 4846 4425 4691 4303 4707 4522 4792 4990 4530 4567 4489 4494 4577 4314 4154 4393 4389 4470 4747 4741 4382 4202 4546 4769 4608 4345 4600 4748 4480 4276 4513 4358 4773 4396 4709 4754 4601 4552 4065 4762 4355 4418 4426 4401 4432 4716 4506 4544 4546 4526 4509 3902 4376 4653 4440 4223 4515 4261 4701 4678 4413 4309 4610 5012 4785 4422 4580 4594 4535 4524 4736 4321 5033 3887 4551 4644 4737 4799 4223 4142 4326 4108 4783 4732 4713 4629 4508 4698 4498 4443 4484 4722 4663 4697 4360 4220 4484 4589 4642 5018 4906 4305 4519 4423 4734 4378 4808 4787 4699 4447 4922 4821 4466 4559 4189 4214 4758 4475 4586 4252 4829 4809 5117 4145 4446 4594 4682 4732 4252 4406 4468 4370 4647 4480 4402 4241 4573 4332 4498 4364 4274 4468 4701 4773 4693 4516 4233 4732 4630 4398 4684 4691 4930 4895 4674 4512 4309 4631 4619 4411 4897 4527 4303 4522 4748 4261 4387 4450 5029
4752 5286 5184 5264 5292 5364 4858 4707 5413 5069 5232 5173 4816 5077 5215 5030 4886 5426 4824 5281 4996 4492 4887 5312 5455 4861 5595 5367 4824 5155 5222 4946 4905 5023 4959 5215 5082 5295 4962 4762 5132 5466 5198 4977 4419 5328 5049 5363 4789 5055 5085 5373 5362 4959 5123 5220 4913 5196 4615 5208 5431 4853 5168 5277 5015 5289 4901 5373 4719 5196 5300 5091 5161 5105 4761 5054 5120 5158 5071 5099 5442 4621 4807 4875 5317 4839 5490 5229 4992 5164 4957 5213 4964 5496 5602 5195 5057 5144 5013 5097 5111 4661 5323 5407 5090 5345 5371 4926 4717 5087 5231 4854 4721 5136 5359 5088 4855 4786 4814 5489 4930 5307 5332 5435 4971 4726 5189 5163 5243 5251 4811 4771 5417 5060 5022 5046 5286 5046 4881 5125 5320 4831 5006 5015 4981 5468 5276 5284 4931 5089 5435 5005 4743 4699 5109 4968 4967 4937 5075 5748 4585 5206 5048 5451 4762 4767 4948 4793 4668 5614 5266 5089 5468 5137 5332 5073 5361 4982 5511 5231 5625 4980 4552 4842 5099 5049 5829 5226 5039 5100 4822 4940 4651 5250 5342 5005 5136 5436 5534 4891 4934 4931 4706 5210 5326 5385 4640 5344 5192 5181 4737 5056 5236 5182 5437 4931 4684 4889 4935 4859 5342 4940 5043 5165 4789 4924 5161 4491 4967 5156 5128 5578 4903 5095 4752 5080 5206 5150 5221 5520 5458 5262 5290 4987 5265 5011 4935 5553 5126 4957 4747 5449 4818 4911 5155 5487
4656 5419 4800 5428 5154 5016 5097 4637 5261 5332 5326 5232 4973 4881 5469 5063 4818 5198 5024 5176 4979 4751 4981 5153 5341 5374 5616 5121 5090 5209 4948 5082 5009 5187 4789 5295 5019 5579 5137 4882 5269 5694 5127 4985 4575 5202 5651 5544 5079 5194 4963 5167 5500 5007 5317 5286 4635 5274 4678 5533 5340 4815 5239 5256 5056 4957 4852 5269 5019 5456 5194 5030 5140 5400 4652 5099 5415 5096 4969 5287 5406 4841 5042 4709 5269 5102 5531 5271 5073 5232 4922 4951 4811 5501 5936 5474 5300 5382 5185 5392 5080 4749 5137 5059 5191 5171 5499 4863 4909 4997 5447 5111 5208 5272 5376 4872 4851 4662 5156 5393 5063 5276 4888 5149 4862 4997 5546 5038 5136 4959 5282 4964 5305 5103 5195 5188 5377 5103 4713 5243 5266 5013 4972 5127 5089 5668 5294 4941 5066 5275 5377 5090 4880 4935 5090 5082 4993 4987 4924 5795 4509 5353 5167 4952 5148 4981 4913 5093 5080 5393 5355 4906 5321 5002 5276 4849 5200 4809 5397 5391 5352 4946 4514 4891 5015 5380 5670 5370 5347 4760 5061 5065 4968 5269 5287 5323 5071 5424 5364 4857 4980 5261 4935 5421 5381 5309 4794 5006 5098 5439 4757 4882 5340 5239 5182 4899 5019 5171 4910 5096 5071 4947 5109 4995 4754 5166 5166 4702 5209 4932 5395 5358 4972 4830 5002 5187 5283 5219 5148 5754 5617 5257 5182 5029 5302 5416 4856 5521 5307 4941 4874 5353 4706 5017 4963 5515
5006 5193 5079 5359 5132 5316 4791 4888 5437 4970 5198 5130 4876 5028 5330 4919 4935 5046 5227 4942 4946 4689 4895 5142 5074 5150 5648 5290 4979 4992 5141 4939 4875 5002 4851 5091 4951 5338 5158 4908 5298 5646 5066 4731 4547 5454 5139 5386 4766 5226 5201 5099 5371 4782 5293 5273 4645 5310 4496 5193 5355 4793 5089 5146 4913 5259 4903 5336 4977 5228 5124 4948 4857 5078 4679 5258 5297 4951 5031 5408 5300 4662 4810 4926 5423 5061 5397 5391 4978 5300 5030 5245 4881 5358 5478 5324 5047 5358 5104 5009 4880 4767 5136 5226 5238 5201 5224 4797 4789 5138 5439 4955 5038 5140 5333 4965 5264 4862 4783 5167 5177 5264 5299 5156 5042 4777 5551 4841 5189 5160 4758 4803 5635 5078 5326 5305 5183 4727 4585 5155 5238 5102 5181 4866 5322 5678 5122 5147 5058 5383 5435 5178 4888 4908 5249 5271 4742 4964 5283 5793 4804 5195 4966 5121 4992 4898 4768 4921 4842 5736 5041 5109 5445 5052 5134 5256 5124 5040 5373 5279 5562 5024 5060 5009 5008 5147 5492 5087 5193 5034 4682 5234 5023 5120 4997 5402 5075 5575 5149 4560 4703 5425 5029 5052 5149 5280 4743 5156 5183 5548 4592 5120 5299 5016 5150 5120 4799 4766 5044 5065 4961 4770 5020 4931 4665 4765 5102 4747 4997 4915 5239 5600 5025 4699 5010 4989 5038 5277 5133 5518 5565 5108 5161 4875 5105 5079 5108 5601 4997 4977 4661 5296 4937 5395 5113 5599
5357 5577 5355 5577 5257 5589 5072 4907 5223 5381 5562 5361 5105 5382 5636 5041 4919 5308 5143 5500 4983 4919 5243 5487 5502 5410 5829 5368 5330 5185 5225 5357 4993 5309 5189 5738 5278 5812 5431 5493 5104 5671 5477 5248 4915 5687 5412 5519 4904 5253 5216 5428 5397 5058 5560 5309 5062 5382 4720 5517 5578 5217 5414 5261 4856 5295 5340 5445 5376 5807 5431 5416 5343 5483 5480 5537 5371 5583 5197 5339 5554 4811 5132 5293 5587 5457 5649 5509 5212 5449 5151 5491 5437 5615 5946 5456 5282 5567 5073 5369 5213 4851 5580 5389 5229 5511 5389 4861 5170 5600 5629 5060 4884 5449 5713 5170 5227 5089 5204 5291 5141 5598 5279 5266 5233 5060 5441 5149 5270 5186 5423 5012 5622 5190 5365 5322 5471 5262 4880 5130 5558 5314 5527 5314 5140 5771 5494 5179 5029 5452 5472 5292 4849 5220 5494 5237 5247 5597 4986 5843 4701 5450 5188 5388 5399 5194 4765 5201 4727 5776 5531 5210 5581 5539 5553 5127 5573 5303 5788 5863 5452 5117 4941 5320 5403 5412 5665 5779 5186 5474 5128 5433 4888 5442 5313 5379 5556 5672 5450 5102 5135 5320 4956 5939 5341 5491 4790 5140 5604 5778 5111 5432 5192 5404 5809 5135 4962 5343 5425 5299 5249 5140 5360 5509 5100 5440 5301 4831 5205 5400 5511 5751 5364 4871 5046 5346 5468 5483 5395 5705 5972 5422 5532 5089 5561 5461 5338 5606 5387 5169 4905 5850 5307 5294 4935 5760
5133 5360 4980 5449 5176 5164 5034 4889 5262 5383 5536 5207 4860 5076 5362 4898 5258 5334 5354 5199 5005 4699 4988 5349 5368 5419 5624 5189 4885 5059 5184 5273 4981 4960 5215 5245 5137 5806 5227 4763 5021 5508 5258 4839 4635 5109 5269 5343 4685 5150 5067 5391 5450 4998 5282 5549 4823 5360 5084 5187 5381 4857 5003 4852 4727 5204 4989 5478 4998 5191 5258 5097 5115 5294 4962 5320 5414 5295 5141 5080 5351 4772 5147 4513 5349 5214 5546 5607 5042 5164 4937 5227 4956 5301 5500 5014 5292 5036 5359 5226 4942 4794 5350 5275 5305 5526 5452 4931 4716 5037 5403 4900 5197 5200 5556 4894 5186 4945 5082 5194 4844 5345 5491 5136 5137 5171 5406 5091 5018 5204 4886 5058 5599 5030 5571 5394 5169 5174 4594 5230 5538 4981 5339 5278 5244 5616 5072 5418 5100 5387 5619 5125 4911 5171 5209 5186 5108 5212 5272 5913 4857 5273 5365 5412 4930 4758 4848 4958 4805 5580 5277 5374 5247 4930 5548 5107 5287 5048 5580 5333 5319 4950 4907 4733 4959 5034 5469 5479 5283 5194 4866 5304 5206 5400 5119 5216 5313 5662 5593 4720 5012 4940 4773 5402 5286 5390 4768 5076 5295 5597 4651 5213 5110 5036 5436 4942 4920 5089 5179 5174 5231 5277 5192 5241 4856 4941 5010 4706 4892 4964 5494 5687 5282 4815 5316 5147 5276 5148 5059 5627 5561 4969 5278 5072 5382 5102 5033 5585 4915 4885 4672 5588 4821 5244 5068 5710
4986 5367 5217 5547 5330 5291 5360 4822 5288 5390 5340 5401 5312 5213 5293 5079 5077 5370 5260 5050 5140 4944 4999 5481 5392 5321 5759 5396 5090 5428 5367 5221 5086 5207 5129 5286 5020 5506 5020 5373 5141 5729 4974 5332 4846 5526 5087 5620 4865 5209 5377 5598 5703 5266 5376 5643 5000 5181 4762 5300 5442 5171 5331 5116 5168 5393 5122 5389 5219 5633 5247 5023 5013 5425 4928 5564 5403 5255 5393 5386 5381 4539 5192 4847 5549 5441 5501 5400 5111 5433 5410 5408 5156 5441 5518 5365 5236 5426 5287 5117 5079 4777 5388 5495 5329 5427 5495 5197 4984 5290 5313 5022 5024 5432 5534 5130 5032 5123 5165 5373 4882 5267 5351 5507 5177 4875 5422 4989 5355 5546 5205 5040 5496 4838 5406 5488 5358 5003 4859 5185 5544 5287 5258 5101 5220 5815 5266 5342 4971 5439 5541 5076 5060 5386 5437 5404 5139 5133 5280 5846 4522 5343 5228 5528 5005 5234 4770 5004 4765 5839 5333 5232 5525 5396 5423 5166 5460 4893 5835 5464 5592 5195 4595 4851 5072 5242 5586 5658 5354 5173 4873 5169 5090 5300 5358 5717 5510 5568 5446 5062 4968 5461 4685 5626 5604 5585 4933 5103 5334 5650 4904 4996 5137 5082 5605 4987 4797 5420 5189 5214 5020 5181 4931 5116 4846 5121 5029 4604 5077 5021 5473 5509 5193 5078 5212 5088 5351 5495 5305 5849 5780 5370 5360 5232 5451 5080 5247 5569 5233 4982 5066 5358 5065 5229 5194 5591
5010 5787 5116 5305 5345 5476 5088 4822 5457 5267 5344 5600 5098 5193 5563 5162 5195 5320 5321 5230 4996 4752 5023 5536 5357 5481 5845 5393 5074 5167 5264 5257 4944 5259 5099 5122 5332 5643 5418 5112 5298 5488 5220 5054 4740 5160 5557 5821 4892 5260 5043 5332 5481 4983 5549 5613 4944 5395 4909 5484 5570 4986 5408 5506 5126 5344 4922 5641 5113 5513 5329 4981 4915 5262 4993 5272 5444 5276 5136 5375 5407 4986 5079 4741 5450 5521 5451 5589 5241 5372 5048 5314 5051 5398 5602 5293 5146 5283 5249 5243 5134 4897 5400 5379 5361 5526 5468 5069 4945 5220 5333 5210 5330 5413 5450 5360 4948 5063 4972 5483 4896 5185 5316 5481 4961 5050 5709 5031 5427 5461 5042 4934 5484 5223 5338 5280 5466 5141 4846 5480 5586 5077 5240 5155 5125 5585 5188 5476 4912 5268 5567 5284 4850 5072 5295 5113 5396 5336 5244 5918 4489 5270 5276 5312 5080 5022 4931 5198 4871 5686 5359 5368 5581 5171 5390 4844 5434 5247 5654 5477 5539 5187 4660 5052 5085 5140 5583 5399 5319 5168 5352 5277 5007 5270 5461 5368 5106 5516 5503 4997 5328 5169 4980 5477 5571 5306 4857 5399 5369 5679 4613 5277 5495 5267 5535 5224 4981 5022 5292 5130 5340 5102 5183 5281 4882 5029 5301 4723 5042 5123 5567 5839 5143 5014 5105 5313 5073 5429 5605 5512 5936 5234 5425 5161 5178 5274 5031 5811 5334 4986 4925 5539 4845 5337 5072 5725
4745 5262 4747 5059 5183 5067 5040 4659 4986 5030 5156 5176 5192 5124 5527 4778 4826 5190 4910 4884 4710 4687 4598 5129 5003 5057 5674 5282 4791 4710 5005 4912 4954 4789 4753 5157 4822 5163 5181 5033 4828 5322 5309 4800 4396 5310 5086 5398 4963 4916 4911 5200 5104 4759 5091 5165 4619 5180 4610 5241 5424 4497 4991 4713 5035 5074 4760 5041 5053 5070 5128 4943 4679 5190 4747 4990 5055 5185 5010 5015 5165 4372 4973 4725 5385 4881 4970 5232 4651 5238 4861 4865 4751 5256 5383 5025 5044 5126 4878 5068 4782 4646 5059 5383 4908 5090 5091 4999 4659 4960 5194 4970 4849 5160 5389 5081 4624 4944 5010 5480 5004 5338 4686 5036 4969 4711 4985 4866 4992 4947 4749 5073 5154 4906 5220 5087 5279 5049 4520 5089 5450 4777 4974 4872 5258 5499 5220 4857 4805 5106 5247 4939 4748 4773 4994 5308 4886 5050 4860 6016 4352 5012 5139 4985 4847 4699 4577 4862 4721 5137 4897 4953 5043 5170 5100 5002 5045 5134 5438 5096 5472 4815 4449 4858 4942 5024 5541 5243 4970 4933 5088 5058 4739 5011 4878 4988 5193 5380 5056 4634 4983 4891 4774 5228 5313 5101 4663 5154 5309 5433 4671 5018 4882 5036 5171 4757 4638 4735 5041 4874 5091 4912 4755 4772 4950 4890 5111 4571 4913 5079 5393 5228 5092 4674 4704 5028 5076 5213 5248 5600 5407 5145 5014 5112 5211 5109 4933 5259 5046 4705 4563 5336 4719 5111 5024 5322
5430 5719 5579 5603 5583 5799 5608 5155 5743 5621 5706 5689 5330 5283 5675 5349 5476 5742 5574 5513 5552 5291 5119 5572 5449 5604 5976 5460 5550 5682 5643 5664 5459 5614 5236 5426 5284 5776 5654 5276 5476 6097 5462 5350 5045 5615 5790 5986 5198 5583 5317 5628 5984 5298 5674 5826 5290 5762 5282 5761 5963 5139 5356 5561 5314 5591 5495 5596 5671 5773 5590 5373 5532 5723 5197 5719 5802 5686 5400 5556 5469 5164 5515 5511 5661 5563 5712 5742 5401 5756 5408 5583 5281 5716 6038 5647 5912 5767 5737 5337 5153 4995 5366 5669 5524 5706 5698 5144 5368 5600 5832 5436 5433 5756 5808 5374 5132 5177 5262 5982 5642 5861 5537 5715 5160 5448 5654 5479 5658 5637 5461 5289 5926 5761 5510 5708 5646 5676 4861 5621 5513 5465 5405 5324 5514 5848 5890 5442 5062 5276 5867 5243 5403 5600 5564 5364 5518 5484 5334 6028 4979 5501 5395 5373 5525 5395 5110 5171 5365 6046 5677 5593 5517 5270 5668 5319 5598 5617 5696 5674 5813 5297 5169 5252 5572 5616 5897 5957 5661 5357 5426 5389 5087 5785 5795 5638 5451 5641 5986 5139 5261 5547 5115 5532 5891 5239 5366 5353 5790 5987 5050 5458 5691 5558 5618 5196 5486 5606 5572 5418 5346 5444 5381 5160 5169 5152 5541 4703 5211 5541 5656 5682 5277 5481 5222 5503 5689 5687 5496 5906 5948 5512 5565 5070 5735 5672 5412 5974 5431 5218 5093 5992 5340 5516 5324 5702
5385 5737 5584 5735 5642 5863 5487 5145 5379 5662 5743 5663 5635 5591 5773 5442 5647 5653 5595 5745 5280 5112 5247 5569 5826 5582 6379 5626 5448 5451 5348 5495 5540 5510 5484 5783 5605 5999 5575 5370 5530 6057 5888 5289 4816 6024 5527 5683 5160 5773 5437 5334 5772 5290 5645 5567 5103 6123 5456 5676 6140 5224 5576 5002 5474 5559 5367 5686 5690 5716 5698 5505 5379 5603 5490 5548 5721 5545 5205 5908 5860 5003 5338 5378 5968 5434 5685 5835 5381 5790 5470 5458 5358 5622 5867 5803 5721 5859 5329 5736 5245 5157 5666 5932 5540 5528 5803 5355 5281 5839 5865 5266 5503 5982 5984 5426 5317 5226 5337 5633 5211 5683 5642 5411 5492 5504 5595 5655 5553 5436 5424 5478 5734 5682 5993 5859 5752 5469 5115 5735 5815 5263 5747 5423 5519 5866 5650 5762 5270 5712 5814 5291 5359 5276 5642 5658 5465 5689 5375 6391 5030 5466 5693 5536 5365 5188 5137 5252 5329 6047 5740 5522 5569 5447 5999 5591 5571 5726 5678 5779 5891 5259 5305 5177 5310 5563 6039 5725 5864 5277 5683 5629 5355 5675 5430 5613 5333 5966 5784 5258 5360 5680 5170 6062 5829 5685 5118 5622 5813 5899 5236 5484 5586 5351 5957 5297 5318 5375 5597 5420 5511 5318 5300 5374 5316 5304 5378 5094 5301 5591 6078 6154 5548 5454 5343 5582 5766 5864 5744 5961 6008 5730 5559 5591 5777 5539 5517 5776 5498 5271 5160 5937 5322 5811 5315 5891
4963 5285 5143 5097 5391 5391 4917 4819 4808 5243 5053 5230 4881 4899 5195 4790 5114 5291 5262 5229 4952 4506 5033 5060 4996 5177 5688 5173 4751 5179 4871 4955 4769 5080 4734 4939 4989 5279 5244 4651 5198 5350 5018 5010 4526 4904 5106 5271 4662 4819 4797 5257 5220 4776 5243 5050 4600 5169 4637 5098 5542 4564 5231 4984 5048 4984 4933 5441 5103 5218 5241 4829 4673 5189 4804 5118 5241 5249 4868 5064 5370 4972 4891 4921 5313 4892 5284 5174 4744 4973 5063 5061 4569 5336 5312 5052 4909 5085 5080 4982 4804 4531 5013 5156 5303 5338 5345 4838 4632 5004 5126 4894 4949 5207 5370 4903 4755 4688 5121 5254 4928 5061 5099 5104 4678 4970 5150 4707 5301 5170 4420 4973 5481 5133 4950 5157 5078 5054 4539 4879 5336 4745 5208 4940 4882 5358 5319 5296 4619 4926 5374 4885 4673 5022 5189 4736 5087 4786 4964 5639 4329 4951 5138 5027 4824 4773 4540 4831 4916 5526 4790 5125 5012 5001 5276 4861 5232 5038 5259 5231 5487 4960 4515 4950 5189 4888 5511 5172 5097 5005 4736 5058 4732 5138 4917 5293 4887 5500 5227 4985 4876 5165 4798 5068 5254 4983 4670 5141 4947 5442 4644 4881 5288 5133 5354 4951 4825 4859 5144 5108 5236 4791 4649 4904 4841 4745 5083 4609 4778 4982 5396 5204 4895 4976 5125 5146 4937 5343 5036 5359 5439 5079 5001 4998 5158 4900 5003 5373 5270 4816 4486 5367 4576 4955 4928 5393
4859 5177 4832 5084 4982 5198 5197 4436 5283 5293 5243 5179 4994 4665 5444 4956 4869 5067 5207 5043 4873 4622 4617 5215 4901 5141 5425 4896 5001 4845 4939 4905 5044 5141 5162 4953 4678 5047 5057 4981 4792 5387 5181 4945 4512 5153 5135 5360 4705 5080 4998 5090 5246 4868 5301 5154 4732 5110 4609 5027 5346 4949 4875 4949 5031 5059 4849 5213 5027 5225 5229 4702 5020 5019 4784 5123 4960 5084 4857 5340 5337 4569 4720 4774 5417 5193 5388 5327 4751 5273 4689 4958 4802 5248 5612 5067 5051 5350 4805 4864 4775 4594 4963 5079 5155 4959 5250 4646 4832 5193 5208 4581 5010 4983 5126 5039 4489 4942 4932 5020 5036 5096 4977 5233 4821 4515 5123 4681 4997 4899 4719 4761 4969 4651 5136 4806 5128 5005 4647 5201 5179 4919 4837 4703 5088 5272 5049 4859 4485 5089 5294 4842 4891 4818 4974 5224 4856 4908 4958 5455 4485 5145 5068 4964 4996 4728 4637 4776 4534 5321 5239 4748 5079 5307 5197 5147 5189 5052 5311 5010 5569 4599 4618 4894 5058 5112 5384 5453 5296 5028 5251 4802 4671 5265 4832 5096 4927 5480 4889 4610 4815 4939 4423 5231 5173 5180 4578 4950 5052 5266 4679 4850 5178 4780 5300 4769 4847 4921 5096 4931 5121 4685 4806 4836 4688 5092 5099 4580 4783 4851 5625 5400 4819 4780 5026 4862 4985 5094 4880 5496 5368 5158 5024 4909 5217 5164 4879 5303 5112 4818 4721 5375 4851 4846 4722 5462
5146 5640 5314 5548 5384 5603 5002 4800 5178 5404 4994 5460 5194 4877 5434 5010 5233 5414 5200 5053 5132 4818 4820 5493 5388 5106 5679 5567 5013 5099 5354 5349 5172 5308 5121 5015 5360 5796 5144 5064 5386 5956 5236 5231 4577 5415 5298 5609 4982 5511 5038 5353 5452 5121 5382 5527 5260 5192 4649 5521 5769 5235 5047 5288 5372 5328 4978 5435 5410 5290 5389 5182 5187 5398 5141 5545 5177 5462 4830 5119 5350 4658 5121 4767 5110 5086 5506 5663 5048 5412 5040 5298 5166 5597 5550 5276 5265 5404 5367 5316 5201 4843 5464 5404 5090 5237 5324 5270 5069 5343 5692 5155 5251 5284 5552 5407 5008 4865 4966 5583 4940 5466 5329 5448 5138 5061 5520 4895 5304 5143 5174 4837 5428 5301 5183 5314 5235 5054 4691 5330 5350 5166 5187 5005 5325 5590 5109 5021 4953 5224 5366 5111 5070 4919 5458 5262 5261 5390 5166 5857 4611 5209 5151 5060 5038 5118 4932 4706 4757 5606 5443 5274 5536 5441 5323 5034 5228 5405 5573 5467 5463 4957 4778 5094 5179 5265 5746 5488 5276 5159 5108 5371 4956 5298 5319 5581 4942 5361 5524 5001 5282 5303 4970 5609 5361 5569 4929 5195 5166 5874 4818 5184 5246 5355 5377 4972 5076 5248 5150 5089 5364 5159 5275 5379 4865 5134 4994 4765 5226 5228 5457 5511 5373 4669 4864 4939 4976 5380 5292 5564 5767 5247 5356 5083 5453 5553 5070 5612 5361 4783 5160 5471 5011 5026 5039 5744
4910 4912 4867 4915 4999 5083 4742 4368 4835 4863 4809 4814 4690 4598 4953 4554 4680 5080 4898 5098 4463 4385 4779 4921 4936 4550 4872 5109 4700 4586 4896 4793 4602 4535 4692 4835 4720 5122 4888 4615 4897 5144 4884 4930 4446 4649 4745 5071 4165 4974 4591 5008 5130 4509 4800 4804 4540 4872 4506 4963 5171 4778 4607 4849 4499 5104 4458 4828 4684 5137 4896 4889 4882 4847 4762 5046 4808 4750 4776 4875 5030 4402 4481 4530 5127 4742 5122 5266 4517 4766 4744 4844 4540 4821 5350 4869 5065 5030 4630 4790 4671 4461 5158 4885 4786 4927 5186 4497 4412 5202 4769 4358 4348 5078 4873 4726 4582 4467 4672 4944 4817 4956 4939 4951 4687 4254 4734 4531 4798 4673 4736 4724 5123 4727 4926 4840 5086 4551 4515 4860 5112 4684 4513 4824 4826 5202 4947 4812 4342 5001 5241 4670 4390 4694 4732 5137 4704 4638 4789 5142 4173 4669 4880 4775 4624 4579 4782 4337 4357 5164 5112 4741 4982 4786 4929 4511 5086 4873 4972 5061 5003 4592 4543 4793 4789 4901 5147 5114 4926 4773 4699 4740 4744 5110 5220 4738 4802 5059 5099 4686 5072 4699 4284 4961 5118 4894 4430 4727 5053 5115 4392 4871 4646 4793 5022 4538 4691 4748 4877 4553 4731 4412 4735 4850 4496 4984 4774 4235 4583 4776 5187 5244 4778 4640 4730 4837 5182 5119 4826 5184 4984 4637 4856 4791 5227 4647 4935 5146 4759 4757 4397 4915 4424 5248 4723 5160
5328 5926 5261 5733 5561 5810 5568 5194 5452 5925 5763 5451 5494 5480 5559 5324 5295 5571 5644 5410 5262 5139 5419 5388 5536 5539 5966 5582 5270 5552 5572 5354 5497 5563 5504 5422 5289 5848 5547 5483 5491 5999 5510 5395 4765 5569 5691 5671 5013 5638 5169 5667 5799 5243 5569 5572 5047 5677 5220 5355 5840 5251 5392 5417 5262 5609 5284 5396 5441 5667 5537 5350 5558 5532 5068 5586 5576 5442 5431 5641 5785 5122 5368 5196 5911 5655 5911 5863 5124 5446 5338 5393 5398 5602 5927 5765 5583 5698 5387 5433 5214 5081 5462 5470 5585 5627 5800 5128 5227 5756 5720 5296 5286 5819 5701 5461 5119 5186 5363 5742 5306 5587 5356 5796 5464 4986 5695 5202 5469 5366 5308 5307 5565 5255 5526 5559 5655 5373 4991 5732 5855 5267 5358 5298 5442 5804 5515 5435 4941 5617 5767 5447 5311 5248 5635 5629 5560 5482 5404 6027 4807 5268 5306 5470 5572 5295 5143 5107 5130 5930 5722 5645 5754 5531 5936 5459 5408 5324 5559 5829 5709 5177 4999 5355 5607 5447 5939 5772 5704 5269 5418 5335 5391 5684 5530 5783 5391 5800 5580 5068 5591 5405 4966 5808 5511 5711 4902 5475 5595 5748 5120 5442 5467 5424 5796 5283 5307 5511 5633 5269 5403 5258 5313 5488 5125 5754 5483 5106 5259 5497 5900 5889 5261 5418 5501 5370 5767 5780 5674 5941 5701 5246 5810 5295 5827 5627 5426 5892 5622 5190 5213 5656 5284 5567 5545 5775
4972 5319 5021 5265 5223 5458 5191 4555 5093 5119 5181 4971 4880 5020 5213 4985 4983 5432 4870 5176 4883 4574 4823 5339 5150 5289 5500 5191 4936 4938 4748 4993 5022 5138 5170 5221 5139 5459 4959 5050 4971 5116 5362 4818 4430 5384 5204 5174 4885 5125 4935 5529 5357 4906 5173 5331 4873 5214 4867 5391 5485 4875 5186 4939 4939 5188 5000 5239 5040 5449 5110 4914 5042 5072 4861 5320 5418 5302 5081 5165 5312 4863 4902 4617 5210 4963 5531 5392 5049 5332 5219 5060 5104 5433 5580 5115 5111 5073 5154 5079 4921 4523 5366 5506 5215 5526 5464 4888 4810 5259 5348 4993 4959 5150 5262 5192 4771 4840 5101 5526 4935 5466 5221 5241 4792 5090 5233 4802 5185 5106 4930 4949 5071 5095 5264 4933 5165 4924 4464 4948 5396 4756 5179 5037 5118 5397 5287 5270 4831 5276 5174 4784 4886 5168 5087 4964 5198 5015 4904 5634 4501 5100 5159 4780 5055 4933 4724 4564 4600 5594 5179 5112 5134 5136 5281 4905 5201 5173 5326 5532 5276 4940 4686 4802 5255 5000 5555 5603 5151 4975 4800 5163 4978 5496 5023 5397 5083 5269 5338 4793 4887 5019 4658 5235 5330 5361 4602 4947 5040 5402 4872 5077 5226 5246 5464 4834 4919 5260 5189 5114 5125 5063 5115 4884 4864 4790 5140 4567 4773 4929 5497 5597 5252 4784 5086 5267 5273 5303 5353 5531 5389 5130 5272 4925 5348 5182 5211 5434 5242 5049 4712 5199 4725 5153 4890 5553
5037 5592 5355 5433 5610 5461 5367 4916 5566 5347 5491 5456 5102 5068 5648 5089 5041 5324 5272 5476 5309 5084 5300 5672 5400 5393 5708 5374 5221 5182 5284 5075 5250 5358 5351 5306 5117 5945 5388 5138 5277 5462 5219 5288 4775 5567 5367 5491 5067 5385 5359 5468 5611 5258 5536 5612 5003 5421 4919 5500 5736 5139 5134 5292 4956 5544 5264 5467 5425 5857 5403 5315 5446 5531 5400 5541 5383 5443 5231 5416 5481 4747 5165 4896 5653 5393 5677 5626 5238 5606 5181 5393 5157 5753 5878 5589 5574 5671 5225 5447 5129 4671 5691 5771 5309 5478 5698 4936 5025 5355 5556 5203 4915 5130 5525 5260 5091 5126 5241 5420 5053 5746 5478 5655 5220 5008 5317 5110 5698 5297 5123 5459 5573 5102 5420 5516 5259 5251 4663 5098 5422 5202 5279 5370 5418 5856 5521 5353 5111 5471 5705 5246 5159 5234 5537 5373 5433 5324 5144 6053 4710 5164 5494 5581 5415 5118 5102 5156 5058 5667 5410 5300 5608 5533 5533 5124 5572 5448 5781 5818 5726 5401 4918 5274 5219 5506 5737 5762 5369 5468 5163 5504 4929 5691 5550 5497 5534 5675 5449 5294 5281 5257 4879 5632 5397 5201 4852 5271 5510 5681 5175 5031 5149 5427 5559 4931 5103 5284 5600 5346 5442 5125 5274 5316 5070 5192 5520 4980 4931 5273 5584 5700 5412 5070 5176 5117 5573 5456 5457 5686 5871 5550 5340 5155 5350 5355 5313 5780 5260 5302 5151 5606 5222 5268 4999 5760
5057 5320 4934 5099 5364 5585 5028 4952 5195 5266 5314 5261 5199 5041 5634 5106 4790 5304 5224 5374 4987 4592 5055 5402 5367 5156 5440 5411 4933 4876 5194 5169 4863 5199 4982 5252 5289 5529 5444 5139 5045 5723 5149 5099 4320 5307 5245 5160 4877 5230 4892 5399 5312 4947 5153 5449 4973 5125 4666 5459 5467 4941 5318 5156 5081 5119 4908 5247 5475 5256 5344 5266 4730 5295 4925 5336 5314 5254 5029 5163 5460 4564 5206 4658 5401 4989 5352 5509 5214 5288 5111 5204 5068 5385 5509 5189 5300 5338 5166 5249 5242 4752 5473 5314 5097 5558 5198 4770 4705 5281 5491 4831 4757 4975 5420 5136 5126 4965 4927 5428 4864 5397 5326 5173 4995 4949 5152 5052 5208 5179 4859 5124 5519 5015 5134 4960 5275 5046 4655 5198 5219 4951 5037 5141 5191 5510 4981 5154 5009 5175 5443 5145 4737 5036 5316 5228 5304 5149 4870 5752 4534 4960 5238 5237 4791 4990 4971 4838 5065 5844 5323 5411 5495 5345 5508 5142 5276 5035 5450 5342 5443 4922 4752 5079 4907 5284 5693 5311 5478 4973 4990 4981 5127 5569 5145 5469 5180 5665 5386 5200 5125 5154 4895 5533 5137 5356 4850 5078 5183 5589 4928 5363 5154 5169 5364 5028 4898 5109 5409 5115 4969 5144 4995 5123 5004 4951 5111 4849 4742 5404 5319 5668 5275 4986 5159 5331 5051 5301 5255 5447 5548 5136 5035 4933 5350 5225 5229 5627 5411 5099 4762 5315 4909 5103 5019 5681
5178 5585 5133 5571 5413 5711 5423 4571 5599 5524 5138 5555 5385 5301 5385 5085 5093 5504 5630 5448 4954 4942 5048 5671 5547 5303 5786 5589 5223 5258 5299 5194 5111 5435 5270 5382 5317 5433 5389 5359 5183 5659 5414 4946 4327 5401 5141 5692 4868 5320 5010 5419 5566 5359 5630 5360 5022 5583 4894 5474 5696 5148 5458 5216 5325 5433 5250 5358 5350 5283 5270 5310 5217 5271 5339 5564 5264 5651 5186 5228 5573 4946 4993 5206 5754 5110 5590 5579 5121 5357 5343 5872 5211 5767 5872 5371 5510 5409 5368 5492 5366 4752 5480 5627 5218 5537 5680 4922 4959 5506 5496 4902 4926 5627 5609 5350 4900 5015 5139 5671 4822 5414 5643 5510 5206 4789 5350 5234 5419 5510 5313 5088 5702 4778 5386 5347 5522 5158 5263 5153 5562 5286 5211 5217 5395 5805 5461 5256 4912 5541 5633 5080 4946 4884 5684 5445 5393 5219 4946 5889 4639 5348 5255 5341 5380 5161 5069 4984 5204 5759 5520 5246 5591 5681 5520 5347 5555 5217 5571 5540 5791 4962 4970 5144 5500 5508 5974 5417 5232 5260 5325 5170 5128 5768 5303 5707 5186 5592 5475 5063 5384 5469 4753 5690 5361 5725 5169 5478 5290 5791 4963 5250 5108 5494 5474 4996 5042 5187 5304 5329 5293 5068 5208 5531 5295 5359 5282 4641 5294 5308 5476 5600 5006 5062 5180 5312 5069 5586 5228 5634 5795 5518 5074 5216 5741 5431 5413 5647 5391 5148 5128 5806 5202 5288 5163 5630
5164 5636 5320 5599 5504 5688 5063 4740 5399 5134 5281 5436 5221 5497 5503 5398 5244 5132 5278 5447 5248 4995 4782 5501 5591 5196 6007 5606 5185 4920 5597 5424 5256 5294 4891 5219 5211 5400 5415 5297 5289 5950 5321 5244 4646 5704 5195 5794 4983 5527 4983 5425 5846 5204 5191 5552 5062 5548 4767 5465 5846 5144 5028 5125 5367 5333 4899 5450 5270 5579 5418 5215 5054 5470 5076 5312 5353 5305 5279 5336 5544 4758 5117 4860 5552 5243 5583 5503 5050 5604 5208 5363 5272 5632 5887 5440 5364 5588 5312 5207 5344 5000 5695 5571 5391 5558 5336 5121 5236 5156 5650 5402 5197 5498 5455 5130 5251 5192 5429 5747 5118 5559 5315 5556 5443 5107 5315 5254 5187 5082 5182 5004 5636 5089 5412 5233 5450 5213 5172 5461 5738 5325 5317 5178 5416 5809 5227 5465 5041 5116 5476 5274 5024 5046 5445 5471 5162 5268 5291 6061 4634 5409 5175 5514 5225 5075 4857 5231 5102 5794 5493 5402 5547 5435 5527 5598 5377 5045 5565 5515 5743 5167 4860 5248 5200 5274 5737 5591 5618 5242 5653 5474 5228 5456 5646 5352 5030 5487 5516 5108 5402 5423 5006 5711 5583 5414 5078 5335 5378 5782 5042 5208 5332 5456 5626 5132 4966 5397 5156 5154 5257 5300 5004 5331 5031 5365 5090 4830 5494 5276 5597 5852 5248 4962 4885 5362 5270 5521 5355 5856 5859 5472 5388 5168 5397 5314 5304 5857 5451 4974 4927 5666 5225 5631 5152 5692
5246 6023 5686 5641 5709 5875 5819 5444 5617 5898 6047 5461 5313 5667 5770 5640 5383 5852 5615 5978 5429 5070 5403 5938 5552 5446 6241 5842 5523 5619 5537 5930 5495 5445 5562 5514 5861 5735 5717 5349 5552 6225 5399 5459 4970 5547 5596 6129 5226 5615 5550 6060 5689 5418 5915 5948 5467 5693 5361 5810 6156 5488 5560 5458 5290 5785 5433 5821 5518 5895 5698 5491 5477 5652 5137 5375 5653 5731 5436 5402 5893 5474 5486 5100 5681 5620 5929 5967 5308 5718 5435 5770 5422 6057 5802 5784 5621 5894 5528 5417 5423 5295 5848 5893 5576 5785 5708 5460 5553 5701 6145 5613 5385 5835 5812 5210 5303 5373 5582 5656 5453 5660 5883 6011 5466 5216 5723 5460 5855 5816 5463 5343 5883 5240 5597 5562 5910 5520 5322 5725 5935 5311 5568 5707 5361 6110 5858 5587 5123 5748 6017 5424 5415 5797 5961 5656 5459 5700 5546 6272 5094 5505 5630 5532 5522 5505 5399 5404 5356 5721 5650 5799 5797 5695 5775 5426 5737 5596 6158 5854 5947 5645 5293 5307 5481 5738 5919 6001 5609 5533 5305 5863 5484 5639 5820 5852 5454 6159 5889 5457 5580 5582 5134 6209 5981 5698 5426 5570 5749 6001 5394 5434 5650 5416 5824 5409 5432 5636 5846 5516 5655 5579 5519 5533 5359 5630 5822 4837 5540 5498 6025 5865 5889 5349 5458 5364 5868 5772 5590 6091 6010 5505 5798 5435 5858 5682 5564 5977 5437 5308 5025 5761 5585 5673 5766 6430
4987 5386 5083 5380 5055 5415 5100 4663 5114 5183 5025 5376 4654 5038 5627 5068 5102 5395 4923 5288 4996 4730 5176 5381 5239 5226 5550 5511 5123 4909 5219 5055 4962 4987 5054 5144 4983 5475 5148 5199 5005 5573 5312 4832 4466 5473 5285 5411 4772 5321 5272 5737 5139 4841 5354 5376 4905 5458 4793 5242 5670 4990 5083 5194 4859 5462 5116 5198 5280 5429 5080 5434 5372 5395 4836 5457 5225 5226 4997 5115 5129 4693 4876 4634 5252 5091 5308 5511 5167 5319 5130 5237 4878 5665 5562 5311 5209 5278 5124 5252 4953 4557 5308 5421 5066 5310 5187 4822 5091 5198 5358 4808 4937 5208 5333 5217 4821 5150 5132 5105 4903 5498 5481 5429 5135 4886 5240 4921 5135 5077 5033 4984 5425 5105 5594 5025 5051 5130 4877 4901 5546 5028 5206 5272 4987 5659 5286 5293 5140 5280 5626 4809 4976 5086 5392 5488 5168 5079 4673 5779 4565 5212 5395 5254 5143 5027 4936 4904 4812 5426 5413 4917 5278 5345 5422 5270 5329 5208 5816 5497 5549 4946 4660 5091 5260 5235 5724 5451 5237 5274 4910 5250 5219 5507 5273 5566 5355 5449 5382 4974 5027 5228 4819 5505 5432 5484 4797 5279 5377 5788 4981 5153 5103 5170 5467 4886 4564 5184 5308 5188 5174 5228 5121 5328 5088 4918 5041 4834 5180 5090 5522 5604 5122 4689 4892 4914 5160 5068 5281 5665 5549 5509 5053 5120 5342 5353 5263 5571 5248 5063 4966 5559 4973 5322 5191 5603
4940 4974 4665 5108 4937 4935 4962 4528 4683 4864 4913 5009 4760 4854 5335 4752 4961 5018 4864 5084 4918 4327 4593 5157 4929 5019 5301 5159 4947 4773 5053 4978 4571 5045 4794 4714 4923 5279 5020 4858 4651 5304 4924 4840 4547 4665 4912 5091 4498 4999 4964 4849 5132 4521 5038 5210 4670 4961 4647 5097 5492 4909 5016 5107 4831 4972 4885 5294 4664 5166 5122 4700 4848 5097 4791 4826 5028 4836 4668 4898 5131 4389 4553 4218 4923 4695 4997 5208 4582 5055 4828 4981 4725 5199 5471 5100 5088 5323 4717 5005 4790 4632 5020 4999 4929 5146 4998 4714 4691 4872 5025 4812 4968 5155 5239 4907 4553 4450 4607 5094 4597 5154 5087 5026 4700 4724 5212 4706 4802 4810 4845 4611 5239 4916 4948 4931 4959 5022 4574 5043 5268 4673 4739 4905 4972 5343 4938 4715 4670 4846 4997 4607 4634 4679 4900 4754 4995 4800 4876 5411 4209 4936 4922 4889 4738 4748 4686 4390 4529 5323 5200 4833 5187 4909 5226 4713 5027 5132 5441 5166 4942 5014 4603 4655 4662 4983 5252 5235 5167 4616 4643 5012 4798 5026 5060 5100 4832 5288 5147 4555 4811 4762 4660 5145 5011 5106 4430 4662 4866 5176 4658 4812 4914 4877 5296 4766 4745 4864 5030 4766 4891 4698 5045 4876 4776 4758 4810 4290 4962 4753 5020 5379 4735 4778 5094 5118 4984 4932 4954 5334 5257 5126 5004 4808 4981 4831 4831 5085 4877 4590 4443 5257 4817 4760 4491 5204
4980 5407 5035 5133 5089 5234 5085 4468 5383 4986 4953 5294 4845 4818 5387 5019 4734 5026 5064 4978 4880 4726 4956 5199 5381 5243 5557 5161 4932 5084 5027 5114 4810 4943 4989 5164 5162 5499 5222 4952 4943 5699 4849 4927 4623 5518 5028 5358 4555 4888 4996 5361 5400 4715 4973 4960 4625 4993 4750 5339 5287 4507 5159 4999 5073 5118 4770 5086 4720 4962 5064 5001 5037 4996 4836 4987 4981 5076 4799 5190 5294 4593 4962 4605 5003 4943 5321 5597 5031 5445 4751 5076 5039 5066 5463 5171 5005 5359 4952 4970 4630 4885 5285 5302 4869 5080 5150 4701 4675 5191 5589 4878 4793 5140 5386 5127 4621 5018 5180 5343 4800 5262 4928 5227 4940 4501 5201 5050 4809 5303 4815 4885 5354 4913 5001 5244 5253 4648 4538 5161 5416 4816 5103 5104 4982 5479 5048 5076 4999 5123 5387 4844 4954 4969 4986 4869 4985 5002 4942 5568 4482 4952 5038 5161 5159 4707 4791 4807 4810 5697 5097 5003 5207 5211 5345 4829 5111 5040 5180 5312 5485 4905 4569 4885 4845 4896 5451 5339 5389 4723 4811 4987 4712 5016 5089 5183 4970 5373 5452 4911 5111 4936 4903 5191 4999 4976 4902 5138 5135 5462 4548 5385 5179 5012 5131 4928 4790 4947 5106 5005 5198 4902 4835 5070 4484 4993 5085 4354 4743 4841 5191 5412 5014 4668 5068 5074 4969 5220 5039 5298 5698 5157 5305 4866 5156 5244 4705 5757 5039 4916 5039 5182 5014 4956 4772 5371
5012 5476 5229 5243 5368 5539 5465 4916 5329 5494 5481 5563 5258 5204 5550 5306 5244 5347 5351 5286 5039 4731 5332 5411 5368 5053 5787 5348 5116 5466 5201 5215 4976 5312 5071 5336 5368 5663 5397 5077 5295 5808 5410 5270 4735 5519 5552 5614 4781 5496 5187 5468 5468 5175 5267 5433 4873 5179 5028 5404 5868 5033 5437 5327 5242 5346 5031 5276 5305 5638 5510 5145 5196 5336 5028 5306 5171 5236 5189 5435 5509 4825 5029 5009 5491 5222 5572 5536 5072 5427 5476 5584 4986 5725 5815 5432 5369 5638 5386 5664 5072 4736 5704 5480 5032 5501 5557 5130 4924 5438 5615 5053 5195 5414 5532 5300 5003 5172 5202 5402 5031 5423 5591 5471 5118 4981 5512 5248 5376 5231 5124 5252 5613 5179 5456 5452 5761 5007 4922 5210 5435 5433 5120 5268 5274 5984 5391 5347 4896 5161 5694 5521 4946 5014 5619 5492 5382 5004 5139 6102 4550 5096 5393 5300 5141 5153 4867 4944 4935 5833 5441 5303 5598 5407 5554 5157 5445 5351 5617 5492 5688 5289 4974 5184 5034 5340 5744 5464 5413 5282 5194 5323 5026 5642 5337 5610 5004 5515 5408 5188 5306 5493 4846 5641 5628 5438 4986 5591 5387 5815 4940 5183 5306 5106 5464 5162 5074 5430 5363 5287 5215 5311 5231 5272 4885 5245 5297 4619 5228 5307 5579 5887 5425 5263 5148 4967 5439 5337 5351 6093 5774 5289 5543 5181 5577 5234 5305 5596 5264 5089 5074 5466 4834 5310 5172 5861
4858 5105 4912 5319 5267 5275 4933 4528 5275 5220 5003 4990 4859 5011 5163 4912 4865 5319 5138 4850 4961 4819 4853 5215 5086 5179 5504 5279 4770 4880 4991 4969 5065 4825 5205 5447 5030 5228 5167 4926 5017 5456 5274 4844 4367 5406 5239 5326 4951 5238 4976 5166 5141 4839 5132 5449 4775 5251 4692 5271 5354 4726 5043 4974 4939 5241 5081 5252 5085 5323 5046 4972 5292 5146 4737 4986 5008 5167 4924 5114 5350 4795 5216 4780 5102 5116 5297 5283 4648 5220 5106 5250 4814 5328 5339 5231 5426 5345 5069 5332 5131 4595 5165 5419 5006 5240 5265 4907 5002 5182 5328 4902 4966 5062 5421 4878 4818 5072 5070 5243 4745 5396 4954 4996 5020 4841 4801 4778 4890 4900 4825 4899 5240 4911 5319 5092 5201 4923 4949 4955 5377 4884 4983 4698 5030 5602 5391 4893 4901 5042 5162 4768 4848 4792 5216 5238 4896 5012 4812 5844 4540 4963 5176 5081 4863 4932 4758 4659 4884 5548 5226 4839 5084 5287 4994 5057 5109 5043 5415 5289 5237 4765 4671 4965 5119 5152 5395 5409 5257 4906 5105 4985 4928 5330 4855 5367 5061 5205 5146 4780 4983 5189 4665 5287 5231 5369 4531 4961 5343 5575 4714 5206 4850 5139 5255 4558 4912 5116 5069 4995 4783 4911 5060 5366 4945 5247 4909 4552 5064 4908 5309 5386 4945 4717 4924 5232 5265 5160 5219 5566 5607 5349 4891 4850 5332 5071 5100 5285 5297 4912 4693 5426 4744 5036 5149 5435
5272 5342 4985 5676 5495 5657 5404 4818 5414 5270 5391 5499 5222 5118 5514 5199 4990 5378 5308 5513 5117 4764 5121 5594 5451 5037 5726 5467 5241 5056 5222 5422 4859 5300 5086 5418 5270 5700 5449 5170 5140 5530 5355 5176 4628 5225 5261 5634 4866 5291 5073 5544 5522 5171 5312 5484 4989 5087 4886 5679 5695 4970 5394 5057 5050 5301 4975 5320 5361 5496 5513 5326 5002 5087 5327 5519 5388 5325 4914 5473 5416 4959 5090 4792 5443 5140 5558 5709 4999 5445 5057 5397 5236 5255 5605 5471 5354 5299 5182 5331 5409 4884 5517 5405 5328 5663 5491 5145 4763 5432 5469 5045 5091 5256 5471 5365 5096 5000 5298 5550 4997 5725 5289 5259 5237 4913 5479 5280 5552 5192 4860 4895 5639 5182 5352 5280 5299 5256 4542 5220 5498 5153 5199 5353 5272 5585 5258 5091 5228 5288 5402 5370 5080 5258 5347 5311 5137 5172 5166 5946 4625 5069 5148 5053 5206 5041 4982 4847 4805 5724 5439 5333 5235 5580 5378 5133 5422 5145 5685 5478 5336 5089 4940 5256 5057 5183 5901 5652 5065 5201 5182 5402 5062 5367 5299 5520 5208 5437 5682 5250 5253 5321 4987 5691 5307 5252 4946 5247 5358 5973 4927 5377 5370 5232 5589 5071 5037 5433 5109 5247 5367 5100 5239 5274 4933 5135 5245 4940 5154 5026 5604 5654 5452 4833 5207 5247 5295 5507 5184 5563 5684 5406 5207 5091 5425 5512 5281 5653 5384 4885 4956 5574 5146 5329 5225 5821
4704 5329 4849 5378 5312 5156 4948 4652 5199 5037 5006 5188 5029 4895 4986 4663 4956 5058 5102 4974 4817 4487 4542 5100 5114 5120 5424 5175 4916 5204 5149 5223 4942 4823 4688 4956 4995 5359 5156 4831 4850 5429 4990 4890 4244 5028 5006 5308 4626 5144 4783 4939 5184 4788 4870 5220 4812 5063 4680 4966 5401 4602 4872 4840 5010 4923 4890 5510 5119 5250 4960 4883 4846 5207 4798 4823 5006 4985 4600 4899 5325 4307 4890 4522 5199 5029 5076 5165 4586 5309 4803 5182 4743 5168 5421 4913 5153 5064 4958 4980 4885 4552 5287 4817 4936 5315 5093 4751 4809 5067 5144 4694 4842 4999 5224 4688 4505 4859 4724 5186 4855 4996 5006 5118 4796 4725 4987 4950 4954 5062 5039 4852 5174 4772 5095 4904 5008 4762 4524 4973 5415 4744 4817 4694 4989 5350 5087 5032 4635 5244 4971 4650 4658 4634 5032 5216 4999 5023 4987 5601 4543 5133 4885 5163 4970 4538 4748 4465 4823 5415 5125 5098 5002 4869 4911 4835 5163 4891 5077 5232 5314 4760 4530 4793 4717 4878 5404 5320 4878 4980 4804 4838 4726 5025 4813 5121 4841 5219 5056 4650 5005 4999 4406 5271 5014 5212 4497 4787 5107 5552 4585 5015 5069 5068 5078 4900 4754 4907 4788 4919 4792 4748 5011 4994 4692 5190 4859 4289 4837 4656 5303 5203 4959 4754 4956 4958 4889 4964 4950 5564 5530 5073 5113 4887 5253 4854 4633 5578 4904 4375 4572 5028 4739 4924 4705 5211
5004 5720 4963 5288 5414 5814 5225 4856 5255 5368 5279 5266 5125 5378 5410 4981 5047 5405 5299 5244 5145 4768 5263 5120 5408 5231 5874 5219 5063 5334 5213 5317 5031 5395 5211 5006 5090 5361 5364 5068 5330 5664 5159 5067 4603 5270 5403 5383 4934 5065 5148 5533 5366 4920 5512 5475 4810 5356 4939 5546 5758 4943 5209 5107 4985 5102 5174 5204 5290 5543 5203 5107 4854 5344 5137 5246 5268 5419 4904 5453 5771 4994 4941 4961 5579 5263 5309 5539 4976 5120 5185 5368 4975 5591 5454 5317 5195 5422 5167 5310 5110 4786 5460 5288 5109 5237 5542 4942 4930 5414 5588 5334 5233 5286 5581 5190 5004 5068 5186 5190 4834 5516 5179 5443 4849 5007 5537 5174 5329 5135 4814 5082 5481 5085 5350 5027 5472 5076 4747 5206 5367 5130 5201 4869 5207 5311 5357 5121 4778 5107 5279 5112 4831 5132 5489 5309 5073 4966 5200 5668 4572 5231 5254 5128 5110 5049 4854 4851 5172 5513 5038 5326 5405 5261 5409 5063 5373 5677 5601 5423 5630 4915 4840 5195 5230 5082 5734 5436 5180 5048 4872 5291 4851 5159 5187 5534 5156 5587 5360 4923 5127 5484 4926 5568 5254 5289 4789 5013 5378 5653 4788 5135 5237 5142 5509 4973 4965 4964 5383 5299 5104 5203 5338 5173 4998 4860 5184 4423 5440 5304 5683 5551 5149 4958 5177 5217 5101 5444 5054 5655 5622 5203 5008 4845 5432 5276 5251 5582 5071 5138 5134 5634 4903 5287 4971 5527
4718 5091 4980 5166 5136 5394 4913 4414 4900 5100 5133 4896 4876 4710 5181 4476 4725 5086 4861 5134 4640 4538 4666 4854 4928 4973 5270 5027 4887 4924 5027 4823 4563 5001 4714 4967 4707 5242 5127 4703 4865 5322 4813 4802 4477 4985 4970 5330 4486 4889 4872 5215 5215 4770 5276 5274 4527 5102 4656 5197 5247 4479 4954 4886 4575 5056 4736 5140 4702 4808 4938 4863 4834 4903 4960 4719 4999 5243 4445 4972 5223 4567 4854 4506 5073 4965 5250 5236 5033 4794 4743 4830 4563 5034 5472 4994 4891 4973 4878 4905 4839 4610 5130 5269 5107 5085 5004 4532 4478 5080 5186 4699 4534 5129 5180 4697 4598 4666 4954 5099 4657 5249 5134 5167 4715 4629 4980 4639 5010 4944 4618 4690 5004 4724 5202 5108 5034 4744 4471 4749 4958 4658 4911 4972 4714 5350 5166 4795 4622 4951 5242 5002 4720 4968 5143 4741 4748 4862 4661 5427 4298 5030 4978 5126 4998 4737 4692 4749 4484 5432 4931 4854 5018 4988 5070 4744 5185 4815 5049 5256 5083 4677 4673 4656 4834 4987 5416 5078 4890 4840 4610 4959 4744 5158 5070 4926 4717 5358 5200 4825 4651 4904 4698 5172 4837 4852 4519 4876 5011 5121 4521 4897 4747 4904 5293 4765 4594 4762 5139 5031 4938 4769 4643 4890 4717 4965 4701 4443 4710 4635 4997 5105 4761 4748 4710 4906 4818 4846 4872 5167 5234 4935 5014 4530 4905 5014 4768 5284 4704 4858 4606 5196 4824 5125 4750 5028
5085 5392 5214 5315 5262 5439 5206 4780 5349 5497 5349 5423 5027 5250 5518 5253 5029 5474 5267 5330 4967 4799 4859 5317 5268 5416 5683 5569 5082 5247 5401 5145 5014 5336 5246 5401 4957 5442 5300 5039 5131 5625 5474 5159 4638 5551 5248 5674 5050 5292 5108 5384 5218 5043 5499 5680 5039 5405 4750 5313 5699 5229 5224 5299 5168 5511 4948 5488 5350 5481 5296 5235 5182 5391 5146 5244 5196 5286 5207 5175 5417 4896 5156 4999 5586 5244 5463 5666 4884 5620 5115 5388 5174 5600 5630 5482 5666 5324 5031 5297 5071 5038 5290 5623 5279 5495 5567 5062 5100 5411 5591 5386 5295 5208 5435 5383 4945 4948 5483 5348 5266 5651 5272 5756 5249 4833 5480 5313 5240 5327 5346 5275 5602 5230 5390 5440 5282 5146 4908 5293 5512 5120 5264 5171 5146 5685 5431 5420 5037 5373 5618 5096 5158 5390 5642 5223 5331 5195 5032 5746 4747 5050 5227 5253 5185 4960 4971 4992 5038 5802 5359 5364 5531 5417 5441 5334 5223 5270 5606 5386 5582 5138 4925 5018 5255 5405 5718 5619 5534 5093 5160 5293 5230 5521 5293 5360 5010 5399 5478 5003 5241 5262 5104 5475 5606 5436 4859 5255 5597 5738 5013 5371 5499 5484 5566 5183 5195 5297 5298 5301 5300 4836 5017 5208 5267 5304 5349 5005 5371 5183 5523 5575 5160 5038 5139 5290 5133 5614 5238 5625 5750 5564 5329 5214 5517 5494 5168 5571 5315 4966 4826 5563 5357 5553 5229 5932
5025 5369 5199 5204 5524 5312 5373 4990 5114 5528 5506 5521 5299 5520 5568 5173 5373 5528 5375 5304 5083 4865 5048 5543 5192 5326 5823 5472 5129 5349 5215 5026 5065 5334 5364 5386 5129 5418 5243 5184 5340 5767 5171 5388 4548 5672 5160 5596 4925 5461 5260 5366 5392 5295 5396 5666 4964 5569 4937 5353 5856 5009 5565 5062 5202 4983 5200 5278 5227 5408 5512 5298 5239 5358 5199 5468 5239 5213 5142 5299 5459 4882 5032 4973 5374 5347 5376 5633 4910 5400 5483 5315 5021 5300 5719 5555 5453 5300 5193 5080 5124 4933 5204 5977 5076 5221 5456 4725 5058 5360 5749 5293 5300 5711 5786 5368 4978 5021 5182 5454 5118 5515 5339 5654 5135 4897 5366 5092 5411 5418 5242 5147 5700 4971 5283 5399 5545 5304 4883 5459 5507 5002 5404 5176 5195 5572 5566 5369 5146 5339 5400 5195 5121 5214 5426 5577 4923 5300 4892 5852 4629 5058 5298 5276 5244 5038 4799 5113 5003 5887 5234 5283 5606 5315 5453 5298 5446 5447 5654 5577 5566 4965 4920 5220 5338 5213 5848 5900 5335 5179 5001 5462 5326 5387 5395 5473 5388 5337 5655 4900 5011 5328 4603 5549 5499 5429 5064 5336 5300 5680 4963 5271 5442 5139 5529 4913 5100 5256 5266 5272 5353 5208 5247 5216 4841 4999 5129 4823 5155 5224 5625 5606 5248 5202 5054 5351 5299 5418 5344 5809 5762 5391 5322 5223 5573 5087 5237 5495 5184 5182 4745 5934 5104 5439 5042 5696
5125 5584 5317 5610 5358 5530 5121 4854 5472 5534 5408 5618 5287 5215 5671 5115 5191 5501 5103 5487 5032 4796 5182 5675 5616 5419 5783 5614 5336 5415 5461 5347 5066 5359 5148 5597 5270 5626 5534 5228 5321 5897 5527 5121 4696 5882 5641 5675 5119 5311 5204 5618 5587 5090 5605 5642 4908 5657 4866 5625 5754 5145 5363 5278 5139 5564 5216 5391 5266 5461 5553 5357 5315 5431 5073 5244 5069 5363 5191 5639 5445 4889 4877 5092 5586 5179 5557 5393 5286 5736 5129 5501 5017 5538 5979 5591 5526 5205 5313 5301 5306 5070 5399 5456 5220 5542 5469 5213 4789 5408 5855 5016 5298 5505 5597 5187 4987 5030 5385 5711 5211 5732 5510 5178 5154 4958 5527 5263 5394 5282 5176 4864 5721 5224 5496 5452 5448 5262 5056 5344 5261 5250 5260 5159 5188 5511 5324 5265 5090 5312 5677 5362 5027 5266 5673 5472 5330 5256 4986 5936 4552 5270 5202 5532 5096 5062 4883 5256 5071 5873 5546 5282 5470 5374 5414 4986 5167 5259 5614 5749 5649 5127 4849 5347 5226 5387 5929 5344 5385 5166 5303 5464 5257 5827 5437 5374 5067 5383 5545 5324 5526 5362 5129 5500 5624 5303 5014 5622 5476 5752 4997 5153 5338 5250 5436 5218 5156 5180 5336 5440 5593 5353 5108 5427 5151 5082 5461 4932 5057 5327 5259 5668 5265 5294 5133 5298 5142 5404 5417 5743 5904 5340 5481 5344 5600 5228 5392 5832 5254 5119 5161 5604 5367 5357 5141 5531
5159 5579 5124 5591 5309 5564 5193 4815 5547 5510 5254 5344 5236 5076 5518 5161 4901 5503 5303 5206 4919 4825 5211 5679 5255 5161 5911 5609 5192 5296 5028 5076 5198 5194 5283 5255 5266 5728 5290 5186 5325 5696 5148 4998 4561 5535 5493 5730 5068 5290 5125 5611 5589 5100 5264 5323 4926 5039 5127 5301 5746 4763 5121 5055 5128 5496 4960 5415 5173 5481 5165 5052 5223 5471 5106 5384 5265 5612 5212 5212 5363 4878 5159 4982 5171 5126 5642 5449 4858 5699 5000 5205 5086 5361 5855 5202 5225 5381 5354 5238 5001 4791 5364 5195 5488 5323 5496 4913 5158 5087 5641 4997 5156 5423 5535 5117 4936 5063 5373 5528 5198 5347 5316 5367 5069 5064 5465 5049 5270 5296 5110 4866 5736 5219 5213 5303 5265 5162 4787 5343 5366 4999 5463 5345 4990 5673 5192 5179 4916 5029 5705 5086 4976 5209 5341 5047 5277 5426 5179 5754 4439 5104 5164 5273 5144 4929 4822 4800 4758 5994 5323 5241 5614 5188 5096 5106 5304 5295 5614 5546 5681 5367 4560 5082 5268 5322 5564 5512 5466 5196 5281 5218 5065 5644 5123 5566 5084 5379 5612 4919 5391 5279 4887 5688 5516 5403 4794 5163 5108 5789 5076 5361 5264 5356 5524 4939 4949 5432 5415 5360 5219 5037 5188 5493 4960 5453 5154 4344 4997 5207 5801 5838 5224 4949 5119 5445 5103 5396 4994 5763 6125 5157 5528 5218 5698 5124 4987 5594 5320 4839 4951 5677 5148 5264 5109 5804
5033 5082 4915 5162 5404 5179 4944 4391 5009 5274 4932 5229 4874 5091 5377 4973 4810 5065 5320 5059 4650 4694 5042 4958 4964 5108 5646 5182 4949 5094 5070 4970 4893 5113 4787 5200 5003 5190 5073 4968 5085 5575 5180 4858 4607 5281 5069 5437 4582 5019 4977 5180 5225 4884 5286 5069 4580 5005 4524 5171 5184 4875 4757 5026 4948 5098 4811 5214 5155 5197 5243 5168 4977 5163 4813 5087 5123 5052 4923 4835 5274 4718 4967 4837 5188 4763 5358 5570 4641 5117 5060 4939 4724 5496 5473 5119 5055 5235 4891 5043 4905 4535 5123 5224 5054 5101 5288 4935 4637 5064 5613 4827 5052 5095 5516 5014 4932 5013 4812 5181 4753 5165 5003 5384 4988 4646 5226 4985 5055 5115 5026 4844 5576 4880 5070 5050 5226 5161 4818 4840 5347 4869 4911 4849 5129 5553 5150 5193 4895 5042 5311 4794 4670 4928 5292 5368 5040 5158 4851 5638 4650 5148 5042 5045 4824 4824 4678 4641 4797 5479 5228 5040 5182 5139 5073 4927 5451 4960 5301 5070 5555 4950 4788 4904 4557 5025 5487 5465 5220 4931 4949 5219 4816 5386 5147 5137 5007 5175 5001 4669 5195 5287 4915 5325 5316 5124 4524 5107 5228 5283 4600 5010 5233 4741 5488 4803 4773 4944 5054 5005 5229 4900 5038 5197 4483 4862 5115 4539 4890 4984 5227 5617 4970 4871 4753 4857 4945 5365 5104 5359 5570 5151 5244 4986 5105 5102 5059 5409 5060 4864 4790 5493 4943 5066 4970 5540
5681 5619 5234 5589 5657 5652 5256 4881 5431 5443 5308 5728 5303 5407 5579 5368 5181 5609 5461 5352 5128 4814 5357 5456 5774 5491 5950 5695 5335 5284 5498 5494 5144 5365 5339 5311 5478 5745 5594 5344 5228 5880 5406 5232 4990 5592 5531 5708 4929 5749 5129 5573 5614 5024 5556 5622 4993 5464 5112 5578 6061 5300 5515 5392 5137 5591 5276 5715 5471 5650 5380 5231 5314 5466 5309 5492 5408 5494 5437 5587 5784 4965 5380 5041 5658 5341 5716 5834 5041 5405 5498 5503 5145 5448 6005 5367 5518 5432 5614 5423 5306 4941 5573 5491 5206 5831 5545 5135 4995 5403 5691 5189 5299 5619 5643 5329 5111 5247 5345 5491 5104 5592 5440 5324 5369 5194 5412 5084 5504 5330 5245 5164 5647 5348 5570 5468 5535 5274 4706 5502 5508 5510 5412 5385 5384 5900 5298 5633 5129 5527 5922 5250 5315 5306 5562 5612 5624 5484 5404 6003 4627 5495 5449 5302 5383 5226 5132 5128 5194 5891 5870 5420 5520 5604 5489 5418 5493 5411 5790 5730 5796 5238 5016 5202 5211 5315 5708 5554 5436 5306 5350 5388 5239 5592 5473 5543 5360 5790 5736 5267 5361 5534 5031 5768 5641 5587 4974 5398 5642 6093 5048 5470 5433 5296 5640 5085 5219 5460 5359 5483 5173 5246 5351 5428 5194 5347 5396 4789 5412 5485 5581 5902 5340 5187 5483 5516 5514 5652 5409 5820 5891 5475 5460 5130 5710 5450 5502 6067 5606 5385 5256 5612 5082 5689 5281 5700
5137 5137 5252 5048 5008 5007 4651 4609 5179 4757 5135 5124 4909 4700 5376 4792 4779 5160 4950 4922 4841 4837 4674 4865 5317 5020 5520 5164 4958 4743 5024 5056 4780 4791 4830 4962 4857 5332 5241 4617 4869 5246 5172 4929 4258 4902 4851 5376 4712 4900 4859 5046 5004 4863 5083 5058 4778 5315 4592 5278 5456 4900 4889 4781 4658 5111 4829 5230 4961 5094 5026 5033 4854 4848 4604 5168 4992 4978 4782 5109 4878 4473 4995 4609 5130 4913 5583 5196 4804 5165 4811 4956 4838 5308 5338 5175 5099 5295 4757 4803 4797 4748 5099 5056 4926 5214 5272 4743 4736 4832 5140 4823 4552 4903 5337 4946 4746 4800 4979 4976 4756 5447 5147 4863 4805 4574 4900 4803 5133 4944 4948 4822 5534 4906 4985 5027 4780 4845 4286 5215 5076 4813 4869 4575 5049 5286 4855 5084 4783 4906 5338 4644 4717 4721 5082 5066 4644 4802 4964 5355 4358 5076 4988 5056 4795 4743 4769 4529 4761 5285 5325 4899 5256 5173 5104 4911 5107 5058 5312 5045 5342 4855 4544 4747 4987 5052 5203 5356 5049 5015 4743 5281 4968 4922 5096 5066 4955 5196 4935 4622 4943 4949 4685 5237 5169 5239 4647 4904 5135 5334 4463 4954 4963 5015 5147 4497 4982 4977 5108 4835 4765 4813 4624 5008 4596 4790 4798 4319 4794 4838 5228 5256 5064 4552 4957 5032 5017 5050 5188 5221 5518 5140 4999 4788 5298 4949 5000 5260 5016 4836 4992 5275 4688 4874 4734 5516
4816 5177 4764 4906 4920 5006 5062 4401 4658 4880 4848 4812 4671 4968 5145 4676 4537 5003 5032 4845 4676 4697 4655 4861 4930 5056 5334 4691 4839 4601 4744 4902 4475 4704 4641 4713 4533 5069 5106 4743 4796 5273 4736 4836 4500 4844 4765 5158 4526 4937 4725 4689 4840 4687 4972 4996 4368 4743 4461 5071 4959 4665 4498 4875 4756 4696 4701 4713 4660 5135 4962 4776 4715 4775 4630 4919 5030 4827 4509 4832 5106 4375 4581 4489 5123 4713 5021 5300 4570 4960 4829 4638 4681 5181 5152 4969 4675 5050 4590 4768 4653 4514 5104 5013 4732 4836 5030 4727 4691 5113 4984 4797 4533 4982 5001 5056 4633 4606 4635 4941 4622 4681 4928 5044 4717 4597 4948 4718 4591 4888 4670 4742 5022 4647 4517 4641 4992 4755 4358 4709 5070 4569 4719 4639 4973 5194 4925 4751 4753 4755 5089 4643 4807 4420 4985 5041 4772 4851 4615 5202 4226 4959 4713 4710 4740 4438 4652 4673 4576 5036 4794 4848 4876 5124 5058 4665 5137 5041 4984 4968 5023 4579 4140 4496 4732 4967 5323 5274 4973 4688 4650 4912 4789 5071 5028 5166 4590 5070 5064 4471 4662 4837 4442 5136 4876 4872 4586 4896 5093 5380 4258 4831 5059 4687 5132 4530 4836 4689 4855 4809 4844 4712 4855 4607 4248 4636 4731 4267 4849 4829 5166 5168 4725 4291 4724 4574 4883 4991 4829 5360 5178 4737 4685 4611 5106 4845 4526 5279 4844 4467 4697 5034 4324 5064 4525 5261
4899 5250 5106 5201 5125 5667 5129 4800 5133 5222 5207 5131 5066 5143 5198 4819 5021 5026 5157 4919 4808 4462 4920 5295 4958 5152 5515 5157 4901 4898 5141 5203 4855 5141 5032 5118 5038 5470 5115 4845 5177 5317 5002 4956 4340 5210 5104 5384 4828 5000 4964 5166 5184 5142 5110 5397 4708 5305 4993 5173 5632 4754 5229 5148 4998 5190 5108 5084 5015 5359 5190 4931 4773 4947 5053 5309 5079 5159 5028 5307 5350 4592 4823 4840 5335 5166 5174 5207 5028 5218 4884 5277 5010 5273 5452 5276 5083 5117 5025 5043 4955 4506 5179 5313 4862 5026 5240 4913 4856 5015 5496 4866 5134 5130 5154 4759 5047 4906 4875 5057 5027 5025 5179 5212 4975 4627 5216 4931 5063 4994 4821 4689 5273 4974 5146 4995 5323 4705 4728 5228 5311 4930 5032 4822 4890 5334 5081 5355 4622 5000 5204 4828 4812 4742 4995 4888 4851 5197 4764 5602 4264 4766 5032 5053 4969 4521 4559 4756 4582 5623 5111 5086 5301 5072 5146 4664 5015 5233 5408 5356 5291 4934 4549 5006 4903 5020 5467 5469 4963 4892 4913 5241 4798 5163 4940 5317 5013 5153 5238 4773 5151 5078 4729 5545 5239 5116 4712 5204 5323 5494 4696 4966 5127 5048 5378 4930 4718 5124 5122 4926 5011 5040 4941 4789 4921 5078 4829 4715 4921 4858 5603 5491 5145 4822 5016 4962 5023 5176 4978 5431 5679 4863 5163 4781 5209 4684 5105 5397 5090 4817 4853 5267 4708 5186 4715 5546
5181 5551 5317 5521 5516 5595 5446 4937 5438 5652 5285 5600 5061 5310 5690 5114 5230 5518 5525 5344 5233 4996 5236 5514 5447 5257 5970 5646 5151 5526 5191 5424 5252 5454 5555 5431 5441 5821 5326 5200 5533 5707 5413 5123 4634 5408 5467 5577 5155 5545 5165 5522 5268 5093 5502 5393 4973 5409 5102 5727 6026 5203 5180 5195 5318 5410 5268 5366 5276 5725 5539 5320 5276 5378 5296 5520 5285 5388 5287 5568 5484 4871 5052 5130 5688 5283 5691 5831 4937 5370 5371 5636 5235 5654 5732 5959 5294 5455 5177 5601 5269 4947 5718 5756 5242 5398 5507 5458 5280 5621 5827 5363 5282 5620 5677 5350 5078 5029 5230 5653 5143 5539 5246 5605 5355 5043 5523 5086 5463 5234 5115 5359 5824 5139 5344 5550 5438 5199 4929 5321 5759 5221 5262 5501 5327 5803 5688 5077 5194 5176 5698 5352 5334 5170 5538 5582 5405 5310 5264 6223 4769 5392 5026 5459 5401 5177 5080 5026 5109 5609 5491 5558 5574 5623 5573 5129 5342 5588 5603 5703 5912 5215 4843 5150 5233 5357 5838 5783 5512 5551 5269 5518 5037 5648 5461 5601 5114 5635 5709 5294 5347 5471 5118 5850 5726 5692 4786 5456 5520 5980 4998 5291 5324 5268 5648 4826 5308 5162 5338 5069 5413 5243 5221 5398 5067 5383 5450 4879 5188 5198 5710 5599 5495 4941 5079 5159 5421 5703 5536 5863 6030 5629 5437 5463 5665 5482 5124 5822 5373 5160 5002 5934 5313 5507 5466 5687
5080 5278 4997 5523 5092 5306 5069 4524 5304 5141 5182 5177 5035 5313 5297 5063 5073 5051 5311 5286 4916 4508 4861 5583 5126 5208 5555 5381 5014 5023 5304 5338 4679 5078 4959 4939 5083 5346 5145 4948 5049 5515 5166 4960 4627 5196 5073 5121 4634 5132 5132 5338 5312 4949 5243 5241 4743 5227 4767 5223 5643 4944 5102 5008 5140 5170 5122 5172 5110 5109 5217 5068 4905 5035 4813 5266 5257 5175 4782 5151 5272 4636 4704 4656 5314 5009 5106 5493 4752 5266 4982 5124 4790 5101 5440 5202 5282 5123 5096 4859 5013 4939 5196 5262 4817 5381 5249 5033 4735 5142 5461 4954 5019 5097 5244 4978 4684 4879 4914 5097 4926 5249 5083 5390 4683 4650 5243 4816 5235 5054 4961 4780 5496 4751 5152 5112 5018 4937 4805 5108 5422 4840 5012 5238 4993 5457 5006 5052 5097 5157 5517 4756 4933 5026 5284 5482 4920 4999 5052 5901 4615 4902 5068 5339 4909 4777 4642 4821 4821 5566 5296 4970 5341 5152 5366 5162 5214 5128 5437 5308 5441 4816 4717 4966 4835 4823 5401 5242 5459 5081 5077 5117 5004 5173 5189 5119 5133 5423 5160 4954 5223 4921 4726 5439 5207 5055 4710 4857 5221 5708 4671 4934 5197 4962 5180 4884 4915 5024 5102 4936 5083 4914 4942 5067 4760 4805 5017 4655 5166 4858 5366 5466 5102 4686 4986 5056 5142 5053 5036 5488 5504 5090 5166 4985 5205 5100 5022 5486 4878 4574 4764 5290 4848 5329 4925 5432
5364 5574 5330 5716 5719 5477 5462 4852 5376 5728 5612 5764 5169 5279 5495 5331 5345 5730 5594 5251 5136 4840 5485 5723 5375 5694 5796 5585 5198 5246 5542 5304 5380 5419 5626 5411 5367 5597 5501 5320 5701 6010 5284 5244 4813 5656 5450 5580 5103 5511 5412 5549 5614 5272 5657 5629 5110 5598 5182 5507 5905 5052 5437 5331 5203 5604 5389 5477 5550 5710 5747 5431 5377 5371 5062 5591 5555 5637 5406 5442 5635 4933 5342 5072 5538 5383 5649 5610 5149 5333 5341 5572 5199 5786 5663 5691 5545 5756 5375 5478 5330 5041 5427 5834 5166 5495 5549 5246 5095 5705 5610 5106 5174 5901 5760 5274 5340 5420 5298 5667 5186 5484 5673 5750 5289 5085 5528 5219 5509 5172 5166 5263 5749 5206 5696 5705 5666 5187 4810 5416 5684 5246 5211 5234 5392 5695 5541 5542 5227 5400 5742 5314 5043 5123 5624 5654 5231 5433 5421 6081 4745 5218 5226 5364 5416 5251 5281 5199 5423 6100 5562 5482 5795 5616 5509 5274 5631 5731 5904 5541 5735 5200 5161 5322 5159 5452 5886 5868 5529 5137 5351 5748 5333 5479 5530 5758 5596 5776 5661 5011 5349 5456 4981 5605 5809 5428 5097 5086 5648 5981 4901 5424 5162 5229 5726 5170 5147 5241 5461 5169 5231 5103 5371 5476 4969 5348 5467 4917 5575 5323 5849 5836 5478 5118 5268 5365 5513 5958 5432 5853 5915 5413 5231 5008 5519 5262 5378 6025 5401 5086 4977 5812 5276 5594 5496 5930
5171 5479 5067 5523 5297 5383 5065 4800 5271 5494 5309 5578 5031 5189 5397 5110 4819 5313 5126 5293 4937 4705 4937 5429 5329 5107 5627 5346 5168 5125 5075 4991 4946 5210 4994 5095 5313 5653 5077 4759 5185 5381 5302 5139 4648 5383 5350 5252 4790 5309 5061 5543 5445 5052 5104 5371 5046 5215 4856 5393 5495 4730 4999 5152 4925 5473 4772 5204 5198 5302 5105 4814 5020 5107 4851 5171 5309 5110 5090 5058 5386 4620 5010 4753 5538 4869 5264 5471 4861 5272 5019 5231 4998 5307 5533 5053 5116 5429 5341 4894 5250 4638 5391 5352 4963 5440 5274 4780 5034 5351 5396 5033 4934 5255 5651 5017 4981 4668 5066 5603 5006 5441 5374 5320 4892 4754 5415 4785 5059 5076 4935 5172 5419 5183 4892 5192 5364 5134 4478 5145 5350 4952 5039 5188 5203 5573 5406 5097 5126 5200 5523 4960 4669 4925 5387 5052 5219 5065 4977 5752 4484 5134 4936 5055 5134 4916 4733 4826 4714 5504 5264 5355 5277 5316 5493 4964 5129 5238 5293 5485 5510 4847 4952 4962 5056 5257 5693 5374 5220 5096 4993 5094 4969 5185 5194 5395 5034 5537 5643 5000 4875 5168 4784 5432 5275 5225 4620 5130 5093 5529 4735 5208 5238 5237 5400 5201 5018 5289 5348 4958 5075 4801 5078 5172 4975 5238 5262 4570 5199 5241 5480 5557 5204 4943 5105 5286 5196 5182 5041 5730 5711 5264 5228 5018 5424 5295 5051 5614 5040 4979 4967 5241 5221 5224 5039 5430
4892 5194 5035 4962 5193 5145 5012 4717 5210 5374 5314 5280 4910 4703 5265 4840 5033 5114 5146 4904 4984 4648 4872 5151 5385 4986 5621 5263 4952 4789 4831 4993 4904 4926 4703 4721 4971 5379 5138 4755 4978 5628 5135 4888 4435 5074 5105 5269 4527 5157 4861 5049 5264 4840 5039 5153 4821 4996 4645 5124 5470 4834 5123 5121 4911 5052 4758 5296 4939 5011 4952 4882 4889 5178 4821 5115 4972 5102 4867 4960 5374 4847 5010 4734 5329 5219 5213 5154 4713 5084 4952 5103 4841 5082 5330 5090 4825 5206 4937 5122 4887 4828 5279 5063 5016 5015 5204 4887 4354 5131 5097 4923 4621 4958 5214 5073 4935 4803 4768 5157 4652 5337 4907 5251 5042 4845 5102 4950 4862 5066 4804 4785 5366 4850 4938 4818 5030 4969 4771 5021 5168 4833 4648 5022 4854 5330 5083 4994 4751 5063 5547 5006 4505 4882 5319 5121 4893 4931 4928 5429 4315 5122 4879 4904 4962 4855 4709 4715 4756 5425 5214 5146 4971 5206 5210 4911 5380 4797 5374 5115 5271 4872 4698 5013 5004 4917 5429 4997 5205 4941 4770 5178 4788 5076 5013 5230 4827 5164 5223 4872 4985 5051 4554 5125 5199 4963 4659 5166 5208 5368 4737 5118 5065 4733 5306 4934 5048 4871 5047 5030 5030 4870 4741 4815 4560 4777 4854 4372 5089 5170 5445 5327 5024 4892 5089 5101 4980 5162 5127 5555 5529 5108 4843 4904 5342 4915 4785 5440 5151 4659 4745 5125 4722 5224 4672 5476
5057 5410 5112 5404 5199 5643 5199 4977 5263 5444 5398 5686 5160 5340 5496 5107 4965 5528 5233 5379 4955 4775 5158 5434 5214 5044 5851 5395 5168 5149 5314 5334 4894 5075 4965 5444 5395 5587 5608 5036 5292 5802 5181 5067 4387 5312 5393 5287 5065 5293 5112 5440 5399 4904 5500 5591 5110 5238 4864 5644 5472 4968 5027 5096 4947 5289 5135 5238 5251 5361 5386 5079 5049 5399 5003 5105 5170 5111 5202 5187 5648 5102 5115 5093 5397 5076 5736 5603 5132 5453 5192 5493 5008 5406 5593 5399 5236 5400 5315 5383 5152 4958 5382 5428 5122 5369 5130 4906 4778 5331 5634 5238 5207 5360 5518 4986 5052 4966 5169 5510 4659 5348 5313 5096 5227 4994 5519 5197 5360 5447 5071 5054 5631 5066 5060 5287 5571 5206 4799 5130 5514 5116 5280 5241 5275 5504 5316 5140 4969 5101 5520 5111 5060 5061 5555 5287 5144 5215 5227 5801 4546 4887 5468 5337 5104 5142 5021 4978 5078 5817 5154 5406 5427 5354 5547 5207 5400 5291 5447 5267 5662 4986 4928 5132 4860 5301 5607 5581 5506 4994 5106 5265 5075 5218 5409 5386 4944 5554 5477 5244 4940 5356 4856 5646 5449 5270 4911 5402 5327 5737 4741 5339 5282 5119 5505 5073 5255 4914 5321 5421 5381 5399 5184 5328 5020 5141 5340 4700 4981 5278 5482 5818 5407 4918 5190 5246 5212 5489 5536 5936 5740 5077 5259 5116 5562 5277 5111 5735 5303 5089 4768 5424 5016 5210 5216 5673
5212 5148 5032 5314 5155 5382 5088 4787 5138 5323 5169 5268 5137 4780 5552 5150 5052 5517 5169 5369 4951 4834 5176 5526 5401 5053 5834 5465 5069 5155 5084 5237 5107 5182 5077 5332 5451 5596 5571 5043 5088 5582 5294 5151 4587 5610 5592 5532 4996 5228 5267 5550 5484 5118 5165 5410 5030 5394 4994 5184 5690 4902 5120 4947 4912 5157 5062 5189 5159 5024 5412 5318 5322 5301 4929 5343 5410 5089 5034 5196 5573 4879 4866 4801 5516 4954 5582 5778 5100 5499 5207 5396 5176 5176 5682 5261 5476 5297 5399 5156 5024 4734 5277 5503 5259 5664 5301 4952 4725 5328 5512 4915 4955 5287 5691 4968 5012 5107 5222 5351 4938 5429 5454 5342 4708 4796 5353 4967 5023 5168 4981 5038 5512 5256 5402 5277 5338 5356 4862 5114 5312 4885 5154 5060 5191 5560 5227 4998 4975 5018 5598 5166 5130 5146 5430 5459 5038 5293 4810 5792 4605 5250 5305 5284 5190 5120 4833 4984 4954 5807 5375 5077 5252 5296 5577 5009 5494 5204 5300 5356 5447 4863 4985 5111 4957 5317 5816 5321 5284 5371 4971 4922 5144 5331 5333 5155 5043 5571 5448 5255 5286 5405 4904 5288 5419 5385 4969 5309 5317 5524 4882 5316 5164 5035 5505 5032 5305 5105 5511 5243 5238 5044 5185 5215 4971 5171 5189 4782 4959 5139 5524 5649 5224 5060 5019 5304 5499 5284 5339 5659 5568 5056 5196 4856 5573 5345 5487 5662 5373 4958 4895 5400 5056 5442 5191 5584
5358 5381 5188 5617 5403 5523 5363 5027 5615 5633 5566 5605 5171 5505 5620 5246 5132 5565 5483 5416 5028 5090 5208 5468 5402 5194 5960 5520 5101 5498 5484 5284 5224 5506 5265 5363 5295 5844 5386 5006 5750 5741 5382 5175 4606 5608 5601 5578 5129 5675 5257 5754 5766 5248 5835 5485 5031 5496 5366 5725 5740 5306 5275 5271 5319 5435 5160 5598 5327 5411 5385 5385 5329 5215 5010 5577 5336 5308 5322 5661 5645 4981 5356 4924 5657 5332 5677 5579 5140 5599 5340 5446 5233 5562 5764 5924 5506 5504 5348 5403 5329 5067 5485 5468 5331 5445 5782 5193 5429 5519 5749 5477 5452 5655 5616 5333 5183 5146 5282 5540 5269 5676 5583 5354 5318 5290 5925 5236 5654 5434 5322 5227 5606 5322 5333 5588 5673 5300 4876 5637 5506 5181 5070 5242 5614 5706 5438 5496 5011 5355 5624 5153 5146 5245 5450 5455 5376 5514 5426 6083 4729 5594 5171 5384 5307 5118 5060 5054 5076 6048 5341 5367 5641 5526 5424 5296 5328 5240 5649 5565 5803 5066 4827 5391 5299 5485 5811 5687 5477 5424 5365 5464 5380 5708 5469 5554 5150 5635 5689 5212 5501 5510 5091 5727 5641 5823 4985 5078 5367 5815 4794 5312 5205 5251 5676 5149 5227 5263 5277 5556 5249 5162 5343 5549 5300 5442 5371 4940 5203 5280 5532 5832 5352 5030 5458 5213 5249 5375 5511 5885 5882 5407 5594 5269 5694 5345 5384 5966 5011 5167 5224 5683 5171 5716 5407 5807
4958 5380 4903 5181 5042 5300 5082 4725 5116 5129 5094 5067 4870 4975 5410 4838 4965 5195 5205 5401 4944 4628 5042 5219 4787 4977 5837 5163 4975 5152 4966 5043 5040 5148 4860 4997 5119 5474 5238 4922 5105 5401 5094 4718 4588 5408 5194 5319 4658 4786 5231 5419 5254 5245 5169 5269 4718 5080 4896 5180 5545 4863 5158 5034 5110 5037 4917 4989 4798 5440 5302 4995 4941 5192 4811 5079 5067 5374 4838 5227 5211 4794 5005 4799 5139 5019 5352 5527 4784 5378 5048 5000 4971 5522 5373 5346 4952 5161 5048 4984 4944 4561 5185 5273 5114 5180 5115 4892 4833 4967 5241 4981 4701 5422 5370 4778 4717 4915 5024 5241 4949 5351 5080 5299 5053 4805 5244 5114 5092 5176 4700 4671 5446 5190 5021 5029 5185 5003 4665 5076 5346 4953 5276 4870 5034 5324 5288 5009 4702 4780 5472 4779 4751 4937 5053 5152 4772 5008 4760 5714 4628 5128 4790 5019 5113 4878 4840 4601 4738 5474 5155 4919 5179 5303 5178 4863 5140 5016 5251 5445 5299 4743 4776 4803 5169 4983 5565 5377 5130 5146 4835 5233 4668 5171 5196 5366 5200 5472 5303 4894 4866 5108 4890 5099 5251 5223 4683 5090 5368 5639 4703 5011 5147 5109 5261 4793 5064 4937 4988 4645 5051 4881 4904 5003 4806 5143 4994 4585 4867 5003 5543 5457 5246 4675 4790 5003 5318 5234 5000 5449 5504 5143 5383 4981 5424 5055 5201 5490 5414 4716 4638 5314 4692 5161 5013 5464
5221 5608 5218 5568 5348 5614 5429 5116 5318 5307 5523 5352 5240 5291 5694 5282 5085 5560 5418 5581 5215 4920 5495 5424 5206 5390 5612 5704 5072 5114 5477 5255 5323 5141 5421 5160 5202 5594 5136 5214 5333 5828 5419 5227 4734 5531 5504 5511 5165 5419 5525 5757 5479 5250 5328 5755 5028 5756 5108 5489 6032 5410 5190 5222 4817 5558 5161 5473 5658 5600 5210 5311 5278 5620 5261 5462 5252 5600 5259 5539 5414 4951 5158 4767 5458 5159 5701 5363 5137 5707 5316 5456 5057 5525 5860 5567 5494 5575 4998 5361 5141 5106 5906 5524 5232 5545 5680 5104 5083 5360 5622 5257 5306 5591 5538 5206 4892 5281 5259 5685 4989 5724 5371 5439 5251 4989 5336 5251 5296 5344 5291 4875 5448 5068 5386 5383 5307 5344 4828 5345 5878 4987 5430 5476 5160 5578 5421 5314 4940 5327 5679 5307 5315 5378 5501 5499 5034 5344 5198 5959 4685 5346 5182 5529 5188 5010 4783 4995 5117 5793 5609 5378 5575 5467 5667 5110 5668 5344 5760 5696 5431 5201 4814 5036 5400 5287 5842 5828 5445 5114 5354 5394 5201 5659 5698 5512 5280 5614 5653 5371 5394 5360 5090 5589 5509 5429 5020 5304 5762 5979 4805 5326 5138 5371 5551 5028 5271 5476 5450 5278 5307 5419 5121 5333 5020 5295 5174 4867 5239 5173 5619 5779 5417 5008 5302 5047 5603 5509 5302 5720 5838 5417 5416 5077 5523 5285 5289 5666 5356 5153 5305 5616 5301 5426 5094 5703
4669 4986 4710 5048 4919 5018 4887 4155 4800 4825 4883 4980 4613 4664 4961 4863 4708 4782 5043 4717 4695 4363 4664 5128 4885 4976 4868 5120 4549 4630 4630 4918 4508 4871 4823 4945 5021 5217 4820 4786 4687 5018 4705 4551 4380 5067 4684 5094 4220 5035 4781 5103 4968 4601 5080 5034 4639 5098 4435 4927 5011 4471 4725 4593 4722 4879 4606 4902 4768 5087 5011 4788 4723 4912 4561 5035 5055 4827 4831 4721 4759 4471 4570 4288 5043 4779 4816 5184 4400 5058 4925 5090 4441 5152 4996 5157 5048 5201 4715 4856 4651 4281 5070 5106 4758 5157 4873 4599 4332 4936 5133 4533 4730 5011 4996 4681 4659 4540 4699 5204 4305 5142 4951 4940 4600 4585 4825 4643 4759 4938 4366 4815 5083 4514 4694 5032 4959 4760 4404 4870 4861 4583 4720 4893 4858 5200 4866 4880 4645 5024 5009 4685 4608 4814 4845 4882 4804 4752 4672 5402 4176 4664 5046 4984 4692 4918 4425 4637 4641 5205 5069 4927 4641 5095 5206 4912 4934 4883 4974 4959 5365 4750 4242 4710 4790 4687 5259 4985 5057 4955 4790 5010 4627 5150 4850 5058 4670 5088 5117 4511 4750 4998 4546 5253 5087 4915 4472 4872 4850 5269 4304 4809 4798 4681 5082 4504 4709 4571 5052 4795 4706 4619 4439 4910 4642 4555 4767 4328 4458 4741 4930 5162 4955 4429 4661 4861 4817 5234 4764 5130 5349 4876 4931 4877 5147 4835 4768 5084 4854 4601 4492 5132 4980 4981 4557 5048
5313 5644 5299 5206 5493 5621 5331 4941 5350 5460 5728 5629 5116 5236 5758 5310 4874 5437 5418 5317 5203 4933 5120 5574 5387 5241 6142 5617 5181 4914 5306 5389 5222 5277 5186 5243 5366 5695 5482 5247 5458 5973 5321 5193 4738 5702 5231 5955 5032 5546 5351 5564 5721 5019 5413 5422 4910 5346 4879 5392 5677 5147 5129 4981 5164 5381 5116 5208 5421 5587 5446 5341 5367 5417 5045 5511 5521 5694 5163 5562 5349 4897 5174 5114 5596 5030 5401 5653 5290 5546 5197 5129 4941 5705 5516 5217 5460 5306 5542 5111 5312 4609 5506 5576 5394 5412 5504 5030 5170 5513 5600 5152 5027 5530 5581 5541 5116 5238 5324 5693 5306 5513 5522 5754 5172 4897 5106 5154 5230 5110 5086 5220 5622 5424 5251 5287 5545 5178 4626 5626 5574 5044 5093 5102 5489 5794 5544 5184 5092 5191 5502 5148 5184 5281 5363 5375 5142 5560 5136 5849 4667 5326 5120 5570 5067 5249 5146 5262 4929 5903 5387 5342 5522 5499 5398 5435 5624 5412 5604 5598 5892 5242 4890 5173 5357 5462 5757 5663 5285 5264 5302 5338 5103 5478 5563 5305 5178 5399 5578 5081 5523 5403 4974 5462 5298 5522 4923 5189 5407 5774 4890 5253 5209 5552 5562 5312 5252 5409 5378 5277 5350 5123 5135 5392 5045 5152 5170 4742 5073 5478 5752 5735 5240 5038 4869 5356 5249 5822 5342 5836 5675 5415 5514 5238 5641 5499 5427 5719 5318 5273 5098 5849 5234 5416 5330 5871
5208 5729 5213 5672 5615 5464 5218 4811 5388 5461 5440 5363 5254 5494 5954 5111 5287 5410 5591 5289 5393 4825 5195 5493 5667 5530 5821 5707 5289 5208 5162 5435 5351 5285 5194 5372 5358 5656 5449 5458 5354 5727 5478 5312 4923 5566 5532 5552 4912 5194 5204 5519 5886 5396 5423 5659 5000 5793 5221 5325 5815 5010 5464 5245 5313 5281 5101 5388 5474 5746 5285 5356 5470 5495 5221 5640 5480 5491 5377 5605 5699 4892 5177 4808 5551 5434 5444 5563 5392 5478 5312 5751 5367 5692 5697 5363 5665 5734 5412 5379 5322 4915 5733 5411 5411 5644 5510 5219 4936 5384 5661 5069 5353 5482 5595 5277 5170 5408 5287 5615 5053 5643 5689 5536 5098 5102 5434 5137 5651 5326 5406 5504 5737 5248 5399 5428 5454 5244 4845 5468 5616 5131 5277 5170 5464 5919 5586 5738 5526 5439 5779 5219 5021 5209 5369 5566 5219 5516 5347 6124 4699 5317 5585 5635 5350 4894 4835 5081 5271 5934 5730 5326 5263 5364 5766 5630 5376 5265 5720 5683 5826 5309 4916 5270 5357 5339 5922 5750 5592 5525 5275 5395 5233 5772 5454 5711 5534 5511 5441 5225 5385 5360 4862 5605 5738 5775 5041 5350 5770 6103 5104 5262 5389 5425 5857 5249 5221 5626 5605 5603 5329 5081 4967 5556 5037 5516 5382 4816 5066 5227 5669 5734 5623 5227 5443 5390 5327 5343 5430 5683 5756 5441 5434 5345 5512 5374 5309 5960 5302 5207 4974 5577 5187 5496 5175 5770
5130 5561 5108 5585 5479 5483 5149 4836 5603 5497 5305 5454 5304 5033 5469 4881 5320 5366 5271 5396 5241 4950 4836 5366 5529 5437 5811 5427 5180 5215 5253 5286 5172 5292 5164 5396 5712 5662 5259 5084 5308 5619 5279 5107 4566 5407 5549 5563 4851 5148 5081 5258 5464 5250 5415 5521 5182 5503 4985 5747 5375 5148 5203 5269 5303 5196 5057 5632 5333 5571 5338 5092 5185 5423 5056 5277 5330 5398 5021 5414 5528 4690 5198 4899 5392 5103 5254 5430 4937 5431 5084 5493 5233 5432 5360 5482 5172 5491 5233 5507 5276 4959 5651 5628 5074 5357 5537 5047 5096 5300 5774 5125 5267 5331 5435 5241 5210 4930 4931 5658 4847 5547 5457 5152 5124 5127 5398 5078 5469 5231 5207 5078 5531 5153 5211 5454 5465 5051 4767 5152 5541 5063 5132 5244 5348 5655 5322 5298 4877 5472 5468 5206 4978 5061 5430 5209 5326 5382 5314 5987 4696 5290 5238 5337 5298 5003 5012 4921 4965 5795 5366 5481 5498 5468 5327 4958 5531 5308 5500 5466 5585 5066 4846 5118 5257 5287 5759 5566 5284 5290 5193 5268 5124 5409 5203 5655 5011 5566 5582 4974 5222 5304 4923 5639 5253 5484 4872 5315 5311 5584 4919 5494 5012 5321 5469 4837 5284 5129 5279 5321 5238 4923 5312 5248 4734 5203 5001 4636 5124 5380 5644 5834 5494 4610 5363 5207 5181 5468 5359 5737 5807 5189 5317 5185 5354 5372 5014 5590 5425 4925 4997 5646 4830 5195 4889 5851
4513 5077 4575 4801 4795 4963 4761 4506 4705 5120 4713 5256 4726 4766 5091 4644 4579 4978 4806 4968 4595 4612 4517 5018 4778 4583 5237 4970 4646 4516 4823 4613 4687 4856 4668 4628 4657 5083 4806 4746 4668 5450 4965 4607 4016 4680 4871 5203 4552 4910 4430 4869 5032 4456 4857 5151 4837 4862 4453 4979 5320 4465 4597 4675 4797 4700 4600 4598 4842 4718 5085 4629 4779 4922 4172 4675 4641 5024 4636 4750 4824 4373 4427 4597 4947 4610 4938 4872 4643 5049 4632 4925 4644 5067 4890 4878 4851 4836 4709 4675 4742 4322 4799 4774 4845 4731 4771 4770 4649 4785 4677 4592 4512 4965 5094 4757 4407 4423 4571 4875 4476 5100 5004 4953 4653 4342 4954 4793 4666 4672 4631 4260 4976 4707 4782 4620 5059 4650 4335 4799 5114 4496 4538 4628 4890 5093 4749 4621 4266 4799 5024 4793 4494 4396 5013 4916 4533 4751 4655 5449 4201 4862 4650 4686 4681 4501 4615 4444 4300 5013 4814 4758 4942 4964 5076 4614 4764 4758 5206 4930 5058 4507 4160 4606 4826 4928 5117 5091 4915 4856 4721 4852 4679 5051 4695 5036 4741 5237 4778 4481 4791 4487 4327 4953 4940 4849 4433 4710 4616 4928 4650 4863 4806 4623 5072 4738 4637 4805 4636 4831 4697 4497 4669 4821 4299 4619 4789 4242 4623 4718 4919 5151 4580 4449 4529 4715 4743 4922 4792 5367 5163 4886 4743 4682 4950 4795 4708 4807 5005 4467 4449 4889 4556 4616 4597 5037
5288 5743 5402 5263 5460 5614 5297 5071 5502 5329 5627 5472 5138 5280 5667 5127 5324 5571 5415 5250 5194 4934 5178 5607 5405 5256 5821 5458 5392 5327 5420 5246 5055 5426 5156 5240 5320 5579 5339 5222 5573 5581 5269 5266 4763 5605 5638 5572 5028 5337 5279 5530 5561 5198 5511 5597 4986 5584 5108 5395 5525 5042 5296 5424 5286 5457 5095 5504 5178 5794 5633 5148 5246 5560 5136 5657 5112 5612 5394 5453 5499 4844 5274 5009 5674 5640 5830 5639 5013 5339 5339 5577 5247 5591 5817 5554 5418 5370 5367 5241 5266 4843 5593 5738 5395 5633 5718 5084 5250 5491 5780 5394 5256 5559 5657 5312 5131 5064 5239 5577 5284 5882 5452 5684 5394 5171 5552 5030 5548 5426 5207 5521 5496 5435 5362 5386 5430 4962 4915 5456 5634 5168 5477 5199 5485 5867 5195 5251 5149 5432 5516 5313 5088 5145 5261 5349 5454 5267 5303 5957 4655 5397 5275 5553 4984 5269 5124 5091 4903 6015 5288 5363 5663 5415 5496 5122 5554 5263 5727 5692 5627 5321 4744 5308 5290 5278 5948 5786 5440 5414 5218 5471 5321 5880 5441 5630 5268 5547 5773 5104 5167 5335 5008 5552 5600 5429 4822 5386 5436 5898 4916 5314 5373 5549 5465 5023 5155 5154 5065 5297 5633 5107 5177 5416 5020 5265 5208 5107 5135 5260 5526 5826 5273 5066 5284 5467 5509 5562 5411 6007 5887 5463 5492 5365 5747 5260 5300 6083 5169 5165 4923 5731 5074 5613 5278 5676
4985 5400 5134 5172 5318 5490 5035 4927 5180 5397 5150 5109 5026 4857 5229 5185 4976 5295 5053 5481 4991 4795 4883 5503 5324 4970 5556 5442 4876 5161 5330 5032 4930 5005 5324 5220 4974 5468 5070 4758 5093 5742 4962 4926 4585 5506 5149 5424 4738 5316 4817 5509 5330 5043 5232 5301 5015 5034 4847 5250 5553 4891 4950 5047 5068 5161 5098 5228 4965 5437 5428 5270 5080 5193 5209 5249 5390 5336 5176 5050 5544 4603 5188 4693 5318 5254 5520 5421 4930 5167 5023 5324 4988 5386 5468 5453 4936 5362 4985 5182 4969 4670 5469 5538 5211 5228 5462 4972 4806 5410 5302 4831 4942 5254 5424 5224 4854 4902 5205 5328 4951 5194 5210 5339 5061 4871 5135 5037 5036 5301 4638 5101 5789 4959 5149 5243 5347 4896 4883 4916 5359 4760 5042 5102 5053 5507 5456 5169 4774 5240 5387 4942 5040 4746 5509 5342 5036 5199 5022 5699 4749 5055 5201 5398 5331 4881 4933 4698 5035 5597 5179 5084 5377 5334 5139 5204 5309 5243 5405 5406 5762 4724 4541 5024 5013 5322 5873 5463 5170 5030 4859 5201 5027 5502 5174 5597 5086 5636 5376 4821 5056 5121 4627 5277 5275 5323 4775 5020 5231 5370 4835 5164 5312 5051 5445 4985 4683 5118 5309 5182 5089 5265 5164 5141 4949 4876 5219 4677 5050 4970 5458 5523 5106 5220 4874 5177 5225 5446 4954 5707 5638 5113 5108 5097 5483 5161 5155 5611 5165 4871 4656 5636 4721 5128 5096 5680
4704 5119 4661 5110 4966 5080 4871 4414 5136 5135 5139 5084 4699 4955 5123 4678 4778 4885 5049 5088 4720 4487 4901 4919 4935 4897 5241 5238 4725 4853 5062 5098 4620 4902 4817 5075 4874 5550 5138 4639 4889 5393 4736 4880 4404 5003 5179 5272 4229 4890 4897 4984 5272 4721 5186 4962 4677 4940 4597 5077 5228 4482 4969 5020 4796 4824 4531 5081 5073 5252 5097 4935 5125 4878 4589 4982 4992 5010 5009 4982 5045 4457 4667 4380 5098 4956 5103 5365 4524 5172 4803 5242 4722 5217 5227 5222 5068 5198 4774 4854 4848 4424 5208 4862 4829 5255 5053 4678 4655 5051 5200 4593 4961 5116 5213 4820 4476 4677 4689 5198 4625 5209 4964 5145 4830 4622 5174 4801 4726 5189 4812 4650 5386 4859 5230 5141 5131 4871 4550 5233 5277 4823 4897 4739 4886 5163 4979 4969 4519 5032 5159 4959 4641 4781 5161 5096 4843 4957 5056 5360 4492 4720 4621 5013 4912 4566 4602 4370 4843 5434 5041 5115 5025 4836 5235 4719 4887 5064 5256 5148 5259 4825 4661 4899 4763 4863 5561 5259 5162 4771 4865 4924 4781 5212 5257 5296 4750 4904 4922 4710 4875 4849 4843 5044 5173 4793 4498 4966 5151 5456 4522 4937 4999 4846 5073 4803 4626 4828 4949 4887 4915 4672 4953 4978 4653 4896 4852 4626 4534 4547 4992 5322 4831 4682 4927 4893 5018 4918 5091 5268 5464 4797 5088 4950 4829 4827 4767 5407 5008 4849 4343 5178 4785 5201 4674 5187
5107 5570 5048 5387 5098 5356 5071 4639 5077 5482 5486 5570 5189 5457 5390 5033 5032 5312 5127 5443 4878 4897 4879 5498 5151 5198 6035 5393 5020 5175 5099 5174 5014 5112 4870 5303 5105 5526 5034 5015 5113 5682 5498 4853 4533 5363 5208 5367 4862 5076 4986 5523 5415 4926 5344 5411 5100 5287 4853 5413 5562 4775 5210 4971 5051 5200 5100 5472 5329 5458 5022 5085 5146 5137 4828 5206 5065 5349 5260 5300 5263 4830 4897 5230 5487 5032 5513 5367 4726 5321 4957 5204 5146 5530 5557 5525 5076 5160 5428 5248 5029 4687 5385 5519 5124 5474 5230 5056 4833 4997 5486 5074 5017 5493 5473 5251 5017 4963 5326 5340 4966 5452 5315 5108 5196 5065 5386 4967 5214 5091 5231 5015 5361 5202 5082 5253 5408 5093 4650 5097 5625 5120 4907 5196 5082 5336 5455 5292 4793 5279 5520 5116 4927 5018 5393 5305 5117 5237 5211 5977 4695 5087 5035 5376 5150 4837 4886 4831 4876 5809 5150 5050 5518 5571 5421 4957 5298 5078 5299 5518 5513 4856 4865 4936 5012 5091 5566 5535 5350 5426 5119 5371 4932 5541 5364 5484 5168 5457 5286 4979 5009 5157 4838 5169 5321 5355 4698 5313 5066 5657 4815 5139 4916 5301 5624 5122 5212 4918 5194 5116 5338 5211 4973 5075 5080 4822 5220 4635 5019 5143 5429 5744 5268 4795 4854 5174 5456 5537 5348 5862 5541 5308 5409 5338 5294 5352 5244 5604 5322 4891 4664 5634 4799 5286 5213 5616
4968 5133 5063 5352 4825 5127 4728 4605 5109 5395 4904 5237 4586 4789 5213 5027 4831 5010 4802 4902 4859 4605 4890 5186 5161 5183 5732 5134 4666 5010 5091 5101 4780 4739 4795 5141 4883 5304 5154 4951 5096 5568 4999 4537 4513 5351 5063 5107 4833 4894 4959 5327 5298 4930 5277 5138 4816 5149 4559 5410 5171 4541 5010 4706 4810 5061 4895 5059 5243 5009 5130 5023 4977 5029 4536 5115 4854 5227 4791 5065 5239 4443 4743 4834 5235 4937 5401 5086 4899 5265 4949 5024 4841 5040 5056 5221 5082 5056 5010 4994 4801 4454 4994 5503 4944 5127 5113 4795 4773 5083 5168 4670 4690 4924 5343 4886 4609 4580 5093 5334 4806 5299 5172 5066 4734 4761 5106 5038 5200 4955 4731 4965 5098 4935 5031 5015 5054 4894 4556 4719 5121 4833 4971 4959 4733 5416 5089 4989 4687 5147 5249 4888 4860 4739 5222 5003 4824 4857 4839 5563 4149 5148 5086 4944 4608 4796 4488 4864 4601 5374 5089 5028 5135 5051 5195 4824 5283 4966 5251 5044 5336 4758 4735 4825 4952 5033 5453 5298 5135 5062 4695 5074 4848 5007 4876 5127 4989 5290 5273 4890 4923 5135 4674 5332 5182 5113 4692 4985 4961 5360 4537 5023 4838 4827 5318 4681 4944 4873 5263 5108 4868 5049 4763 4690 4536 4800 4915 4445 4820 5062 5113 5176 5034 4805 4806 5028 5019 5376 5194 5227 5442 5055 5202 4864 5090 5050 4985 5208 5010 4866 4376 5317 4704 5018 4698 5300
5059 5633 5002 5565 5245 5425 5107 4659 5057 5283 5093 5499 5056 5107 5444 5135 4989 5468 5398 5315 5010 4842 4900 5368 5243 5224 5652 5265 4927 4906 5178 5403 4748 5053 5164 5398 5242 5712 5197 5017 5208 5635 5190 4906 4614 5512 5149 5522 4940 5371 5139 5433 5344 5082 5499 5438 4897 5217 4751 5465 5586 5102 4745 5094 4827 5281 4999 5756 5209 5542 5271 5152 5123 5165 5125 5061 5059 5243 5144 5533 5260 4674 5039 4813 5538 4929 5496 5234 5042 5379 5021 5377 5049 5512 5546 5495 5563 5541 4906 5201 5105 4771 5581 5392 5400 5760 5406 4916 5060 5316 5698 4826 5078 5050 5392 5229 5102 5113 5155 5569 5070 5370 5389 5646 5109 4816 5364 5283 5310 4924 4953 5056 5271 5204 5333 5078 5426 5108 4730 5299 5020 4881 5347 5099 5238 5676 5436 5094 4691 5098 5473 5037 5104 5049 5267 5259 5096 5147 5000 5770 4562 5217 5341 5346 4859 5192 4845 4750 4882 5525 5124 5429 5259 5204 5424 5338 5186 5331 5483 5451 5672 5034 4890 5074 5304 5122 5831 5544 5337 4984 5341 5463 4987 5368 5198 5206 5032 5378 5160 4944 5080 5172 4924 5482 5354 5292 4858 5102 5309 5486 5111 5155 5072 5016 5554 5116 4856 5140 5419 5290 5379 5148 4952 5151 5183 5078 5095 4644 5030 4798 5302 5621 5329 5121 5179 5029 5193 5347 5276 5609 5779 5175 5148 5063 5327 5245 5220 5522 5184 4904 4784 5422 5161 5203 4901 5474
5054 4940 5115 5079 5131 5294 5020 4808 5411 5124 5037 5039 4779 5058 5188 4677 4881 5157 5002 5303 4832 4553 4731 5042 4971 4960 5276 5298 4969 5024 4733 4893 4874 4912 4800 5001 5021 5196 4979 4778 4868 5350 5140 4813 4435 5308 4814 5079 4525 4943 5121 5092 4875 4767 5104 5193 4620 5147 4756 4936 5348 4755 5159 5049 4688 5092 4728 5270 5141 5131 4758 5250 4836 4902 4847 5053 4887 4927 4912 5060 5311 4860 5058 4559 4716 4800 5334 5443 4530 5269 4922 5197 4666 5344 5048 5361 5183 5506 4878 5043 4955 4619 5075 5022 4924 5165 5301 4495 4713 5051 5421 4815 4742 5223 5136 4903 4592 4681 4710 5181 4884 5181 5314 5185 5077 4863 5225 4778 5224 4852 4722 4843 5293 4978 5129 4968 5077 4943 4705 5203 5121 4674 4965 5097 4729 5393 5298 5158 4764 4993 5423 4815 4847 4933 5176 4986 4733 4829 4875 5499 4439 4935 5045 5025 4784 4723 4856 4780 4738 5387 5173 4859 5335 5217 5076 4919 5320 4878 5322 5285 5309 4799 4836 4617 4936 5202 5332 5284 4972 4902 4714 5164 4870 5247 5074 4996 5068 5478 5053 4788 4925 4914 4691 5035 5015 5394 4537 5221 5040 5248 4565 4916 5122 4887 5253 4917 4986 4984 5189 5100 4976 4861 4912 4962 4817 4868 5054 4416 4681 4917 5357 5413 5012 4690 5118 4915 5062 5198 5034 5212 5368 4996 5122 4806 5142 5076 5158 5355 5113 4949 4696 5077 4992 5168 4938 5480
5197 5321 5000 5416 5280 5475 4982 4440 5116 5281 5253 5208 4986 5078 5614 5104 4625 5333 5239 5328 5030 4656 5256 5263 5372 5187 5527 5360 5098 5135 4997 4947 4556 5146 4900 5369 5182 5592 5070 4836 5324 5434 5130 4857 4682 5319 5163 5265 4805 5180 5188 5445 5443 4953 5466 5306 4749 5424 4901 5506 5508 4857 5173 5087 4900 5153 4824 5451 5126 5500 5182 5152 5130 4996 5097 5549 5124 5206 4938 5192 5516 4690 5128 5103 5011 5107 5344 5667 4967 5127 5095 5176 4876 5238 5447 5420 5412 5505 4918 5220 5140 4975 5300 5268 5228 5255 5698 4782 4716 5462 5551 5061 5166 5229 5485 5061 4972 4894 4991 5448 4701 5340 5182 5089 4724 4878 5330 4953 5247 5185 4798 5221 5673 5304 5118 5248 5438 5102 4754 4980 5215 4927 5200 5151 4962 5530 4931 5095 4938 5308 5657 4913 4824 5260 5106 5305 5224 4967 5251 5524 4484 5058 5510 5169 5066 4959 5208 5121 4590 5672 5318 5317 5334 5074 5437 4913 5308 5178 5490 5319 5440 5041 4822 5118 5062 4957 5722 5658 4892 5132 5314 5247 5263 5353 5232 5300 5308 5510 5469 5045 5020 5011 4527 5494 5260 5204 4832 5173 5097 5494 4701 5184 5173 4979 5522 4805 5149 5030 5416 5206 5251 5211 5084 5173 4975 5081 5150 4711 5144 5126 5422 5657 5240 4638 5014 5339 5252 5547 5256 5632 5635 5038 5219 5078 5527 5185 5130 5605 4972 5169 4664 5246 4941 5194 5170 5458
5034 5638 5294 5733 5526 5677 4916 4942 5472 5448 5313 5319 5094 5423 5717 5213 5039 5396 5626 5509 5077 4814 5404 5629 5245 5219 6017 5379 5075 5462 5478 5185 4906 5369 4998 5238 5254 5821 5505 5179 5418 5725 5585 5082 4697 5693 5116 5633 4885 5295 5369 5308 5384 5436 5155 5727 5003 5266 5033 5425 5658 5090 5170 5132 5058 5470 5149 5561 5319 5549 5433 5407 5440 5329 4868 5237 5478 5449 5103 5350 5618 4668 5162 5151 5495 5084 5747 5634 5120 5557 5137 5136 5242 5678 5552 5614 5280 5395 5426 5235 5110 4858 5506 5280 5364 5402 5624 5267 4977 5398 5765 4870 5169 5437 5606 5326 5033 4931 5119 5302 5029 5468 5425 5698 4753 5189 5385 5196 5502 5350 5337 5087 5772 5289 5487 5267 5461 5172 4924 5154 5609 5055 5443 5209 5074 5605 5318 5572 5380 5425 5562 5200 4848 5209 5548 5267 5541 5410 5207 5925 4869 5483 5276 5372 4980 4939 4998 5001 4917 5859 5214 5244 5427 5473 5331 5435 5356 5179 5689 5290 5492 5210 5004 5115 4986 5329 5908 5705 5440 5385 5229 5472 5078 5661 5153 5693 5267 5500 5340 5205 5250 5565 4972 5968 5519 5458 4697 5225 5384 5675 4944 5437 5431 4868 5615 5325 5047 5239 5140 5358 5592 5055 5441 5430 4983 5229 5380 4683 5223 5368 5605 5698 5136 5016 5023 5188 5477 5444 5320 5793 5740 5294 5647 5146 5703 5372 4960 5655 5263 4829 4846 5518 5267 5326 5212 5691
4841 5142 4758 5056 4915 4908 4854 4409 4977 5116 4850 5255 4598 4757 4808 4833 4712 5034 4810 4813 4503 4405 4918 4909 5253 4737 5235 5106 4798 4854 4825 4951 4424 5173 4803 4759 4763 5142 5076 4516 4772 5167 4740 4751 4092 4917 4925 5101 4389 5001 4743 5034 4818 4565 5052 5172 4468 4793 4633 5006 5169 4663 4789 4444 4629 4949 4643 4893 4708 4902 4710 4761 4509 4661 4693 4859 4701 4544 4639 5031 5049 4243 4525 4396 5152 5071 5133 4789 4633 4779 4720 5078 4738 5069 5215 4976 5046 5002 4793 4746 4707 4722 5188 4813 4708 5271 5011 4473 4475 5011 5156 4530 4616 5138 5218 4681 4598 4319 4807 5169 4764 4863 4835 4811 4721 4577 4907 4414 4890 4774 4593 4699 5135 4540 4932 4878 5065 4766 4678 4960 5000 4307 4801 4929 4604 5103 4846 4619 4728 4902 4778 4502 4417 4640 4847 4503 4882 4754 4628 5326 4104 4892 4746 4795 4544 4684 4268 4523 4697 5111 4990 4969 4826 4961 5121 4653 5057 4943 5214 4925 5109 4775 4354 4952 4713 4830 5110 4879 4984 4855 4381 4896 4784 4946 4694 4981 4578 4976 5067 4684 4985 4763 4723 5285 4977 4976 4200 4702 5153 5505 4399 5034 4980 4626 4886 4421 4525 4686 5092 4837 4617 4592 4903 4781 4550 4579 4940 4387 4667 4722 4870 5163 4670 4651 4866 4519 4873 4781 5006 5266 5232 4772 4982 4762 5083 4909 4740 5048 4688 4687 4646 5220 4981 4968 4673 5113
5011 5383 5048 5384 5077 5499 5100 4686 5430 5572 5125 5174 5038 4971 5241 5042 5169 5296 5190 5316 4948 4701 5072 5372 5441 5150 5818 5354 5012 5090 5055 4994 5219 5091 4985 5245 5260 5752 5424 4837 5170 5487 5364 4958 4489 5505 5103 5426 4907 5312 4937 5428 5520 5225 5384 5264 4928 5303 5057 5362 5560 4993 5071 5066 5065 5484 5013 5172 5190 5325 5076 5037 5111 5102 4934 5268 5403 5186 5297 5184 5374 4885 5033 4979 5417 5230 5506 5220 4951 5265 4882 5365 4948 5462 5465 5174 5134 5222 5127 5250 5116 4670 5385 5588 5136 5354 5284 5169 5093 5186 5341 5088 4772 5412 5298 4991 4796 4701 5176 5699 4732 5287 5078 5296 4934 4976 5493 5015 5201 5077 5024 5224 5665 5053 5105 5284 5279 5149 4737 5113 5380 5280 5272 5278 4917 5426 5541 5077 4984 5069 5770 4818 5083 4944 5727 5399 5162 4879 5137 5809 4473 4986 4862 5260 5254 4870 5083 4773 4815 5526 5165 4993 5531 5447 5315 4960 5173 5084 5670 5370 5405 4870 4716 4873 5081 5225 5743 5539 5362 4923 5156 5081 4842 5375 5300 5320 5032 5126 5315 4850 5116 5125 4712 5396 5578 5322 4758 4946 5228 5598 4890 4918 5085 5191 5529 4697 5056 5078 5111 5049 4935 5023 4987 5033 4933 5148 5053 4473 5150 5047 5455 5745 5089 4713 4834 5235 5251 5160 5260 5751 6008 5024 5330 5025 5421 5204 5186 5585 5063 5118 5083 5421 5105 5263 5067 5468
4799 5212 4789 4942 4689 4815 4641 4485 5137 4789 4633 4937 4746 4557 4911 4691 4688 4876 4998 4850 4529 4404 4630 5061 5071 4648 5141 5315 4565 4844 5060 4797 4693 4872 4648 4716 4974 5266 4886 4833 5016 5046 4948 4809 4262 4921 4919 5156 4264 4875 4691 5111 5094 4685 5150 4987 4683 4793 4398 4889 5067 4790 4742 4779 4859 4963 4580 5142 4777 4943 4854 4661 4717 4879 4559 4824 4951 4871 4759 4852 4936 4427 4588 4483 5083 4881 5016 5162 4497 5143 4949 5081 4615 5123 5227 5031 4939 5184 4650 4898 4729 4480 5094 4975 5018 5065 5031 4612 4472 4900 5111 4831 4875 4776 4861 4668 4605 4759 5001 5105 4962 5041 4944 5112 4636 4371 5055 4611 4948 5016 4570 4978 5099 4998 4830 4934 5126 4433 4576 4777 5314 4804 4866 4635 4893 5079 5055 4686 4344 5003 4980 4803 4463 4720 4972 4924 4835 4686 4725 5364 4148 4802 4640 5062 4568 4711 4428 4561 4732 5212 4983 5000 5164 4943 5087 4779 4991 4841 5161 5124 5048 4904 4442 4724 4994 4748 5039 4983 5091 4845 4732 4880 4783 4933 4887 4906 4571 5139 5149 4669 4984 4606 4686 4998 5031 4827 4471 4787 4923 5269 4364 4855 4942 4738 4990 4626 4544 4534 4704 4783 4889 4659 4754 4899 4536 4776 4869 4332 4500 4665 5007 5163 4949 4745 5019 4861 4875 5042 4938 5079 5301 4851 5165 4699 5043 5040 4995 5152 4860 4731 4539 5056 4680 5077 4724 5360
4799 4856 4880 5249 4999 5036 4551 4714 5179 4907 5228 4899 4704 4619 5369 4941 4876 5150 5013 5030 4853 4546 4613 5171 4920 4972 5364 5100 5046 4905 4897 5011 4789 5056 4846 4920 4825 5101 4979 4709 4889 5325 5070 4686 4615 5062 4799 5337 4562 4648 4608 5007 5408 4831 4968 5232 4535 5046 4514 5095 5131 4651 4999 4755 4648 4992 4782 5027 4919 5186 4920 4570 5108 5042 4868 4973 4781 5084 5028 5123 5122 4440 4627 4825 5155 4805 5297 5028 4707 5032 4655 5060 4718 5111 5468 5281 4913 5102 4803 4746 4661 4543 4964 5222 4830 5138 5033 4707 4678 5053 5142 4638 4864 4993 5277 4760 4792 4680 5010 5069 4617 5305 5079 4840 4750 4727 5078 4924 5088 4973 5032 4729 5443 4862 4912 5027 5062 4856 4420 5014 5198 4775 5008 4843 4826 5212 5061 5112 4986 4639 5346 4769 4584 4751 5329 5027 4912 4669 4978 5404 4369 4948 5024 4787 4836 4423 4443 4657 4487 5375 5052 4805 5064 5043 5058 5049 5004 4918 5377 4859 5121 4723 4636 4660 5000 5014 5372 5195 4961 5093 4803 5182 4928 5419 5027 4860 4800 5155 5075 4753 4827 5086 4583 5367 5114 5015 4337 4903 4971 5144 4503 4757 4929 4790 5258 4711 4842 4759 4874 4998 5120 4787 4538 4757 4509 4851 4761 4439 4845 5088 5198 5290 5052 4781 4782 4979 5131 5056 5139 5272 5113 5138 4970 4848 5266 4951 4859 5366 4981 4747 4783 5017 4803 4887 4681 5194
5446 5368 5043 5522 5442 5658 5256 4766 5562 5493 5414 5389 5133 5516 5405 5043 5095 5416 5261 5212 4982 4923 5161 5440 5424 5379 5899 5503 4885 5313 5547 5292 5043 5453 5205 5404 5181 5348 5415 5338 5390 5809 5293 5147 4607 5617 5434 5440 4887 5447 5115 5479 5592 4976 5423 5498 5051 5366 5187 5409 5816 5129 5227 5128 5106 5635 5340 5394 5354 5724 5421 5375 5358 5338 5203 5297 5282 5322 5116 5246 5416 4715 5157 4939 5585 5534 5515 5749 5085 5784 5260 5649 5005 5443 5718 5451 5366 5552 5348 5279 5188 5010 5402 5482 5112 5537 5420 4796 4778 5547 5709 5147 4871 5359 6003 5228 4813 5146 5267 5559 4888 5449 5465 5648 5303 4906 5185 5175 5178 5148 5125 5242 5678 4904 5312 5234 5496 5026 4830 5340 5774 4863 5212 5202 5447 5689 5233 5256 4911 5367 5609 4960 4995 5062 5684 5524 5407 5093 5022 5896 4815 5049 5376 5743 5467 5183 4828 4829 5151 5919 5487 5469 5506 5374 5551 5418 5539 5474 5349 5585 5836 5031 5032 5030 5226 5132 5699 5719 5547 5297 5337 5333 5087 5505 5509 5653 5136 5516 5571 4998 5340 5230 5070 5758 5170 5504 4896 5425 5531 5882 4859 5300 5220 5061 5614 5147 4971 5216 5573 5319 5123 5465 5040 5583 5061 5172 5168 4688 5275 5161 5602 5645 5272 5137 5437 5148 5389 5391 5199 5712 5615 5152 5413 5218 5389 5255 5475 5695 5553 5258 5087 5702 5135 5217 5331 5797
4976 5312 5246 5218 5053 5404 5084 4787 5252 5085 5319 5167 4851 4884 5546 4859 5142 5170 5115 5326 4687 4710 4847 5073 5060 4720 5495 5285 4801 5042 5039 5074 4855 5056 4979 5128 4984 5381 5111 4807 5162 5353 5015 4876 4410 5068 5199 5522 4645 5084 4921 5643 5273 4747 5120 5053 4779 5235 4634 5332 5588 4975 5242 4852 4943 4974 4554 5210 5018 5198 5102 4821 5058 5148 5017 5223 5127 5176 4945 5304 5169 4813 4786 4782 5443 4996 5211 5393 4932 5158 4992 5083 4919 5272 5504 5157 5041 5202 4717 5248 5045 4768 5267 5261 5054 5268 5179 4751 4707 5295 5376 4591 4727 5081 5276 4798 4894 4892 4977 5263 5169 5402 5163 5256 4867 4640 5322 5013 5197 5187 5248 5018 5324 5261 5224 5146 5299 4805 4508 4992 5588 4808 5178 5099 4963 5438 5238 5135 4893 4930 5401 4841 4626 4879 5225 5003 4958 4831 4925 5597 4444 5023 4946 4919 5132 4673 4740 4575 4617 5645 5052 4610 5254 4972 5378 4781 5087 5030 5364 5280 5447 4861 4770 4946 4966 4977 5527 5362 4913 4900 4816 5077 4841 5267 5145 5187 5023 5320 5231 4852 4974 5297 4566 5238 5369 4989 4657 4967 5245 5675 4632 5038 5146 5017 5300 5147 4719 5035 5151 5136 5246 4883 4917 5088 4976 4933 4976 4554 4869 4888 5471 5285 5129 4883 4805 5003 5292 4939 5137 5397 5665 5274 5087 4963 5365 5240 4953 5326 5015 4936 4633 5130 4738 5145 5014 5398
5100 5501 5301 5277 5386 5596 5241 4787 5655 5557 5104 5387 5200 5274 5505 5253 5206 5595 5354 5582 5382 5025 5144 5363 5455 5497 5958 5529 5389 5217 5066 5197 5159 5254 5128 5435 4955 5622 5401 5042 5212 5752 5481 5216 4645 5756 5380 5714 5010 5377 5001 5507 5493 5336 5563 5438 5021 5512 4813 5545 5761 5054 5329 5143 5169 5299 5227 5390 5622 5648 5255 5583 5439 5489 5099 5410 5474 5367 5135 5509 5731 4855 4990 5232 5501 5228 5539 5598 5163 5577 5118 5372 5249 5503 5760 5356 5317 5778 5307 5299 5037 4823 5506 5670 5420 5355 5745 5161 5127 5405 5598 5063 4983 5408 5420 5391 4990 5146 5199 5467 5258 5597 5417 5612 5173 5056 5404 5206 5409 5271 5027 5108 5612 5354 5409 5339 5297 5105 5016 5356 5486 5098 5320 5122 5189 5660 5434 5257 5150 5424 5635 5206 5294 5252 5615 5344 5022 5290 5255 6138 4852 5350 5186 5364 5170 5034 5035 5170 5261 5661 5397 5336 5489 5425 5478 5435 5525 5384 5563 5393 5744 5006 4861 5184 5353 5401 6023 5581 5647 5229 5295 5406 5310 5744 5634 5518 5182 5687 5548 4989 5322 5292 5015 5346 5754 5384 4880 5357 5594 5644 5021 5173 5493 5431 5701 5052 4925 5285 5322 5122 5470 5100 5144 5069 5105 5147 5260 5098 5292 5214 5700 5555 5301 4968 5284 5230 5164 5594 5273 5817 5932 5637 5169 5018 5607 5299 5265 5643 5306 5103 5073 5733 5153 5477 5200 5832
4972 5254 4683 5133 4923 5112 4713 4575 4762 4840 5131 4938 4745 4844 5143 4531 4591 5171 5082 5148 4748 4634 4746 4978 4862 4951 5290 5053 4626 4769 4873 5165 4664 4920 4958 4868 4594 5390 4944 4859 4931 5078 4964 4845 4386 5039 4913 5088 4534 4774 5048 5229 5236 4871 4879 5127 4667 5032 4628 5147 5095 4601 4765 5082 4671 5010 4736 5084 4844 5114 4942 4763 4860 5003 4533 4870 4860 4819 4856 5076 4845 4461 4819 4462 5290 4754 5233 5364 4521 5066 4524 4879 4767 5418 5357 5101 5107 5256 5014 4800 4825 4597 5217 4869 5030 5454 5238 4744 4519 4738 5117 4723 4749 4922 4953 4900 4627 4702 4745 5260 4816 5174 5177 5107 4939 4678 5008 4796 4890 4748 5030 4778 5283 4914 4971 5067 4893 4906 4336 4992 5057 4989 4928 4920 4758 5261 5064 4985 4774 4681 5346 5080 4763 4830 5193 4944 4957 4814 5042 5563 4495 4937 5067 4881 4701 4827 4632 4476 4560 5462 5044 4798 5043 5200 4882 4964 4944 4878 5278 4944 5146 4786 4623 4711 4901 4889 5693 5237 5073 5152 4703 4920 4552 5284 4977 5074 4991 5129 5201 4742 4783 4695 4602 4868 5118 5222 4531 5054 5092 5275 4466 5118 4915 4908 5309 4620 4865 4696 4910 4827 4937 4758 4744 5000 4721 5055 4808 4412 4744 4820 5206 5578 4899 4685 4918 4916 4825 5269 4926 5266 5283 5135 5063 4788 5169 4968 4802 5344 4977 4627 4701 5167 4695 4890 4816 5187
5015 5401 5191 5463 5052 5624 4879 4892 5288 5338 5164 5171 5010 5471 5334 5043 5172 5226 5087 5336 5015 4718 4823 5385 4943 5083 5501 5324 4910 5038 5333 5323 4821 5120 4829 5076 4915 5352 5038 4933 5199 5635 5383 4779 4543 5299 5375 5406 4717 5196 5020 5383 5304 4988 5423 5381 4796 5151 4778 5511 5697 4938 5064 5061 4843 5189 4857 5252 5127 5355 5245 5158 5075 5059 4874 5230 5123 5212 4944 5348 5360 4676 4817 5015 5365 4840 5481 5308 4865 5243 5158 5038 4871 5344 5459 5480 5229 5415 5238 5081 5060 4569 5149 5335 4966 5235 5502 4931 5087 4977 5467 4928 5055 5393 5323 5099 4871 4797 5080 5113 5258 5514 5254 5256 4922 4911 5339 5110 5170 5040 4983 4673 5331 5156 5135 5139 5203 5036 4811 5064 5678 5007 5176 4987 5147 5572 5203 5102 4827 4902 5491 5038 4848 4894 5305 5214 5065 4930 4884 5696 4719 5085 5033 5307 5015 4982 4583 4913 4717 5373 5237 5073 5418 5217 5342 4850 4971 5072 5380 5344 5450 4948 4685 4914 5164 5233 5541 5707 5215 4963 5153 5182 4906 5162 5256 5389 4853 5628 5414 5020 5021 5065 4670 5326 5395 5488 4748 4993 5099 5492 4770 4971 4978 5156 5431 4977 4795 5154 4846 4878 5257 5055 4890 4990 5098 4980 4836 4552 5049 5048 5481 5458 5002 5057 4960 5090 5191 5197 5195 5670 5631 5197 5191 4997 5457 5262 5113 5487 5230 4826 4726 5526 4924 5279 5182 5361
5259 5638 5268 5682 5696 5623 5631 4828 5280 5432 5566 5521 5441 5191 5504 5483 5246 5618 5287 5425 5377 5052 5224 5563 5674 5359 6132 5570 5147 5459 5333 5494 5189 5338 5559 5541 5408 5798 5457 5196 5433 6042 5448 5211 4798 5619 5648 5718 5272 5464 5287 5795 5583 5460 5553 5633 4933 5673 5096 5307 5771 4941 5259 5162 5129 5907 5026 5711 5437 5551 5505 5428 5226 5435 4919 5410 5666 5380 5158 5461 5486 4885 5126 4665 5448 5347 5782 5898 5625 5657 5231 5558 5290 5543 5857 5545 5496 5633 5336 5393 5480 5150 5668 5646 5455 5643 5695 5438 5197 5291 5709 5409 5312 5488 5643 5507 5190 5137 5366 5684 5254 5676 5586 5747 5313 5071 5591 5280 5598 5486 5159 5452 5923 5584 5764 5412 5692 5236 4935 5516 5680 5044 5290 5337 5250 5746 5541 5453 5126 5381 5802 5203 5116 5173 5549 5461 5172 5518 5059 6132 5058 5198 5515 5425 5456 5073 5343 5019 5168 5843 5382 5336 5616 5431 5594 5246 5414 5285 5752 5756 5894 5046 5000 5182 5176 5576 5994 5935 5557 5407 5245 5452 5391 5701 5385 5716 5329 5809 5720 5365 5285 5513 5055 5379 5621 5712 5162 5551 5327 5991 5095 5154 5493 5381 5563 5105 5236 5493 5441 5519 5684 5379 5208 5496 5194 5225 5533 4824 5137 5210 5688 5806 5603 5269 5268 5304 5329 5706 5495 5981 6003 5403 5399 5329 5622 5362 5405 5914 5517 5174 5200 5632 5421 5461 5348 5983
4731 5172 4905 4834 5067 5099 4883 4751 4876 4997 5121 5056 4869 4833 5156 4762 5017 5013 4870 5204 4727 4675 4790 4933 5165 4893 5393 5317 4723 4984 4894 4967 5030 5045 4672 4927 4954 5347 5158 4883 4912 5369 5233 4949 4562 4968 5147 5221 4611 5053 5077 5049 5196 4396 5097 5137 4679 5242 4509 5024 5458 4815 4996 4808 4497 4929 4742 5148 5016 4919 5086 5082 4770 5108 4796 5085 5031 4813 4926 4988 5171 4676 4910 4620 5166 4718 5439 5318 4622 4951 4885 4882 4727 5167 5488 5088 5034 5000 4797 5137 4783 4603 5159 5126 4978 5198 5197 4790 4491 4855 5097 5226 4606 5186 5202 4823 4889 4706 4886 5078 4836 5147 5189 4950 4812 4710 5233 4847 5131 4769 4737 4912 5429 5066 5010 4722 5153 5017 4405 5004 5066 4711 4768 4699 5131 5129 5189 4976 4617 4977 5247 4803 4923 4879 5333 5157 4819 5054 4840 5510 4394 5029 5049 5001 5011 4786 4761 4732 4773 5419 5085 4850 5054 5122 5097 4759 5154 4775 5420 5118 5250 4799 4964 4775 4890 5116 5299 5258 4897 4842 4899 5036 4738 4955 5004 5113 4941 5268 5072 5011 5010 4972 4685 5146 5022 5034 4702 4885 5156 5194 4383 4881 4874 5020 5261 4804 4966 4864 4974 4889 4948 4840 4828 4899 4661 4669 5028 4514 4831 4854 5212 5526 4846 4607 4857 5235 4930 5202 5270 5112 5362 4886 4827 4719 5198 5114 5161 5437 5164 4834 4565 4907 4789 5208 5119 5081
5060 5487 5338 5596 5487 5585 5398 5192 5327 5378 5293 5530 5128 5033 5504 5165 5385 5402 5615 5454 5174 5069 5275 5418 5387 5321 5677 5399 5262 5519 5418 5424 5278 5334 5182 5076 5261 5687 5356 5156 5320 5724 5565 4992 4697 5546 5337 5585 5063 5114 5273 5270 5349 5135 5515 5500 5218 5266 5217 5656 5789 5013 5142 5266 5198 5152 5253 5351 5566 5644 5437 5402 5128 5474 5166 5626 5491 5295 5133 5683 5692 5038 4862 5093 5921 5133 5857 5512 5041 5392 5482 5444 5352 5519 5659 5530 5386 5663 5334 5314 5104 5043 5813 5381 5513 5649 5415 5163 5002 5502 5617 4994 5121 5318 5868 5383 5093 5227 5254 5723 5165 5550 5427 5718 5475 5016 5683 5402 5443 5406 5293 4966 5624 4963 5348 5303 5764 5088 4981 5282 5554 5181 5302 5238 5311 5352 5376 5189 5083 5277 5699 5209 5161 5328 5856 5606 5184 5316 5181 6013 4609 5322 5158 5230 5190 5273 4873 4943 5106 5995 5101 5398 5450 5557 5437 5199 5702 5627 5545 5654 5754 5012 5211 5123 5214 5247 6137 5676 5357 5303 5308 5310 5282 5464 5186 5711 5243 5512 5501 5108 5036 5542 5023 5727 5274 5310 5164 5332 5444 5867 5138 5413 5356 4861 5740 5215 5257 5124 5447 5125 5145 5477 5215 5270 5077 5006 5229 4846 4830 5488 5814 5859 5021 5199 5411 5512 5522 5593 5258 5904 5870 5273 5303 4987 5662 5446 5287 5490 5319 5182 4980 5666 5162 5375 4987 5667
5025 5250 5137 5283 5096 5206 4929 4834 5196 5178 5345 5511 4803 5094 5184 4955 5061 5180 5342 5246 4924 4863 4863 5048 5178 5109 5378 5494 4963 4904 5089 5209 5149 5103 5124 5193 5112 5274 5208 5015 5258 5312 5105 4834 4583 5254 4881 5182 4626 5153 5043 5248 5265 4811 5085 5456 4936 5420 4782 5144 5490 4796 4934 5103 5101 5243 5042 4940 5062 5057 5247 4973 5119 5121 4847 5241 4896 4987 5030 4991 5187 4500 4864 4720 5303 5082 5559 5385 4803 5196 4875 5193 4788 5374 5354 5217 5215 5423 4856 5049 5153 4887 5282 5164 5112 5436 5050 5021 4776 5310 5062 4968 4955 5227 5447 5003 4912 5053 4942 5334 4845 5304 5151 5331 5027 4716 5296 4845 4781 4913 4969 4763 5368 4969 5396 5258 5159 4954 4533 5283 5592 4927 5211 4919 5201 5557 4788 5084 4880 5286 4905 4674 4777 4951 5256 5304 4922 4957 4985 5548 4385 5000 5074 5004 4929 4834 4523 4694 4921 5572 5191 4895 5116 5055 5141 4970 5052 5393 5265 5167 5211 4659 4838 4921 4996 4786 5403 5338 4880 4818 5000 5179 4779 5119 5222 5073 5222 5133 5423 4671 4872 5000 4651 5244 5123 5263 4545 5114 5340 5533 4683 5058 5156 4848 5282 4950 4903 4845 5277 4694 4945 4864 4932 5038 4852 5003 4883 4590 5044 4923 5360 5325 5012 4821 5157 5068 5204 5236 5248 5248 5508 5213 5111 4973 5114 4678 4871 5421 5130 4655 4942 5146 4915 5101 4663 5459
4874 5603 4986 5255 5052 5274 5144 4761 5189 5162 5432 5338 5113 5050 5382 5243 4782 5425 5322 5213 4830 4513 5017 5596 5393 5148 5967 5233 5086 5251 5182 5026 5125 5008 4820 5439 5331 5367 5388 5137 5333 5677 5439 5030 4418 5533 5172 5477 4713 5179 5076 5255 5591 4958 5251 5249 4940 5263 4818 5204 5709 4740 5239 5241 5283 5080 4938 5201 5028 5371 5211 5132 5324 4961 4821 5259 5085 5282 4999 5302 5449 4653 5089 4935 5187 5293 5588 5141 5022 5540 4895 5516 4829 5417 5405 5336 5261 5236 5165 5378 5116 4928 5120 5593 5041 5372 5320 4934 4651 5253 5293 5047 5165 5332 5420 5505 4849 4953 5136 5254 4855 5264 5166 5111 4974 4655 5163 5151 5196 5255 5188 5140 5529 4967 5272 5431 5547 5107 4875 5253 5267 5201 5191 5005 5273 5698 5015 5167 5064 5293 5634 4873 4798 5037 5322 5561 5175 5029 5245 5783 4585 5081 5318 5207 5104 5119 4806 4868 4831 5579 5288 5212 5337 5353 5443 5067 5187 5150 5526 5515 5664 5118 4739 5058 5086 5242 5639 5421 5083 5193 5074 5042 5062 5330 5200 5641 4989 5546 5276 4847 5212 5233 4865 5406 5209 5376 4878 5378 5227 5710 4929 5275 5285 5054 5372 5081 4968 5157 5324 5413 5131 5109 4942 5351 5049 4883 5236 4785 5069 5161 5011 5676 5160 4962 4903 4934 5294 5519 5364 5620 5648 5284 5387 5196 5526 5332 5186 5770 5433 5080 4932 5629 5027 5350 4987 5632
4879 5490 5088 5628 5225 5608 5177 4633 5297 5446 5460 5224 5205 5152 5479 5096 4784 5364 5286 5148 4726 4669 5048 5371 5210 5249 5783 5330 5038 5148 5309 5560 5000 5114 4990 5233 5212 5511 5321 5154 5206 5563 5300 5067 4636 5190 5159 5357 4856 5195 5030 5496 5546 5061 5221 5200 4920 5307 4969 5456 5654 4876 5056 5123 5070 5551 5336 5100 5107 5385 5188 4943 4852 5216 4893 5315 5189 5317 4963 5348 5435 4701 5117 4869 5634 5031 5475 5446 5131 5422 4956 5275 5009 5703 5745 5367 5299 5360 4970 5211 5266 4875 5376 5414 5206 5256 5262 4979 4802 5257 5279 4884 5083 5136 5573 5235 4841 5332 5225 5434 4940 5528 5401 5368 5119 4898 5448 4927 5542 5229 5288 4983 5550 4999 5161 5173 5310 4869 4776 5130 5456 4906 5044 5100 5477 5564 5480 5248 4752 5107 5723 5023 4946 5123 5632 5315 5225 5250 5123 5693 4544 5224 5221 5290 5186 4731 4604 4770 4969 5609 5407 5013 5409 5517 5345 5173 5318 5227 5629 5497 5592 5052 4967 5061 5134 5214 5765 5479 5230 5137 5160 5406 4878 5199 5115 5439 5198 5382 5405 5037 5192 5448 4868 5529 5327 5288 5031 5261 5256 5751 4842 5141 5236 5200 5691 5236 5197 5211 5479 5231 5182 5297 4909 5095 4897 5139 5370 4564 4996 5253 5617 5432 5076 4763 5028 5257 5009 5704 5249 5748 5709 5107 4998 5234 5374 5296 4925 5567 5133 4788 5037 5503 5150 5222 4950 5572
4317 5095 4795 4995 5091 5045 4882 4527 5041 5219 4881 4985 4748 4930 5025 4775 4786 5033 4837 4853 4818 4544 4809 4992 4878 4994 5508 4960 4732 4806 4972 4656 4707 4945 4831 4752 4672 5182 5024 4728 4922 5308 4861 4526 4239 5088 4902 5110 4537 5050 4665 4895 5237 4909 5172 5136 4742 5208 4469 5105 5301 4422 4927 4454 4806 4805 4746 4824 4796 4875 5036 4560 4726 4971 4670 4854 4988 4740 4725 4837 4916 4493 4755 4668 4979 4971 4957 5190 4682 4987 4749 4900 4630 4911 5250 5105 4885 4947 4750 4793 4543 4405 5154 5252 4921 4845 5214 4547 4830 4986 4847 4915 4734 5208 5167 4875 4612 4551 4676 5194 4723 5137 4983 4866 4683 4687 5080 4801 4983 5240 4746 4616 4846 4780 4893 5118 5113 4610 4530 4902 4998 4618 4853 4846 4989 5308 5067 4857 4601 4944 4989 4496 4741 4703 5144 4602 4674 4871 4494 5393 4399 4892 4652 4789 4968 4492 4535 4541 4755 5243 4858 5005 4873 5204 5043 4699 5043 4613 5274 5297 4947 4796 4713 5073 4774 4615 5282 5025 4946 4834 4701 5073 4614 4862 4799 5215 4773 4874 5317 4603 4712 4645 4672 5001 5096 4968 4443 4737 4805 5472 4551 4788 4986 4759 4871 4592 4662 4688 4979 4745 4906 4588 4748 4731 4602 4558 4858 4215 4780 4710 5131 5329 4570 4501 4548 4870 4840 4664 4881 5430 5360 5095 4917 4848 5042 4774 4861 5204 4791 4522 4467 5080 4796 5157 4780 5146
5248 5670 5214 5638 5630 5513 5099 5066 5411 5704 5567 5268 5190 5093 5558 5398 5004 5619 5432 5548 5415 4999 5178 5729 5322 5533 5792 5737 5153 5509 5557 5430 5253 5268 5476 5335 5347 5691 5582 5291 5512 5952 5444 5334 5102 5688 5365 5719 5240 5371 5322 5664 5685 5244 5583 5692 5196 5294 5049 5461 5860 5275 5367 5382 5202 5346 5172 5635 5163 5468 5334 5254 5419 5432 5299 5273 5612 5316 5391 5592 5460 4974 5174 5020 5537 5250 5875 5491 5221 5602 4943 5465 5051 5620 6134 5444 5225 5485 5329 5410 5180 5026 5679 5454 5672 5581 5731 5258 5145 5385 5621 5223 5192 5493 5649 5358 5173 5166 5319 5805 5138 5333 5284 5543 5124 5109 5337 5235 5447 5428 5121 5077 5671 5346 5271 5462 5556 5405 4830 5365 5679 4828 5376 5189 5282 5546 5484 5454 5005 5385 5547 5303 5186 5292 5674 5283 5214 5324 5292 5983 4702 5549 5402 5546 5514 5126 4834 5112 5192 5930 5624 5256 5464 5476 5494 5358 5511 5419 5446 5626 5621 5146 4776 5225 5397 5467 6023 5611 5244 5376 5328 5334 5175 5593 5645 5665 5158 5660 5616 5162 5225 5244 5126 5475 5341 5437 5140 5417 5476 5742 5011 5091 5617 5211 5740 5062 5187 5285 5541 5282 5526 5326 5320 5389 4928 5288 5414 4748 5144 5265 5701 5837 5426 5217 5249 5398 5727 5558 5133 5734 5926 5672 5554 5306 5658 5305 5210 5956 5580 5047 5208 5678 5205 5323 5081 5874
5245 5353 5162 5620 5521 5644 5564 4901 5316 5378 5341 5518 5351 5498 5609 5054 5076 5516 5562 5438 5052 5150 4822 5503 5419 5289 5752 5378 5052 4966 5477 5198 5012 5251 5076 5038 4942 5629 5145 5410 5096 5836 5470 5265 4624 5557 5258 5674 4677 5274 5020 5305 5653 4976 5452 5332 4746 5519 4788 5327 5894 5068 5041 5247 5056 5350 5118 5381 5539 5498 5288 5261 5360 5294 5025 5426 5364 5363 5120 5393 5431 4774 5122 4784 5470 5435 5527 5697 5051 5682 5370 5463 5119 5251 5618 5475 5343 5519 5095 5293 4940 4826 5228 5204 5359 5454 5570 5041 5000 5366 5148 5185 5038 5456 5399 5219 5055 5015 5258 5282 5415 5573 5445 5495 5316 4980 5296 5394 5311 5442 5090 4901 5624 5239 5390 5251 5597 5251 4785 5348 5701 5012 5202 5019 5242 5459 5413 5140 5037 5564 5664 5032 5258 5047 5463 5582 5050 5267 5098 5753 4763 5235 5345 5453 5078 4860 4848 4928 5059 5830 5471 5325 5309 5530 5453 5430 5156 5207 5538 5697 5531 5238 4853 5155 5397 5310 5658 5685 5649 5037 5236 5262 5030 5569 5325 5411 5184 5781 5481 5000 5156 5202 4862 5621 5377 5195 4888 5229 5396 5566 4957 5403 5295 5046 5551 5086 5047 5127 5259 5512 5423 4975 5149 5198 5109 5018 5160 4812 5445 5087 5609 5708 5284 5019 5497 5122 5352 5520 5441 5697 5553 5531 5226 5248 5575 5182 5277 5428 5366 5017 5031 5434 5076 5315 5250 5676
5109 5445 5150 5529 5354 5394 5208 4943 5502 5263 5276 5284 5160 4989 5653 5001 5183 5545 5472 5516 5176 4971 5072 5478 5345 5152 5880 5461 5153 5153 5252 5397 5282 5222 5028 5151 5137 5536 5157 5183 5384 5731 5296 4933 4436 5337 5082 5685 4746 5199 5194 5455 5499 5091 5262 5388 5117 5535 4804 5367 5725 5002 5342 5201 5048 5309 4973 5351 5233 5395 4957 5186 5096 5220 4982 5195 5436 5126 4876 5360 5458 4614 4901 4763 5517 4925 5522 5415 5142 5682 5083 5243 5113 5594 5558 5377 5479 5433 5227 5293 5054 4747 5379 5593 5107 5527 5350 4925 4862 5217 5596 4946 4884 5535 5546 5134 4818 4986 5292 5554 5063 5394 5290 5417 5090 4626 5312 5028 5124 5337 5073 4998 5469 4864 5230 5409 5216 5267 5046 5325 5535 5084 5288 4847 5106 5815 5282 5231 5264 5308 5446 5116 4987 5095 5359 5341 5372 5433 5000 5846 4590 5474 5254 5212 5218 5154 5035 5127 5018 5706 5209 5260 5654 5552 5137 4966 5543 5087 5550 5396 5503 5058 4799 5010 5167 5339 5557 5540 5170 5138 4777 5064 5081 5437 5105 5614 5159 5768 5410 5037 5214 5195 4566 5438 5094 5371 5085 5415 5301 5371 4885 5398 5118 5289 5304 5098 4965 5135 5047 4978 5188 4893 5157 5190 5015 5220 4963 4411 4887 5136 5436 5466 5295 4975 5157 5069 5176 5533 5357 5514 5794 5428 5169 5020 5375 5280 5031 5628 5240 4878 5048 5344 5332 5026 5051 5604
5362 5687 5235 5497 5476 5493 5082 4943 5136 5282 5337 5403 5080 5088 5700 5384 5400 5572 5424 5583 5101 4742 4919 5567 5247 5407 5560 5526 5314 5302 5354 5309 5295 5302 5168 5259 5284 5676 5518 5332 5401 5617 5337 5314 5079 5491 5604 5639 5005 5443 5330 5507 5714 5161 5235 5761 5139 5382 4847 5590 5770 5121 5237 5438 5097 5511 4886 5374 5338 5585 5598 5348 5196 5558 5047 5356 5366 5504 5355 5375 5450 4928 5130 4952 5507 5394 5486 5573 5165 5667 4983 5313 4972 5648 6012 5311 5230 5404 5481 5276 5075 4899 5340 5617 5328 5647 5554 5175 5039 5415 5816 5013 5209 5401 5624 5324 5349 5077 5182 5409 5423 5536 5507 5387 5125 5129 5433 5097 5588 5445 5029 5313 5608 5112 5340 5242 5448 5518 5066 5484 5736 5241 5306 5414 5051 5804 5328 5384 5177 5450 5705 5567 5004 5419 5625 5251 5114 5402 5365 6048 4726 5426 5500 5250 5115 5233 5014 5279 4908 5941 5596 5438 5422 5148 5583 5272 5396 5274 5618 5634 5479 5323 4860 5159 5578 5438 6098 5903 5325 5415 5121 5378 5183 5666 5268 5470 5236 5702 5569 5170 5146 5199 4829 5726 5679 5265 4901 5189 5684 5665 4889 5403 5353 5240 5658 4902 4946 5371 5312 5301 5200 5261 5407 5252 4981 5313 5136 4765 5178 5253 5462 5757 5388 5111 5006 5280 5223 5478 5439 5504 5854 5673 5132 5196 5601 5540 5190 5830 5378 5209 5056 5612 5104 5823 5207 5890
4610 5005 4708 5122 5036 5143 4871 4556 4805 4810 4937 4863 4619 4700 5025 4661 4557 4846 5091 4806 4609 4253 4696 5174 4877 4511 5114 5000 4634 4727 4842 4781 4781 4831 4788 4748 4566 5181 4747 4516 4788 5182 5037 4603 4342 4958 4632 5247 4434 4938 4697 5092 4908 4483 4828 5223 4621 5105 4566 5061 5371 4593 4995 4681 4665 4898 4576 4870 4677 4895 4837 4552 4754 4959 4651 4960 4741 5187 4951 4800 4855 4293 4736 4472 5051 4681 5250 5268 4559 5041 4707 4843 4752 5297 5007 4983 4828 5065 4925 4741 4564 4574 5127 4801 4786 5243 5016 4571 4687 4761 5104 4521 4639 5101 5156 4894 4539 4522 4801 5019 4435 4960 5155 4860 4624 4674 5006 4638 4729 4810 4647 4594 5078 4513 5027 4861 5014 4660 4426 4592 5304 4790 4681 4708 4633 5082 4853 4979 4406 5144 5278 4307 4825 4631 5062 4809 4936 4703 4979 5630 4236 4813 4940 4872 4751 4530 4525 4499 4693 5113 5035 4628 5086 5064 4857 4690 4767 5012 5056 4905 5203 4542 4745 4526 4760 5002 5304 5227 4903 4827 4816 4873 4499 5248 4729 5115 4736 5026 4811 4611 4926 5052 4443 5078 4775 5033 4363 4887 5035 5236 4526 4738 4831 4726 5071 4530 4562 4638 4986 4746 4743 4603 4651 4832 4732 4858 4544 4356 4630 4686 5357 5336 4675 4620 4790 4949 5021 4953 4715 5265 5105 4916 4703 4533 5036 4811 4722 5258 4774 4644 4792 5089 4541 4749 4663 5167
5329 5684 5433 5584 5572 5700 5349 5133 5295 5305 5412 5351 5421 5072 5805 5337 5361 5451 5286 5547 5195 4767 5165 5442 5459 5264 6008 5493 5240 5427 5098 5378 5052 5347 5265 5471 5316 5748 5422 5350 5459 5944 5566 5190 4600 5567 5169 5765 5086 5418 5154 5487 5777 5086 5349 5798 5383 5888 5146 5731 5888 5022 5412 5358 5336 5563 5401 5644 5276 5688 5689 5247 5458 5543 5347 5382 5454 5706 5252 5689 5716 4887 5178 4970 5578 5480 5704 5855 5456 5500 5222 5573 5021 5910 6021 5576 5641 5747 5083 5441 5278 5038 5513 5609 5252 5679 5605 5207 5017 5624 5501 5149 5204 5481 6024 5321 5229 5408 5294 5517 5220 5722 5620 5556 5199 4883 5494 5451 5507 5390 5376 5174 5701 5299 5410 5499 5506 5522 5151 5585 5724 5208 5402 5395 5123 6060 5518 5424 5198 5506 5744 5318 5183 5219 5694 5289 5150 5414 5363 5968 4553 5295 5760 5289 5255 4988 5037 5061 4900 5978 5440 5369 5498 5358 5480 5290 5712 5416 6128 5606 5762 5446 5153 5273 5433 5496 5963 5754 5350 5381 4960 5455 5061 5380 5237 5429 5536 5685 5822 5169 5383 5343 4987 5818 5501 5640 5135 5365 5754 5738 5115 5479 5538 5471 5706 5215 5307 5172 5598 5416 5433 5447 5444 5292 5091 5379 5428 4887 5378 5441 5780 5640 5470 5302 5338 5570 5422 5676 5358 5781 5868 5552 5342 5113 5355 5487 5464 5789 5305 5216 5139 5511 5196 5582 5180 5848
5087 5637 5175 5509 5723 5819 5185 4843 5431 5657 5188 5586 5481 5272 5745 5236 5286 5735 5207 5362 5011 4984 5301 5275 5376 5154 6162 5571 5375 5223 5291 5484 5307 5338 5242 5417 5309 5789 5392 5274 5414 5888 5406 5283 4644 5611 5488 5701 5261 5357 5322 5691 5515 5336 5430 5402 5030 5369 4986 5281 6028 5048 5291 5132 5351 5272 5103 5584 5405 5306 5277 5511 5275 5542 5363 5530 5186 5467 4999 5316 5460 4833 5003 5310 5462 5210 5475 5611 4847 5654 5538 5498 5217 5545 5834 5414 5286 5573 5241 5318 5511 4869 5579 5522 5358 5361 5381 5111 5075 5208 5394 5080 5138 5615 5627 5396 5150 5249 5073 5694 5200 5677 5521 5360 5388 5106 5317 5092 5271 5336 5242 5102 5763 5610 5475 5266 5613 5207 4931 5197 5722 5041 5178 5012 5295 5726 5476 5255 5005 5149 5602 5387 5089 5065 5401 5604 5235 5285 5150 5827 4695 5327 5177 5336 5278 5342 4704 4775 5044 5828 5345 5182 5435 5533 5448 5017 5644 5478 5877 5413 5742 5069 4806 5397 5324 5562 6015 5698 5335 5435 5074 5468 5126 5483 5473 5490 5647 5511 5565 5222 5233 5425 5136 5529 5440 5560 5082 5211 5387 6022 5296 5304 5196 5161 5846 5281 5239 5208 5311 5652 5458 4965 5325 5401 4768 5324 5220 4574 5327 5291 5581 5875 5443 5023 5094 5440 5415 5592 5403 5927 5913 5523 5557 4902 5636 5297 5322 5549 5345 5017 4942 5689 4953 5335 5203 5832
5059 5344 5085 5324 5243 5297 5167 4745 5115 5181 5158 5230 5069 4952 5433 4871 5102 5299 4962 5059 4932 4896 5091 5152 5439 5229 5624 5296 4939 4738 5261 5238 4779 4919 5099 5128 5003 5572 5275 5086 5038 5586 5217 4927 4463 5166 5255 5236 4896 5152 5113 5154 5370 5056 5102 5268 4808 5185 4820 5419 5342 4840 4762 4837 4934 5337 4994 5165 5163 5222 5132 5253 5103 5216 4798 5370 5168 5223 5118 5115 5233 4590 5028 4514 5519 5064 5265 5219 5148 5098 5211 5168 4881 5095 5698 5353 5035 5103 4973 5135 4906 4632 5645 5505 5078 5230 5296 4945 4853 5288 5210 4825 4852 5181 5312 4944 4789 4764 4946 5423 4756 5665 5344 5226 4752 4860 5135 4989 5196 5024 5032 4825 5354 4827 5206 5021 5249 4775 4550 5063 5360 4768 4899 5154 5115 5582 5312 5074 4913 5180 5534 4940 4998 5120 5308 5225 4765 5089 4960 5596 4204 5095 5124 5272 4874 4706 4808 4696 4546 5673 5286 5191 5420 5255 5151 4849 5345 5168 5637 5551 5360 4866 4551 5044 4924 5033 5477 5290 5481 4960 4959 5018 4894 5393 5231 5466 5141 5389 5340 4958 4995 4921 4808 5489 5360 5273 4832 5023 5141 5487 4765 5098 5059 4996 5348 4915 5040 5114 5083 5146 4924 4960 5113 4858 4655 4754 4921 4680 4843 5072 5310 5351 4919 4848 5126 5187 5166 5232 5250 5572 5469 4924 5038 5045 5241 5162 5031 5503 5052 4859 4714 5359 4754 5405 4752 5511
5202 5355 5449 5369 5306 5632 5009 4929 5304 5521 5595 5349 5132 5411 5580 4935 5207 5428 5382 5452 4887 4852 5117 5285 5582 5049 5841 5333 5181 4910 5158 5475 5208 5097 5226 5226 5126 5808 5603 4918 5506 5797 5181 5087 4460 5403 5243 5536 4837 5481 5073 5439 5394 4998 5414 5712 4924 5502 4885 5528 5745 4990 5211 4844 5235 5339 5057 5159 5263 5361 5240 5042 5227 5278 5367 5498 5106 5389 4797 5526 5578 4801 4779 4902 5355 5333 5767 5555 5130 5465 5000 5062 5060 5376 5706 5301 5339 5185 5240 5221 5217 4947 5684 5362 5333 5348 5457 4865 5067 5288 5621 5010 5042 5232 5411 5478 4864 4970 5105 5252 4843 5385 5451 5164 5151 5059 5364 4996 5221 5401 5474 5033 5371 4980 5483 5413 5486 5184 4852 5011 5703 5052 5282 5053 5221 5497 5180 5261 5043 5445 5588 5016 4953 5284 5611 5289 5216 5165 5342 5969 4712 5222 5523 5116 5176 5030 4890 4744 4949 5630 5448 5086 5489 5176 5394 5090 5242 5398 5595 5299 5574 5005 5088 5071 4943 5218 5814 5543 5283 5287 5087 5142 5279 5579 5318 5409 5064 5628 5534 4967 5265 5385 4934 5489 5382 5433 4641 5212 5428 5795 4789 5055 5293 5113 5448 5106 5010 4912 5412 5375 5322 5016 5216 5511 5144 5321 5256 4818 5024 5239 5744 5871 5214 4914 5056 5376 5461 5405 5220 6019 5690 5352 5324 5232 5544 5407 5333 5443 4969 5100 4991 5471 4909 5411 4962 5744
5301 5770 5301 5240 5463 5731 5178 4886 5537 5636 5267 5725 5359 5459 5705 5285 5242 5704 5386 5651 5257 5074 5226 5584 5541 5266 5747 5436 5018 5317 5374 5569 5184 5565 5403 5282 5425 5781 5460 5371 5605 5818 5218 5121 4820 5642 5693 5674 4949 5514 5358 5917 5941 5430 5752 5669 5119 5393 5116 5745 5703 5206 5351 5444 5217 5514 5050 5449 5342 5509 5506 5238 5374 5396 4995 5616 5230 5431 5172 5776 5777 4948 5212 4911 5568 5241 5832 5776 5215 5728 5627 5538 5214 5598 5662 5632 5424 5423 5446 5577 5160 4913 5503 5449 5371 5568 5767 5222 4955 5334 5480 5184 5298 5555 5707 5365 4892 5184 5218 5616 5041 5623 5566 5611 5222 5137 5691 5347 5449 5598 5199 5130 5686 5540 5704 5430 5487 5017 4917 5464 5593 5488 5240 5130 5478 5886 5392 5337 5168 5296 5722 5200 5319 5420 5513 5749 5300 5056 5214 6053 4476 5398 5398 5380 5457 5385 4998 4873 5176 6032 5626 5488 5606 5359 5732 5095 5198 5342 5730 5680 5539 4930 4970 5422 5341 5344 6117 5738 5481 5137 5221 5223 5285 5723 5489 5743 5314 5483 5565 5110 5545 5740 4955 5610 5638 5761 5172 5284 5525 5811 4926 5531 5231 5162 5611 5042 5304 5280 5466 5387 5351 5342 5439 5542 4991 5169 5325 4704 5193 5174 5697 5849 5334 5240 5183 5361 5242 5425 5352 5696 5770 5156 5370 5175 5589 5168 5528 5775 5391 5411 5191 5563 5213 5401 5313 5471
5400 5903 5480 5811 5675 5588 5195 5104 5489 5696 5512 5400 5216 5375 5946 5451 5359 5696 5348 5844 5211 4933 5363 5454 5717 5311 6016 5864 5519 5218 5403 5374 5375 5260 5325 5284 5686 5964 5693 5352 5475 6052 5626 5098 5075 5552 5338 5748 5278 5554 5338 5619 5748 5210 5475 5644 5238 5556 5445 5629 6343 5432 5388 5465 5375 5605 5355 5613 5461 5660 5569 5384 5511 5674 5387 5658 5590 5548 5336 5561 5757 5269 5455 5153 5790 5282 5829 5668 5435 5451 5147 5585 5272 5720 6147 5469 5592 5649 5524 5566 5550 5049 5863 5783 5586 5738 5527 5310 4960 5696 6018 5136 5252 5578 5868 5348 5297 5125 5544 5931 5154 5657 5570 5561 5242 5114 5579 5430 5531 5402 5414 5449 5851 5386 5452 5543 5446 5530 5256 5574 5592 5283 5565 5336 5386 6077 5601 5544 5187 5314 5910 5120 5107 5213 5714 5400 5566 5610 5492 6206 4835 5524 5468 5584 5307 5331 5367 5259 5103 6017 5748 5382 5789 5537 5868 5457 5753 5587 5888 5891 5718 5279 5267 5177 5569 5361 5804 5553 5566 5419 5344 5469 5310 5723 5588 5394 5156 5828 5623 5122 5623 5531 5277 5735 5578 5579 5149 5500 5737 6080 5202 5391 5494 5567 5745 5204 5345 5483 5671 5388 5582 5251 5457 5759 5304 5430 5559 4888 5321 5705 5690 6064 5629 5114 5219 5640 5614 5557 5324 5712 5937 5687 5335 5339 5957 5998 5490 5986 5403 5316 5285 5864 5416 5681 5302 6198
4632 5015 4888 5195 4961 4976 4888 4422 5030 4905 4845 4947 4680 4814 5044 4730 4797 5092 4855 5013 4666 4552 4672 4900 5063 4941 5302 4919 4913 4866 4777 5174 4741 4783 4759 4932 4729 5291 4999 4739 4782 5425 4847 4573 4306 4949 4627 5431 4513 4627 4506 4750 5192 4781 5023 5011 4789 4940 4721 5003 5265 4683 4904 4580 4796 4963 4846 4919 4501 5152 4861 4756 4998 4909 4541 4736 4914 4951 4565 4969 5181 4539 4589 4668 5010 4929 4988 5189 4711 5028 4668 5078 4688 5266 5186 5007 4982 5046 4955 4999 4724 4416 5239 4921 4874 5346 5047 4631 4712 5047 4937 4328 4589 5042 5299 4843 4549 4771 5031 5128 4728 5106 5125 5266 4894 4737 4792 4922 4746 4834 4959 4896 5213 4851 4879 5025 4820 4652 4785 4829 4927 4588 4874 4610 5118 5254 5144 4979 4624 4874 5116 4651 4819 4660 4925 5123 4797 4753 4861 5286 4467 4826 4843 5034 4967 4555 4631 4571 4712 5499 5203 4784 4948 5121 4988 4787 5070 4767 5135 5065 5131 4914 4801 4637 4717 4913 5425 4921 4951 4785 4905 5067 4665 5203 5146 4889 4956 4755 5188 4704 4986 4615 4587 5015 5133 4843 4494 5049 5220 5279 4643 4744 5024 4751 5024 4462 4897 4903 4855 4829 4960 4770 4652 4975 4679 4647 4632 4308 4826 4595 5186 5315 4610 4731 4861 4822 4803 4890 4947 5175 5426 4994 4821 4700 5099 4873 4904 5094 4843 4500 4572 5047 4544 5013 4752 5215
5092 5507 5175 5204 5448 5673 5417 5013 5473 5626 5353 5547 5174 5232 5486 5330 5140 5427 5556 5346 5097 4789 5347 5284 5518 5398 5890 5442 5046 5271 5287 5302 5065 5342 5253 5413 5171 5609 5376 5074 5453 5739 5595 5170 4563 5271 5305 5476 4866 5223 5262 5362 5636 5121 5560 5420 4955 5444 4813 5326 5695 4834 5112 5175 5334 5468 5242 5410 5487 5447 5438 5315 5043 5343 5033 5365 5339 5268 5354 5449 5397 4771 5169 5051 5672 5221 5507 5489 4882 5323 5494 5412 5027 5602 5548 5622 5325 5453 5074 5400 5346 4848 5453 5499 5136 5675 5561 5011 5073 5319 5527 5267 5095 5510 5591 5202 5146 5091 5012 5597 5239 5613 5803 5311 5290 4884 5455 5200 5316 5355 4983 5205 5798 5131 5173 5273 5505 5145 4652 5408 5597 5023 5002 5092 5399 5720 5478 5232 5071 5498 5504 5401 5222 5144 5653 5572 5267 5213 5215 5974 4798 5389 5146 5510 5015 5035 5009 4930 5128 5654 5190 5512 5747 5585 5340 5053 5595 5375 5731 5177 5794 5062 4816 5250 5024 5249 5764 5695 5390 5352 5082 5353 4973 5441 5299 5471 5078 5519 5377 5102 4987 5321 5084 5425 5540 5588 4954 5327 5438 5707 4899 5277 5208 5162 5447 5091 5021 4999 5361 5177 5121 5026 5112 5399 4827 5359 5224 4906 5297 5175 5425 5597 5342 5080 5175 5111 5411 5708 5211 5995 5766 5311 5267 5387 5511 5393 5422 5764 5164 5077 5172 5660 4874 5380 5262 5702
5071 5599 5270 5510 5482 5465 5224 4612 5206 5504 5191 5441 5242 5430 5489 5271 5177 5334 5560 5327 4997 5107 5203 5629 5541 5228 6084 5456 5377 5395 5182 5395 4975 5268 5120 5112 5269 5443 5417 4918 5193 5724 5264 5012 4795 5372 5211 5484 4833 5264 5366 5493 5339 5369 5430 5432 4877 5376 5054 5491 5566 5337 5443 5083 5219 5341 5066 5633 4981 5505 5383 5286 5394 5322 5007 5468 5460 5365 5250 5283 5575 5036 5274 5186 5504 5367 5294 5725 5171 5507 5468 5407 4967 5708 5733 5504 5470 5593 5458 5517 5028 4809 5512 5755 5312 5591 5606 5051 5029 5394 5506 5107 5133 5344 5624 5086 5032 5052 5141 5383 5046 5424 5535 5341 5128 5074 5481 5280 5509 5161 5246 5284 5763 5356 5426 5223 5528 4995 5029 5137 5449 5299 5415 5217 5488 5859 5430 5246 5092 5449 5546 5081 4921 5163 5544 5509 5342 5122 5374 6174 4839 5272 5247 5474 5225 4997 5226 4896 5198 5963 5691 5189 5745 5503 5450 5310 5375 5298 5747 5459 5794 5097 5332 5039 5348 5244 5763 5603 5475 5142 5332 5301 5175 5460 5614 5444 5492 5615 5909 5158 5028 5422 4625 5615 5548 5354 5299 5011 5436 5714 4788 5272 5375 5271 5384 5028 5359 5425 5308 5197 5388 5186 5366 5130 5050 5118 5300 4533 5343 5210 5534 5674 5080 5096 5225 5395 5357 5164 5347 5719 5773 5465 5260 5063 5520 5442 5195 5521 5202 5083 4923 5611 4863 5181 5192 5719
5359 5598 5311 5672 5596 5556 5767 4795 5575 5699 5562 5447 5463 5409 5707 5140 5238 5729 5416 5473 5491 4916 5168 5745 5604 5342 5984 5802 5344 5282 5353 5282 5281 5368 5495 5468 5386 5981 5572 5219 5377 5915 5321 5152 4762 5590 5314 5814 5168 5666 5428 5495 5625 4974 5675 5472 5168 5799 5324 5812 6054 5183 5340 5040 5316 5555 5538 5565 5328 5551 5667 5229 5486 5344 5192 5727 5250 5716 5554 5748 5658 5085 5115 5220 5941 5332 5527 5827 5208 5317 5423 5461 5175 5660 5823 5621 5474 5962 5445 5188 5293 5061 5673 5920 5402 5880 5732 5180 5151 5679 5637 5164 5233 5718 6059 5653 4938 5191 5197 5813 5384 5625 5732 5686 5492 5028 5459 5230 5614 5377 5298 5268 5725 5269 5563 5509 5833 5375 4939 5519 5832 5166 5522 5483 5386 6085 5446 5669 5084 5524 5650 5313 5366 5334 5702 5456 5165 5629 5600 6114 4618 5270 5379 5677 5278 5218 5122 5099 5106 5835 5650 5487 5664 5497 5704 5370 5733 5613 5855 5716 5844 5295 5353 5209 5397 5554 5801 5527 5573 5448 5463 5562 5113 5525 5509 5396 5283 5794 5605 5218 5521 5132 5027 5721 5620 5559 5025 5368 5591 5765 5016 5485 5436 5327 6106 5200 5468 5599 5744 5241 5590 5157 5332 5323 5132 5412 5437 4903 5082 5449 5905 5841 5261 5374 5537 5606 5688 5760 5474 6000 5861 5212 5252 5337 5616 5447 5373 5648 5267 5266 5221 5725 5054 5525 5364 5843
4764 5063 4673 5285 5192 4931 5049 4336 5195 5227 5110 5154 5063 4999 5108 4571 4754 5089 5237 4873 4690 4550 4768 5185 5199 4881 5311 5101 4808 4803 5431 4852 4767 5184 4746 5083 4863 5299 5083 4873 5166 5465 4870 4721 4312 5202 5060 5379 4636 4934 4772 4960 5161 4771 5466 5099 4695 5182 4461 5358 5354 4939 4809 4855 4990 5145 4883 5176 4950 5361 5272 4677 4837 4970 4692 5071 4873 5009 4713 4972 5139 4579 4932 4608 5203 4822 4988 5125 4706 5018 5204 5007 4800 5221 5437 5301 5031 5130 4674 5262 4974 4786 5191 5287 4855 5161 5070 4729 4587 5183 5284 4869 5012 5136 5223 5082 4794 4970 5010 5299 4786 5276 4962 4965 4924 4637 5285 5101 5074 5108 4819 4779 5590 4785 5156 5320 5281 4848 4549 4911 4988 5034 4974 5032 4953 5383 5127 4888 4749 5016 5272 4993 4735 4986 5233 5232 5004 4846 4921 5707 4434 5049 4809 5082 4811 4637 4691 4647 4783 5591 5215 5056 5175 5449 5104 4774 5207 4916 5411 5073 5352 4884 4456 4880 4858 5165 5173 5034 5472 4829 5202 4832 4658 5180 5007 4958 4671 5140 5118 4744 4817 5012 4864 5509 5238 5098 4490 4876 5347 5321 4787 5065 5015 4759 5227 4628 4873 4577 5037 5091 4729 4947 4756 4967 4742 4858 4744 4341 4792 4872 5042 5478 4777 4720 4709 4891 4730 5165 5024 5390 5424 4935 4845 4803 4801 4915 4951 5293 4856 4791 4714 5514 4842 5167 4922 5395
5348 5791 5307 5417 5309 5702 5425 5152 5400 5460 5559 5626 5437 5447 5719 5242 5199 5517 5372 5660 5097 4936 5157 5590 5385 5221 5838 5347 5272 5356 5348 5582 5370 5095 5308 5577 5511 5687 5423 5106 5334 5952 5636 5230 4656 5206 5490 5643 5091 5374 5422 5739 5507 5266 5628 5679 5301 5666 5441 5642 5898 5147 5343 5387 5213 5358 5062 5569 5342 5532 5444 5361 5223 5560 5195 5355 5236 5231 5281 5472 5490 5015 5106 5111 5681 5346 5603 5501 5137 5435 5220 5752 5224 5652 5513 5348 5628 5533 5286 5283 5337 5162 5548 5940 5424 5593 5477 5068 5094 5405 5584 5374 5106 5592 5912 5288 5272 5081 5021 5352 5169 5569 5510 5456 5223 5004 5550 4977 5360 5226 5107 5384 5849 5397 5672 5510 5534 5185 5034 5332 5741 5010 5003 5483 5374 5732 5424 5497 5275 5392 5867 5445 5162 5546 5509 5358 5127 5357 5330 6002 4852 5290 5411 5496 5175 5240 4980 5096 5042 5969 5672 5403 5299 5435 5598 5215 5549 5318 5850 5465 5547 5358 5069 5313 5577 5477 5987 5527 5276 5366 4915 5420 5345 5552 5387 5676 5449 6103 5788 5458 5534 5331 5164 5624 5438 5726 4916 5411 5424 5989 5036 5360 5393 5426 5894 5215 5108 5265 5468 5525 5510 5202 5315 5462 5135 5002 5139 4895 5054 5354 5685 5883 5316 5126 5392 5406 5505 5654 5322 6059 5742 5519 5441 5255 5596 5397 5456 5868 5335 5363 5103 5784 4994 5506 5505 5828
5142 5771 5308 5460 5438 5661 5469 4794 5478 5361 5390 5562 5012 5144 5455 5265 5139 5430 5625 5427 5154 4770 5283 5549 5477 5169 5836 5342 5200 5168 5139 5326 5158 5326 5084 5394 5331 5678 5170 5139 5565 5571 5193 4950 4817 5393 5373 5495 4843 5320 5153 5579 5868 5190 5265 5731 4978 5514 4987 5434 5603 5226 5164 5089 5336 5307 5151 5158 5119 5538 5328 5315 5267 5343 4868 5538 5346 5423 5220 5474 5430 4698 5129 4983 5467 5016 5623 5728 5016 5423 5254 5453 5055 5391 5650 5376 5442 5473 5440 5322 5018 4755 5407 5346 5343 5199 5614 5234 5210 5287 5411 5107 5159 5332 5427 5041 5023 4859 5241 5580 4950 5629 5423 5514 4923 5024 5599 5294 5056 5300 5342 5118 5575 5335 5266 5287 5285 5074 4872 5066 5530 5206 5359 5253 4960 5532 5413 5335 5110 5241 5381 5163 4926 4967 5389 5374 5452 5048 5104 5799 4564 5454 5210 5721 5297 5101 4915 4988 4672 5746 5276 5456 5383 5298 5457 4858 5233 5304 5679 5490 5616 5111 4742 5068 5177 5358 5671 5854 5408 5162 4934 5405 5148 5803 5257 5589 5127 5415 5477 5144 5353 5232 4953 5516 5617 5333 4888 5220 5463 5882 5028 5098 5223 5319 5754 5032 4997 5095 5318 5236 5431 5118 5184 5320 4762 5420 5458 4870 4774 5163 5537 5480 5386 5064 5223 5322 5458 5529 5420 5564 5599 5344 5243 5061 5479 5311 5069 5897 5233 4760 5076 5607 5076 5255 5059 5598
4810 5335 4901 5240 5154 5289 5142 4702 5033 5212 5287 5020 4786 4839 5276 5206 4842 5046 5114 5479 5019 4608 4854 5181 5158 5304 5333 5314 5200 4992 4764 5059 5158 5061 5216 5022 5149 5305 5112 4977 5216 5672 5044 5039 4667 5298 5198 5265 4957 5143 5075 5442 5610 4769 5263 5289 4944 5287 4922 5152 5531 4942 4952 5148 4969 5138 4969 5312 5009 5358 5235 5036 5174 5164 4823 4936 5277 5029 4939 5248 5536 4887 4968 4664 5227 5152 5570 5286 5241 5269 4707 5218 4892 5260 5735 5172 5051 5255 5298 5167 4960 4567 5225 5142 5280 5180 5212 4884 5036 5140 5326 4880 4879 5126 5417 4912 4910 4888 4857 5424 5005 5185 5085 5212 4994 5031 5324 4642 5220 5040 4850 4773 5265 4886 5219 5052 5201 4947 4728 5216 5394 4740 4778 4897 4911 5360 5099 5241 4762 5294 5321 4971 4796 4912 5099 5111 5066 5304 4823 5687 4534 5040 5128 5162 4970 4751 4690 4838 4696 5587 5255 4928 5213 5271 5371 4849 5053 4979 5276 5382 5480 4639 4668 5156 5116 4901 5640 5455 5027 5233 4945 5169 4804 5326 5013 5294 4940 5640 5398 4775 4754 5054 4747 5283 5166 5279 4722 5205 5176 5768 4854 4964 5209 5337 5525 5003 4836 5258 5062 5027 5069 5047 4985 5238 4610 5066 5133 4514 4922 5041 5420 5419 5164 4899 5140 4949 5138 5286 4806 5465 5509 5187 5012 5011 5313 5016 4995 5604 5106 4804 5078 5506 4740 5090 4677 5725
5209 5395 5377 5446 5255 5519 5112 4812 5436 5341 5446 5284 5114 5097 5378 5230 5077 5580 5343 5386 5002 4793 5216 5487 5510 5236 5963 5495 5327 5183 5326 5319 5078 5227 4856 5094 5265 5332 5256 5172 5328 5831 5188 5003 4644 5380 5280 5650 4738 5265 5308 5625 5673 5074 5251 5449 5069 5365 4857 5443 5681 5160 5260 5160 5249 5345 5097 5216 5315 5721 5310 5249 5175 5490 4775 5377 5644 5397 5147 5102 5560 4901 5135 5087 5436 5062 5298 5514 4884 5563 5170 5210 5216 5693 5725 5531 5345 5374 5380 5413 5331 4943 5415 5507 5356 5351 5450 5241 4994 5242 5409 5341 5145 5315 5385 5199 5280 5198 5386 5600 5052 5701 5724 5187 4982 4945 5431 5228 5266 5272 5222 5307 5569 5243 4974 5451 5396 5207 4851 5196 5433 5019 5035 5250 5209 5688 5460 5119 5125 5295 5527 5061 5017 5038 5486 5355 5130 5331 5191 5932 4550 5214 5346 5478 5058 5106 5033 5126 4616 5821 5293 5290 5398 5385 5571 5175 5548 5449 5729 5582 5638 5094 4836 5027 5018 4978 5594 5618 5278 5244 5010 5431 5223 5253 5457 5715 5318 5491 5555 5137 5162 5565 4892 5590 5464 5410 5131 5278 5233 5712 4994 5354 4998 5256 5489 5260 5175 5250 5257 5330 5115 5313 5103 5217 4778 5250 5338 4766 5179 5366 5623 5941 5302 5049 5267 5339 5524 5557 5322 5714 5506 5189 5348 5261 5555 5372 5369 5610 5241 4881 5170 5604 5241 5400 5283 5751
4985 5577 4998 5251 5099 5370 4820 4616 5331 5311 4951 5590 4949 5009 5479 5005 4971 5299 5101 5182 5210 4773 4815 5425 5179 5292 5790 5387 4880 5052 4936 5180 4899 5315 4994 5146 4990 5476 5289 4882 5297 5513 5091 4645 4496 5544 5400 5350 4946 5328 5139 5294 5571 4984 5093 5480 4717 5208 4885 5167 5468 4601 4773 5069 4953 5455 5075 5451 4868 5074 5203 4997 5158 5293 4764 5107 5162 5040 5088 5249 5195 4621 5033 4824 5217 4992 5284 5118 4953 5485 4924 5167 4990 5585 5542 5438 5263 5588 5413 5283 5197 4797 5111 5225 5212 5183 5312 4984 4884 4835 5322 5032 5032 5161 5304 5136 4933 4902 5011 5663 4880 5324 5269 5342 4763 4711 5439 4999 4951 5051 4916 5090 5454 5362 4894 4919 5247 5153 4745 5101 5438 4894 4973 5027 4839 5566 5316 4944 4805 4814 5521 4794 4808 4951 5198 5118 5187 4825 5049 5727 4499 5164 4940 5298 4808 4867 4846 4719 4718 5534 5252 5208 5272 5117 5225 5130 5113 4885 5580 5414 5410 4837 4680 5028 5472 4989 5533 5335 5311 5090 5138 5150 5090 5476 4942 5295 4948 5207 5459 4984 4956 4746 4666 5225 5132 5391 4917 5106 5109 5568 4819 5181 5061 5268 5186 4847 5066 4898 5284 4780 5020 5162 5000 5040 4999 5267 5077 4430 5018 5086 5263 5292 4953 4941 5187 5214 4774 5171 5049 5533 5424 5244 5203 5039 5419 5287 4879 5525 5174 4987 4820 5553 4903 5018 5050 5535
4657 4773 4743 5101 4817 5160 4597 4343 4829 4910 4716 4985 4960 4985 4908 4530 4530 5103 4929 5008 4483 4403 4621 5058 4872 4718 5080 4820 4715 4713 4558 4666 4732 4843 4597 4851 4940 5062 4796 4734 4923 5137 4953 4468 4145 4930 4672 5109 4407 4728 4573 4913 4926 4908 4850 4907 4300 4791 4365 5118 5249 4632 4745 4338 4596 4907 4399 4797 4731 4795 4941 4735 4718 5020 4479 4755 4848 4658 4591 4585 5055 4349 4454 4722 5039 4898 4937 4977 4405 5013 4735 4715 4693 4756 5278 4816 5078 4821 4823 4648 4803 4456 5007 5015 4782 4935 4939 4516 4412 4829 5138 4437 4667 4943 4920 4741 4579 4547 4712 4935 4541 4893 4766 4659 4458 4355 5111 4473 4977 4803 4709 4624 4824 4708 5133 4759 5005 4733 4608 4747 4691 4610 4683 4567 4842 5025 4974 4747 4459 4755 5045 4473 4506 4699 4781 4731 4811 4627 4741 5180 4394 4766 4803 4760 4440 4600 4589 4245 4568 4976 4932 4532 5164 4888 4771 4643 4988 4766 5025 4879 4964 4564 4548 4459 4651 4560 5429 5088 5002 4717 4710 4730 4740 5221 4787 4823 4720 5197 5075 4656 4458 4733 4432 4856 4982 4975 4295 4770 4813 5055 4589 4853 4825 4587 5003 4509 4468 4345 4859 4778 4989 4415 4447 4922 4528 4623 4598 3981 4418 4810 5072 5443 4575 4497 4523 4641 4889 4439 5091 5080 5199 4738 4972 4841 5026 4719 4680 4844 4492 4550 4446 4998 4616 4754 4607 5112
4887 5139 5045 5430 5309 5687 5049 4854 5126 5183 5145 5220 5321 4908 5378 5182 5135 5616 5187 5314 4976 4778 4918 5366 5394 5162 5392 5365 4862 5204 5250 5341 5200 5221 5132 5046 5007 5474 5219 4886 5111 5375 5352 5157 4761 5297 5305 5646 4992 5125 4927 5412 5428 4949 5249 5504 4849 5258 4917 5661 5710 4669 5078 5026 4708 5257 5155 5200 5103 5401 5409 4926 4953 5202 5013 5033 5279 5223 5160 5170 5231 4933 4939 4578 5558 5128 5620 5478 4856 5261 5071 5339 5073 5375 5578 5363 5312 5396 5280 5069 5125 4572 5217 5446 5147 5642 5190 5208 4793 5151 5389 4825 4988 5302 5725 4666 4996 5155 5293 5418 5013 5322 5338 5168 4885 4892 5438 4895 5238 5137 5181 4773 5421 5030 5038 5209 5255 5111 4823 5323 5556 4900 5251 5179 4963 5452 5306 4945 4821 4997 5599 4873 4960 5073 5528 5242 5012 5125 5174 6118 4650 5205 4982 5275 4942 4924 4794 4721 4935 5665 5294 4947 5398 5314 5136 4951 5335 5241 5553 5503 5455 5071 4673 4911 4933 5229 5729 5492 5266 5107 4953 5166 4998 5301 5094 5335 5199 5590 5473 5046 5029 5330 4836 5335 5377 5177 4581 5152 5126 5392 4726 5072 5135 5295 5341 4689 5051 5005 5078 5058 5036 5258 5109 5095 5003 5040 4978 4788 5155 4840 5497 5481 5091 4788 4796 5159 5298 5162 5111 5457 5503 5250 5116 4987 5072 5143 5187 5491 5268 4918 5116 5222 5113 5242 5146 5465
5520 5605 5464 5481 5643 5678 5295 4768 5542 5501 5520 5533 5172 5130 5724 5234 5270 5809 5112 5716 5284 4719 5184 5633 5436 5349 5825 5759 5390 5168 5163 5158 5263 5562 5248 5446 5247 5632 5233 5333 5218 5804 5281 5296 4916 5785 5516 5665 5153 5589 5345 5794 5505 5083 5421 5804 5178 5286 5111 5709 5807 4986 5507 5265 5082 5751 5281 5374 5465 5486 5577 5180 5397 5309 5135 5500 5077 5751 5322 5623 5709 4840 5161 5071 5557 5059 5657 5546 5079 5467 5224 5488 5242 5640 5894 5335 5502 5900 5631 5261 5312 4883 5370 5548 5446 5630 5595 5215 5040 5202 5563 5170 5382 5652 5765 5499 5066 5253 5335 5608 5205 5588 5667 5597 5380 5107 5566 5088 5508 5610 5066 5002 5540 5301 5433 5376 5609 5273 5066 5305 5670 5184 5266 5305 5213 5679 5277 5221 5160 5185 5783 5162 5186 5203 5516 5409 4971 5315 5169 5997 4462 5159 5158 5126 5390 5455 5090 5100 4718 6012 5231 5361 5458 5276 5817 5410 5304 5455 5715 5602 5665 5317 5047 5185 5635 5641 5952 5627 5478 5426 5006 5649 5358 5697 5510 5543 5601 5658 5727 5206 5312 5170 5177 5612 5639 5427 4746 5394 5509 5647 5044 5237 5293 5335 5739 5299 5002 5446 5533 5274 5330 5193 5533 5337 4930 5187 5413 4913 5324 5251 5727 5879 5276 5379 5452 5391 5415 5519 5373 5745 5993 5136 5374 5072 5719 5387 5448 5546 5597 5246 5309 5602 5285 5643 5309 5973
5309 5761 5299 5531 5374 5847 5505 5169 5460 5926 5686 5569 5112 5393 5715 5410 5512 5767 5516 5618 5427 4976 5461 5865 5471 5583 5822 5654 5190 5381 5431 5429 5427 5363 5498 5616 5346 5894 5408 5275 5553 6006 5684 5289 4683 5541 5714 5613 5182 5804 5346 5644 5558 5285 5689 5749 5108 5558 5204 5611 6106 5371 5389 5136 5158 5658 5451 5507 5246 5735 5592 5317 5676 5618 5280 5728 5566 5453 5086 5437 5682 5124 5045 4952 5635 5327 5712 5653 5397 5647 5368 5556 5137 5987 6090 5734 5759 5577 5538 5475 5346 4890 5715 5981 5399 5675 5593 5245 5129 5548 5963 5285 5343 5693 5861 5364 5154 5004 5437 5729 5104 5722 5514 5506 5420 5225 5662 5179 5556 5245 5343 5248 5736 5400 5631 5480 5656 5368 5031 5368 5770 5096 5477 5693 5525 6033 5434 5663 5439 5464 5713 5299 5382 5559 5737 5439 5354 5400 5138 6168 4952 5585 5611 5627 5194 5315 5160 5272 4945 6031 5530 5484 5425 5552 5691 5470 5545 5400 5714 5621 5698 5169 5040 5232 5445 5552 5741 5811 5722 5192 5397 5467 5311 5811 5543 5755 5244 5857 5715 5289 5526 5422 4916 5695 5768 5638 4996 5303 5526 6023 5109 5359 5752 5407 5796 5334 5249 5373 5440 5389 5522 5524 5320 5520 5294 5247 5419 4910 5266 5311 5657 5850 5354 5304 5254 5253 5651 5658 5480 6017 5875 5830 5465 5467 5771 5483 5567 5945 5548 5294 5071 5867 5221 5601 5516 6036
4891 5256 5234 5547 5559 5798 5037 4593 5492 5511 5197 5303 5212 5200 5480 4970 4999 5547 5244 5177 5081 4638 5036 5313 5516 5166 6017 5463 5285 5195 5462 5274 5064 5279 5218 5395 5264 5489 5197 5164 5113 5655 5496 5124 4520 5260 5275 5610 4926 5203 5054 5178 5580 5142 5279 5307 4895 5473 4932 5585 5866 5090 5227 4939 5002 5239 5326 5482 5142 5209 5322 5025 5081 5229 5094 5120 5332 5364 4933 5268 5289 4710 5152 5021 5478 5063 5424 5452 4965 5472 5270 5250 5138 5398 5595 5355 5345 5376 5141 5519 5192 4834 5465 5665 5309 5266 5513 5097 4924 5173 5528 5043 5323 5480 5485 5179 4885 5102 4917 5370 4952 5262 5344 5338 4953 4934 5331 4913 5416 5354 5093 4827 5512 5182 5289 5363 5675 4915 4914 5155 5580 4993 4972 5046 5038 5515 5325 5226 5004 5185 5590 5076 5079 5018 5618 5128 5223 5289 5275 5869 4549 5194 5186 5382 4963 4949 4868 4887 4985 5618 5503 5289 5382 5350 5097 5105 5515 5206 5736 5507 5464 5175 4739 4977 5171 5116 5745 5350 5553 5348 5258 5310 5028 5476 5434 5256 4929 5285 5663 5216 5168 5128 4959 5481 5450 5194 4846 5156 5183 5651 4776 5279 5191 5068 5709 4973 5314 5021 5325 4973 5400 5044 5150 5257 5047 5245 4927 4651 5204 5245 5410 5716 5040 5062 5036 5553 5163 5425 5412 5697 5761 5164 5267 4953 5463 5122 5290 5519 5255 4985 5219 5451 5067 5222 5071 5528
4764 5065 5022 5075 5098 5371 5222 4723 5231 5170 5316 5348 4953 5152 5441 4845 4968 5098 5159 5042 4828 4576 5116 5285 5151 5032 5375 5333 4942 4889 4934 5061 4991 5066 5064 5201 5194 5314 4913 5125 4747 5304 5214 4808 4221 5191 5099 5447 4795 5134 4979 5227 5131 4692 5371 5308 4654 5314 4715 5113 5670 4675 5299 4949 4882 5012 5124 5149 4903 5106 4938 4996 4915 5101 4990 5164 4974 5165 4709 5085 5215 4899 4800 4705 5349 4965 5095 5335 4909 5198 5036 5163 4892 5129 5335 5129 5024 5188 5022 5134 4953 4565 5213 5203 5088 5124 5136 4803 4881 5119 5131 4801 5038 5258 5549 4896 4672 4686 5148 5196 4863 5308 5222 5211 4989 4845 5127 4877 4669 5022 5124 4817 5483 4967 5375 5014 5324 4781 4768 5101 5339 4960 5068 4853 5054 5377 5052 5149 4645 5249 5244 5041 4731 5026 5128 5015 4924 4988 4914 5807 4543 5001 5105 5067 5059 4999 4607 4996 4812 5683 5347 5198 5232 5192 5145 4878 5163 4888 5543 5343 5330 4857 4601 4753 4909 4958 5469 5341 5191 4910 4797 4812 4759 5365 4911 5341 4986 5237 5470 4764 5026 5046 4778 5314 5076 5115 4618 5199 5099 5697 4672 4947 5056 4992 5324 4731 5026 4924 5187 5055 5116 4953 4788 5146 4915 4831 5069 4595 4916 4879 5381 5394 4927 5024 4896 5235 5032 5371 5056 5413 5463 5191 5254 5073 5191 5032 5148 5242 5105 5056 5000 5340 4802 4914 4794 5626
4464 5048 4697 5032 4860 4940 4923 4479 4917 4995 5068 4890 4731 4771 4949 4639 4776 4777 4597 4898 4841 4547 4596 5226 4974 5012 5560 4938 4673 4857 4883 4955 4496 4938 4764 5098 4708 5293 5030 4578 4692 5415 4946 4751 4285 5294 5047 5499 4407 5078 4954 4987 5037 4788 5150 5107 4512 5055 4590 5061 5082 4640 4841 4594 4695 4831 4414 5127 5036 5043 4936 4797 4542 5016 4805 4857 4855 4733 4574 5140 4835 4342 4767 4229 5143 4910 4805 5081 4678 5186 4680 4707 4620 4915 5225 4962 5016 4965 4868 4944 4616 4643 4887 5042 4805 4967 5083 4616 4685 4889 5168 4939 4747 4998 5022 4827 4451 4728 4820 4952 4599 4839 4917 5031 4646 4628 4842 4783 4952 5007 4639 4775 5044 4583 5052 5112 4741 4687 4572 4764 5173 4756 4551 4827 4845 5167 4868 5043 4616 4955 4954 4560 4490 4910 4915 5103 4849 5053 4465 5548 4130 4891 4887 5274 4852 4641 4457 4753 4568 5362 4990 5029 5053 4984 4927 4818 5232 4660 5126 5279 5014 4601 4357 4804 4679 5068 5407 4964 4887 4716 4825 4845 4936 4951 5079 4962 4691 4928 5153 4757 5084 4868 4442 5177 4884 4848 4589 4982 5062 5344 4551 4992 4882 4883 5006 4667 4753 4953 4773 4868 4754 4819 4834 4963 4599 4614 4586 4351 4734 4852 5063 5157 4983 4515 4652 4958 4473 4891 4823 5323 5536 4859 4803 4734 5018 4906 4532 5275 4593 4382 4605 5179 4918 4972 4777 5109
5617 6004 5699 5806 5759 5926 5916 5174 5887 5888 6064 5846 5561 5733 5823 5640 5737 5774 5904 5712 5374 5349 5511 5819 5897 5594 6418 5843 5731 5459 5845 5652 5575 5664 5471 5432 5776 6164 5897 5444 5602 5982 5822 5616 4951 5833 5740 6074 5355 5694 5615 5967 5989 5650 5994 5975 5500 5760 5328 6021 6151 5206 5566 5472 5761 5988 5433 5773 5921 5980 5855 5816 5682 5589 5251 5994 6004 6006 5673 5932 5870 5054 5509 5405 5972 5750 6082 5960 5534 5696 5359 5617 5716 6099 5948 5713 5746 5519 5623 5405 5507 5089 5797 5866 5608 5860 5917 5535 5829 5842 5951 5505 5589 5699 5957 5740 5694 5586 5595 5836 5575 5889 5829 5602 5619 5481 5846 5383 5859 5821 5562 5340 5985 5702 5848 5749 5987 5636 5120 5696 6042 5649 5844 5421 5456 6083 6025 5606 5420 5898 6055 5438 5645 5472 6016 5839 5477 5708 5598 6513 5159 5912 5677 5500 5528 5341 5323 5325 5248 6298 5566 5542 5893 5883 5813 5663 5714 5799 6066 5834 5842 5543 5405 5400 5469 5907 6151 6109 5806 5875 5322 5453 5518 5961 5695 6095 5501 5943 5824 5400 5441 5838 5335 6246 6013 5687 5309 5498 6099 6392 5242 5547 5562 5656 5920 5482 5213 5699 5418 5691 5606 5482 5674 5604 5357 5613 5646 4949 5507 5522 6184 6056 5481 5157 5505 5808 5622 5841 5517 6207 6498 5898 5731 5550 5899 5725 5681 6034 5735 5580 5355 6032 5475 5958 5527 6273
5083 5329 5264 5331 5704 5448 5294 4995 5200 5309 5378 5359 5080 5400 5518 5174 5352 5507 5515 5353 5043 5059 5315 5203 5235 5334 5752 5426 5125 5248 5318 5211 5001 5330 5100 5053 5196 5668 5130 5208 5330 5745 5624 5057 4640 5468 5361 5596 4703 5464 5132 5230 5444 5277 5171 5639 4910 5338 5001 5293 5919 5036 5296 5431 5396 5201 5128 5422 5319 5462 5302 5529 5340 5195 5000 5544 5395 5287 5105 5450 5403 4882 4941 4979 5338 5179 5587 5498 5119 5434 5095 5189 5281 5301 5569 5367 5157 5512 5323 5179 4970 4988 5535 5351 5194 5485 5547 4939 4960 5435 5564 5164 4996 5543 5463 5450 5016 5008 5289 5303 5105 5410 5516 5531 5057 5171 5482 5193 5305 5353 5268 4895 5858 5151 5349 5191 5310 5128 4788 5282 5518 5177 5156 5280 5026 5567 5509 5271 5150 5427 5564 5006 5063 5007 5484 5434 5515 5304 5338 5725 4780 5280 5251 5234 5211 4958 4708 4739 4992 5929 5350 5373 5450 5301 5308 5320 5501 5412 5793 5455 5672 5197 4836 5252 5398 5636 5792 5841 5645 5147 5052 5166 5187 5568 5196 5683 4952 5411 5390 5074 5513 5073 4829 5560 5476 5538 5132 5246 5628 5799 4967 5285 5295 5437 5901 5028 5069 5008 5474 5284 5434 5135 5179 5353 4987 5398 5251 4770 4889 5256 5597 5840 5145 4993 5194 5252 5185 5287 5382 5660 5636 5393 5530 4964 5579 5416 5098 5615 5245 5189 4895 5698 5188 5395 5117 5900
4761 5204 5006 5195 4942 5331 4836 4528 5210 4993 5031 5041 4830 5367 5350 4989 4861 4927 5114 4940 4937 4553 4795 5216 4980 4971 5368 5284 4917 4923 5231 5122 4638 5180 4749 5072 4735 5458 5143 4933 4858 5654 5301 4676 4428 5086 4968 5575 4723 5055 4837 5063 5331 4778 5215 5330 4697 5138 4553 5330 5349 4778 4969 5017 4859 5210 4903 5175 5030 5230 5398 5049 5102 5212 4855 5228 5153 5093 5035 5021 5259 4563 4828 4737 5361 4811 5257 5472 4765 5258 4994 5169 4911 5421 5583 5288 5201 5288 4887 5166 5152 4537 5273 5173 5045 5081 5382 4706 4919 4958 5372 4909 4715 5141 5227 5133 4770 4818 4935 5042 4729 5313 5206 5212 5172 4690 5130 5204 5080 5323 5068 4960 5307 4963 5004 4787 5226 5055 4669 5095 5315 4669 5065 5012 5075 5402 5104 5195 4517 5349 5153 4704 4693 5011 5281 4885 5016 5027 4993 5656 4374 5211 5203 5119 5005 4756 4821 4690 4688 5471 5170 4812 5170 5191 5105 5140 5142 5042 5431 5295 5272 4979 4769 4947 4932 5117 5338 5393 5261 5067 4958 4958 4793 5260 5117 5638 5090 5250 5177 4707 5031 4958 4876 5298 5030 5224 4636 4949 5254 5559 4520 5094 4957 4990 5333 4805 4908 5005 5066 5071 5154 4921 5061 5150 4615 4911 5013 4566 4993 5149 5245 5401 4649 4929 4930 5268 5166 5233 5224 5408 5471 4936 5061 4983 5301 5239 4813 5385 5183 4719 4570 5113 4727 5166 4989 5505
5287 5813 5322 5992 5842 5964 5690 5084 5672 5825 5539 5642 5472 5559 5871 5287 5829 5782 5720 5841 5360 5144 5357 5774 5623 5725 6139 5592 5425 5899 5786 5529 5579 6014 5423 5685 5568 6070 5701 5429 5585 5809 5703 5533 5094 5969 5839 5908 5206 5723 5687 5823 5955 5386 5776 5899 5227 5756 5654 5935 6171 5110 5397 5586 5628 5618 5516 5533 5449 5944 5841 5268 5500 5718 5222 5642 5480 5791 5498 5756 5719 5207 5541 5242 5907 5743 5866 5915 5509 5528 5520 5713 5444 5697 6223 5827 5735 5767 5874 5427 5454 5034 5681 5551 5416 5782 5875 5190 5382 5561 5786 5598 5403 5852 5903 5642 5221 5698 5677 5562 5408 5796 5867 5692 5438 5347 5801 5306 5812 5400 5429 5330 5671 5498 5744 5596 5955 5263 4944 5841 5949 5301 5320 5248 5606 5792 5576 5472 5075 5423 5821 5277 5416 5591 5692 5475 5575 5556 5492 6159 4702 5702 5477 5539 5558 5354 5111 5246 5416 6231 5821 5747 5563 5637 5949 5511 5615 5362 5714 6012 5975 5346 5200 5517 5476 5621 6185 6105 5996 5453 5684 5668 5460 5551 5495 5914 5516 5849 6031 5398 5499 5395 4990 5823 5693 5640 5161 5472 5664 6055 5145 5486 5662 5519 5751 5333 5384 5572 5442 5621 5238 5414 5633 5522 5501 5689 5659 5009 5389 5507 5763 5782 5619 5149 5807 5540 5696 5716 5301 6254 6061 5505 5547 5112 5917 5785 5450 5963 5551 5614 5418 5936 5272 5851 5279 5702
5070 5563 4937 5229 5418 5433 5059 4765 5327 5401 5432 5435 5121 5286 5463 5209 4974 5443 5235 5485 5163 4604 5371 5311 5695 5102 6159 5509 5527 5097 5217 5170 5113 5443 5198 5384 5523 5730 5394 5109 4986 5620 5360 5314 4725 5549 5254 5441 4781 5337 5369 5563 5474 5058 5352 5338 4961 5328 4856 5333 5779 5115 5084 5164 5230 5270 5184 5282 5073 5540 5407 5017 5313 5423 4971 5498 5220 5371 5331 5268 5354 4807 4944 4946 5419 5375 5755 5796 5215 5162 5122 5695 5090 5589 5940 5388 5346 5687 5190 5319 5410 4792 5413 5698 5389 5471 5310 4993 4967 5365 5594 5322 5005 5239 5377 5325 5131 5092 5261 5642 4818 5661 5451 5165 5053 4767 5408 4870 5341 5229 5056 5116 5837 5428 5194 5210 5475 5003 4822 5081 5507 5315 5171 5267 5367 5648 5355 5170 4753 5300 5350 4984 5010 5112 5460 5358 5315 5316 5083 5681 4509 4981 5170 5356 5111 5019 4878 4876 4795 5642 5399 5429 5690 5370 5681 5281 5393 5443 5837 5488 5600 4949 5118 5227 5297 5267 5530 5567 5474 5168 5353 5167 5069 5562 5407 5360 4943 5326 5560 5186 5292 5137 4996 5615 5483 5496 4937 5144 5270 6021 5331 5318 5204 5569 5406 4984 5216 5219 5505 5316 5305 5285 5149 5412 5021 5217 5373 4704 5073 5365 5415 5891 5141 4763 5202 5340 5302 5497 5268 5504 6086 5217 5404 4903 5602 5422 5467 5424 5383 5440 4877 5579 5084 5259 4975 5739
4582 5093 4908 4942 4843 4738 4666 4418 4784 4984 4831 5185 4673 4981 5150 4803 4637 4891 5055 4837 4683 4552 4780 5011 5145 4823 5379 4982 4734 4768 4963 5121 4856 4475 4824 4773 4820 5377 5188 4585 4808 5526 5254 4588 4202 4775 4778 5204 4422 4992 4620 4794 4943 4612 5017 5077 4556 4963 4692 5068 5467 4354 4760 4655 4698 4853 4707 5093 4669 4961 4925 4813 4755 4957 4605 4960 4908 4961 4579 4867 5208 4462 4607 4589 5109 4880 5212 4852 4683 4999 5039 4911 4526 5004 5027 5053 4921 4862 4827 5027 4769 4579 5029 4774 4737 4984 5058 4825 4663 4919 5188 4596 4756 5043 5283 4852 4404 4779 4804 5156 4734 4926 4953 5082 4787 4522 4721 4943 4672 4790 4726 4769 5102 4830 4736 4932 5033 4635 4535 4810 5016 4653 4652 4593 4837 5257 4915 4828 4519 5042 5066 4752 4360 4665 4704 4893 4664 4882 4643 5606 4329 5040 4847 4973 4815 4843 4373 4569 4475 5173 4800 4908 4986 4963 4994 4610 4906 4845 4944 5026 5115 4647 4372 4582 4904 4611 5315 5279 4864 4783 5001 5043 4735 5036 4838 4863 5053 5035 5098 4811 4822 4804 4449 5245 4971 4780 4506 4792 5054 5497 4584 4809 4995 4629 4782 4404 4469 4855 4751 4835 4530 4792 4572 5107 4484 4691 4635 4443 4672 4631 4817 5102 4665 4698 4585 5065 4897 5167 5031 5292 5477 5182 4910 4579 5063 4978 4978 5129 4845 4634 4193 4958 4619 4974 4730 5111
5333 5478 5333 5327 5307 5550 5265 4914 5349 5574 5515 5475 5345 5333 5575 5067 5242 5625 5155 5443 5197 4893 5136 5306 5553 5483 5805 5626 4987 4996 5267 5170 5001 5098 5480 5481 5031 5694 5328 4917 5326 6004 5361 5109 4688 5706 5396 5538 4960 5589 5271 5617 5469 5084 5585 5527 4849 5562 5001 5239 5714 5050 5139 5256 4886 5602 4873 5747 5372 5677 5420 5333 5174 5330 5034 5100 5379 5372 5279 5542 5479 4658 5206 4905 5680 5043 5368 5482 4989 5362 5318 5135 5320 5532 5446 5456 5568 5692 5449 5395 5281 4861 5436 5337 5114 5621 5539 5064 5091 5289 5664 5131 5099 5714 5558 5093 5269 4968 5057 5697 4912 5457 5388 5368 5632 5134 5307 5099 5281 5114 4919 5189 5455 5277 5299 5304 5496 5184 4669 5490 5674 5046 5225 5184 5054 5608 5528 5426 4949 5277 5836 5063 5352 5029 5230 5378 5098 5356 5137 5911 4699 5204 5124 5531 5219 5161 5168 4941 4975 5766 5378 5430 5626 5522 5387 5356 5362 5199 5611 5429 5594 4904 4745 4973 5318 5277 5548 5657 5581 5283 5144 5367 5089 5715 5401 5286 5299 5612 5492 5168 5072 5017 4855 5487 5415 5695 4785 5266 5494 5724 4720 5384 5227 5246 5554 4888 5327 5188 5198 4920 5116 5210 5035 5365 4962 5452 4988 4776 5422 5206 5700 5766 5397 5006 5416 5440 5248 5615 5224 5707 5869 5267 5399 5192 5576 5338 5365 5633 5226 5119 4925 5778 4908 5338 5220 5604
5038 5646 5035 5486 5520 5706 5080 4949 5381 5411 5148 5356 5295 5043 5349 5073 4863 5565 5349 5242 5339 4838 4986 5463 5347 5441 5919 5516 5028 5138 5387 5412 4995 5339 5451 5286 4946 5823 5268 5109 5336 5766 5301 5118 4739 5554 5470 5457 5231 5206 5212 5485 5455 5165 5644 5462 4913 5057 4772 5596 5851 4976 5255 5044 5073 5480 5126 5656 5152 5508 5350 5296 5150 5362 5044 5210 5345 5751 5196 5261 5441 4813 5285 4847 5470 5156 5436 5647 4998 5492 5027 5206 5297 5395 5844 5471 5397 5372 5371 5190 5136 5163 5631 5579 5399 5320 5525 5081 5358 5158 5607 5249 5046 5327 5368 5385 5108 4924 5226 5583 5129 5704 5117 5550 5095 4982 5397 5213 5563 5122 5206 5137 5734 5205 5196 5385 5314 5036 4782 5261 5564 4836 5084 5231 5386 5641 5409 5290 4848 5071 5617 4999 5328 5069 5526 5140 5246 5419 5174 5798 4624 5299 5060 5377 5315 4923 5049 4984 5018 5631 5449 5363 5442 5584 5188 5059 5487 5482 5787 5682 5565 5272 4794 5291 5309 5360 5815 5772 5412 5226 5152 5624 5287 5514 5332 5381 5341 5684 5584 5339 5141 5109 5071 5587 5401 5363 4896 5104 5481 5791 5059 5442 5288 5408 5539 4955 5107 5108 5210 5281 5240 5296 5053 5174 5134 5093 5414 4807 5210 5173 5562 5555 5280 4957 5375 5519 5087 5432 5402 5667 5717 5697 5284 5090 5431 5264 5127 5832 5464 5028 4948 5821 5174 5361 5146 5717
5085 5335 5182 5380 5404 5558 5162 4754 5393 5416 5246 5591 5344 5146 5426 5177 5163 5317 5504 5420 5061 4953 4939 5578 5458 5569 5771 5681 5116 5452 5182 4983 5102 4955 5115 5020 5155 5635 5171 5273 5245 5624 5416 5032 4551 5360 5028 5611 4938 5234 5126 5413 5410 5127 5560 5699 4984 5400 4659 5487 5476 5190 5326 5192 5080 5417 5228 5670 5327 5411 5365 5375 5118 5231 4973 5427 5532 5359 4923 5383 5506 4725 5157 4734 5663 5460 5778 5447 5089 5387 5153 5405 5032 5561 5536 5497 5291 5537 5287 5179 5193 4909 5537 5525 5322 5413 5516 5317 5031 5217 5495 4990 4824 5334 5537 5178 4861 4928 5142 5553 4765 5357 5281 5356 5138 5165 5483 4792 5659 5104 5274 5029 5592 5056 5251 5419 5217 5337 4701 5106 5508 5043 5310 5244 5105 5721 5243 5431 5184 5379 5687 5005 5287 5071 5661 5409 5268 5089 5129 5766 4725 5219 5287 5338 5190 4867 5191 4899 5015 5752 5253 5283 5553 5508 5332 5368 5557 5228 5737 5309 5459 4834 5098 4899 4850 5363 5873 5397 5405 4965 5176 5320 5274 5534 5206 5518 5269 5547 5276 5016 5080 5325 4961 5600 5420 5582 4872 5116 5424 5536 4887 5214 5260 5351 5621 5019 5157 5134 5321 5276 5269 5154 5069 5110 5027 5079 5290 4647 5252 5129 5610 5543 5067 4757 5253 5000 5269 5278 5438 5425 5736 5545 5101 5108 5251 5269 5276 5519 5215 5026 4843 5618 5092 5267 5258 5758
4576 5150 4740 5018 4700 5022 5045 4410 5130 4921 5065 4999 4725 4700 5125 4673 4628 4997 4968 4919 4684 4423 4765 4996 5084 4862 5166 5024 4724 4680 4646 4719 4437 4994 4662 4947 4808 5078 4811 4948 4920 5132 4711 4583 4347 5004 5005 5214 4718 4885 4981 4878 4994 4613 4957 4887 4581 4892 4622 4828 5172 4771 4945 4619 4734 4856 4644 5031 5012 5188 4919 4859 4963 4770 4586 4991 5011 4940 4896 4895 4971 4564 4706 4597 5011 4767 5246 5165 4559 4911 4898 4972 4740 4985 5271 4858 5135 4885 4838 4924 4668 4031 5029 4782 5046 5072 5168 4575 4664 4864 5158 4459 4699 5066 5196 4760 4827 4806 4636 5237 4748 4785 4973 5118 4685 4413 5064 4746 5027 4610 4981 4634 5022 4753 4655 4872 4944 4677 4520 4874 4857 4538 4851 4612 4683 5329 4892 4882 4495 4811 5113 4685 4570 4700 4841 4932 4866 4721 4562 5359 4236 4779 4922 5168 4663 4850 4585 4684 4426 5297 5104 4881 5038 4815 5107 4741 5028 4578 5201 5095 5198 4780 4209 4700 4664 4854 5092 4985 4913 4779 4792 4700 4496 5101 5036 4976 4719 5043 4939 4473 4834 4860 4731 5028 5025 4969 4579 4846 5023 5369 4624 4915 4852 4905 5105 4450 4814 4934 4877 4619 4913 4779 4583 4858 4441 4737 4985 4236 4689 4971 5243 4984 4848 4440 4826 4918 5112 4878 4838 5162 5336 4602 4841 4583 5046 5071 4634 5203 4825 4390 4600 5243 4598 4857 4701 5200
4701 5222 4918 5324 5264 5120 5020 4567 5111 4938 5154 5174 4743 5006 5298 4810 4938 4871 4940 5054 4934 4603 4732 5241 4964 4940 5538 5326 5025 5210 5017 5029 4998 5307 4841 5138 4991 5178 5245 4824 4986 5341 5123 4996 4489 5176 4931 5557 4707 4896 4897 5326 5263 4658 5375 5130 4832 5581 4720 5350 5458 4615 5188 4867 5169 5056 4913 4879 5044 5281 5190 4797 5068 5124 4710 5030 5113 5158 4758 5169 5333 4617 4855 4664 5144 4955 5025 5132 4879 5393 4887 5058 4585 5471 5216 5179 5027 5220 5108 5116 4844 4586 5326 5615 4753 5275 5181 4553 4739 5078 5591 4810 4877 5075 5256 4732 4508 4809 5099 5400 4690 5176 5117 5349 5118 4628 5188 5124 4900 5102 4742 4870 5374 4705 5084 5086 5128 4802 4826 4996 5528 4916 5125 4765 4910 5518 5039 5081 4713 5435 5356 4816 4758 5016 5273 5031 5095 5001 4942 5885 4483 4970 5202 5449 5097 4680 4655 4759 4761 5614 5186 4997 5267 5073 5297 4969 5005 5055 5094 5264 5604 4846 4667 4745 5028 4845 5404 5520 5155 4918 5142 5130 4995 5235 5016 5167 4863 5294 5422 4754 4868 5059 4725 5205 5287 4993 4902 5107 5163 5453 4657 4917 5163 5097 5228 4861 4648 5212 5025 4807 4991 4909 4732 5223 4712 4783 4861 4669 4697 4808 5344 5301 5143 4699 4672 4998 4842 5168 5242 5273 5502 5226 5124 4821 4942 5230 4797 5418 4905 4825 4731 5454 4922 4956 4761 5471
4936 5229 4795 5054 5020 5177 4817 4525 5106 4869 5151 5087 4911 4696 5123 4730 4781 5209 4997 4965 4723 4504 4721 5191 5008 4840 5299 4899 4851 4828 5048 4957 4754 4910 4819 5040 4954 5403 4993 4692 4879 5121 4957 4848 4568 5162 5208 5089 4668 5016 4808 5140 5186 4717 5182 5091 4545 5095 4638 5023 5191 4734 4791 4863 4855 5091 4386 4994 4913 4958 5145 4745 4790 4965 4561 5119 4766 5206 5125 5219 5230 4474 4745 4671 5108 4846 5206 4953 4832 4960 4636 4791 4738 5244 5204 5012 5102 5239 4951 4650 4961 4585 5028 5068 4741 5272 5198 4714 4581 4897 5375 4606 4851 5008 5238 4557 4830 4685 4909 5100 5029 5096 4876 4945 4842 4771 5288 4477 4852 4910 4822 4587 5144 4766 5097 5014 4962 4773 4373 5101 5046 4666 4929 4891 4866 5349 4971 4778 4648 4868 5337 4662 4634 4804 5114 4994 4698 4799 4750 5405 4336 4990 4890 5067 4733 4360 4652 4675 4728 5427 5218 5004 5331 5037 4951 4615 4812 4704 5075 5150 5304 4552 4584 4788 4694 4763 5202 5342 4836 4775 4940 4879 4888 5077 4975 5094 4880 5116 5050 4864 5014 4845 4606 4988 5304 5053 4355 4750 5091 5218 4492 4858 4940 4918 5104 4802 4735 4734 4834 4917 4909 4816 4969 4978 4623 5051 4899 4752 4612 4748 5204 5390 4951 4610 4832 4827 5063 4887 4908 5291 5504 4716 5316 4833 5014 4897 4861 5266 4937 4759 4805 5116 4845 4903 4989 5119
4683 4976 4854 5152 5038 5319 4837 4288 5193 4854 4712 5189 4617 4667 5309 4749 4482 5116 4849 4994 4700 4376 4738 5162 4992 4958 5238 5122 4694 4666 4845 4973 4603 4795 4969 5360 4933 5488 4868 4536 4928 5197 4968 4625 4284 5236 4893 5440 4580 4943 4922 5283 5206 4990 5259 5046 4450 5078 4402 5305 5190 4680 4684 4630 4632 5145 4694 4889 4957 5097 5050 4989 4899 4781 4685 4967 4841 5029 5067 4963 5208 4493 4701 4532 5193 4624 5150 5054 4607 5234 4731 5109 4750 5328 5331 5060 4937 5190 4889 4959 4823 4617 5192 5090 4978 5158 5379 4628 4733 4657 5175 4579 4742 4797 5102 4775 4792 4912 5031 5094 4529 4924 5199 4973 4816 4646 5039 4766 4870 4947 4673 4963 5174 4900 5144 5020 5278 4927 4557 4803 5280 4838 4660 4878 4767 5390 5027 4980 4631 5129 5253 4722 4839 4956 5021 4866 4672 4779 5054 5585 4316 5025 5105 5018 4764 4556 4943 4714 4711 5388 4944 4923 4858 4817 5197 4943 4791 4989 5216 5033 5202 4852 4372 4925 4890 4840 5298 5292 4968 4633 4857 4922 4746 5081 5135 5093 4945 5174 4873 4688 4814 4712 4710 4956 5025 4936 4395 4797 5193 5171 4416 4835 4916 4824 5149 4453 4592 4738 5227 4960 4977 4732 4720 4793 4779 4765 4986 4531 4803 4930 5116 5026 4886 4655 4931 4668 4900 5158 5010 5142 5304 4819 5048 4964 5344 4836 4933 5157 4833 5004 4701 5143 4540 4958 4989 5563
4940 5289 5090 5202 5353 5376 5191 4831 5385 5122 5478 5208 5042 4918 5416 5079 4926 5078 4930 5298 5141 4757 4808 5457 5241 5258 5688 5328 4969 5069 5059 5012 4938 5024 5031 5252 5245 5641 5121 4984 4909 5521 5565 4663 4707 5354 5343 5593 4867 5145 4868 5388 5221 5238 5204 5498 5036 5222 4679 5313 5633 4826 5189 4997 4717 5161 4830 5475 5240 5263 5367 4921 5226 5407 5024 5170 5242 5210 5231 5093 5337 4758 5159 4951 5342 5116 5429 5436 4910 5655 4910 5263 4904 5259 5520 5158 5388 5532 5371 5241 5273 4793 5119 5454 5105 5485 5306 5169 4717 5013 5602 4959 5210 5199 5519 4946 4986 4704 5111 5453 4828 5314 5386 5253 5038 4768 5357 5036 5339 5199 5094 5174 5492 5450 5369 5146 5335 4969 4890 5307 5160 5188 4897 5148 4922 5598 5320 5166 5046 5035 5347 5073 4837 4942 5481 4987 5237 5102 5196 5866 4702 5253 5120 5013 5156 4927 4966 4821 4791 5483 5113 5107 5469 5215 5225 5371 5174 5289 5531 5079 5355 4888 4966 5098 5119 5225 5623 5611 5069 5094 4965 5468 5174 5133 5141 5245 5008 5340 5375 4866 5227 5315 4708 5423 5215 5289 4731 5201 5311 5351 4732 5146 5298 5267 5516 5005 5028 5121 5447 5202 5245 5049 5093 5017 4970 4942 5247 4497 5160 5368 5615 5558 5043 5067 5078 5202 5279 5337 5182 5568 5537 5254 5198 5057 5576 5367 5233 5432 5450 4788 4644 5420 4994 5138 5162 5772
5610 5738 5517 5699 5880 5553 5607 5260 5262 5469 5764 5750 5323 5482 5639 5357 5348 5510 5579 5600 5513 5271 5284 5830 5624 5531 6088 5722 5167 5410 5603 5493 5107 5647 5091 5331 5646 5801 5549 5475 5561 6002 5629 5279 4869 5754 5796 5784 5222 5682 5427 5648 5728 5359 5793 5909 5284 5632 4981 5830 6089 5200 5586 5421 5362 5600 5395 5677 5563 5912 5991 5506 5485 5446 5317 5618 5582 5656 5213 5497 5685 5345 5516 5073 5589 5637 5860 5895 5258 5657 5492 5601 5421 5752 6026 5870 5461 5779 5640 5558 5435 5115 5827 5682 5690 6162 5463 5229 5237 5543 5708 5621 5265 5873 5772 5372 5280 5475 5570 5865 5443 5750 5627 5904 5517 5242 5744 5522 5816 5327 5230 5361 6001 5316 5635 5349 5692 5552 5114 5396 5823 5530 5303 5299 5380 5782 5603 5497 5462 5403 5949 5451 5307 5386 5788 5581 5149 5342 5737 6329 5136 5469 5395 5755 5460 5456 5290 5344 5348 6228 5737 5409 5767 5666 5716 5521 5787 5354 5772 5922 5772 5284 5314 5560 5324 5504 6098 5754 5731 5502 5509 5799 5459 5575 5644 5731 5393 5979 5743 5225 5464 5546 5292 5615 5521 5606 5013 5558 5637 6100 5086 5361 5538 5555 5969 5160 5221 5257 5545 5379 5432 5745 5653 5654 5258 5171 5247 4918 5488 5428 5990 6149 5267 5194 5106 5540 5565 5784 5613 5926 6074 5444 5612 5336 5589 5612 5395 6157 5636 5349 5151 5794 5330 5992 5384 6205
4920 5502 4895 5157 5330 5281 4952 4811 5050 5329 4987 5265 5183 5019 5243 4872 5091 5380 5339 5083 4673 4639 5268 5068 5338 5496 5720 5530 4875 4979 5155 5181 5077 5113 5077 5159 4972 5482 5266 4890 5167 5744 5241 4999 4606 5123 5025 5504 4793 5244 4850 5524 5522 4856 5360 5588 4658 5444 4923 5267 5426 4922 4997 5092 4906 5237 5028 5373 5062 5139 5169 4962 5112 5328 4689 5144 5294 5080 5224 4764 5212 4809 4931 4636 5544 5051 5318 5282 4876 5188 5137 5046 4950 5455 5350 5414 5252 5306 5003 5281 5216 4691 5216 5465 4915 5458 4964 4992 4660 4965 5174 5049 4824 5397 5503 5069 5012 4873 5016 5311 4668 5306 5486 5276 5090 4849 5016 5186 5182 5218 5074 5149 5667 4712 5150 5316 5241 5176 4751 5267 5391 4725 4949 5268 5154 5663 5120 5332 5041 5083 5582 5085 5081 4825 5408 5342 5130 5163 4839 5933 4511 5157 4961 5332 5096 5090 4903 4916 4933 5509 5106 5181 5084 5503 5245 4921 5377 5054 5624 5394 5624 4975 4679 4841 4948 5114 5529 5300 5283 4906 5028 5215 5015 5284 5079 5335 5148 5341 5263 5305 5137 5272 4781 5194 5236 5485 4648 5233 5176 5608 4744 5012 5144 5166 5339 4804 5159 5051 5345 5171 4940 5106 4814 5109 4837 5149 4987 4709 4922 5123 5302 5564 5282 4816 4979 5069 5008 5306 5207 5597 5712 5235 5166 4950 5495 5265 5347 5516 5035 4880 4816 5479 4810 5376 5227 5290
4736 5024 4799 5030 4982 4952 4956 4528 4820 4962 5272 5178 4788 4900 5330 4846 4735 4923 4570 4976 4681 4581 4709 5252 4911 4707 5549 5015 4813 4785 4831 5032 4482 4794 4577 5013 4747 5383 5011 4924 4862 5298 4721 4648 4314 5203 4926 5297 4621 4658 4822 5074 5110 4643 5107 4962 4564 4654 4461 5194 5096 4550 4606 4473 4736 4976 4846 4950 4952 5139 5210 4869 4957 5058 4721 5054 4763 4747 4790 5131 4919 4516 4631 4705 5048 4859 5313 5198 4684 5151 4882 4857 4812 4909 5470 5308 4751 4945 4615 4697 4621 4653 5184 5047 4883 5100 5004 4611 4620 5013 4961 4805 4568 5086 5165 5068 4336 4761 5015 4999 4572 5234 4984 4951 4640 4485 4945 4807 5078 4766 4714 4830 4986 4739 4911 4780 5070 4610 4408 4900 5238 4693 4881 4757 4711 5145 5072 4768 4660 4786 5153 4849 4494 4819 5115 5187 4827 4731 4754 5605 4289 5084 4848 5112 4779 4653 4517 4613 4502 5399 4799 4698 5133 5294 5104 4797 5074 4830 5250 5070 5291 4532 4405 4860 4786 4659 5324 5014 5050 4836 4914 4920 4657 5110 4755 4918 4761 5208 4777 4783 5002 5063 4525 5186 4931 4925 4329 4840 5072 5182 4680 4839 4873 4741 5114 4830 4598 4672 4913 5119 5171 4715 4716 4767 4654 4890 4812 4262 4733 4876 5229 5309 5123 4639 4812 4904 4855 4972 5011 5459 5313 4909 5050 4658 4990 5088 4788 5212 4759 4573 4587 4834 4606 5090 4780 5241
5046 5243 4918 5398 5253 5098 4980 4560 5114 5228 5108 5309 4844 4858 5016 4787 4859 5185 4916 4922 4878 4760 5010 5320 5183 5031 5793 5314 4950 5150 4774 4943 4624 5304 4897 4923 4972 5666 5001 4942 5207 5397 5015 4785 4395 5228 5098 5156 4542 5038 4856 5178 5028 4936 5154 5237 4500 5123 4741 5355 5612 4825 5273 4891 4852 4904 5065 5180 5028 5298 5126 5006 4913 5075 4983 5306 5281 5089 4758 4975 5347 4934 4972 4752 5209 4883 5305 5447 4766 5243 4809 5064 4939 5263 5248 5218 5061 5136 5148 5339 4775 4973 5377 5132 5139 5303 5199 4778 4677 5086 5318 4999 4856 5419 5528 4921 4613 4864 5133 5452 4571 5163 5073 5011 4979 4686 5239 5189 4930 5050 4986 5020 5349 5066 5226 5102 5179 5044 4818 4962 5073 4821 5255 5131 4937 5331 4750 5052 4920 5381 5221 4712 5057 4929 5238 4880 5235 5198 5068 5662 4442 5125 5163 5090 5209 4811 4850 4783 4575 5654 5093 5147 5162 5129 5292 4774 5159 4868 5534 5190 5415 4953 4321 4825 4951 5177 5376 5351 4936 5055 5017 5159 4870 5021 4939 5313 5100 5321 5298 4743 4893 4989 4804 5226 4957 5016 4873 5163 5375 5661 4752 4967 4970 4979 5306 4792 4955 4860 4972 5078 5114 4884 4883 5025 4762 4790 4964 4627 4952 4732 4981 5924 5227 4879 5063 5152 4918 5112 5007 5417 5540 4880 5072 4932 5175 5002 4865 5543 4989 4832 4873 5207 4840 5128 4668 5716
4915 5170 5002 5351 5067 5336 4924 4901 5371 5247 5479 5358 4823 5009 5649 4968 5128 5200 5060 5197 4934 4667 4745 5363 5341 5016 5454 5411 4992 5227 4959 5176 5096 5344 4968 5276 4886 5534 5230 5057 5273 5822 5030 5123 4464 5238 5371 5412 4762 5061 5127 5228 5289 4386 5344 5483 4716 5381 4671 5282 5424 4608 5104 4787 4899 5302 4853 5279 5133 5386 5277 4981 4998 5126 4647 5238 5327 5035 4995 5336 5176 4351 4712 4539 5359 5159 5408 5469 4777 5184 4980 5395 4910 5361 5383 5516 5156 5321 5063 4995 4777 4910 5244 5295 4929 5420 5273 5123 4845 5240 5460 4967 4935 5255 5508 5119 4942 4779 5233 5323 4917 5271 5188 5234 5119 4667 5184 4792 5309 5190 5024 5198 5395 5140 5240 5243 5408 4902 4658 5147 5312 4712 5057 4996 5088 5514 4888 4850 5062 5167 5456 5086 4833 5049 5294 5168 4701 5052 4950 5820 4713 5000 5231 5310 4884 4877 4635 4984 4847 5706 5165 5202 5288 5174 5555 5108 5015 5129 5455 5240 5372 5011 4798 5128 4903 4935 5483 5301 5219 4984 4986 5359 4920 5408 5215 5314 5124 5535 5186 4779 5161 5270 5019 5425 5237 5264 4440 5064 5139 5497 4749 5179 5196 4941 5211 4785 4857 5134 4890 5183 5006 5040 5064 5143 4811 4793 5129 4816 5153 4987 5420 5272 5126 4817 5009 5166 5095 5048 5331 5192 5493 5353 5145 5021 5453 5293 5014 5585 4951 4739 4781 5391 4998 5235 5104 5427
5139 5141 5068 5306 5485 5334 5064 4589 5063 5425 5211 5360 5034 5128 5490 4936 4908 5057 4896 5315 5108 4920 4978 5344 5304 5254 5588 5213 5186 5238 5246 5135 4990 5320 5078 5137 4798 5418 5120 4925 5144 5718 5024 4981 4628 5159 5483 5439 5056 4971 5050 5172 5259 4845 5384 5159 4686 5277 5040 5700 5513 4889 5185 5273 4958 4998 4960 5113 5305 5420 5299 5251 4966 5146 4908 5197 5276 5002 4742 5439 5386 4773 4906 4797 5292 5035 5491 5273 5108 5405 5119 5087 4851 5380 5518 5432 5317 5315 5009 5243 4929 4770 5439 5300 5126 5183 5554 4928 4861 5206 5410 5086 5017 5276 5646 5146 4622 4776 5008 5292 5023 5295 5265 5188 5003 4850 5271 5225 5290 5024 5056 4831 5599 4993 5121 5241 5192 4879 4594 5275 5291 4884 5203 5073 5182 5438 5197 5077 5062 4984 5546 5024 5038 5029 5394 5148 4985 5116 4804 5804 4348 4993 5173 5007 5188 4824 4928 4906 4869 5754 5448 5253 5503 5297 5184 5160 5340 4993 5446 5284 5617 4981 4649 4882 4925 5155 5872 5413 5147 4871 4945 5154 5171 5164 5097 5439 5064 5580 5509 4787 5241 5301 5060 5278 5233 5478 4771 5121 5294 5349 4723 5205 5216 5364 5406 4840 5184 5112 5055 5244 4908 5050 5143 5233 4871 4907 5285 4678 5032 4917 5407 5709 4831 4857 5013 5122 5058 5218 5007 5622 5638 5127 5152 4999 4966 5308 5296 5318 5002 5000 5078 5434 5012 5062 5156 5537
5107 5427 5301 5484 5417 5707 5218 4925 5462 5404 5389 5189 5088 5186 5540 5060 5007 5469 5070 5390 5001 4627 5111 5158 5486 5207 5601 5522 4727 5240 5150 5461 5170 5126 5022 5589 5168 5489 5369 5072 5232 5661 5354 4967 4775 5356 5248 5350 4768 5338 5019 5707 5647 4891 5428 5517 4893 5501 5090 5513 5666 4923 5252 5048 5102 5499 5073 5416 5224 5627 5232 5254 5115 5325 5050 5377 5221 5319 5274 5329 5534 4695 5063 4907 5372 5231 5550 5432 5129 5628 5139 5345 4743 5498 5609 5233 5408 5592 5124 5296 5220 4921 5314 5367 5081 5590 5460 5036 4972 5197 5467 4954 5142 5437 5806 5137 5175 5183 5301 5445 5027 5503 5557 5273 5150 5065 5330 4990 5060 5326 4970 4902 5663 5041 5207 5395 5370 4994 4884 5157 5185 5007 5015 5019 5166 5644 5519 5115 4908 5292 5393 4978 5091 5089 5384 5268 4934 5173 4995 5571 4925 5284 5336 5374 5204 4918 4709 5050 4988 5819 5338 5065 5379 5209 5389 4994 5241 5350 5615 5427 5594 4987 4793 5228 5218 5093 5605 5765 5369 5262 4894 5178 4979 5629 5392 5297 5168 5430 5346 5224 5368 5306 5096 5436 5571 5608 4845 5219 5495 5601 4985 5083 5198 5241 5710 4968 5065 5217 5522 5244 5379 5350 5063 5134 5022 5384 5047 4726 5032 5058 5475 5598 5175 5149 5165 5396 5152 5424 5324 5735 5675 5334 5360 5320 5399 5329 5278 5735 5204 5153 5008 5597 4875 4943 5057 5490
4766 5134 5089 5239 5219 5126 4913 4487 5099 4916 4969 5045 5010 4749 5338 4819 4721 5149 4942 4699 4982 4639 4846 5260 5196 5186 5315 5185 4647 4936 5040 5040 4746 4858 4952 5369 4861 5474 5249 4986 4829 5317 4923 4778 4277 5312 5051 5260 4777 5236 4740 5071 5097 5046 4994 5215 4673 5133 4805 5120 5441 4585 5001 5040 4924 4967 4878 5301 5070 5183 5106 4927 4933 4917 4878 4996 5068 4957 4769 4961 5070 4538 4910 4782 4946 4940 5269 5221 4841 5377 5109 5051 4764 5085 5390 4963 5290 5485 4998 5181 4619 4629 5039 4864 4648 5073 5340 4680 4959 4959 5186 4741 4930 5117 5297 4959 4533 4945 4879 5212 4773 5198 4954 5083 4818 4863 5059 4847 4909 5116 4999 4583 5215 4670 5094 5006 5107 4699 4488 5185 4981 4726 5008 4808 4994 5329 4960 5041 4879 5010 5329 4806 4654 4703 5002 4991 4840 4919 4617 5408 4479 4857 5058 4914 4884 4661 4519 4800 4628 5588 5287 5061 5260 5116 5207 4839 5048 5098 5268 5176 5427 5005 4134 4811 4896 4910 5164 5447 5137 4909 4886 5320 4789 4951 4835 5040 4990 5234 5282 4769 4773 4764 4646 5429 5064 5133 4724 5175 4870 5290 4633 4855 5225 4914 5152 4677 4985 5267 5014 5063 4993 4863 4842 4723 4651 4728 4771 4372 4817 4905 5206 5068 5123 4808 5046 5051 4994 5022 4975 5630 5701 5003 5027 4999 5440 4989 4942 5205 5073 4885 4683 5425 4432 4971 4476 5332
4905 5271 4862 5262 5155 5124 5054 4646 5245 5094 5208 5165 5020 5049 5232 4861 4752 5230 4951 5026 4902 4676 4667 5030 4808 5108 5433 4817 4733 4885 5027 5370 4914 4896 5079 5055 5113 5220 4955 4839 5167 5602 4762 4884 4397 5158 4996 5440 4537 4862 4768 5253 5316 4796 5029 5058 4773 4812 4768 5033 5379 4680 4857 4679 4827 5119 4755 5183 4865 5167 5113 4964 4741 5317 4621 5011 5243 5065 4877 4933 5296 4583 5085 4484 5146 4810 5334 5181 4597 5338 4739 5027 4620 5293 5211 5116 5174 5030 4834 4933 4785 4759 5101 5419 5040 5015 5235 4840 4648 4915 5307 4785 4821 5070 5340 4605 4765 4921 4887 5215 4533 5276 4993 5132 4859 4736 5146 4843 5026 4952 4831 4972 5157 4779 5165 5180 5030 4713 4429 4891 5176 4805 4871 4732 4997 5543 4956 4961 4624 5023 5202 5046 4699 4927 4909 5233 4855 4849 5011 5469 4297 5039 5016 5175 5014 4791 4542 4726 4777 5517 5025 4846 5012 4975 4913 4781 4738 5003 5235 5082 5132 4923 4443 4757 4998 4942 5591 5012 4893 5089 4607 5042 4855 5230 5024 4885 5005 5177 5243 4714 5095 4908 4852 5287 5093 4914 4678 5043 5190 5231 4634 5175 4917 4678 5128 4746 4805 4791 4870 4790 5202 4816 4427 4767 4581 4849 4688 4325 4639 4879 5412 5174 5121 4657 4967 5059 4712 5359 5029 5417 5396 4878 4788 4849 5134 4855 4821 5271 4769 4558 4862 5306 4710 4924 4742 5383
5134 5568 5164 5568 5509 5734 4978 5093 5583 5351 5537 5278 5052 5362 5953 5245 5063 5558 5625 5509 5140 5028 5194 5640 5477 5290 6088 5764 5372 5008 5521 5532 5389 5149 5238 5353 5285 5621 5401 5247 5277 5855 5428 4909 4796 5381 5370 5727 5146 5347 5374 5549 5479 5217 5459 5719 5227 5567 5336 5601 5890 5131 5252 5069 5095 5652 4991 5192 5352 5554 5133 5090 5273 5381 5311 5185 5288 5448 5168 5238 5322 5066 4984 4954 5669 5324 5459 5687 5102 5598 5265 5269 5144 5510 5600 5402 5602 5764 5385 5509 5296 4931 5661 5613 5514 5418 5287 4871 5257 5485 5307 4967 5092 5712 5572 5212 5121 4987 5434 5516 4894 5539 5660 5620 5244 4984 5434 5139 5487 5221 5453 5154 5633 5203 5399 5352 5584 5170 4993 5517 5622 5068 5237 5208 5380 5754 5458 5320 5161 5158 5888 5168 5068 5339 5626 5488 5339 5433 5255 5718 4513 5371 5228 5459 5207 5075 5000 5185 4968 5583 5423 5507 5674 5437 5500 5223 5583 5384 5622 5631 5544 5198 4921 5139 5322 5444 5518 5553 5503 5378 5431 5495 5273 5821 5549 5388 5172 5713 5676 5250 5297 5186 5007 5769 5371 5421 4952 5219 5456 5768 4996 5204 5214 5291 5705 5154 5489 5367 5816 5312 5266 5217 5290 5363 5167 5300 5427 4503 5301 5531 5626 5608 5439 4960 4967 5536 5592 5512 5430 5734 5678 5386 5539 5246 5676 5631 5203 5762 5440 4924 5031 5520 5294 5486 5304 5809
4829 4938 4942 5081 5098 5075 5051 4725 5127 5161 5468 5380 5183 4911 5283 5251 5134 5421 5139 5077 4948 4813 4924 5300 5296 5062 5551 5334 5009 4975 4947 5088 4898 4997 5230 5308 5098 5632 5210 4835 4970 5589 5127 5116 4537 5448 5270 5001 4666 5270 5038 5419 5156 4966 5325 5326 4780 5099 4665 5318 5369 4885 4959 4924 4875 5109 4950 5117 5229 5447 5359 4998 4938 5175 5065 5283 4924 5098 5211 5121 5077 4403 4986 4661 5570 4990 5496 5539 4839 5425 5004 5158 5045 5213 5630 5247 5153 5326 5215 4953 5118 4847 5442 5465 4834 5315 5299 4799 4731 5081 5656 4906 4842 5100 5476 4983 4820 4983 4932 5340 4733 5172 5236 5274 5013 4600 5149 4921 4781 5392 5224 5023 5492 4958 5354 5075 5352 5007 4841 5103 5282 4778 5095 4874 5287 5372 5073 5001 4868 5366 5492 4815 4692 4860 5448 5135 5192 4991 4875 5825 4695 5186 5257 5028 4963 4727 4709 4605 4837 5572 5181 4908 5400 5250 5171 4870 5212 5007 5420 5151 5643 4860 4907 5033 4676 5246 5406 5418 5308 5066 4926 5342 5094 5382 5124 5356 5073 5380 5254 4760 4890 5332 4797 5492 5261 5266 4532 5315 5305 5461 4656 5138 5140 4976 5330 4685 4812 5062 5179 5188 5092 4916 5247 4908 4829 4862 5009 4506 4938 5335 5308 5598 5024 4849 4934 4969 5290 5304 5153 5783 5605 5169 5000 4957 5562 5045 4957 5496 5201 4837 4593 5472 4963 5391 4915 5646
4809 5291 4942 4985 5053 5417 4973 4646 5347 5378 5065 4987 4739 4912 5244 4921 4797 5347 5085 5213 4999 4517 5167 5156 5153 5217 5643 5207 4808 5030 5106 4995 4735 5152 4678 5143 4964 5640 5260 4822 5289 5453 4956 4913 4667 5243 5263 5390 4947 5062 5257 5283 5696 4865 5309 5112 4793 5124 4764 5021 5425 4680 4983 4864 5058 5301 4771 5180 5123 5218 5154 5073 5178 5227 4764 5053 5139 5406 5035 4971 5162 4830 5079 4908 5062 5019 5305 5098 4950 5263 5001 5177 4925 5361 5581 5119 4965 5243 5234 4959 5011 4588 5021 5135 5129 5086 5290 4841 4718 5016 5411 4979 4884 5376 5244 4895 4881 4837 4966 5262 4832 5281 5103 4959 4685 4962 5217 4812 5099 4949 4665 4800 5582 5169 5242 5213 5190 4743 4570 4966 5678 4749 4920 4949 4796 5611 5373 5149 4689 5032 5449 4958 4774 4995 5380 4961 4957 4900 5034 5475 4521 4938 5112 5417 4940 4778 4712 4963 4790 5504 5098 5151 5218 5193 5358 4965 5275 5000 5418 5156 5206 4795 4736 5007 4895 5000 5532 5455 5209 4891 4939 4936 4763 5224 5238 5238 4913 5443 5086 4875 5031 4970 4629 5168 5246 5142 4732 4976 5070 5534 4716 4966 5116 4945 5522 4897 4872 5016 4885 5375 5155 5067 5147 4904 4973 4950 5115 4451 5083 5143 5431 5144 5120 4979 5036 5254 4972 5164 4812 5512 5385 5040 5063 4803 5089 5051 5043 5553 5277 5029 4741 5445 4861 5013 5047 5607
5436 5279 4850 5234 5103 5466 4804 4637 4934 5134 5047 5380 4979 4999 5236 5257 4986 5399 5268 5405 4882 4674 4927 5419 5179 5104 5510 5383 5013 4888 5070 5277 5017 5132 5122 5328 5093 5452 5201 5096 5216 5717 5169 5107 4747 5361 5425 5470 4601 5069 5154 5224 5389 4670 5085 5299 4709 5272 4779 5183 5642 5037 4930 4868 4938 5429 5110 5131 5029 5382 5253 5069 5086 5282 4999 5207 4975 5121 5078 5488 5220 4802 4674 4867 5330 4973 5463 5383 4937 5226 5233 5501 4857 5411 5616 5420 5241 5085 5130 5178 4922 4905 5227 5344 4985 5389 5284 4848 5059 5023 5433 5014 4861 5444 5219 5224 4690 4881 5095 5402 4940 5365 5374 5297 4911 4545 5340 5081 5115 4747 5048 4710 5476 5171 4892 5023 5111 5254 4493 5156 5705 4685 5201 5169 4982 5216 5091 5000 4748 5162 5368 4861 4877 4956 5408 5146 5131 5182 4746 5575 4527 5005 5178 5165 5106 4948 4827 4938 4784 5339 5288 5237 5479 5176 5092 4931 5057 5221 5405 5479 5574 4883 4734 4915 5308 5020 5543 5676 5024 5055 5022 5274 5032 5473 5070 5244 5007 5432 5360 5005 5153 5037 4653 5199 5211 5209 4836 5190 5288 5607 4771 4910 5189 5331 5395 4502 4714 5086 5106 4988 5141 4924 5077 5345 4655 5021 5088 4690 4869 5051 5271 5698 5312 4996 5215 4997 5283 5475 5333 5435 5294 5083 5263 4962 5206 5206 5381 5497 5298 5066 5062 5365 5020 5198 5006 5451
4920 5097 5046 5179 5304 5353 4934 4586 5067 5309 4821 5086 4972 4943 5089 4899 4863 5416 4866 5189 5023 4470 4712 5137 5257 5195 5457 5142 4812 4910 5180 4944 4749 4946 5069 5072 4907 5077 4893 5031 5029 5306 4943 4761 4388 5304 5188 5245 4746 5061 5050 5183 5276 4703 5455 5133 4597 5117 4670 5229 5429 4631 4790 5010 4824 5127 4868 5013 5120 5267 5045 5054 4786 5159 4620 5092 5164 5134 4740 5089 5199 4567 4829 4736 5145 4820 5325 5494 4718 5062 5014 5036 4680 5085 5327 5029 5110 5114 5137 4972 4966 4455 5124 5284 4791 5288 5303 4663 4960 5142 5170 4955 4967 5139 5304 4937 4542 4844 4795 5245 4694 5102 5244 5087 5065 4696 4961 4948 5116 4993 4883 4712 5481 4918 4864 4902 5353 4845 4774 5013 5290 4785 4893 4545 5060 5392 5115 4999 4752 4941 5340 4816 5062 4868 5065 5162 4774 4990 4911 5601 4436 4839 4993 5157 4908 4935 4904 4543 4714 5312 4996 5181 5211 4969 4917 4839 5138 5193 5184 5264 5390 4731 4744 4807 4793 4971 5590 5496 4990 4837 4890 4964 4754 5007 5053 5168 4818 5415 5227 4606 4937 4975 4586 5133 5238 5236 4599 4908 4799 5211 4703 4955 5072 5053 5197 4408 4749 5064 4987 4768 4857 4976 4943 5058 4866 4827 4919 4478 5003 4882 5316 5358 4842 4732 5040 5106 4789 5360 4891 5517 5442 5023 4754 4802 5234 5023 5303 5299 4865 4766 4778 5481 4714 4954 4902 5404
4918 5193 4993 5110 5060 5276 5029 4668 5011 5029 5170 5149 4877 4901 5232 5062 4806 5134 5016 5104 4995 4656 4771 5094 5015 5010 5617 5235 4757 4708 4698 4855 4879 4814 5112 4870 4920 5535 4925 4755 5188 5491 5216 4872 4318 5044 4969 5206 4714 5132 4737 5305 5003 4755 5119 5202 4768 5195 4551 5396 5536 5072 4883 4888 4911 5014 4767 4941 5442 5031 5039 5074 4716 4906 4764 5225 5089 5086 4937 5304 5195 4403 4765 4758 5398 4846 5335 5277 4564 5176 4898 5134 4968 5226 5287 5049 5064 4979 5055 4952 4893 4656 4897 5078 4887 5189 5500 4776 4757 4836 5314 4894 4921 5098 5299 5340 4994 4809 4843 5285 4680 5154 5064 5346 4838 4563 5224 4740 4867 4943 4711 4781 5384 5001 4930 4945 5278 5138 4643 5173 5227 5150 4866 4669 4813 5120 5164 4956 4710 4700 5590 4782 4995 4728 5200 5218 4879 5044 4959 5564 4294 4789 4934 5003 4900 4842 4607 4708 4694 5216 5120 5053 5558 5116 5340 4877 4894 5130 5226 5173 5336 4719 4793 4789 5010 5114 5440 5187 5057 4854 5040 5442 4903 5105 5116 5189 4873 5197 5219 4734 4923 5028 4789 5324 5183 5367 4630 4926 5128 5296 4563 4799 4932 5240 5574 4704 4830 4970 4877 4919 5011 4863 4899 4872 4831 5049 4976 4509 5012 5123 5494 5447 4886 4634 4938 5045 5026 5255 5122 5070 5534 5073 4863 4781 5408 5063 5222 5357 5008 4721 4718 5459 4718 5182 4960 5632
5283 5418 5302 5378 5253 5751 4983 4779 5401 5413 5119 5551 5022 5036 5435 5005 5111 5555 5427 5271 4773 4558 5072 5114 5439 5098 5908 5428 4832 5386 5239 5133 5033 5344 5126 5351 5234 5638 5436 5236 5386 5663 5535 5016 4555 5151 5209 5579 4709 5381 4997 5362 5710 4994 5360 5389 5036 5710 4890 5489 5781 4871 5486 5147 5321 5403 5060 5445 5182 5346 5398 5115 5058 5302 4992 5439 5223 5478 5027 5441 5632 5052 4912 4986 5115 5019 5705 5420 4851 5606 5139 5276 5002 5708 5539 5491 5438 5526 5327 5540 5343 4886 5454 5366 5283 5535 5389 5020 4961 5184 5400 5222 5236 5413 5535 5427 5061 5050 5211 5563 5323 5698 5524 5169 5222 4975 5671 5142 5578 5276 4796 4952 5760 5331 5236 5247 5705 5248 4676 5362 5408 5125 5171 5232 5259 5574 5426 5152 4963 5410 5626 5186 5121 5048 5604 5185 4959 5270 5393 5815 4657 5022 5131 5163 5100 4947 5002 4647 4775 5671 5143 5290 5425 5414 5545 4828 5119 5513 5715 5542 5572 4939 5121 5016 5432 5231 5713 5788 5312 5161 5223 5220 4785 5429 5301 5330 5329 5288 5453 5144 5179 5299 5020 5356 5492 5217 5037 5270 5416 5663 4916 5153 5297 5199 5633 5203 5036 5181 5480 5154 5251 5137 5237 5239 4754 5100 5210 4700 5162 5018 5336 5638 5287 5081 5128 5249 5184 5390 5344 5465 5700 4962 5496 5155 5228 5223 5323 5629 5370 5293 5006 5470 5123 5515 5163 5546
4829 5098 4691 5023 4979 5252 4784 4502 4967 4918 4763 4757 4552 4685 5328 4534 4707 4990 4815 4809 4648 4476 4699 4883 4755 4814 5282 4859 4523 4656 4932 4803 4624 4777 4652 5117 4916 4979 5094 4616 4926 5175 4673 4735 4166 4915 5023 5016 4509 4841 4753 5037 5077 4764 5013 5110 4607 5066 4536 5053 4921 4595 4880 4961 4784 4949 4687 4976 4745 5171 5029 4758 4868 4811 4578 4825 4783 4797 4730 5102 5022 4688 4599 4525 4898 4796 4996 5078 4638 4914 4779 5050 4705 5218 5401 4742 4852 4899 5010 4771 4481 4397 4927 5120 4658 5044 5051 4519 4579 5047 5245 4549 4685 4866 5058 4674 4501 4863 4769 5028 4666 5286 4821 4793 4743 4590 4987 4694 4813 4804 4653 4615 5009 4620 4875 4808 5018 4695 4326 4695 4765 4739 4739 4658 4960 5226 5140 4812 4787 4706 5266 4653 4494 4774 4977 4854 4439 4810 4745 5319 4194 4687 4725 4848 4732 4549 4390 4356 4624 5271 4947 4662 4901 4916 4915 4557 4824 4678 5112 5029 5084 4660 4480 4991 4849 4626 5250 5107 4878 4671 4648 4777 4512 5052 4834 5049 4901 5036 5094 4757 4623 4705 4287 5041 5172 4855 4659 4880 4884 5169 4419 5009 4909 4516 4976 4621 4520 4985 4747 4699 4861 4686 5029 4721 4528 4603 4524 4295 4717 4835 5245 4989 4878 4532 4597 4710 4670 4686 4752 5078 5254 4952 4987 4925 5064 4954 4731 5154 4762 4783 4668 5049 4457 4763 4731 5114
4573 5304 4909 5121 4744 5277 4910 4674 5044 5029 4885 5215 4524 4850 5142 4998 4735 4766 5160 4983 4517 4555 4785 5043 4811 4894 5271 5242 4877 4827 5082 4837 4875 4913 4575 4741 4857 5059 5019 4815 4862 5281 4933 4763 4313 5021 4735 5317 4471 4944 4850 5028 5416 4610 4954 5205 4803 5060 4682 4819 5435 4729 4738 4914 4799 4963 4679 4921 4779 5076 4956 4853 4989 4917 4643 5170 5243 4905 4796 4917 4877 4573 4665 4325 5129 5028 5081 5103 4619 4906 4831 5231 4796 5415 4981 4716 4975 5148 4862 4815 4592 4234 4990 5093 5043 5033 4898 4908 4549 4890 4952 4861 5025 4916 5106 4834 4881 4694 4951 5071 4751 4898 4878 5200 4712 4698 5055 4626 4996 5040 4745 4948 5123 4783 5062 5016 5103 4817 4485 4854 4985 4664 4751 4708 4845 5405 5135 5025 4421 5081 5156 4730 4529 5018 5132 4977 4713 4903 4822 5492 4398 4819 4947 5014 4793 5003 4355 4803 4629 5168 4985 4927 5035 4781 5145 5042 4832 4933 5147 5120 5213 4679 4532 4697 5047 4852 5462 5221 4819 4852 4726 4819 4641 5230 4960 5196 4848 4974 5062 4660 4840 4869 4645 5320 5030 4775 4680 4746 4949 5438 4587 5067 5020 4854 5225 4880 4624 4923 5212 4863 4568 4670 4767 4881 4769 4747 4766 4644 4879 4907 5204 5270 4945 4399 4641 5037 5036 5120 5111 5158 5210 5085 5048 4837 4915 4956 4865 5136 4880 4834 4676 5233 4891 4918 4760 5368
4929 5427 4940 5264 5145 5584 5075 4822 5111 5364 4986 5354 5131 5133 5409 4943 5107 5319 5221 5116 4925 4821 4956 5320 5149 5070 5684 5298 4944 5124 5018 5118 4928 5233 4857 5000 5126 5468 5122 5004 5226 5700 5352 4892 4610 5091 5316 5667 4749 5000 5036 5320 5458 4734 5370 5684 4853 4944 4880 5360 5707 4831 5095 4943 5164 5225 4961 5182 4836 5142 5181 5077 5147 5388 4775 5086 5205 5228 4934 5141 5413 4927 5027 4672 5029 5071 5296 5542 4872 5063 5079 5232 4832 5449 5378 5138 5253 5230 5284 5094 4863 4783 5237 5382 5136 5278 5226 4814 4826 5054 5392 5076 5033 5310 5545 5143 4767 4927 4939 5420 4881 5414 5199 5297 4917 4960 5423 4850 4942 4949 5054 4778 5287 5142 5297 5126 5244 5055 4813 5003 5374 4588 5065 5129 5114 5687 5088 5068 4952 5198 5263 4898 4956 5346 5320 5001 5016 4973 5106 5697 4558 5142 5041 5169 4981 4854 4838 4713 4929 5506 5189 5086 5232 5180 5336 4764 5288 4945 5611 5151 5223 4729 4764 4811 5136 4859 5482 5417 5150 4977 5172 4901 4860 5403 5204 5247 4937 5299 5589 4870 5014 5124 4746 5298 5243 5282 4748 5026 5119 5603 4925 5159 5334 4951 5258 4765 4750 5062 5131 4905 5050 4925 5086 5067 4731 5071 4936 4723 5148 5033 5385 5580 5120 4870 5049 5000 5243 4837 5266 5548 5471 5286 5159 4986 5157 5392 4936 5510 5159 4875 4805 5264 4747 5030 4987 5492
4654 4976 4623 4957 4803 5135 4903 4357 4883 4930 4642 4670 4519 4620 5036 4550 4780 5005 4894 4777 4616 4318 4369 5034 4767 4704 5197 5048 4734 4582 4878 4658 4513 4786 4660 4837 4516 5067 4684 4762 4613 5223 4764 4663 4237 5132 4678 5174 4412 4687 4574 4977 4956 4519 5072 4939 4450 5028 4603 4994 5216 4753 4639 4624 4517 4817 4816 4775 5087 5067 4947 4683 4870 4921 4730 4894 4720 4995 4890 5176 4993 4492 4612 4633 5025 4468 5108 5075 4675 4945 4612 4970 4630 4901 5096 4858 4878 4946 4758 4714 4548 4543 5086 5158 4792 4995 4869 4385 4535 5108 5029 4610 4570 5059 4990 4722 4351 4701 4892 4859 4502 5053 4852 4919 4603 4494 4808 4724 4784 4970 4446 4760 5082 4549 4909 4742 4681 4670 4395 4719 5092 4789 4689 4850 4629 4859 4841 4891 4414 4975 5161 4472 4775 4440 5248 5028 5010 4695 4737 5401 3992 4749 4891 4961 4893 4310 4671 4613 4620 5050 4975 4650 4847 4920 4925 4823 5035 4977 5138 4895 5333 4594 4406 4604 4961 5045 5093 5173 4961 4670 4622 4783 4861 5026 4662 4977 4720 5206 4732 4434 4789 4930 4587 5190 4932 4821 4367 4930 4853 5103 4324 4959 4801 4608 4982 4462 4660 4605 4828 4851 4923 4701 4792 4595 4563 4714 4762 4186 4627 5010 5224 5233 4977 4536 4873 4791 5033 5161 4562 5143 5077 4653 4875 4703 5114 4939 4608 5090 4751 4606 4989 4960 4982 4889 4715 5100
5006 5451 5101 5027 5135 5582 5152 4697 5459 5405 5275 5336 5249 5274 5345 4940 5019 5530 5329 5289 5183 4876 5167 5339 5575 5040 5746 5335 5351 5060 4949 5163 5027 4923 4943 5355 5187 5458 5147 4943 5351 5716 5309 5098 4414 5414 5323 5668 4664 5153 5332 5618 5450 4927 5348 5367 4666 5031 4872 5395 5739 4779 5246 4877 5169 5299 5139 5340 4929 5505 5146 5056 5294 5450 5001 5288 5237 5145 5171 5455 5272 4730 4936 4823 5302 5284 5407 5427 5120 5393 5310 5504 5155 5614 5733 5280 5383 5303 5082 5383 5103 4980 5359 5441 5381 5489 5371 5018 4768 5155 5447 5018 5055 5265 5449 4949 5019 5159 5180 5322 4938 5711 5412 5300 5190 4819 5384 4762 5088 5250 4955 4986 5647 5162 5425 5326 5318 4961 4618 5180 5488 5249 5116 5062 5335 5756 5384 4956 4931 5358 5469 4974 4894 5196 5229 5363 4936 5228 5050 5815 4548 5051 5259 5494 5005 4892 4787 4841 4824 5577 5303 5055 5490 5327 5148 5146 5313 5322 5658 5389 5556 5174 4961 5157 5088 4990 5406 5334 5333 5142 4998 5300 5010 5674 5512 5629 5021 5488 5380 4861 5175 5303 4793 5303 5432 4999 4788 5335 5286 5717 4731 5322 5203 5237 5582 4889 5026 5226 5010 5111 5308 5048 4621 5241 4704 5011 5331 4750 5033 5214 5328 5648 5216 5134 5423 5269 5153 5285 5470 5800 5682 5306 5576 5125 5800 5171 5202 5567 5308 4989 5002 5476 4845 4854 5200 5613
4952 5341 4866 5404 5468 5258 5069 4746 5318 5119 4922 5207 5187 4968 5191 4931 5051 5201 5224 5358 4972 4868 4841 5347 5206 5046 5825 5537 5043 5323 5073 5204 4914 5500 5002 5190 5064 5523 5123 4961 5121 5393 4943 5033 4376 5516 5217 5317 4690 4979 5086 5119 5400 5068 5308 5136 4669 5266 4812 5279 5610 4777 4927 5177 4990 5026 4954 5373 5104 5310 5039 5154 5011 5167 5193 5217 5375 5287 4877 4953 5221 4542 5056 4909 5122 5123 5445 5629 4792 5191 4974 5112 5029 5170 5797 5509 5012 5334 5177 4974 5002 4833 5390 5288 5006 5266 5321 5005 4797 5154 5352 5284 4918 5357 5262 4921 4877 4905 4878 5439 4734 5206 5026 5147 4613 4916 5172 4889 5296 5234 5093 4968 5571 5042 5166 5398 5098 4918 4811 4974 5271 5103 5284 4811 5249 5472 5123 5198 4880 5211 5417 4937 4909 4961 5275 5260 5297 5391 5165 5669 4498 5289 5166 5274 5005 4688 4615 4651 5139 5824 5243 5360 5219 5224 5121 5049 5334 5164 5729 5583 5391 5076 4860 5007 4852 5266 5663 5234 5154 5064 5178 5169 4900 5169 5014 5502 5107 5655 5320 4668 4992 5228 4746 5274 5258 5149 4942 5336 4945 5529 4812 5222 4831 5092 5240 4874 4887 4995 4951 5148 5200 4932 5282 5193 4881 4853 5003 4516 5021 4880 5541 5707 5131 4890 5172 5358 4843 5257 5036 5421 5895 5224 5040 4837 5293 4831 4794 5789 4977 4612 4697 5470 4917 5205 4882 5531
5172 5873 5541 5437 5418 5558 5273 5075 5380 5374 5610 5334 5070 5064 5587 5265 5101 5511 5381 5473 5008 4970 5113 5535 5356 5095 5833 5406 5325 5387 5404 5489 5117 5081 5346 5433 5399 5777 5426 5103 5227 5787 5446 5200 4727 5471 5446 5648 4890 5213 5235 5687 5498 4905 5443 5480 5179 5439 4967 5466 5719 5104 5100 5188 5227 5215 5132 5333 5149 5452 5606 5289 5455 5464 5001 5277 5391 5518 5093 5374 5403 4969 5268 5067 5603 5314 5636 5555 5174 5391 4907 5350 5084 5570 5847 5451 5399 5497 5323 5310 5215 5023 5566 5398 5335 5496 5438 5003 5221 5409 5664 5058 5146 5482 5454 5277 5053 5040 5109 5609 5513 5569 5241 5419 5162 5043 5400 5147 5344 5039 5123 5089 5529 5432 5380 5295 5487 5017 4923 5338 5704 4851 5209 5137 5263 5624 5316 5224 5011 5292 5515 5041 5292 5191 5559 5140 5313 5440 5399 5669 4752 5126 5310 5466 5108 5031 5161 4936 5113 5844 5293 5116 5425 5460 5409 5049 5470 5243 5516 5589 5714 5077 4631 5200 5225 5206 5826 5875 5365 5190 5254 5374 5165 5386 5257 5334 5212 5640 5403 5089 5166 5194 4879 5325 5368 5331 4850 5111 5532 5704 4995 5102 5543 5379 5588 5131 5004 5194 5368 5250 5497 5289 5423 5304 5147 5153 5308 4863 4951 5081 5513 5693 5214 5140 5053 5294 5441 5491 5373 5856 5661 5512 5351 5130 5653 5776 5320 5727 5244 5265 5053 5745 4995 5433 5168 5914
5199 5300 5049 5476 5354 5488 4932 4795 5065 5289 5362 5458 5117 4880 5352 5067 5114 5250 5028 5304 4800 4657 5027 5204 5177 5022 5714 5454 4820 5354 5199 5266 4872 5311 5058 5027 5086 5433 5161 4910 5098 5702 5117 5075 4552 5220 5354 5657 4792 5235 5075 5477 5408 4778 5106 5479 4834 5326 4706 5074 5476 4810 5113 4940 5139 5249 5046 5401 4981 5401 5423 5020 5367 5306 4591 5226 5223 5264 4730 5255 5328 4705 5018 4725 5366 4987 5473 5721 4805 5479 4909 5462 4683 5288 5688 5475 5027 5598 5261 5087 4977 4787 5205 5253 4994 5272 5119 4891 5110 5244 5245 4841 5156 5290 5415 4952 4928 4778 4952 5128 5104 5595 5495 5346 5011 4709 5300 4906 5021 4876 4959 4771 5509 5333 5333 5003 5298 4818 4537 5242 5363 4945 4991 5024 5312 5609 5058 5067 4820 5316 5318 5232 5033 5135 5370 4999 4967 5128 5020 5684 4625 5065 5075 5224 5199 4678 4643 4708 4783 5856 5275 4892 5337 5186 5229 5080 5193 5391 5437 5301 5474 4744 4907 5169 5016 5256 5436 5552 5255 5162 5077 5034 4751 5532 5281 5231 4931 5440 5578 4914 5016 5311 4861 5434 5227 5269 4716 5001 5263 5621 4510 5216 5235 5167 5451 5085 5242 5414 5390 4998 5194 4754 5008 5220 4723 5051 5139 4832 5219 5017 5412 5427 5250 4981 4972 5033 5142 5357 5264 5457 5356 5301 5281 4897 5236 5317 4873 5552 5179 4579 4776 5301 4891 5094 4937 5539
4747 5377 5088 5146 5166 5228 4910 4780 4956 5353 5469 5364 5056 4856 5408 5160 4914 5144 5041 5313 4983 4365 4700 5147 5301 5097 5457 5356 4812 4962 4857 5241 4878 5109 4819 5135 4940 5170 5155 5003 5171 5591 5079 4879 4430 5162 5147 5557 4656 4886 5041 5283 5407 4747 5195 5438 4815 5092 4668 5140 5441 4719 5070 5128 5038 5257 4727 5052 5235 5281 5239 4978 4912 5126 4820 5190 5027 5051 5153 5227 5235 4741 4906 4471 5398 4994 5561 5052 4813 5007 4921 5273 4814 5387 5519 5351 5138 5156 5034 5230 5004 4483 5090 5270 4967 5442 5389 4971 4578 4989 5061 5048 5221 5129 5150 5424 4941 4911 5033 5642 5065 5150 5117 5193 5068 4700 5256 4944 5181 5096 4828 5168 5183 4956 5128 5100 5248 4965 4682 5245 5317 4895 4751 4999 4780 5483 5233 5080 4814 5028 5315 4980 5038 4948 5120 5145 5006 4907 4874 5592 4452 4826 5064 5165 5035 4745 4546 4609 4868 5457 5288 4965 5230 5211 5317 4939 5162 4768 5604 5277 5334 4871 4723 5092 5145 4963 5723 5299 5156 4849 5079 5022 4910 5460 5120 5135 4913 4981 5401 5086 5080 4977 4759 5211 5047 5324 4581 5021 5124 5450 4882 4999 5108 5291 5406 4775 4956 5060 4930 4986 5145 4893 4824 5001 4766 4996 5148 4697 5105 5004 5219 5346 5135 4799 5062 5149 5057 5258 5190 5452 5509 5095 5029 4771 5158 5334 4923 5526 5072 5025 4797 5385 4933 5024 5005 5666
4895 5346 5319 5178 5407 5546 5058 4790 5331 5155 5129 5322 5085 4992 5177 4966 5227 5165 5175 5289 4950 4641 5118 5413 5308 5215 5728 5379 5035 4974 5077 5091 5153 5313 5168 5074 5125 5419 5226 5096 5257 5414 5373 4989 4526 5345 5388 5534 4653 5105 4826 5314 5442 5130 5402 5610 4657 5315 4789 5335 5562 4929 5119 5339 4921 5428 5138 5208 5311 5714 5445 4892 5147 5219 5133 5170 5392 5285 5205 5498 5515 4757 4853 4950 5526 5416 5343 5476 5221 5236 4895 5086 4893 5513 5696 5527 5155 5243 5213 5001 4985 4455 5349 5207 4983 5297 5365 5113 4887 5215 5307 5061 5352 5257 5276 4987 5039 5029 4990 5188 4860 5376 5304 5143 4977 5145 5545 4874 5162 5008 5090 4799 5620 5162 5241 5134 5253 5179 4626 4998 5326 5348 5080 4974 5075 5409 5384 5092 4864 4931 5582 5012 5131 4933 5450 5277 5024 5050 5150 5831 4597 5098 4975 5217 5168 4750 4859 4882 4853 5632 5405 5201 5722 5264 5142 4872 5213 5309 5675 5272 5428 5045 4861 5137 5071 5411 5842 5550 5292 5136 5055 5251 4975 5516 5128 5630 5044 5167 5461 5030 4884 5132 4771 5475 5359 5431 4649 5201 5416 5679 4827 4696 5099 5227 5317 4895 5040 4972 5146 5119 5101 5062 5184 5192 4905 4987 5049 4841 5176 5024 5359 5792 5087 4848 5201 4989 5160 5276 5202 5495 5632 5402 5230 4869 5310 5242 5366 5505 5152 5250 4905 5738 4801 5187 5045 5476
5391 5617 5157 5549 5406 5550 5205 5030 5296 5508 5535 5584 5289 5158 5557 5220 5183 5407 5421 5503 5015 5174 5002 5545 5376 5383 5697 5803 5326 5349 5480 5336 5265 5683 5522 5387 5151 6000 5590 5036 5248 5874 5522 5467 4850 5616 5541 5816 5042 5371 5354 5990 5622 5124 5654 5671 5132 5657 4767 5528 5838 5253 5251 5297 5259 5394 5012 5455 5506 5675 5269 5021 5361 5438 4941 5478 5527 5457 5048 5787 5482 4963 4948 4951 5797 5295 5572 5483 5130 5455 5322 5410 4927 5702 5821 5605 5506 5808 5111 5430 5356 4887 5410 5595 5245 5866 5300 4958 5207 5562 5669 5052 5347 5593 5365 5130 5057 5008 5475 5572 5201 5390 5549 5341 5163 4842 5485 5186 5571 5608 5118 5254 5590 5266 5676 5385 5392 5191 4702 5576 5341 5150 5321 5168 5446 5609 5425 5290 5145 5516 5800 5078 5281 5201 5725 5384 5479 5138 4973 6032 4857 5463 5331 5491 5265 4803 5175 4987 5244 5701 5441 5330 5455 5470 5800 5542 5445 5525 5813 5624 5626 5082 4847 5144 5208 5554 5667 5868 5529 5191 5131 5221 5248 5707 5539 5451 5063 5745 5634 5096 5400 5387 5165 5758 5411 5598 4884 5151 5541 5753 5072 5216 5377 5416 5392 5157 5201 5223 5521 5559 5190 5070 5198 5225 5245 5121 5339 4651 5185 5506 5712 5793 5419 4884 4983 5429 5244 5237 5680 5764 5819 5378 5550 5251 5569 5490 5443 5861 5553 5082 5145 5607 5378 5604 5305 5562
5286 5716 5454 5648 5366 5588 5303 4805 5362 5594 5377 5417 5096 5320 5608 5140 5210 5199 5251 5458 5092 4909 4954 5499 5264 5207 5783 5585 5151 4954 5387 5562 5109 5141 5133 5310 5231 5681 5273 5338 5071 5811 5440 5044 4927 5549 5449 5527 4928 5193 5359 5548 5734 4979 5445 5587 5047 5357 4920 5581 5614 4894 5215 5213 5231 5331 5160 5609 5391 5505 5417 5281 5323 5236 4977 5372 5264 5346 5250 5581 5606 4771 5241 4934 5536 5200 5483 5508 4862 5479 4920 5249 5243 5546 5574 5344 5457 5661 5308 5272 5065 4902 5436 5488 5221 5598 5465 4980 5027 5410 5518 5059 5028 5626 5453 5124 5203 5272 5265 5432 5179 5646 5406 5521 5275 5047 5305 4886 5421 5356 5166 5117 5448 5078 5296 5431 5418 5139 4774 5154 5560 4918 5149 5109 5402 5524 5491 5207 5237 5376 5718 5155 5350 5122 5534 5318 5136 5390 5343 5644 4529 5451 5575 5319 5209 4928 5231 5086 5035 5713 5407 4992 5561 5636 5198 5189 5484 5160 5794 5598 5467 5155 4762 5245 5001 5481 5686 5784 5276 5184 4978 5196 5092 5576 5280 5522 5202 5798 5426 5114 5218 5274 4848 5558 5501 5322 4956 5303 5462 5811 4727 5492 5197 5075 5574 5093 5251 5190 5240 5337 5338 4987 5365 5017 5028 5050 5237 4764 5300 5229 5584 5815 5399 5005 5384 5482 5092 5574 5389 5868 5849 5528 5329 5233 5515 5395 5060 5847 5431 5129 5010 5356 5201 5214 5094 5635
4751 5381 5082 5179 5377 5393 5145 4738 5429 5460 5072 5520 4936 4818 5518 5146 4994 5342 5221 5146 5078 4754 4915 5363 5319 5107 5762 5197 5082 5183 5109 4898 5204 5164 5190 5117 5235 5657 5149 5010 5228 5835 4972 4976 4311 5431 5381 5442 4912 5218 5049 5236 5400 4918 5299 5565 5047 5411 4832 5331 5539 5069 4877 4946 5147 5176 4932 5273 5251 5272 5349 5160 5270 5194 4664 5208 5290 5341 5132 5472 5294 4676 4999 4664 5196 5192 5502 5578 5149 5186 5210 5304 4908 5509 5489 5619 5253 5435 5310 5186 4859 4688 5431 5388 5121 5260 5355 5059 5083 5314 5467 5091 5041 5402 5261 5233 4840 4867 5075 5470 5018 5563 5027 5268 5168 4993 5443 5188 5525 5207 5168 4988 5451 5197 5322 5272 5325 4855 4664 5325 5179 5217 4901 5135 4941 5798 5128 5146 4810 5179 5343 4978 5100 5064 5392 5408 4913 5071 5169 5838 4529 5039 5148 5060 4933 4917 4879 4749 4914 5750 5428 5329 5377 5438 5335 4991 5257 5270 5604 5248 5507 4668 4980 5199 5100 5201 5584 5561 5238 5026 5036 5046 4978 5437 5398 5300 4919 5302 5399 4899 5018 5090 4878 5464 5555 5524 4637 5036 5410 5829 5083 5309 5140 5169 5349 4738 5031 5110 5035 5001 5076 4933 5031 5361 4825 5146 5230 4623 5175 5250 5239 5472 5062 4820 4955 5038 5284 5077 5154 5479 5606 5161 5307 5005 5502 5248 5303 5447 4978 4944 4828 5678 4942 5243 4983 5651
4896 5270 5049 5107 5157 5360 4882 4421 5006 5230 4962 4962 4843 4878 5404 4956 4976 4962 5184 4752 4867 4407 5005 5402 5306 4708 5473 5431 4864 5116 5019 4926 4815 5011 4936 5149 5010 5196 4973 4922 5003 5231 5188 4802 4516 5180 4869 5272 4907 5109 4833 5299 5197 4937 5017 5186 4548 5194 4769 5323 5453 4660 4919 4960 4901 4992 4798 4912 5080 5380 5003 4788 4611 4926 5028 5236 4851 5141 5095 5018 5045 4573 4819 4792 5164 4812 5221 5287 4788 5000 4983 5243 4661 5308 5474 5109 5128 5394 4865 5092 4978 4431 5218 5228 4834 5458 5319 4772 4597 5301 5182 4897 5023 5204 5390 4950 4844 4876 5008 5345 4733 5151 5310 5050 4951 4809 5083 4624 5163 4983 4718 4884 5313 4819 5259 5136 4993 4898 4549 5159 5112 5063 5214 5161 4901 5354 4984 4925 4942 4973 5486 4792 4856 5256 5141 5062 4925 4957 4964 5499 4156 5041 5073 5003 5087 4736 4856 4669 4404 5349 5331 4843 5199 5093 4766 4870 4989 5299 5305 5199 5285 4866 4491 4867 4692 5066 5345 5305 4776 4957 4853 5001 4803 5037 5035 5434 5058 5164 5300 4841 4952 5149 4606 5233 5340 5527 4610 5093 5166 5541 4643 4768 4822 5024 5205 4784 4896 4851 4984 4985 5102 4970 4950 4997 4898 5115 4854 4373 5064 5094 5266 5262 5005 4571 4684 5028 4981 5349 4833 5224 5495 5131 5203 5053 5188 5168 5076 5504 4898 5007 4740 5071 4985 5178 5187 5399
4404 4786 4610 4763 4550 4748 4564 4108 4704 4692 4498 4907 4543 4396 5114 4757 4510 4650 4998 4734 4539 4268 4413 4589 4756 4820 4927 4876 4721 4761 4453 4636 4608 4453 4446 4757 4608 4788 4636 4648 4625 5137 4586 4425 4150 4764 4543 5025 4320 4709 4537 4654 4872 4500 4685 4724 4542 4696 4423 4941 4981 4521 4850 4505 4640 4754 4618 4734 4623 4728 4765 4705 4577 4620 4509 4709 4807 4473 4474 4819 4853 4270 4552 4318 4593 4519 4804 4958 4645 4687 4507 4776 4445 4764 4982 4707 4675 4744 4481 4735 4460 4132 5022 5151 4792 4929 4923 4333 4353 4846 4877 4487 4548 4815 4881 4836 4416 4588 4677 4941 4457 4802 4874 4977 4583 4320 4744 4446 4682 4598 4485 4809 4932 4624 4856 4619 4835 4650 4334 4716 4954 4548 4550 4665 4641 4926 5126 4752 4506 4605 5019 4431 4498 4442 4892 4748 4693 4582 4425 5128 4275 4651 4792 4463 4466 4504 4344 4425 4447 5166 4698 4611 4820 4842 4829 4721 4959 4669 4796 4812 4999 4437 4646 4431 4790 4561 5175 4911 4789 4541 4757 4684 4352 5046 4772 4911 4504 4900 4881 4417 4518 4765 4472 4909 4712 4863 4449 4868 4473 5172 4180 4734 4597 4606 4841 4501 4468 4550 4690 4638 4579 4557 4530 4718 4280 4480 4580 3926 4682 4576 5059 5109 4555 4395 4679 4698 4681 5097 4859 4936 5131 5078 4521 4653 4883 4640 4624 5288 4827 4531 4277 4982 4679 4827 4477 4931
4907 5309 5159 5298 5346 5289 5208 4801 5202 5565 5489 5427 4962 5017 5599 5374 5047 5349 5122 5216 5125 5064 5069 5243 5342 5263 5794 5404 5304 5303 4950 5396 5106 5355 5121 5209 5341 5660 5231 5145 5169 5668 5151 5203 4604 5349 5342 5681 4711 5418 5224 5482 5553 5235 5660 5264 5096 5333 5167 5303 5664 5156 5187 5113 5208 5319 5067 5438 5148 5274 5239 5315 5359 5395 5096 5488 5164 5383 5136 5542 5401 4970 5090 4999 5199 5405 5607 5523 5126 5360 5080 5408 4957 5499 5632 5294 5259 5544 5412 5571 5164 4963 5447 5368 5299 5133 5520 5113 5068 5158 5552 5124 5247 5194 5648 5360 4846 5079 5172 5681 5134 5341 5518 5583 5051 5207 5547 4963 5495 5176 5114 5038 5517 5530 5244 5268 5815 4886 4911 5382 5529 5029 4999 4921 5216 5651 5185 5385 4877 5198 5751 5118 4927 5138 5321 5389 5090 5318 5177 5787 4840 5150 5329 5420 5342 5260 4791 5139 4660 5676 5411 5414 5299 5299 5746 5229 5279 5192 5534 5300 5865 5168 4896 5066 5406 4982 5886 5600 5368 5299 5288 5448 5060 5467 5485 5283 5043 5536 5627 5100 5184 5287 4852 5617 5598 5447 5190 5043 5340 5873 4829 5301 5003 5010 5679 5163 5167 5180 5392 5311 5480 5047 5354 5363 4868 5001 5279 4739 5092 5288 5655 5559 5619 4827 5144 5114 5376 5533 5331 5950 5686 5282 5453 4973 5625 5338 5103 5388 5274 5313 5066 5672 4909 5402 5060 5932
5122 5504 5320 5460 5407 5370 5049 5043 5307 5249 5398 5741 5081 5267 5422 5267 5043 5335 5213 5419 4914 4753 5089 5413 5584 5077 5947 5467 4875 5368 5384 5322 5078 5324 4751 5253 5127 5739 5167 5012 5006 5945 5414 5125 4566 5677 5243 5766 5057 5175 5197 5596 5517 5217 5056 5496 4968 5472 4979 5371 5650 4774 5221 5143 5016 5284 5040 5585 5466 5438 5402 5023 5266 5349 5003 5362 5407 5275 5178 5217 5176 4872 5474 5090 5491 5177 5334 5415 4957 5580 5124 5276 5153 5403 5663 5512 5493 5631 5022 5233 5285 4604 5432 5415 5277 5551 5328 5055 4821 5353 5357 5048 5330 5539 5355 5163 5222 5138 4932 5508 5264 5549 5515 5401 5078 4895 5250 5145 5408 5115 5083 5286 5613 5411 5443 5097 5486 5093 4719 5501 5701 4906 5000 5224 5253 5643 5288 5493 5008 5006 5637 5006 4977 5274 5307 5145 4981 5474 5139 5738 4583 5261 5140 5427 5023 4738 4797 4785 5087 5804 5337 5198 5358 5454 5352 5366 5544 5241 5770 5382 5395 5088 4869 5190 5150 5146 5704 5567 5251 5125 5319 5471 4918 5405 5303 5363 5133 5432 5375 5076 5106 5360 5024 5360 5260 5549 4847 5195 5497 5714 4750 5427 5298 5165 5575 5119 5009 5308 5268 5332 5101 4991 5214 5265 4892 5165 4983 4561 5012 5264 5747 5620 5382 4974 5003 5332 5283 5542 5311 5771 5824 5602 5329 4944 5607 5305 5060 5760 5387 4782 4873 5472 5246 5426 5313 5780
5169 5511 4941 5414 5441 5576 5078 4722 5464 5529 5333 5292 4841 5173 5206 4973 4823 5119 5126 5312 4879 4799 5301 5256 5535 5030 5752 5730 4946 5397 5078 5228 4787 5234 5105 5232 5370 5742 5087 5378 5288 5443 4993 5050 4523 5374 5168 5285 4606 5270 5143 5294 5402 4923 5293 5269 4717 5069 4945 5246 5489 4758 5116 4911 5088 5203 5058 5457 5157 5418 5277 5241 5174 5187 4878 5200 5215 5401 5191 5467 5464 4798 4997 4996 5359 5052 5361 5179 4750 5237 5008 5095 4791 5337 5575 5355 5096 5601 5285 5327 5237 4665 5478 5281 5173 5336 5474 5122 4871 5168 5665 5031 4735 5213 5463 5009 4872 4910 5193 5500 5011 5273 5569 5351 5016 4875 5028 5094 5466 5135 4939 5149 5414 5087 5232 5265 5480 4870 4561 5036 5583 4853 5211 4911 5004 5539 5290 5231 4857 5416 5559 5048 4946 4808 5332 5206 4996 5399 5321 5887 4596 5302 5453 5385 5128 5019 4908 4814 4999 5606 5255 5212 5154 5188 5393 5111 5241 5262 5481 5592 5427 4881 4704 4952 5109 4953 5595 5221 5109 5226 5009 5404 4955 5515 5163 5327 5135 5696 5357 4873 5009 5408 4854 5513 5256 4966 4885 5128 5383 5591 4835 5108 5075 5013 5570 4967 4701 5271 5167 5111 5180 4856 5280 5201 4733 5096 5180 4543 4880 5264 5572 5419 5347 5049 5198 5002 5448 5419 5021 5524 5762 5135 5283 5022 5554 5225 5034 5571 5196 5020 4853 5384 5084 5145 5287 5666
5441 5903 5444 5841 5764 5988 5750 5467 5876 5840 5986 6057 5718 5706 5976 5781 5557 5925 5701 5682 5511 5362 5610 5923 5950 5857 6326 5897 5543 5810 5568 5643 5603 5617 5658 5840 5701 6054 5675 5436 5730 6113 6006 5578 5049 6031 5813 6069 5457 5979 5618 5970 6104 5406 6000 6163 5387 5892 5617 5751 6180 5387 5770 5436 5452 5796 5695 5937 5566 5991 5767 5769 5694 5857 5658 5870 5749 5781 5763 5955 5948 5133 5794 5331 5856 5692 5868 5879 5692 6020 5918 5915 5579 5946 6249 5833 5971 5948 5831 5597 5502 5121 5987 5790 5809 5957 6023 5415 5510 5772 5968 5591 5558 5884 6003 5608 5608 5624 5830 6021 5515 6014 6000 5883 5721 5395 5729 5706 5662 5387 5452 5573 5885 5848 5972 5664 6000 5629 5062 5912 5957 5588 5353 5356 5869 6215 5970 5630 5314 5747 6088 5531 5147 5600 5770 5793 5786 5669 5515 6391 4981 5659 5763 6166 5540 5596 4932 5437 5559 6314 5921 5879 5980 5862 6023 5710 5845 5613 6076 6063 6391 5370 5256 5758 5465 5786 6064 5780 5948 5543 5768 5875 5471 6003 5819 5915 5706 5937 6034 5461 5720 5571 5286 5831 5946 6035 5194 5757 5833 6253 5243 5745 5685 5753 6093 5468 5409 5660 5846 5606 5672 5645 5615 5889 5645 5861 5870 5268 5556 5759 5924 5942 5698 5597 5648 5583 6128 5946 5777 6318 6084 5846 6055 5387 6101 5873 5722 6336 5797 5422 5377 6010 5397 5748 5574 6151
5287 5168 5102 5590 5415 5480 5280 4801 5311 5144 5344 5502 5044 5024 5176 5286 4961 5313 5263 5263 4943 4875 4738 5643 5207 5206 5720 5465 5127 5115 5477 5078 4997 4986 5152 5257 4994 5585 5292 5131 5380 5918 5243 5166 4776 5495 5370 5502 4674 5227 5024 5460 5839 4860 5261 5467 5038 5158 4581 5255 5505 4991 5034 5241 5145 5395 5069 5229 5392 5362 5576 5186 5109 5342 4973 5289 5246 5611 5106 5371 5669 4580 4855 4720 5210 5224 5381 5370 4757 5366 4842 5219 4927 5293 5773 5215 5013 5349 5245 4983 5366 4888 5500 5255 5146 5585 5466 4850 4756 5300 5446 5026 4919 5407 5371 5036 5102 4871 5069 5460 5028 5466 5488 5189 4996 4938 5369 5313 5093 5234 4893 4847 5510 4940 5115 5178 5264 5282 4390 5356 5523 5233 5133 5289 5139 5613 5209 5040 4861 5499 5468 5150 5079 4635 5316 5190 5016 5057 5331 5776 4703 5192 5268 5372 4966 4817 4935 5167 4759 5793 5340 4985 5621 5236 5429 5171 5379 5275 5396 5259 5507 5055 4793 5190 5111 5241 5737 5431 5201 4960 5230 5395 5011 5294 5210 5215 5127 5599 5562 4905 5136 5168 4950 5471 5441 5298 4720 4911 5110 5221 4799 5108 5310 5213 5436 5029 4869 4943 5027 5437 5036 5027 5245 5317 5009 5278 5223 4708 5392 5080 5498 5886 4979 4740 5064 5059 5428 5485 5230 5628 5692 5211 5241 5325 5297 5411 5173 5893 5108 4949 4946 5357 5041 5425 5113 5783
5199 5454 4932 5270 5242 5630 5095 4683 5241 5164 5339 5070 5088 5184 5391 5025 5069 5500 5270 5245 5085 4775 4931 5427 5100 4930 5690 5461 5097 5102 5085 5349 5065 5151 4897 5322 5201 5479 5249 4984 5272 5650 5126 4950 4601 5235 5114 5404 4635 5102 5153 5267 5454 5089 5323 5362 5041 5252 4923 5526 5442 5068 5042 5067 5222 5185 5130 5264 5062 5508 5296 5330 5251 5458 5080 5293 5102 5356 4996 5538 5371 4722 4790 5010 5069 4942 5513 5722 4708 5291 5034 5205 4963 5781 5688 5182 5573 5487 5379 5310 5102 4852 5572 5276 5175 5327 5409 4973 5051 5143 5527 5033 4842 5292 5329 5084 4951 5041 5066 5330 4948 5527 5558 5295 4967 4831 5472 5131 5022 4767 5111 4807 5410 5150 5012 5073 5368 5068 4635 5170 5440 5149 5173 5066 5352 5626 5236 5074 5102 5134 5395 4925 4755 4842 5346 5215 4953 5073 5389 5695 4703 5237 5115 5358 5167 4827 5021 4741 4847 5463 5233 5179 5258 5420 5254 4924 5262 5228 5594 5446 5476 5128 5035 4938 5086 5309 5664 5549 5139 5194 4970 5428 4965 5529 5007 5210 5237 5539 5381 5042 5192 5156 4888 5380 5426 5277 4838 5050 5334 5507 4812 5032 5222 5269 5379 4941 4940 5135 5287 4930 5328 5071 5104 4934 5081 5256 5172 4576 4861 5194 5628 5618 5162 4621 5007 5041 5445 5400 5175 5568 5516 5119 5301 4974 5317 5226 5253 5538 5123 4956 4892 5278 5019 5354 5231 5502
5078 5541 5290 5322 5312 5405 5254 4762 5399 5300 5381 5408 5266 5041 5616 5290 5016 5513 5371 5657 5173 4858 5135 5455 5433 5255 5787 5655 5102 5494 5321 5220 5194 5446 5349 5299 5271 5831 5459 5181 5498 5630 5387 5303 4713 5621 5474 5618 4810 5276 5104 5669 5747 5231 5469 5290 4974 5553 5112 5544 5765 5014 5503 5227 4990 5381 5107 5565 5494 5529 5446 5355 5183 5407 5019 5273 5307 5613 5207 5483 5501 4989 5081 5135 5550 5238 5704 5630 5301 5627 5132 5448 4974 5618 5875 5514 5230 5639 5086 5322 5167 4974 5427 5211 5169 5482 5545 4990 4988 5319 5585 4958 5072 5503 5693 5060 4580 5133 5317 5544 4965 5429 5524 5401 5147 4973 5419 5294 5397 5409 5195 5147 5643 5122 5350 5271 5614 5174 4816 5527 5749 5217 5321 5158 4917 5618 5497 5300 4756 5381 5698 5219 4961 5269 5599 5367 5072 5074 5186 6025 4564 5337 5451 5622 5383 5109 5012 5011 5207 5650 5599 5443 5487 5508 5547 5142 5437 5258 5703 5732 5825 5131 4908 5023 5251 5413 5941 5579 5395 5456 5200 5173 5142 5418 5344 5525 5045 5803 5408 5304 5294 5159 4795 5568 5303 5304 4978 5179 5457 5511 5123 5238 5341 5207 5513 5086 5160 5476 5288 5359 5338 5100 5158 5254 4925 5344 5432 4818 5208 5078 5655 5417 5234 5079 5176 5432 5312 5487 5147 5754 5837 5045 5383 5119 5573 5460 5359 5656 5199 5254 5164 5467 5218 5336 5153 5637
5041 5393 5167 5245 5366 5471 5184 4727 5352 5313 5025 5396 5160 5302 5196 5068 4902 5175 5412 5154 4828 4733 5069 5438 5263 5295 5629 5415 4923 5081 5432 5129 4897 5125 5128 5267 5024 5424 5179 5070 5342 5683 5203 4949 4475 5487 5191 5629 4826 5293 4918 5478 5310 5286 5303 5458 4747 5361 5007 5143 5849 4960 5312 5010 4905 5566 5014 5474 5472 5403 5209 5133 4768 5397 4968 5237 5229 5430 5120 4929 5374 4681 5057 4937 5305 5156 5249 5423 5164 5392 5378 5474 5158 5423 5634 5283 5284 5358 5109 5157 5100 4657 5267 5477 5229 5186 5518 5016 4973 5169 5738 5071 5144 5189 5323 5087 4954 5231 5229 5249 5107 5515 5600 5492 5125 4977 5299 5097 5237 5366 5025 5238 5636 4906 5437 5365 5402 4920 4946 5201 5662 4903 5167 5036 5286 5792 5220 5397 4617 5563 5389 4917 4885 4819 5273 5298 4992 5358 4963 5914 4622 5108 5178 5432 5211 4940 4953 5118 5052 5675 5472 5106 5498 5435 5251 5082 5441 5105 5594 5658 5505 5102 4688 4870 5132 5340 5504 5457 5193 5113 5280 5483 5215 5453 5395 5402 5126 5681 5415 4972 5207 5449 4898 5297 5203 5403 4886 5289 5182 5480 4651 5224 5158 5240 5418 5090 5009 5289 5135 5391 4949 5111 5080 5281 4926 5079 5166 4730 5129 5162 5667 5485 5261 4993 5123 5201 5270 5482 4926 5628 6007 5332 5384 5096 5440 5072 5263 5661 5151 4984 4718 5423 5095 5344 5162 5585
5040 5448 5467 5344 5140 5460 5150 4824 5501 5532 5560 5401 5136 5302 5533 5087 5132 5464 5178 5399 5095 4916 5002 5343 5247 5121 5613 5384 5148 4778 5295 5499 5178 5166 5268 5395 5022 5471 5452 5128 5358 5921 5214 4892 4702 5402 5400 5686 4939 5368 5227 5566 5789 4897 5700 5505 4988 5621 4916 5398 5717 5154 5323 4929 4957 5226 4861 5212 5276 5320 5240 5224 5282 5468 4902 5501 5192 5197 5119 5577 5326 4838 5071 4879 5501 5253 5624 5379 5174 5402 5220 5285 5048 5261 5574 5437 5309 5291 5194 5406 5177 4920 5355 5704 5211 5464 5525 5014 4940 5163 5485 5026 5021 5258 5403 5147 5105 4970 4956 5522 5235 5460 5608 5520 5318 5083 5484 5144 5304 5456 5112 5061 5544 5376 5426 5508 5433 5158 4657 5424 5779 4966 5120 5154 5178 5526 5266 5403 4825 5258 5664 5068 5116 5029 5569 5351 5099 5034 5149 5927 4805 5120 5117 5446 5231 5132 5082 4862 4979 5654 5609 5316 5283 5208 5701 5145 5285 5021 5464 5465 5648 5125 5057 5097 5349 4993 5798 5714 5323 5050 5211 5155 5197 5551 5685 5506 5235 5502 5587 5264 5110 5252 4855 5340 5508 5226 4971 4994 5377 5762 4812 5043 5349 5146 5551 4950 4920 5067 5489 5219 5344 5350 4913 5195 4902 4976 5174 4916 4919 5037 5324 5714 5288 5060 5206 5226 5336 5317 5661 5630 5779 5432 5131 5011 5388 4926 5410 5594 5227 5125 4843 5584 5111 5462 5449 5447
5451 6026 5378 5631 5688 5831 5394 5247 5507 5761 5523 5850 5227 5736 5971 5552 5451 5812 5497 5776 5380 5390 5309 5811 5458 5800 6420 5793 5477 5694 5899 5688 5103 5529 5328 5487 5654 5941 5745 5563 5427 6024 5919 5450 5070 5700 5709 6020 5120 5795 5475 5718 5791 5567 5601 5846 5291 5520 5258 6026 6241 5436 5464 5653 5478 5710 5378 5773 5541 5552 5426 5884 5435 5846 5229 5607 5520 5703 5413 5456 5802 5312 5462 5071 5840 5431 5645 5801 5314 5796 5423 5831 5171 6040 6057 5764 5865 5669 5620 5689 5283 5193 5850 5744 5498 5669 5955 5086 5582 5571 5978 5668 5670 5559 5883 5663 5143 5582 5462 5601 5407 5972 5852 5911 5467 5220 5748 5594 5999 5488 5565 5383 5899 5390 5515 5594 5789 5540 5290 5893 5999 5315 5484 5687 5559 6203 5847 5781 5238 5683 5980 5299 5474 5570 6001 5679 5552 5626 5522 6254 4979 5549 5540 5696 5531 5440 5409 5335 4875 6092 5675 5698 5645 5605 5918 5582 5611 5617 6193 6074 5862 5540 5262 5491 5869 5593 6198 5973 5571 5641 5720 5709 5420 5586 5897 5627 5547 5807 5928 5471 5667 5531 5383 6034 5855 5737 5488 5514 5825 6051 5335 5632 5670 5802 5814 5414 5365 5662 5657 5610 5861 5714 5765 5553 5387 5642 5696 5028 5620 5599 5802 6088 5534 5193 5440 5558 5511 5821 5507 6192 6119 5532 5756 5612 6024 5846 5458 6067 5656 5587 5048 5699 5449 5865 5378 6282
5206 5500 5189 5358 5136 5332 5259 5237 5264 5300 5523 5372 5220 5240 5698 5072 5210 5516 5264 5459 4926 4877 5296 5672 5533 5275 5883 5531 5001 5488 5237 5218 5246 5189 5164 5465 5425 5849 5291 5124 5349 5780 5412 5322 4753 5545 5355 5715 5041 5708 5080 5506 5506 4942 5278 5627 5051 5412 5103 5389 5756 5131 5324 5077 5114 5378 5209 5482 5155 5609 5499 5102 5412 5451 4958 5075 5491 5382 5284 5084 5427 4803 5216 5011 5333 5171 5404 5645 5129 5914 4993 5290 5064 5546 5634 5439 5401 5556 5155 5321 5190 4861 5303 5392 5366 5427 5210 5157 5113 5561 5524 5271 5123 5628 5521 5327 5114 5126 5249 5482 5092 5519 5516 5566 5175 4813 5609 5241 5285 5133 5166 5401 5472 5313 5509 5504 5294 4954 4778 5480 5490 5152 5348 5267 5151 5688 5712 5276 5125 5115 5744 5282 5106 5135 5408 5300 5494 5248 5246 5882 4721 5452 5269 5313 5207 5260 4984 4834 4852 5649 5597 5435 5339 5664 5549 5343 5493 5270 5683 5618 5667 5078 4827 4982 5284 5501 5743 5574 5446 5272 5131 5515 5199 5551 5301 5486 4888 5681 5541 5110 5370 5225 4943 5633 5575 5814 4698 5484 5737 5879 5060 5255 5410 5369 5554 5195 4937 5048 5336 5267 5450 5072 5089 5583 4984 5448 5391 4575 5296 5247 5523 5652 5421 4868 5246 5199 5461 5477 5526 5901 5680 5433 5547 5079 5546 5456 5337 5577 5366 5036 5170 5736 5317 5264 5431 5877
5079 5433 5058 5213 5218 5570 4995 4799 5201 5402 5259 5316 5093 5053 5406 4983 4938 5497 5041 5239 4803 4903 5216 5144 5306 5430 5670 5230 5007 5058 5048 5365 4773 5198 5218 5254 5084 5749 5208 4977 5105 5411 5406 5084 4622 5137 5313 5439 4695 5271 5028 5459 5483 4958 5428 5367 4755 5248 4747 5587 5743 4958 5053 4918 4917 5176 5090 5113 4818 5150 5171 4857 5154 5030 4897 5347 5124 5149 4976 5198 5356 4753 5148 4958 5425 5169 5842 5242 5069 5305 4938 5185 5018 5335 5527 5387 5367 5093 5122 5226 5006 4697 5266 5432 4992 5515 5258 4624 4731 5219 5346 4953 5003 5240 5309 4982 4724 5087 5223 5416 5132 5246 5316 5344 4928 4888 5288 4829 5441 4951 5005 4915 5279 5197 5485 5310 5139 4902 4501 5152 5420 4914 5338 5182 5041 5449 5311 5407 4927 5298 5489 4996 5125 5078 5504 5163 5399 4966 4994 5530 4518 5150 5122 5167 5146 4929 5010 4857 4655 5668 5081 5087 5314 5212 5217 5107 5217 5094 5495 5452 5328 5136 4767 5133 5264 5093 5492 5572 5259 5187 5067 5134 5197 5353 5255 5101 5136 5390 5496 5117 5195 5092 4371 5488 5458 5160 4897 5058 5444 5738 4789 5334 5122 5293 5609 4795 4984 5071 5133 5234 5350 5206 5155 5020 4718 4976 4985 4645 4902 5059 5249 5467 5369 4931 4973 5008 5194 5294 5427 5296 5651 5203 5218 4958 5511 5009 5197 5475 5281 5105 4658 5345 5154 5174 5022 5416
4988 5208 4773 5240 4865 4913 4991 4588 4943 5021 5076 5113 4710 4665 4972 4949 4967 5203 5018 4963 4705 4506 4634 5213 4907 4758 5410 5222 4762 4927 4794 5073 4910 4820 4686 4842 4780 5298 4925 4537 4868 5355 4809 4909 4509 5104 5103 5167 4524 5053 4816 5329 5174 4494 5096 4810 4711 5013 4429 5196 5372 4587 4711 4737 4669 4979 4672 4996 4769 5166 4914 4757 4894 4848 4535 5204 4975 4845 4807 4850 4941 4703 4838 4410 5257 4916 5144 5092 4385 5029 4733 5074 4828 5148 5393 5123 4898 5102 4826 4835 4679 4616 5056 4943 4840 5265 4955 4485 4809 5039 5062 4719 4778 4972 5286 4807 4935 4935 4784 5219 4863 5174 5084 5073 5197 4523 5325 4769 4959 4718 4713 4618 5045 4926 4849 4919 5248 4928 4518 5121 5319 4778 4895 4770 4940 5308 4974 4634 4621 4782 5303 4876 4835 4900 5031 5037 4588 4856 4844 5468 4338 5149 4739 4883 4894 4666 4532 4559 4495 5362 5029 4893 4913 4953 5140 4670 4956 4819 5013 5177 5216 4690 4566 4750 4898 4801 5341 5186 4948 4927 5043 5063 4571 5034 4875 4987 4849 5227 5270 4747 4577 5128 4593 5216 5195 5005 4582 4898 5198 5416 4547 4990 5192 4615 5060 4783 4614 4997 4844 4805 4871 4847 4764 4696 4699 4874 4840 4271 4765 4532 5370 5262 4727 4669 4743 4766 4968 5123 4797 5308 5573 4968 4710 4843 5201 4893 4869 5210 4719 4683 4695 5209 4721 5182 4722 5442
5087 5355 5365 5499 5394 5654 5347 4875 5611 5551 5159 5535 5165 5289 5506 5081 5233 5223 5573 5526 5087 4754 4909 5538 5129 5384 5558 5492 5018 5264 5198 5184 5224 5176 5080 5316 5288 5693 5572 5120 5290 5763 5319 5030 4597 5394 5413 5786 4931 5206 4956 5249 5646 5010 5412 5371 4923 5369 4958 5603 6084 5022 5212 5085 5029 5309 5058 5398 5308 5501 5294 5293 5158 5282 5123 5433 5521 5598 4997 5149 5608 4902 5163 4777 5373 5143 5491 5523 5089 5373 5153 5371 4948 5640 5590 5254 5189 5422 5375 5111 4892 4965 5593 5486 5220 5457 5557 5292 4980 5223 5501 5288 5164 5309 5573 5259 4965 4924 5207 5372 5100 5554 5253 5461 5031 5035 5457 4980 5292 5380 5201 5131 5595 5379 5599 5313 5309 5316 4842 5161 5687 5061 5321 5352 5104 5708 5399 5325 4864 5222 5684 5170 5035 5285 5674 5140 5083 5321 5136 6040 4653 5246 5294 5046 5179 4972 4909 4961 4817 5767 5334 5298 5637 5394 5408 5234 5307 5093 5623 5523 5488 4995 5001 5055 5526 5241 5642 5622 5302 5292 5128 5296 5067 5487 5441 5400 5130 5378 5288 4848 5221 5089 4934 5521 5363 5380 4904 5108 5363 5525 5004 5445 5191 5294 5458 5270 5351 5041 5399 5317 5153 5013 5054 5401 4954 5229 5310 4592 5252 5200 5636 5775 5089 4931 5241 5366 5145 5338 5279 5368 5598 5469 5260 5260 5187 5360 5204 5570 5373 5015 4876 5631 5158 5465 5138 5786
5088 5426 5152 5306 5280 5356 5216 4829 5387 5343 5065 5347 5044 4926 5460 5157 5025 5570 4977 5481 5133 4838 5067 5339 5518 5356 5539 5142 5161 5238 5079 5139 5216 5088 5258 5313 4925 5657 5267 5153 5134 5707 5197 5075 4751 5478 5475 5345 4879 5013 5126 5310 5679 5009 5449 5181 4848 5314 5122 5542 5702 5021 5199 5125 4897 5297 5036 5501 5195 5628 5488 5136 5268 5457 5317 5342 5226 5130 4991 5552 5685 4758 4921 4866 5433 4921 5483 5687 5060 5417 5004 5300 5006 5495 5743 5102 5181 5473 5158 5274 4993 4770 5598 5564 5247 5469 5697 4827 4884 5290 5452 4964 4955 5466 5652 5178 4810 5057 5081 5470 4911 5623 5487 5419 5276 5054 5361 5235 5038 5298 4930 5090 5464 4995 5334 5406 5248 5220 4856 5299 5515 5012 5415 5194 5344 5549 5236 5315 4690 5247 5618 5152 5014 5128 5490 5359 5067 5256 5284 5714 4632 5277 5245 5174 5383 4888 5080 5037 4984 5578 5471 5267 5405 5288 5588 4934 5430 5423 5533 5468 5637 4999 4881 4960 5310 5101 5985 5512 5148 5249 5146 5398 5280 5421 5563 5453 5254 5730 5506 5000 5118 5332 5023 5431 5429 5310 4941 5415 5420 5596 4975 5291 5207 4962 5667 5009 4876 5168 5366 5021 5342 5227 5164 5113 4799 5194 4995 4729 5096 5326 5706 5843 5169 5190 5354 5083 5447 5292 5235 5770 5679 5155 5158 5074 5515 5216 5351 5690 5300 5129 5103 5498 5003 5167 4982 5638
4654 4807 4729 4829 4873 5157 4709 4384 4755 4572 4875 4731 4532 4639 4973 4724 4593 5054 4693 4965 4570 4348 4665 5024 4765 4565 5223 5144 4638 4870 4834 4556 4460 4567 4583 4917 4679 4917 4799 4780 4926 5090 4627 4494 4199 4858 4747 5081 4429 4822 4626 4797 4776 4481 4926 4865 4522 4814 4512 4906 5063 4796 4797 4642 4682 4759 4791 4630 4819 5098 5027 4610 4617 4787 4487 4968 4972 4723 4813 5002 4607 4385 4454 4569 5130 4623 5007 5044 4762 4912 4766 4941 4557 5034 5098 5153 4797 5048 4922 4647 4518 4371 4724 5037 4881 4905 5187 4730 4847 4953 4760 4752 4475 5059 5211 4494 4516 4343 4818 5081 4687 4937 4848 4856 4495 4394 4974 4498 4965 4954 4515 4518 4947 4860 4824 4800 4685 4695 4362 4966 4985 4535 4904 4671 4785 5110 4940 4779 4387 4710 4977 4312 4692 4436 4790 4721 4736 4921 4407 5349 4121 4793 4635 4854 4617 4532 4401 4542 4303 5088 4652 4787 5004 4928 4949 4588 4727 4559 5047 4926 5078 4461 4209 4733 4951 4649 5034 5026 4462 4721 4702 4684 4557 4819 4678 5000 4671 4991 5015 4657 4432 4825 4470 5006 4882 5128 4377 4750 5083 4977 4573 4564 4783 5077 5015 4280 4532 4599 4736 4680 4839 4626 4771 4652 4480 4587 4858 4306 4481 4770 5009 4997 4480 4427 4577 4426 5017 4739 4694 4816 5151 4688 4904 4982 4922 4684 4814 5101 4806 4572 4593 5149 4767 4858 4893 5175
5030 5539 5439 5433 5369 5464 5174 4744 5254 5285 5489 5353 5145 5143 5405 5259 4874 5163 5262 5371 5191 4899 5078 5507 5395 5409 5658 5275 5072 5188 5093 5291 5160 5144 5062 5268 5282 5770 5220 5108 5269 5690 5455 4981 4689 5477 5366 5726 4947 5356 5112 5501 5594 5168 5635 5448 5101 5519 4564 5543 5627 4908 5352 5456 5004 5389 4845 5449 5271 5493 5525 5272 5201 5319 5146 5261 5292 5432 5014 5290 5617 4577 4987 5151 5585 5192 5420 5604 5280 5711 4847 5078 4919 5807 5896 5035 5251 5362 5246 5279 5227 4749 5437 5511 5198 5250 5628 5207 4981 5226 5319 5056 5329 5291 5541 5376 4893 5126 5135 5309 5200 5450 5343 5343 5184 5160 5365 5001 5228 5192 5152 4993 5558 4967 5432 5279 5592 5202 4998 5271 5396 4924 5297 5049 5308 5790 5437 5133 5080 5602 5420 5068 5052 5292 5315 5297 4917 5273 5057 5739 4863 5097 5427 5025 5179 5205 4826 5205 4893 5759 5498 5190 5150 5435 5296 5240 5535 5444 5579 5451 5415 5162 4987 5050 5062 5238 5664 5537 5282 5524 4948 5374 4977 5398 5349 5591 5159 5697 5534 4964 5179 5328 5036 5458 5457 5539 4728 5372 5367 5436 4536 5259 5353 5132 5655 5287 5124 5230 5291 5125 5220 5049 5406 5340 4665 4888 5276 4986 4985 5129 5652 5628 5199 4999 5030 5218 5216 5598 5234 5674 5778 5518 5422 5457 5450 5178 5204 5532 5436 4983 4923 5532 5095 5359 5197 5628
5240 5568 5536 5805 5694 5400 5551 5350 5594 5809 5770 5564 5399 5457 5556 5388 5463 5986 5491 5813 5458 5195 5400 5581 5564 5704 6078 5542 5136 5376 5417 5489 5404 5475 5423 5316 5358 6006 5630 5302 5573 5818 5575 5294 4942 5792 5651 5799 5003 5615 5279 5745 5677 5264 5510 5465 5148 5600 5224 5673 6053 5142 5443 5244 5412 5333 5210 5744 5500 5719 5439 5397 5424 5547 5030 5647 5583 5409 5295 5624 5857 5066 5482 5025 5683 5395 5819 5628 5037 5877 5302 5419 5253 5711 5900 5531 5550 5605 5617 5599 5328 5136 5638 5622 5636 5869 5793 5192 5228 5605 5893 5325 5325 5624 5773 5482 5194 5321 5508 5978 5258 5836 5549 5650 5304 5098 5698 5368 5245 5317 5373 5083 5799 5394 5453 5646 5748 5382 5082 5637 5818 5318 5481 5161 5600 6041 5627 5340 5414 5453 5686 5430 5283 5436 5760 5505 5503 5422 5366 6177 5040 5650 5124 5564 5418 5331 5149 5080 5290 6190 5510 5635 5857 5797 5514 5452 5482 5417 5885 5840 5817 5210 5233 5305 5161 5518 6229 5927 5437 5250 5427 5575 5539 5571 5608 5774 5331 5798 5551 5290 5599 5577 5221 5496 5579 5556 5220 5484 5658 5806 5144 5620 5455 5700 5776 5405 5340 5631 5204 5415 5544 5381 5322 5296 5462 5628 5223 4751 5419 5267 5721 5939 5376 4945 5597 5736 5308 5573 5570 5899 5899 5601 5267 5186 5605 5410 5228 5734 5568 5020 4904 5923 4961 5671 5231 5779
