5513 5212 5438 5554 5541 5557 5534 5411 5406 5671 4805 5055 5376 5805 5065 5695 5608 5224 5059 5457 5537 5253 5597 5361 4962 5105 5238 5282 5314 5481 5301 5127 5671 5402 5550 5362 5280 5121 5136 5303 5152 5455 4761 5460 5201 5801 4988 5409 5420 5330 5427 5020 4931 5351 5267 5453 5747 5376 5389 4973 5303 5108 5443 5174 4849 5318 5403 5844 5292 5470 5487 5323 5788 5280 4846 5385 5376 5076 5636 5515 5444 5388 5366 5267 5495 5232 5460 5022 5557 5209 5714 5872 5549 5272 5540 5522 5308 5361 5272 5073 5330 5306 5251 5217 4870 5319 5132 5477 5208 4890 5745 5737 5612 4907 4866 5371 5235 5020 5164 5046 5700 5771 5341 5248 5314 5079 4929 5574 5357 5391 5047 5527 5062 5715 5563 5273 5905 5262 5355 4977 5302 5288 5228 5458 4967 5594 5201 5222 5118 5296 5429 5631 5321 5569 5250 5171 5384 5322 5424 5152 5396 5268 5492 5277 5572 5778 5254 5548 5727 5514 5755 5025 5581 5537 5342 5409 5642 5514 5090 5301 5217 5231 5428 5167 5143 5774 5106 5621 5023 5283 5530 5238 5613 4854 5284 5612 5442 5037 4789 5605 5460 5195 5264 5606 5240 5220 5429 5623 5293 5274 5216 4919 5167 5690 5187 5530 5470 5494 5308 5012 5513 5465 5258 5651 5516 5320 5539 5346 5075 5317 5174 5165 5288 5378 5639 5385 5349 5284 5243 5529 5571 5311 5321 5111 5452 5159 5180 4947 4957 5287 5486 5421 5224 5199 5154 5486
5329 5338 5445 5215 5496 5542 5378 5271 5170 5485 5123 5072 5081 5275 5285 5504 5263 4743 5577 5257 5160 5074 5486 5333 5164 5316 5219 5103 5078 5520 5021 5261 5478 5476 5361 5416 5074 5082 5177 5031 4729 5328 4820 5219 5029 5660 5187 5251 5190 5068 5269 5032 5014 5484 5452 5258 5639 5299 5288 4809 5357 5016 5150 5060 4983 5476 5051 5363 5062 5329 5124 5068 5651 5285 4799 5268 5161 5092 4932 5591 4755 4844 5311 4687 5522 4990 5303 4829 5910 5382 5362 5434 5343 5079 5393 5454 4634 5408 5062 4775 5221 5192 5054 5436 4810 5314 4914 5624 5057 5068 5484 5604 5291 4910 4615 5130 5099 5123 5100 4778 5164 5418 5212 5343 5128 5496 5320 5603 5257 4967 5368 5661 4834 5521 5313 4901 5612 5085 5293 4842 5113 5006 5199 5126 5053 5433 5225 5022 5055 5353 5252 5587 4778 5242 5186 5082 5218 5145 5317 5410 4949 5132 4936 5162 5383 5656 5135 5335 5301 5548 5626 4820 5308 5503 5254 5363 5425 5400 4851 5232 5292 5153 5694 5107 5398 5364 5151 5354 5346 5071 5635 5217 5329 4708 5284 5505 5169 4979 4979 5591 5286 5107 5327 5396 5403 5090 5323 5451 5112 5086 5053 5154 4804 5328 5199 5210 5546 5324 5276 5028 5088 4926 5021 5678 5266 5206 5209 5325 4868 5544 5000 5354 5269 5457 5442 5296 5339 4930 5516 5290 5622 5062 5302 5351 5232 5060 4940 4950 4918 5283 5268 5235 5454 4997 5170 5567
5408 5257 5276 5238 5399 5503 5384 5240 5149 5426 4809 5257 5220 5279 5048 5379 5541 4861 5346 5104 5295 5150 5054 5497 4740 4806 5237 5116 4945 5400 5243 4989 5468 5082 5595 5377 5110 4854 5312 5049 4680 5438 4795 5397 4852 5206 5293 5219 4737 4918 5450 5057 4715 5503 5437 5206 5461 4834 5065 5009 4995 5157 5112 4956 4971 5295 5030 5349 5068 5404 5084 5197 5652 4945 4547 5360 4962 4901 4978 5639 4888 4628 4953 4948 5321 4967 5448 4761 5548 5122 5031 5339 5205 5254 5333 5156 4858 5156 5229 4822 5209 5229 5017 5371 4778 5475 4927 5548 4908 5075 5067 5771 5247 4900 4677 5350 5058 4729 4939 4745 5101 5736 5083 5017 5093 5213 5057 5496 5341 5116 5146 5231 4798 5546 5262 4953 5417 5288 5317 4868 5158 5003 4936 4852 5007 5365 5005 5111 5058 5476 5092 5385 4996 5203 5358 4782 5397 5078 5240 5135 5058 4970 5268 5108 5253 5400 5186 5513 5475 5497 5588 4825 5502 5435 5288 5069 5815 5249 4918 5198 4766 5078 5359 5067 5268 5687 5042 5219 5319 4990 5598 4865 5288 4878 5449 5256 5485 4674 4981 5286 5015 5041 5180 5512 4959 5117 5178 5180 5043 4908 5040 5035 4575 5469 5360 5458 5412 5438 5150 4779 5128 4623 4914 5849 5167 4777 5367 5138 4978 5417 4939 5125 5360 5602 5475 5025 5301 4795 5032 5102 5400 5222 5251 5196 5277 5098 4931 5029 5109 5023 5126 5026 5005 5204 5069 5355
5719 5453 5733 5643 5715 5648 5344 5704 5552 5733 5256 5081 5203 5736 5189 5706 5787 5026 5539 5613 5473 5619 5553 5595 5386 5274 5382 5289 5292 5995 5415 5162 5526 5327 5718 5954 5371 5277 5551 5404 5106 5449 4883 5580 5271 5550 5025 5239 5410 5475 5695 5389 5101 5686 5326 5375 5847 5509 5402 5134 5205 5391 5304 5310 5321 5459 5413 5499 5300 5682 5655 5578 5886 5595 4870 5458 5205 5288 5583 5680 5481 5053 5356 5320 5536 5384 5775 5207 5571 5446 5596 5891 5272 5275 5482 5539 5087 5662 5301 5093 5618 5494 5296 5590 5031 5451 5304 5268 5153 5180 5826 5741 5592 4832 5233 5385 5512 5397 5499 5107 5655 5928 5359 5421 5263 5666 5137 5582 5638 5366 5336 5784 4962 5774 5332 5159 5847 5552 5387 5149 5596 5431 5335 5215 4974 5695 5378 5239 4963 5583 5432 5920 5261 5651 5433 5284 5436 5295 5560 5340 5468 5273 5505 5093 5114 5776 5029 5558 5761 5532 5792 4963 5749 5515 5260 5253 5866 5321 5186 5469 5135 5411 5762 5396 5340 5861 5119 5764 5195 5232 5855 5633 5696 5032 5607 5658 5937 4994 4974 5664 5200 4948 5499 5987 5528 5171 5599 5636 5603 5262 5253 5381 4982 5527 5485 5650 5719 5516 5335 5255 5681 5419 5348 5644 5458 5491 5437 5410 5262 5428 5189 5132 5714 5470 5595 5393 5472 5170 5337 5408 5726 5354 5320 5404 5506 5363 5349 5301 4963 5436 5633 5586 5504 5337 5531 5461
5474 5559 5459 5384 5620 5541 5207 5361 5041 5522 4952 5161 4988 5612 5070 5524 5433 5063 5332 5372 5510 5453 5544 5506 5312 5119 5423 5229 4973 5542 5141 5260 5355 5266 5486 5441 5253 5079 5488 5265 4997 5371 4892 5418 5138 5448 5324 5244 5171 5237 5642 5094 4995 5483 5330 5305 5633 5370 5280 5185 5352 5244 5114 5020 5137 5579 5410 5340 5235 5619 5331 5352 5869 5233 4978 5400 5104 5110 5230 5503 5055 4860 5204 5345 5541 5024 5533 4975 5447 5295 5267 5739 5368 5332 5689 5386 5206 5424 5124 4977 5534 5417 4989 5100 4991 5506 4995 5317 5254 4869 5402 5551 5575 5064 4981 5383 5196 5250 5233 4801 5462 5685 5332 5055 5304 5678 5099 5301 5444 5486 5319 5442 5066 5587 5392 5045 5824 5333 5329 4975 5186 5303 5245 5150 5174 5220 5305 5167 4967 5701 5229 5639 4854 5489 5193 5097 5328 5341 5379 5317 5147 5107 5222 5086 5061 5559 5068 5495 5357 5680 5824 4991 5606 5274 4971 5193 5781 5374 4961 5397 5001 5340 5570 5300 5219 5748 5214 5290 5460 5064 5720 5268 5378 4998 5467 5444 5369 4882 4788 5473 5273 4967 5368 5383 5351 5206 5503 5523 5557 4964 5222 5306 4760 5694 5119 5455 5621 5373 5128 5151 5404 5317 4790 5970 5689 4943 5316 5187 5025 5365 4974 4988 5359 5444 5508 5434 5257 4823 5247 5378 5312 5054 5285 5071 5430 5294 5223 4852 4573 5661 5555 5262 5390 5196 5238 5421
5858 5970 5787 5739 6019 5862 5812 5737 5613 6004 5489 5450 5783 6243 5539 6004 5879 5593 5769 5840 5756 5786 6050 5664 5467 5697 5683 5682 5497 5888 5600 5331 5810 5895 5838 5806 5552 5524 5652 5718 5745 5590 5527 5479 5486 5925 5574 5774 5774 5599 5841 5416 5644 5838 5754 5808 6245 5741 5873 5505 5794 5754 5846 5707 5396 5715 5729 5993 5783 5735 5950 5405 6215 5726 5141 5891 5559 5480 5873 6160 5589 5269 5805 5597 5779 5787 6120 5558 5947 5901 6065 6070 5790 5827 6041 5865 5181 5838 5663 5187 5991 5713 5605 5721 5343 5801 5659 5732 5411 5584 6089 5999 5957 5358 5291 5630 5537 5557 5662 5250 6104 6501 5517 5787 5780 5719 5439 5901 5816 5437 5535 6086 5520 5966 5923 5681 5999 5632 5642 5436 5842 5696 5743 5633 5602 5811 6087 5701 5638 5731 5664 5896 5246 5796 5694 5245 5730 5707 5505 5519 5664 5549 5911 5435 5782 6169 5608 5735 6009 6275 6060 5364 5804 5859 5484 5590 5988 5751 5449 6020 5692 5603 5795 5638 5633 5909 5450 5598 5897 5809 6438 5774 5800 5274 5535 6220 5974 5217 5241 5910 5685 5375 5671 6241 5938 5607 5697 5825 5752 5564 5700 5572 5201 5861 5607 5848 5814 5912 5546 5522 5773 5201 5402 6185 6025 5776 5866 5593 5458 5756 5671 5789 6029 5868 5931 5971 5829 5499 5787 5868 5862 5475 5769 5647 5840 5595 5587 5270 5288 5486 5772 5590 5804 5578 5481 5755
5257 5494 5435 5304 5605 5591 5476 5487 5245 5466 5061 5040 5143 5528 4941 5523 5493 5100 5619 5515 5465 5219 5445 5278 5319 4912 5129 5057 5238 5624 5109 5186 5487 5523 5444 5418 5240 5107 5260 5130 5171 5534 4988 5476 5185 5597 5417 5431 5145 5377 5373 5126 5267 5540 5225 5535 5607 5184 5325 4909 5380 5049 5187 5141 4810 5460 5270 5288 5362 5344 5245 5420 5716 5126 4699 5719 5039 5195 5454 5873 5127 5370 4875 5189 5451 5200 5694 4948 5798 5296 5546 5685 5578 5422 5564 5470 4858 5354 5364 4985 5508 5347 4848 5318 5026 5609 5063 5425 5232 5222 5675 5519 5455 5024 4908 5430 5334 5046 5175 4797 5351 5706 5461 5546 5158 5482 5295 5468 5290 5332 5206 5581 5102 5261 5301 4823 5869 5456 5416 4862 5567 5137 5224 5210 4845 5599 5372 5323 5155 5429 5388 5441 4972 5631 5196 5101 5483 5330 5510 5372 5099 5261 5345 5152 5205 5705 5153 5494 5382 5954 5513 5011 5563 5709 5130 5313 5661 5512 5051 5411 5184 5215 5430 4998 5286 5471 5198 5408 5388 5025 5687 5256 5507 4827 5287 5938 5480 4990 5014 5541 5427 5066 5527 5798 5328 5215 5308 5773 5165 5236 5347 5266 5040 5466 5361 5367 5492 5498 5155 5212 5528 5184 4937 5699 5741 5452 5478 5285 4958 5524 4980 5539 5344 5571 5360 5562 5303 5319 5120 5189 5513 4986 5238 5165 5448 5340 5288 4956 5027 5666 5336 5224 5328 5114 5382 5641
5416 5469 5466 5287 5626 5483 5448 5216 5231 5575 4992 5166 5288 5675 5072 5441 5531 5069 5318 5347 5136 5212 5435 5303 5272 5278 5288 4996 5255 5379 5364 4968 5389 5154 5359 5467 5280 5061 5136 5085 5047 5261 4674 5459 5166 5304 5083 5241 5103 5207 5317 5022 5082 5320 5374 5303 5636 5269 5287 4836 5211 5205 5411 5133 4982 5489 5378 5386 5295 5311 5375 5018 5768 5332 4908 5343 5098 5112 5273 5366 5210 4732 5140 5100 5641 4908 5649 4853 5454 5203 5585 5739 5410 5437 5439 5543 4963 5365 5142 4959 5272 5377 4983 5279 4760 5419 5112 5381 5224 5030 5379 5374 5601 4882 4747 5052 5212 5067 4992 5071 5496 5741 5119 5121 5168 5291 5088 5404 5432 4986 5072 5287 4754 5605 5285 5211 5634 5361 5348 5023 5046 5200 5016 4963 4974 5536 5528 5347 4904 5370 5058 5739 5105 5290 5068 4733 5328 5198 5187 5140 4981 5155 5213 5119 5130 5581 5000 5350 5592 5459 5791 4744 5419 5436 5265 5017 5719 5442 4953 5353 5167 5260 5452 5263 5248 5594 5064 5345 5148 5262 5473 5382 5365 4987 5234 5496 5526 4656 4672 5551 5309 4793 5569 5615 5204 4996 5165 5658 5037 5242 5417 5019 4841 5411 4881 5211 5492 5599 4974 5204 5152 4918 4996 5739 5496 5151 5417 5064 5043 5309 5070 5439 5479 5486 5519 5222 5370 4923 5294 5320 5551 5018 5359 5162 5203 5114 5041 4862 4793 5254 5380 4972 5153 5026 5065 5307
5798 5625 5970 5882 6225 5969 5885 5920 5704 5781 5558 5495 5765 6129 5412 6061 6028 5648 5913 5741 5769 5701 5874 5761 5689 5708 5926 5634 5722 6016 5618 5485 5884 6137 6032 5893 5627 5164 5738 5641 5541 6015 5187 5891 5541 6020 5647 5901 5415 5734 6021 5956 5686 6166 5876 5741 6380 5773 5766 5242 5918 5616 5667 5642 5489 5719 5927 5785 5848 6073 5647 5957 6111 6002 5286 5991 5650 5561 5974 6228 5478 5348 5571 5462 6210 5518 6119 5294 5919 5571 6059 6337 5953 5821 6142 5832 5508 5713 5836 5241 5875 5809 5392 5974 5471 6144 5633 5932 5545 5451 5929 6154 6003 5516 5456 5800 5919 5558 5792 5454 6041 6168 5689 5665 5705 6188 5759 6040 5641 5564 5755 5951 5404 6218 5739 5768 6031 5835 5723 5274 5662 5450 5748 5661 5244 6004 5856 5844 5493 6051 5884 6249 5279 6063 5783 5555 6047 5538 5805 5544 5705 5585 5523 5509 5797 6079 5698 5693 6195 6092 6252 5644 6321 5822 5702 5671 6162 5613 5299 6174 5637 5578 5940 5810 5776 6101 5683 5954 5759 5498 6132 5817 6116 5578 6062 6048 6148 5372 5280 6003 5789 5430 5881 6036 5964 5743 5954 6119 5675 5360 5575 5718 5319 5882 5689 6086 5875 5880 5658 5354 5495 5332 5429 6364 5894 5570 5913 5391 5651 6144 5636 5928 5870 6099 6129 6040 5900 5396 5905 5624 6172 5710 5898 5856 5635 5444 5842 5561 5232 5694 6060 5653 5707 5771 5735 5746
4740 5014 4958 5006 5109 5156 4933 5046 4907 5131 4883 4731 4819 5352 4779 5361 4988 4584 5089 5242 4896 4929 4963 5002 4898 5253 4942 4745 4906 5008 4764 5057 5114 5255 5054 5033 5153 4857 4933 4818 5011 5171 4588 4789 4895 5323 4777 4907 4986 5243 5012 5104 4972 5106 5099 5033 5233 4999 5145 4596 5057 5043 4918 4848 4693 5022 4921 5071 4881 5328 5127 5230 5160 5107 4318 5199 4997 4782 5097 5208 4801 4769 4919 4795 5157 4931 5279 4644 5263 5036 5197 5366 4797 4987 5262 5307 4756 5006 4977 4680 5079 5146 4679 4964 4747 5278 4694 4999 4799 4793 5373 5178 5089 4573 4844 4923 5082 4701 5102 4692 5081 5244 4932 5191 4961 5107 4911 5064 5086 4825 5020 5317 4752 5259 5143 4861 5408 4912 5151 4606 4874 5008 4886 4797 4530 5327 4828 5077 4829 5293 4993 4912 4700 5299 5050 4967 4906 5063 5160 4945 4913 4888 5017 4712 5019 5249 4966 5298 5327 5313 5513 4557 5354 4959 4857 4767 5366 5109 4552 5123 4842 4653 5053 4779 5178 5168 4978 5382 5115 4476 5440 5010 5299 4601 4775 5551 4994 4618 4582 5371 5042 4619 5181 5258 4847 5104 5161 5337 5158 4720 5010 4852 4652 5140 4942 5125 5052 5163 4783 4682 5002 4830 4967 5392 5352 4853 5041 5079 4669 5174 5123 5034 4979 4956 5131 5167 5099 4659 5168 4899 5327 5086 4823 4901 4795 4775 5002 4725 4700 5310 5162 4914 5031 4928 4659 5165
5138 4951 5007 5247 5540 5065 5062 4978 4731 5359 4780 4505 4761 5332 4778 5280 5097 5052 4999 5165 5006 4990 5349 4986 4932 4828 4851 4955 4964 5111 4704 4633 4987 4997 5397 5158 4741 4502 5202 4878 4818 5253 4737 5140 4618 5049 4922 4893 4741 4896 5104 4807 4820 5106 5099 5097 5304 4969 5133 4942 5141 5134 5072 4767 4664 5127 4810 5075 4920 4958 5147 5089 5341 5225 4902 5165 4929 4816 4906 5391 4949 4509 4982 4778 5154 5032 5553 4439 5229 4910 5064 5169 5131 5256 5186 5256 4788 4969 4835 4614 5088 5016 4654 4854 4911 5255 4808 5019 4804 4841 5027 5107 5166 5118 4557 5176 5035 4605 4851 4676 5249 5491 5014 5065 4765 5165 4907 5398 4862 4963 4868 5118 4627 5072 5100 4992 5017 4831 4825 4387 5043 4756 4702 4745 4659 5172 5241 4879 4893 5056 4989 5270 4544 5025 4955 4676 5018 5030 5068 5038 5001 4898 4857 4828 4724 5306 4849 5026 5497 5105 5366 4709 5377 5098 4983 5072 5151 4944 4674 5424 4820 4832 5011 4972 4932 5142 5008 5013 4968 4757 5235 4922 5165 4781 5190 5505 5281 4518 4630 5141 5239 4733 5100 5191 5276 4816 5101 5188 5095 4778 5023 4682 4620 5157 5035 5187 5294 5038 4978 4616 4965 4761 4599 5473 5144 5106 5194 4843 4919 5158 4836 5098 5047 5010 5021 5419 4930 4721 4961 5201 5035 4614 5047 4920 5131 4855 4921 4857 4341 5244 5200 4891 4954 5157 4677 5157
5036 4977 5079 5039 5251 5372 5220 5037 5036 5117 5124 4815 5075 5178 4755 5320 5256 4795 5230 5118 4993 5171 5210 5049 4898 4885 5014 4742 4966 5261 4748 4887 5128 5085 5087 5300 5135 4775 4989 4927 4781 5204 4669 4961 4984 5302 4808 4938 4799 4819 5050 4878 4758 5285 4709 4896 5622 5122 4905 4609 4852 4803 5111 4859 4998 4997 5081 5227 4984 5257 5117 5259 5642 5006 4585 5149 4618 4952 4957 5339 4794 4551 5071 4718 5303 4939 5302 4742 5399 4732 5198 5207 4978 5160 5287 5235 4694 4937 5039 4467 4884 5119 4911 5226 4743 5290 4955 5094 5083 4836 5370 5075 5164 4687 4618 4967 5118 4813 5149 4901 5000 5288 4921 5095 4870 5143 4929 5331 5000 4817 5004 5248 4781 5380 5147 5023 5177 5043 5112 4691 5017 5004 4762 4824 4633 5189 5082 5081 4929 5104 5159 5608 4817 5209 5325 4714 5211 5199 5334 4922 4584 5056 4985 5039 5031 5397 4881 5197 5378 5319 5628 4662 5067 4947 5102 5109 5514 5188 4711 5076 4783 5435 5350 4937 5215 5402 4770 5243 4930 4912 5190 5057 5045 4854 5089 5391 5392 4485 4299 5276 4904 4840 5165 5426 4703 4706 5086 5431 4982 4949 5012 4697 4823 5267 4786 5231 5250 5371 4923 4663 5150 4715 4742 5440 5212 4943 5284 5093 4972 5325 4612 5167 5173 5245 5167 5165 5000 4906 5073 5337 5283 4694 5055 5251 4767 4647 5026 4781 4815 4941 5022 4732 5183 5236 4909 5259
5443 5064 5344 5303 5165 5172 5165 5429 5250 5339 4733 4941 5227 5694 4890 5378 5279 4809 5448 5428 4899 5294 5200 5231 5208 5021 5346 5042 4898 5232 4938 4882 5348 5158 5234 5081 5242 4936 5493 5121 4679 5261 4571 5313 4931 5267 5061 5116 4969 4994 5511 5144 4946 5328 5029 5192 5369 5236 5154 4794 5312 5069 5170 4810 4726 5336 5050 5305 5018 5406 5172 5130 5584 5227 4797 5204 4789 5160 5249 5533 5368 4887 5166 4903 5339 5087 5120 4830 5272 5039 5355 5543 5422 5239 5457 5530 4648 5544 4970 4657 5121 5126 4948 5387 5154 5291 4720 5082 4965 4955 5493 5346 5460 4814 4819 5104 5239 4904 5028 4730 5128 5533 5374 5300 5242 5482 5028 5367 5392 4997 5250 5195 4754 5362 5358 5113 5602 5444 5032 4847 5217 4665 5021 5133 4970 5392 5342 4957 4800 5322 5001 5699 4802 5175 4914 5098 4796 4790 5274 5273 5287 5316 5297 5100 5062 5755 4750 5372 5439 5417 5534 4834 5287 5471 5080 5255 5371 5247 4604 5278 5091 5096 5143 4999 5152 5452 5090 5402 5005 5021 5604 5161 5439 4714 5297 5354 5247 4802 4915 5156 5171 4781 5154 5521 5074 4957 5277 5490 5272 5055 5034 5037 4882 5455 5016 5079 5319 5564 4963 4710 5131 5209 5010 5340 5524 4861 5010 5014 5176 5454 5166 5043 5096 5160 5262 5374 5192 5042 5377 5280 5543 4920 5014 4864 5199 5202 4882 5240 4827 5294 5304 5343 4854 5197 4922 5154
5132 5192 5278 5320 5520 5348 5214 5498 5250 5380 4847 5102 5135 5550 5166 5364 5431 4853 5211 5424 5118 5505 5298 5147 5077 4853 5184 5062 4911 5516 4823 4870 5421 5436 5299 5173 5281 4968 5328 4959 4813 5167 4701 5166 4954 5222 5272 5352 5138 4947 5385 5214 5239 5457 4895 5217 5487 5322 5334 4725 5147 5080 5205 5073 4878 5344 5334 5353 4934 5492 5220 5299 5276 5211 4608 5385 4696 5278 5078 5658 5144 4767 4752 5177 5367 4897 5326 4734 5537 5083 5535 5443 5397 5206 5386 5035 4790 5114 5185 4913 5430 5178 5240 5132 4888 5643 5032 5131 5124 4830 5462 5492 5543 4730 4885 5269 5122 4920 5309 4717 5520 5530 5095 5362 5071 5316 4962 5351 5154 5046 4789 5485 5120 5417 5229 4896 5590 5299 5404 4632 5451 5205 5058 5037 4896 5407 5071 4945 5036 5150 5315 5378 4856 5419 5152 5094 5137 5164 5172 5076 5452 5083 5268 4607 5023 5372 5056 5371 5548 5550 5643 4840 5490 5212 5019 5070 5637 5210 4690 4940 4916 5075 5138 4869 5125 5408 5062 5403 5190 4940 5409 5219 5372 4833 5214 5697 5246 5001 4860 5509 5183 5012 5237 5574 5212 5304 5525 5463 5347 5187 5037 4945 4829 5489 5335 5327 5207 5371 5158 4822 5497 4984 4725 5431 5719 4979 5182 5113 4961 5330 5163 5118 5286 5511 5157 5271 5142 4752 5255 5195 5548 5117 5166 5030 5170 5340 5101 4863 4897 5269 5253 5140 5331 5219 5264 5358
5383 5106 5289 5271 5516 5411 5223 5341 5238 5404 4951 5006 5145 5350 5097 5714 5303 4868 5361 5485 4865 4938 5339 5196 5148 4968 5380 5019 4818 5250 5062 4985 5364 5232 5315 5459 5260 5047 5305 5061 4945 5076 4897 5064 5029 5219 5237 5098 4948 5054 5448 5316 4981 5456 5082 5226 5366 5252 5270 4984 5177 4955 5189 4932 5110 5319 5243 5226 5157 5385 5098 5410 5463 5053 4701 5321 4695 4980 5247 5339 4997 4754 4779 4873 5344 4810 5399 4847 5388 5132 5125 5539 5268 5263 5095 5449 4485 5317 5006 4812 5431 4901 5011 5323 4881 5521 5030 4960 4970 4934 5466 5325 5487 5011 4651 5227 5256 4863 5248 4360 5236 5426 5252 5238 5188 5362 4868 5373 4885 5226 5251 5465 4677 5331 5259 5107 5625 4971 5317 4738 5164 4862 5064 4904 4722 5309 5091 5304 5197 5541 5177 5594 5147 5222 5222 4759 5156 5121 5270 5201 4825 5314 5371 4999 5065 5516 4923 5382 5506 5451 5433 4712 5387 5157 5183 5191 5703 5034 4897 5348 5106 5282 5211 5061 4980 5462 5077 5312 5337 4961 5635 5227 5272 4846 5224 5309 5227 4967 4991 5451 5239 4964 5135 5516 5429 5066 5261 5497 5159 5058 5152 5080 4820 5246 5221 5047 5272 5411 4897 4713 5322 4820 4844 5596 5240 4877 4987 5170 4856 5263 4962 5188 5431 5239 5240 5152 5272 4934 5219 5209 5310 5047 5272 5017 5251 5030 4995 4954 4722 5250 5182 5156 5300 5123 4973 5172
5393 5573 5310 5223 5630 5635 5436 5606 5076 5274 5017 5288 5581 5837 5149 5702 5717 4990 5746 5560 5096 5337 5609 5526 5333 5305 5575 5210 5460 5564 5320 5134 5680 5402 5659 5553 5240 4878 5579 5066 4923 5263 5123 5427 5066 5621 5348 5362 5118 5501 5418 5350 5318 5683 5606 5228 5684 5112 5387 4839 5456 5022 5426 5290 5295 5552 5374 5454 5354 5859 5311 5605 5714 5385 4630 5347 5179 5152 5230 5571 5246 4819 5331 5550 5452 5392 5683 5127 5638 4957 5857 5716 5567 5505 5542 5450 5278 5420 5343 4925 5628 5370 5091 5657 4946 5482 5151 5436 5257 5509 5452 5395 5769 4957 5042 5520 5344 5303 5377 4961 5574 6074 5224 5202 5301 5324 5626 5388 5436 5118 5312 5645 5032 6032 5413 5177 5629 5380 5649 4895 5469 5426 5289 5231 5165 5604 5404 5120 5164 5825 5528 5487 5281 5460 5457 5348 5502 5357 5420 5483 5269 5449 5454 5117 5138 5736 5253 5611 5874 5570 5965 4792 5805 5308 5331 5389 5613 5579 5045 5706 5139 5282 5501 5292 5424 5779 5320 5758 5405 4979 5573 5345 5850 4986 5566 5592 5722 4723 5012 5802 5302 5240 5581 5771 5275 5109 5628 5390 5491 5311 5218 5305 4757 5789 5464 5411 5196 5448 5458 5030 5524 5174 5130 5899 5757 5333 5743 5246 5120 5740 5345 5357 5458 5653 5634 5541 5662 4975 5228 5279 5691 5570 5283 5229 5523 5215 5568 5095 5034 5640 5436 5296 5476 5300 5042 5755
5841 5721 5738 5541 5805 5916 5595 5722 5493 5731 5228 5350 5725 6002 5536 5797 5949 5287 5960 5658 5295 5898 5471 5443 5709 5209 5657 5395 5395 6019 5650 5564 5984 5729 5768 5671 5570 5073 5692 5530 5103 5788 5118 5701 5284 5690 5696 5577 5522 5604 5489 5544 5394 5905 5574 5840 5813 5761 5765 5264 5517 5419 5616 5494 5366 5691 5356 5839 5654 5965 5672 5610 6036 5571 5027 5871 5195 5578 5711 5910 5630 5356 5665 5531 5834 5606 5977 5210 5943 5522 5920 5747 5436 5906 5757 5781 5202 5745 5587 5163 5587 5467 5524 5792 5312 5691 5152 5804 5639 5465 5773 5840 5836 5348 5120 5286 5318 5231 5263 5026 5737 6095 5552 5662 5524 5805 5641 5896 5742 5082 5513 5810 5234 5869 5607 5337 5844 5536 5335 5377 5455 5552 5481 5387 5303 5830 5757 5397 5317 5780 5652 5764 5446 5858 5600 5063 5827 5551 5913 5777 5558 5784 5445 5543 5670 5966 5564 5762 5768 6026 6099 5061 5971 5739 5487 5724 5915 5665 4955 5465 5317 5700 5802 5585 5769 6021 5374 5793 5595 5444 5935 5436 5693 5353 5674 5890 5962 5276 5173 5649 5663 5390 5807 6129 5492 5284 5529 5990 5544 5518 5470 5178 5244 5971 5581 5613 5744 5975 5428 5421 5751 5366 5435 5859 5873 5668 5786 5591 5466 5925 5578 5680 5686 5893 5764 5668 5588 5424 5537 5739 5994 5278 5466 5367 5501 5501 5704 5354 5393 5889 5862 5682 5663 5520 5348 5712
5005 4927 5165 5139 5575 5361 5143 4960 5258 5339 4821 4864 4965 5373 4932 5310 5093 4470 5326 5237 5097 4964 5040 5308 4826 4787 4759 5126 4895 5462 4912 4866 5231 5029 5116 5228 4885 4718 5267 4877 4560 4901 4513 4883 4698 5225 5048 5046 4988 5056 5201 5007 4862 5083 5084 5110 5346 5022 4966 4836 5206 4886 4998 4856 4769 5171 4916 4957 4776 5201 4872 5135 5530 5263 4470 5279 5006 4875 4883 5241 5043 4822 4874 4729 5303 4998 5144 4678 4908 4894 5130 5187 4963 5203 5139 5002 4567 5024 5096 4668 5146 4818 4677 5194 4794 5135 4790 5064 4575 4945 5316 5317 5188 4773 4768 5081 5014 4847 5014 4441 4971 5514 4766 5052 4878 5053 4955 5368 5125 4885 5112 5190 4618 5184 5149 4746 5345 4792 5137 4684 5046 4877 5061 4842 4639 5332 4961 4959 4693 5227 4826 5309 4916 5180 5149 4879 5281 5059 5096 5038 4929 4840 4872 5033 4818 5215 4920 5596 5323 5420 5151 4703 5135 5223 4779 5018 5180 5088 4664 5279 4937 4946 5128 4896 5329 5495 4788 5056 5331 5024 5527 5199 5486 4935 5124 5286 5374 4535 4816 5285 4926 4860 5107 5110 4919 4798 5120 5159 5325 4754 4721 4837 4658 5290 4963 5261 5168 4936 4807 4756 4935 4717 4795 5411 4988 4688 5001 4936 4585 5106 4906 5047 4977 5165 5359 5071 4942 4812 5164 4855 5486 5082 4916 4991 4888 4909 5037 4931 4381 5327 5128 5001 4994 4991 4696 5429
5133 5001 5284 5509 5581 5245 5184 5222 5240 5346 4898 4961 5306 5570 4960 5260 5269 4896 5082 5392 5217 5012 5393 5449 5173 5089 5339 4934 4990 5517 4997 4991 5595 5370 5228 5020 5062 5161 5046 5071 4930 5259 4569 5210 5168 5362 4899 5090 5255 4999 5402 5026 4962 5489 5347 5181 5629 5356 5148 4695 5192 4923 5347 4924 4769 5351 5205 5266 5108 5390 5312 5048 5593 5313 4744 5279 5087 4956 5306 5339 4970 4747 5007 5084 5172 5013 5458 4837 5280 5166 5479 5673 5315 5039 5254 5164 4720 5395 5005 4840 5342 5304 5006 5029 4620 5512 5014 5542 4957 4996 5206 5530 5585 4766 4777 5136 5098 4876 5208 4902 5457 5498 5416 4877 5173 5341 5083 5247 5225 4923 5104 5502 4822 5427 5397 5293 5360 5330 5066 4859 5148 5072 5038 5152 4799 5384 4949 5067 4883 5455 5207 5564 4812 5314 5046 4934 5159 5116 4919 5086 5202 4928 5313 5065 5218 5601 4970 5361 5483 5545 5439 4980 5355 5311 5001 4896 5622 5258 4924 5044 5093 4786 5181 4993 4889 5542 4990 5343 5234 4880 5546 5218 5627 4776 5212 5522 5129 4889 4905 5551 5376 5177 5181 5345 5219 5193 5332 5576 5190 5199 4975 5075 4917 5497 4611 5363 5318 5381 5073 4834 5093 5226 4684 5434 5568 5079 5456 5162 5013 5280 5068 5402 5284 5383 5665 5343 5212 4892 5364 5214 5501 5159 5221 4939 5113 5146 4936 4947 4970 5276 5171 5221 5035 5003 5154 5337
5247 5323 5200 5638 5716 5306 5213 5371 4938 5511 4932 5231 5046 5727 4924 5516 5509 5246 5557 5405 5445 5315 5390 5399 5450 5073 5378 5140 5172 5497 5185 4953 5432 5289 5550 5229 5045 4960 5515 5178 5058 5360 4962 5358 5130 5339 5328 5386 5222 5321 5803 5260 5223 5525 5463 5482 5934 5324 5225 4707 5493 5113 5342 5155 5072 5456 5453 5159 5311 5471 5339 5223 5716 5303 4757 5484 5089 5192 5358 5762 5219 4896 5218 5170 5374 5256 5665 5066 5560 5167 5595 5528 5256 5322 5523 5662 4835 5173 5175 4545 5608 5391 4906 5206 4929 5521 5165 5517 5014 5214 5790 5546 5471 5160 5043 5411 5483 5158 5258 5037 5602 5827 5246 5364 5204 5484 5168 5696 5496 5213 5089 5714 5362 5476 5379 5138 5772 5190 5231 4887 5211 5163 5091 5113 4957 5246 5404 4930 5182 5430 5202 5471 4928 5567 5331 4994 5460 5251 5317 5205 5393 5144 5348 5216 5185 5759 5179 5454 5441 5599 5682 5009 5498 5332 5304 5289 5584 5450 4874 5518 5324 5183 5201 4972 5142 5383 5138 5276 5416 4665 5844 5087 5375 4754 5405 5908 5457 4858 4923 5512 5215 4954 5369 5560 5632 5270 5396 5714 5235 5179 5258 5222 5066 5345 5109 5515 5671 5261 5156 5076 5454 5092 5047 5730 5737 5395 5407 5356 4797 5309 4978 5225 5443 5309 5457 5659 5156 4993 5153 5316 5619 4869 5246 5282 5240 5146 4947 5146 4843 5649 5259 5419 5325 5211 5311 5327
5443 5582 5233 5685 5563 5562 5604 5580 5489 5576 4988 5167 5568 5796 5296 5556 5552 4992 5492 5413 5312 5513 5460 5502 5435 5251 5514 5234 5211 5461 5343 5031 5432 5416 5727 5505 5373 5204 5350 5304 5157 5280 4761 5377 5240 5469 5123 5187 5276 5354 5488 5523 5158 5414 5444 5485 5604 5431 5136 4864 5240 5334 5500 5309 5203 5431 5395 5796 5408 5532 5575 5547 5744 5430 4828 5298 5245 5562 5497 5741 5165 5227 5095 5342 5665 5044 5710 5105 5787 5432 5693 5710 5405 5415 5502 5332 5236 5483 5442 5010 5595 5349 5239 5596 5105 5565 5174 5399 5231 5045 5672 5587 5615 4993 5052 5306 5293 5123 5270 4917 5507 5813 5291 5313 5185 5777 5570 5608 5444 5307 4967 5426 5203 5633 5618 5078 6099 5291 5328 5083 5089 5275 5419 5395 4961 5693 5177 5417 5062 5626 5458 5800 5334 5619 5704 5158 5549 5289 5294 5578 5580 5398 5541 5313 5701 5801 5177 5686 5719 5745 5885 5061 5892 5308 5242 5369 5943 5750 5126 5344 5015 5357 5544 5546 5376 5737 5171 5563 5341 5278 5765 5280 5717 5113 5279 5678 5583 5066 5112 5824 5244 5185 5400 5907 5539 5354 5528 5561 5199 5316 5358 5282 4973 5674 5300 5861 5580 5845 5229 5096 5372 5268 5244 5642 5655 5337 5613 5457 5355 5534 5290 5443 5516 5705 5632 5459 5379 5194 5483 5280 5796 5679 5583 5572 5508 5449 5287 5131 4963 5414 5610 5144 5273 5492 5195 5339
4830 4585 5104 4817 5026 5123 5029 4854 4758 4892 4656 4650 4651 4940 4544 5013 4799 4451 5035 4871 4620 4923 4937 4992 4803 4690 4400 4902 4861 5021 4693 4658 4962 4646 4904 4837 4593 4451 5027 4658 4660 4837 4334 5053 4743 5032 4913 4713 4800 4762 4923 4827 4676 4875 4751 4785 5222 4771 5034 4449 4997 4754 5047 4779 4540 4796 4896 5121 4669 5000 4737 4661 5409 4838 4355 4984 4684 4836 4905 5047 4863 4300 4645 4722 5168 4716 4869 4605 5061 4600 5088 5061 4949 4873 5147 4707 4507 4650 4688 4675 4713 4674 4487 5009 4623 5078 4759 4858 4710 4710 5038 4951 4898 4554 4652 4847 4754 4329 4660 4287 4711 5249 4916 4784 4639 4871 4684 5063 4776 4649 4791 5042 4556 4991 4860 4720 5116 4796 4531 4456 4878 4683 4637 4752 4582 4899 4975 4878 4461 5048 4775 4774 4575 4857 5112 4504 5136 4783 4950 4762 4925 4825 4766 4644 4781 5326 4642 4905 5206 5217 5283 4557 5106 4951 4678 4897 5149 5002 4393 4719 4658 4855 4825 4680 5068 5027 4724 4680 5107 4558 5201 4705 4975 4742 4934 5047 4779 4236 4559 5022 4904 4877 4943 5118 4674 4571 4952 4998 5042 4676 4683 4519 4433 5097 4822 4608 4906 5017 4878 4416 4952 4676 4600 5058 4825 4713 4980 4774 4532 5059 4601 4782 4950 5083 5060 4931 4889 4341 4841 4948 5161 4691 4686 4870 4672 4778 4918 4629 4302 4684 4968 5063 4708 4875 4646 4904
5730 5510 5912 5566 5627 5701 5421 5647 5588 5786 5329 5441 5348 5957 5220 5920 5625 5253 5800 5486 5255 5657 5588 5521 5388 5161 5555 5220 5435 5607 5300 5402 5867 5339 5620 5420 5612 5220 5798 5211 5189 5516 4860 5750 5483 5820 5551 5478 5157 5370 5560 5346 5281 5683 5352 5413 5825 5514 5540 5069 5344 5319 5850 5457 5356 5769 5334 5632 5263 5498 5660 5551 5825 5347 5117 5704 5427 5226 5463 5564 5392 4919 5526 5376 5718 5368 5842 5248 5857 5154 5453 5957 5533 5686 5617 5570 5319 5613 5149 5076 5817 5395 5327 5512 5146 5829 5208 5373 5506 5602 5785 5645 5743 5547 5142 5537 5318 5162 5377 5035 5412 6026 5477 5485 5379 5615 5171 5726 5470 5183 5585 5533 4979 5557 5791 5531 5707 5353 5462 5024 5515 5530 5197 5321 5212 5699 5504 5457 5244 5908 5732 5678 5473 5723 5443 5060 5492 5485 5570 5550 5438 5513 5393 5481 5318 5742 5292 5620 5857 5740 5788 5060 5844 5484 5448 5404 5764 5731 4845 5555 5325 5470 5511 5468 5510 5901 5099 5586 5422 5221 5598 5259 5790 5163 5514 5857 5653 5229 5102 5822 5509 5163 5734 5739 5436 5418 5471 5634 5620 5187 5532 5260 5128 5743 5311 5440 5842 5743 5388 5289 5398 5078 5255 6069 5599 5313 5688 5245 5073 5564 5419 5510 5451 5459 5879 5743 5267 5105 5562 5635 5647 5324 5578 5212 5131 5604 5418 5108 4964 5752 5532 5472 5541 5493 5185 5530
5107 4943 5323 5161 5461 5141 4919 5350 5173 5230 4635 4678 4928 5424 4949 5334 5202 4738 5181 5291 4746 4952 5256 5229 5243 4810 5260 4928 4965 5274 5041 5073 5148 5051 5329 5224 4996 4720 5256 4970 4949 5208 4487 5279 4903 5410 4995 4939 4884 5007 5225 5086 5004 5207 5090 5015 5320 5107 5098 4774 4847 4761 5136 4924 4990 4959 4941 5153 5243 5246 4945 4949 5507 5179 4783 5199 5010 4915 5261 5358 5109 4562 5104 4900 5387 4832 5267 4706 5025 4989 5208 5440 5100 5304 5204 5116 4652 5326 4937 4608 5103 5097 4777 4995 4657 5222 5016 5102 4779 5010 5210 5253 5148 4857 4797 4938 5063 4998 5035 4464 5109 5422 5460 5316 4765 5210 5007 5212 5234 5046 4817 5140 4810 5149 5128 4728 5315 4970 5139 4765 5154 4860 5111 4994 4665 5062 5037 4865 4744 5319 5085 5334 4970 5245 5045 4943 5078 5121 4872 4861 4965 4932 4873 5185 4671 5626 4851 5278 5264 5579 5252 4543 5277 5368 4865 4904 5418 5231 4888 5096 4793 4951 5005 5005 4929 5350 4780 5154 5101 4833 5453 5205 5345 4660 5121 5443 5095 4813 4853 5057 4981 4843 4975 5368 5173 4859 5286 5517 4985 4854 5096 4733 4743 5364 4916 5377 5320 5199 4967 4740 4945 5024 4889 5449 5389 4683 5097 4853 4954 5171 4917 5214 5243 4925 5158 5097 5004 4920 5180 5037 5687 4931 5119 4887 5064 4932 4835 4957 4826 5292 5076 5195 4902 5225 5023 5209
5451 5356 5598 5486 5712 5555 5274 5576 5144 5680 4966 5313 5321 5424 5231 5718 5643 4915 5434 5652 5495 5229 5574 5384 5185 5326 5438 5322 5189 5690 5398 5282 5577 5616 5627 5524 5349 5083 5525 5072 4984 5398 4960 5530 5188 5697 5288 5441 5056 5373 5451 5267 5231 5822 5471 5395 5695 5325 5377 5024 5395 5332 5437 5153 5180 5477 5419 5475 5260 5400 5432 5490 5914 5293 4886 5264 5103 5252 5397 5668 5274 5152 5418 5458 5624 5313 5618 5204 5556 5270 5879 5967 5349 5394 5641 5609 5088 5469 5501 4922 5609 5259 5112 5265 5110 5314 5312 5318 5018 5365 5547 5424 5686 5123 4749 5345 4997 5348 5290 5180 5550 5850 5347 5324 5011 5550 5073 5838 5477 5438 5383 5610 5074 5625 5489 5138 5660 5389 5436 4934 5506 5472 5217 5166 5034 5789 5428 5173 5039 5526 5809 5583 5319 5692 5342 5160 5529 5284 5413 5291 5477 5487 5254 5264 5067 5849 5256 5979 5717 5646 5791 4995 5674 5436 5359 5253 5835 5331 4945 5479 5295 5353 5706 5076 5380 5565 4993 5301 5210 5172 5676 5360 5657 5100 5273 5638 5682 5133 5264 5730 5506 5059 5324 5877 5496 5276 5577 5793 5297 5050 5423 5167 5209 5756 5371 5605 5814 5662 5408 4986 5231 5252 4899 5888 5696 5543 5439 5501 5107 5560 5202 5628 5360 5400 5825 5492 5441 5171 5263 5269 5567 5435 5206 5431 5272 5477 5324 5192 5104 5527 5584 5333 5603 5221 5195 5547
5362 5261 5350 5542 5780 5379 5386 5267 4991 5231 4993 5286 4913 5396 4889 5645 5519 5083 5238 5381 5333 5229 5373 5322 5268 5200 5252 5021 5063 5311 5018 5284 5284 5352 5646 5279 5195 5040 5528 5097 5016 5620 4905 5288 5152 5565 5247 5120 5002 5261 5436 5230 5114 5370 5305 4947 5897 5321 5093 4950 5242 5221 5386 5104 5010 5431 5219 5389 5220 5388 5292 5497 5691 5209 4613 5588 5026 5245 5050 5604 5051 4879 5335 5118 5657 5040 5601 4810 5602 5051 5513 5890 5255 5367 5358 5400 5023 5210 5160 4889 5492 5355 4979 5252 5082 5667 4718 5374 5397 5132 5560 5565 5409 5047 4957 5291 5104 5114 5262 5015 5405 5614 5286 5463 5118 5351 5268 5660 5292 5083 5194 5748 4876 5374 5105 5113 5599 5004 5158 4919 5374 5113 5016 5241 4706 5485 5149 5096 5009 5199 5545 5764 5022 5436 5230 5206 5528 5197 5319 5285 5222 5116 5210 4931 5028 5569 4861 5529 5519 5700 5606 4867 5290 5191 5145 5271 5630 5546 4773 5391 4933 4928 5532 5212 5135 5552 5270 5484 5148 4878 5440 4990 5360 5080 5425 5783 5276 4978 4746 5607 5413 4934 5293 5515 5331 5221 5411 5527 5279 5148 5222 4969 5058 5449 5118 5585 5437 5428 5294 5007 5569 5054 4920 5753 5688 5297 5368 5356 5118 5352 5074 5331 5268 5503 5291 5217 5341 5023 5426 5460 5279 5040 5128 5113 5103 5163 5163 5080 5152 5223 5456 5081 5504 5047 5272 5433
5327 5533 5313 5480 5788 5498 5473 5308 5097 5544 5199 5062 5310 5795 4984 5538 5533 5154 5537 5305 5188 5506 5507 5236 5418 5420 5319 5132 5316 5473 5161 4853 5324 5456 5508 5203 5159 5032 5542 5237 4737 5312 4739 5445 5262 5350 5338 5301 5290 5164 5238 5089 5216 5604 5339 5449 5790 5414 5395 4703 5280 5312 5458 5229 5212 5389 5083 5474 5032 5411 5173 5283 5710 5494 5138 5375 5353 5162 5166 5657 5227 4802 4987 5164 5611 5267 5621 4856 5483 5226 5520 5536 5369 5246 5364 5628 5023 5341 5290 4671 5347 5373 5148 5546 5016 5442 5217 5338 5148 4995 5710 5559 5437 5007 4913 5021 5274 5187 5195 5066 5499 5420 5218 5206 5440 5569 5513 5661 5352 5258 5085 5538 4955 5516 5365 5231 5630 5145 5190 5104 5445 5056 5095 5137 4929 5341 5485 5303 5238 5470 5557 5575 5168 5681 5050 4878 5514 5446 5233 5277 5293 5316 5065 5342 5238 5836 5274 5359 5499 5654 5534 4811 5455 5421 5199 5293 5736 5282 4839 5512 5238 4904 5536 5010 5478 5594 5299 5366 5239 5178 5688 5200 5444 4889 5392 5654 5325 4863 5065 5581 5422 5136 5573 5832 5266 5247 5467 5556 5453 5135 5239 5438 5085 5490 5176 5391 5162 5472 5019 5141 5307 4903 4943 5964 5525 5402 5505 5138 4830 5474 5162 5305 5366 5486 5463 5444 5333 4752 5579 5516 5574 5334 5489 5354 5101 5093 5274 5060 4912 5321 5182 5328 5348 5169 5149 5497
4857 5289 5330 5203 5290 5159 5234 5339 4939 5126 4719 4876 5109 5377 4977 5472 5342 4871 5053 5084 5029 5168 5118 5260 4902 5041 4978 5141 5193 5162 5147 4672 5248 5041 5391 5199 5006 4847 5190 4849 4969 5353 4712 5169 5068 5001 5022 4950 5015 5209 5087 4725 4818 5235 4919 4949 5522 4806 5236 4893 5033 5144 5424 5119 4864 4941 5150 5399 5223 5690 5334 5169 5387 5153 4474 5417 4759 4979 5107 5506 5095 4942 4870 5133 4968 5149 5299 4871 5361 5164 5424 5368 5156 5178 5269 5021 4728 5082 5173 4748 5294 5024 4866 5200 4912 5344 4868 5172 4823 5038 5503 5216 5195 5055 4724 5028 4919 4978 5147 4807 5086 5683 4968 5173 5038 5283 5242 5184 5311 5083 5372 5523 4803 5297 4866 4994 5280 5099 5002 4947 5297 5045 5185 4747 4717 5067 5187 4872 4734 5520 5275 5426 4556 5434 5367 4897 5069 5140 5379 5021 5217 4889 5004 4971 5367 5149 4986 5381 5207 5526 5395 4849 5401 5127 4758 5193 5527 5404 4829 5470 5124 4904 5214 5020 5342 5452 4917 5376 5123 5052 5682 4961 5308 4951 5154 5755 5257 4721 4987 5519 5208 4780 5559 5484 5077 4990 5191 5256 5180 5159 4887 5015 4765 5325 5149 5213 5402 5343 4973 4876 5174 5129 4904 5441 5322 5222 5304 5140 4868 5354 5127 5123 5221 5260 5321 5024 5115 4918 4989 5003 5512 4943 5076 5073 5136 5132 5173 4869 4668 5357 5362 4926 4906 5031 4890 5389
5187 5059 5084 5020 5455 5482 5117 5280 5095 5291 4810 5085 4683 5415 4973 5423 5325 5025 5128 5173 4859 4782 5232 5105 4729 4892 5204 4829 4848 5290 4761 5049 5155 5130 5216 5071 4683 4758 5035 4764 4777 5211 4535 5281 4625 5061 5162 4835 5059 4815 5305 4941 5025 5305 4940 5067 5375 5133 5125 4999 4911 4898 5059 4810 4620 4961 5083 5242 5046 5145 4972 5120 5365 5085 4568 5186 4930 4683 4798 5274 4670 4437 4925 5068 5070 4747 5433 4541 5447 4888 4996 5367 4966 4850 4993 5053 4656 4995 4864 4756 5144 5312 5029 4812 4783 5280 4990 5254 4914 4763 5297 5420 5041 4619 4548 5198 5108 4812 5100 4553 5135 5532 5199 5123 5021 5172 4938 5269 4870 5015 4832 5423 4942 5325 5000 4782 5465 4772 5056 4696 4905 5040 4945 4814 4484 4987 5072 4846 4833 5134 5169 5379 4526 5244 5091 4704 5182 4937 5144 4868 4980 4775 5039 4672 4884 5266 4848 5221 5287 5217 5539 4630 5342 5137 5033 4899 5391 5047 4766 5447 5065 4918 5015 4913 4972 5231 4740 5256 5175 4670 5339 4931 5241 4586 5013 5370 5021 4807 4778 5328 4980 4941 5237 5396 5037 5094 5093 4981 5058 4979 5060 4961 4625 4848 4823 5225 5094 5062 5042 4793 4972 4838 4588 5664 5094 5076 5177 4920 4623 4967 4690 5031 4850 5176 5145 5145 5021 4590 5117 5139 5142 4782 5252 5159 5027 4712 4814 4867 4499 4991 5033 5060 5436 4952 5186 5020
4732 4974 4829 5065 5010 4522 4929 4751 4736 4993 4461 4717 4559 5329 4450 4968 4846 4541 4718 4821 4837 4859 4908 4697 4821 4766 4839 4566 4792 4738 4710 4824 4840 4727 4786 4564 4722 4623 4827 4653 4513 4917 4417 4794 4547 4892 4602 4843 4587 4962 4860 4683 4387 4923 4713 4745 5133 4750 4743 4121 4775 4746 4850 4499 4687 4858 5085 4854 4875 4956 4913 4762 5326 4728 4432 4847 4890 4803 4567 4910 4697 4388 4608 4466 4791 4362 4965 4290 4901 4688 4973 5110 4988 4913 4979 4710 4456 4751 4575 4352 4839 4775 4445 4704 4381 4848 4681 4866 4783 4724 4996 5166 5151 4591 4465 5001 4772 4524 4829 4517 4932 5009 4701 4848 4958 5215 4475 4967 4852 4748 4718 4860 4489 4851 5133 4381 5188 4660 4808 4364 4801 4622 4541 4698 4470 4835 4613 4797 4643 4571 4853 5117 4658 4785 4513 4535 4695 4504 4909 4666 4714 4867 4854 4361 4760 5003 4766 5038 4765 5001 5074 4587 4803 4746 4670 4494 5258 5203 4494 4881 4703 4731 5025 4552 4853 5212 4523 5007 4807 4535 5252 4478 4890 4442 4727 5086 4846 4325 4232 4841 4713 4601 4732 5190 4673 4547 4712 5188 4840 4710 4613 4457 4322 5027 4530 4943 5374 4944 4647 4610 4684 4842 4413 5213 4898 4653 4964 4704 4553 4845 4794 4722 4944 4911 4843 5170 4695 4695 4588 4875 5041 4595 4763 4540 4910 4737 4626 4327 4410 5013 5127 5119 4897 4592 4819 4879
5031 5110 5058 4918 5449 5033 4997 5176 5005 5136 4868 4854 4898 5546 4546 5205 5034 4854 4833 5177 4734 5034 5049 5133 5060 4652 4919 4646 4719 5210 4929 4929 5032 4956 5259 5011 5173 4789 4936 4738 4552 4939 4739 5207 4882 5218 5179 5042 4918 5210 5349 5056 4959 4837 4939 4956 5201 5003 4973 4513 5096 5032 4961 4787 4793 5077 4745 5210 4913 4997 4763 4749 4961 4945 4651 5016 4841 4730 4828 4959 4734 4697 4623 4730 5015 4774 5061 4796 5283 4756 5034 5115 5148 5001 5157 5090 4732 4941 4889 4704 5017 5007 4832 4988 4669 5151 4848 4972 4789 4881 5126 5249 5215 4697 4613 4819 4893 4860 4691 4423 4904 5329 4777 4883 4814 5121 5051 5021 4685 4869 4605 4946 4610 5167 5215 4854 5335 4809 4926 4478 4782 4701 4897 4738 4558 5309 4845 4965 4641 5251 5230 5315 4930 4932 4936 4755 4856 4978 4870 5087 5012 5050 4927 4804 4779 5219 4810 5200 5319 5378 5395 4648 4966 4894 4887 4870 5350 4713 4641 4962 4984 4767 5018 4803 4864 5391 4757 5056 5018 4718 5155 5020 5042 4692 5090 5221 4995 4680 4428 5213 4916 4977 4911 4982 4996 4711 4881 5234 5056 4939 5002 4686 4770 4956 4604 5226 5074 5218 4886 4605 4894 4593 4656 5223 5245 4531 5186 5051 4719 4873 4619 5273 5074 5171 5100 5064 5009 4929 5096 5352 5294 4863 4973 4902 4944 5072 4975 4595 4560 4932 4963 4758 5150 5005 4657 5014
4822 5024 5142 4977 5234 5336 5029 5051 4942 5339 4577 5012 4901 5300 4586 5124 5080 4686 5237 5217 5083 4958 5399 4850 4785 4825 5008 4918 4938 5210 4849 4922 5186 4975 5155 5300 5138 4750 5028 4755 5040 5214 4854 5079 5066 5243 4891 5078 4942 5243 5593 5069 4925 5242 4794 4961 5357 4963 5094 4658 5090 4726 4948 4984 4906 4920 5178 4888 4966 5428 5153 5022 5518 5024 4191 5135 4627 4954 4977 5347 4851 4596 5028 5076 5264 5093 5151 4893 5434 5160 5174 5403 4927 5134 5419 5120 4733 5225 5022 4809 5089 5120 5028 5191 4642 5165 4904 4997 4903 4850 5299 5312 5278 4810 4779 5004 4892 4861 5126 4639 5016 5528 5053 5032 5020 5208 5113 5256 5199 4910 4881 5476 4914 5162 4788 4565 5427 5184 5118 4657 4982 4809 4771 4873 4948 5036 5259 4879 4854 5151 5239 5306 4784 5048 5093 5029 5171 5053 5251 4819 4941 4984 5042 4771 5079 5289 4738 5248 4921 5620 5487 4817 5227 5161 5072 4781 5309 5319 5152 5046 4867 4952 5312 5099 4952 5267 4849 5162 5012 4777 5693 4967 5128 4577 5085 5417 5221 4764 4609 5324 5006 4558 5191 5541 5289 4891 5237 5231 5136 4959 4874 4859 4742 5385 5005 5352 5221 5471 4885 4852 5152 4818 4697 5397 5374 5092 5076 5069 4909 5127 4770 5020 5048 5342 5340 4780 5180 4820 4863 5159 5334 4990 4958 5249 5120 4937 4895 5104 4570 5268 5201 4964 4993 5020 4796 5182
5581 5536 5323 5470 5715 5617 5727 5395 5278 5603 5031 5173 5140 5670 5136 5438 5706 5096 5443 5546 5475 5183 5296 5468 5338 5220 5494 5167 5130 5521 5389 5187 5621 5408 5525 5492 5345 5073 5304 5049 5285 5670 4991 5511 5186 5804 5473 5459 4966 5339 5298 5319 5278 5752 5323 5223 5799 5177 5544 4960 5329 5297 5339 5192 4956 5259 5471 5356 5313 5678 5394 5561 5796 5250 4954 5498 4921 5415 5463 5821 5166 4953 5295 5166 5582 5285 5561 4868 5569 5333 5706 5707 5354 5375 5621 5525 5227 5340 5192 4950 5485 5212 4989 5454 5180 5719 5093 5436 5013 5362 5611 5808 5495 5153 5016 5344 5359 5340 5270 5147 5667 5776 5252 5210 5336 5538 5290 5583 5731 5255 5226 5820 5046 5767 5510 5212 5663 5584 5348 4919 5284 5162 5337 5285 5143 5667 5524 5118 5344 5508 5460 5615 4951 5537 5511 5273 5527 5305 5392 5299 5199 5440 5282 5198 5392 5755 5093 5615 5848 5787 5741 5233 5745 5740 5506 5568 5842 5371 5069 5809 5085 5198 5720 5230 5188 5631 5194 5394 5495 5109 5780 5469 5537 5013 5384 5587 5605 4932 4875 5763 5228 5228 5397 5888 5548 5343 5721 5617 5170 5258 5204 5192 4921 5748 5234 5728 5280 5330 5383 5104 5323 5286 4995 5758 5744 5242 5480 5498 5115 5793 5182 5500 5458 5473 5688 5537 5456 4861 5495 5310 5842 5275 5422 5370 5151 5125 5418 5220 5296 5344 5433 5461 5344 5084 5419 5424
5423 5492 5249 5395 5408 5349 5161 5471 5221 5371 4684 5133 5271 5941 5238 5638 5535 4954 5186 5327 5338 5377 5560 5363 5288 5116 5507 5237 5196 5491 5005 5210 5654 5502 5514 5560 5140 4957 5538 5089 5006 5661 4759 5440 5314 5369 5412 5444 5081 5061 5415 4966 5301 5479 5236 5225 5783 4935 5278 4865 5404 4957 5465 5393 4905 5318 5284 5367 5185 5397 5194 5162 5633 5153 4800 5356 5321 5184 5367 5504 5262 4611 5063 5123 5261 5252 5492 4900 5608 5275 5688 5600 5417 5247 5552 5692 5100 5307 5020 5051 5679 5287 5079 5320 5079 5635 5095 5323 5378 5183 5338 5514 5569 4980 4774 4987 5333 5284 5196 4951 5497 5774 5247 5139 5298 5328 4938 5622 5244 5094 5009 5511 4964 5629 5326 4971 5646 5037 5489 4943 5451 5102 5147 5034 4827 5535 5549 5226 5049 5297 5285 5465 5445 5565 5422 5081 5491 5463 5069 5293 5280 5134 5541 4903 5209 5429 5275 5357 5426 5617 5578 4962 5619 5591 5158 5113 5463 5452 5043 5256 4914 5012 5539 5126 5149 5689 5216 5457 5007 4973 5505 5312 5393 4829 5516 5619 5216 4762 4837 5721 5209 5094 5297 5753 5282 5229 5299 5389 5240 5053 5243 5270 4811 5572 5209 5671 5515 5413 5228 4923 5315 4903 4921 5708 5475 5026 5468 5139 5001 5447 5076 5383 5628 5490 5490 5425 5422 5201 5322 5425 5594 5020 5259 5050 5261 5389 5095 5051 5114 5223 5300 5472 5687 5101 4984 5492
5817 5225 5677 5797 5666 5759 5577 5534 5632 5819 5111 5143 5690 5710 5167 5879 5766 5384 5608 5825 5379 5467 5655 5438 5351 5571 5582 5299 5183 5687 5400 5487 5770 5567 5543 5611 5691 5412 5851 5304 5526 5645 5177 5616 5552 5799 5629 5416 5625 5380 5713 5343 5321 5693 5307 5445 6083 5631 5490 5347 5746 5466 5695 5433 5430 5678 5548 5860 5392 5989 5588 5817 6064 5517 5104 5777 5255 5580 5554 5808 5433 5258 5572 5401 5712 5578 5618 5245 5772 5625 5689 5899 5677 5245 5714 5757 4989 5659 5530 5060 5875 5541 5378 5559 5275 5903 5135 5522 5238 5255 5666 5686 5667 5400 5082 5587 5744 5418 5365 5186 5775 5962 5748 5608 5322 5708 5248 5518 5737 5464 5570 5996 5087 5595 5631 5566 5999 5644 5364 5270 5593 5481 5536 5485 5448 5719 5545 5503 5410 5831 5537 5925 5177 5775 5693 5327 5403 5258 5573 5713 5429 5499 5786 5344 5664 5935 5483 5591 5829 5667 5760 5251 5737 5549 5752 5584 6152 5768 5140 5875 5536 5526 5314 5228 5395 6191 5289 5695 5668 5488 5903 5539 5636 5241 5503 6118 5396 5356 5033 5936 5480 5132 5192 5912 5669 5528 5516 5752 5594 5432 5484 5106 5158 6145 5537 5628 5867 5886 5368 5261 5799 5545 5441 5925 5560 5691 5535 5517 5441 5585 5551 5443 5368 5613 5703 5722 5487 5256 5615 5510 5637 5405 5358 5289 5610 5382 5484 5321 5214 5663 5922 5501 5415 5511 5391 5637
5239 5326 5335 5336 5687 5443 5404 5242 4896 5529 4789 4959 4952 5452 4915 5377 5391 4935 5072 5234 5465 5324 5432 5463 4937 4954 5441 5131 4988 5228 4956 5196 5229 5292 5263 4984 5055 4877 5135 4978 4817 5234 4808 5140 5067 5185 5209 4933 5268 5151 5543 5190 4968 5374 5202 5451 5206 4964 5077 5011 5354 4967 5103 4948 4853 5227 4989 5372 5315 5437 5430 5101 5617 5069 4796 5319 4921 5026 5180 5538 4933 4881 4998 5263 5074 4841 5405 5000 5341 5052 5194 5577 5412 4855 5271 5217 4942 5180 5058 4764 5246 5496 4775 5102 5007 5281 4957 5094 5362 4888 5240 5536 5500 4908 4783 4991 5022 4915 5096 4858 5279 5823 5228 5319 4973 5301 4847 5415 5617 5291 5031 5227 5150 5425 5174 4813 5713 5194 5174 5001 5390 5107 5314 5012 4899 5380 5138 4947 4939 5077 5239 5484 4977 5345 4901 5000 5242 5002 5233 5069 5014 5027 5297 4727 5044 5584 5022 5436 5179 5503 5602 4975 5366 5317 5283 4996 5503 5509 4875 5178 4949 5173 5330 5066 5002 5386 4909 5398 4835 5141 5537 5153 5147 4755 5193 5644 5392 4782 4682 5447 5122 4813 5172 5458 5139 4795 5106 5279 5393 5010 5088 5001 4695 5506 5098 5368 5483 5401 5077 5145 5037 5052 4713 5509 5660 5174 5145 5102 4948 5662 4941 5077 5207 5187 5487 5275 5338 4950 5161 5489 5332 5049 5043 5132 5221 5094 5088 4853 4855 5503 5170 5280 5183 5235 5322 5257
4958 4886 5278 5094 5031 5177 5295 5118 5041 5117 4643 4784 4687 5284 4544 5352 5084 4831 5148 4913 5013 5265 5125 5103 4809 4734 4987 4983 4745 5037 5078 5039 4937 5082 5226 5322 4914 4626 5210 4710 4796 4917 4618 4693 4966 5273 5054 4680 4784 4938 5049 4685 4860 5273 5017 5006 5501 4971 4704 4346 5108 4794 5040 4768 4664 5009 4750 5021 5053 5049 4984 4999 5346 5233 4506 5131 4867 5077 4874 5250 5045 4754 4808 4868 5130 4830 5260 4629 5012 4928 5108 5568 5127 4790 5001 5110 4666 5093 4772 4556 5053 5108 4583 5019 4662 5273 4723 5048 4922 5042 5152 5255 4882 4896 4723 5036 5189 4791 4965 4531 5073 5230 5011 5017 4686 4983 4913 5261 4835 4965 4677 5386 4644 5012 5013 4907 5450 4864 4935 4827 4997 4889 4790 4503 4538 5318 5146 4815 4861 5166 4860 5380 4782 5109 5048 4795 5305 5008 5132 4825 4880 4763 4829 4722 4884 5363 4737 5081 5018 5289 5488 4648 5325 5019 5024 4733 5252 5000 4660 5174 4853 4735 5233 4575 4905 5361 4726 5001 4869 4712 5438 4812 5250 4650 4892 5626 4988 4654 4755 5295 5096 4550 4918 5385 5250 4826 5237 5084 4914 4803 4953 4822 4810 5309 4925 5194 5111 4948 4956 4985 4990 4782 4630 5272 5064 4758 5310 4981 4946 5053 4805 5004 4929 4852 5088 5015 5256 4874 4720 5047 5212 5081 4939 4862 4969 4954 4832 4773 4384 4732 4929 4894 5003 4915 4674 5306
5158 5248 5350 5313 5543 5309 5160 5393 5185 5372 5064 4964 4893 5271 4868 5174 5056 4996 5319 5263 4965 5547 5183 5320 5120 4851 4898 4921 4764 5371 5022 4889 5301 5110 5507 5060 5177 4787 5200 4912 4992 5185 5022 5125 4976 5292 5138 5017 5092 5226 5175 5336 5173 5302 4956 5080 5512 4821 5245 4803 5114 5022 5174 5075 4916 5157 5103 5107 5067 5354 5030 5269 5511 5111 4642 5203 4770 5138 4997 5518 5031 4780 4876 4881 5487 4855 5334 4685 5211 4823 5546 5708 5183 5418 5181 5011 4925 5431 5299 4980 5169 5066 4846 5171 4783 5542 4917 5205 5178 4939 5279 5231 5280 5050 4709 5217 5153 4890 5080 4821 5297 5600 4849 5269 4884 5118 5197 5256 5195 4931 4923 5337 4902 5313 5113 4846 5569 5154 5260 4631 5117 5006 4940 5113 4584 5416 5247 5249 4904 5025 5325 5199 4857 5301 5163 4845 5195 5087 5347 4937 4908 5165 5015 4965 5074 5344 4686 5161 5389 5512 5667 4821 5190 5131 4977 5213 5474 5307 4747 5076 4969 5055 5611 5082 5383 5407 5034 5259 5202 4871 5401 4988 5233 5137 5366 5444 5151 4808 4666 5436 5116 5180 5295 5804 5238 5121 5243 5442 4995 5046 5048 4887 4755 5341 5016 5346 5128 5266 5299 4923 5118 4906 4963 5322 5443 4980 5470 5145 4903 5406 4938 5348 5296 5373 5419 5288 5263 4649 4885 5006 5476 5094 5094 5164 5116 4822 5284 4903 4656 5168 5606 4935 5370 5248 4971 4981
5682 5733 5676 5520 5874 5643 5266 5651 5388 5760 5235 5505 5269 5849 5410 5741 5615 5235 5826 5412 5278 5316 5617 5663 5267 5370 5542 5212 5143 5657 5051 5281 5510 5539 5632 5555 5437 5096 5691 5283 5223 5596 4986 5463 5500 5526 5563 5443 5321 5547 5546 5503 5100 5697 5349 5576 5946 5291 5623 5310 5649 5298 5389 5191 5293 5478 5578 5524 5491 5719 5313 5805 5882 5401 5044 5498 5146 5339 5303 5705 5234 4828 5460 5496 6043 5411 5835 5135 6062 5278 5591 5614 5256 5562 5555 5689 5133 5562 5290 5087 5675 5355 5226 5412 5145 5777 5097 5601 5568 5156 5763 5713 5372 5112 5105 5236 5648 5343 5538 5154 5532 6013 5320 5468 5339 5790 5271 5880 5384 5352 5333 5958 5226 5565 5371 5223 5962 5244 5629 5218 5384 5486 5269 5153 5139 5552 5364 5446 5198 5699 5591 5685 5233 5498 5455 5202 5681 5289 5480 5615 5335 5576 5443 5180 5420 6081 5252 6061 5705 5941 5664 5317 5627 5546 5686 5576 5848 5404 4910 5430 5213 5385 5956 5191 5451 5682 5357 5610 5513 5345 5580 5294 5598 5240 5640 5896 5664 5222 4786 5786 5407 5087 5749 5745 5570 5305 5547 5665 5460 5235 5366 5195 5132 5907 5372 5686 5619 5570 5532 5161 5531 5422 5153 5840 5846 5422 5704 5395 4946 5723 5196 5407 5400 5681 5629 5785 5587 5279 5447 5410 5653 5533 5446 5487 5329 5489 5171 5175 5151 5626 5539 5423 5495 5435 5208 5847
5487 5423 5265 5302 5573 5223 5168 5303 5411 5512 4917 4951 5174 5669 5271 5547 5475 5013 5088 5274 5224 5415 5299 5417 5065 4928 5127 5224 5185 5124 5101 5205 5601 5348 5305 5206 5126 4849 5320 4928 5149 5148 4648 5288 5048 5309 5235 5270 5023 5026 5371 5194 5106 5512 5246 5139 5641 5241 5040 4810 5190 4776 5419 5167 4856 5472 5267 5375 5131 5242 5223 5187 5519 5074 4661 5271 4925 5069 5134 5429 5146 4662 5153 5091 5768 4992 5515 4670 5325 5152 5666 5563 5135 5375 5104 5391 4758 5053 5149 4855 5453 5315 5020 5443 5001 5366 5085 5181 5451 5204 5271 5372 5620 4885 4907 4992 5185 5008 4886 5010 5254 5801 5154 5212 5081 5567 4789 5519 5364 4878 4918 5525 4860 5358 5363 4797 5361 5160 5121 4651 5210 5023 5258 5038 4710 5260 5234 4897 4908 5343 5490 5432 5116 5310 5199 4943 5353 5076 5062 5231 5105 5200 5357 4901 5042 5567 5022 5542 5338 5495 5624 4812 5662 5316 4809 5113 5394 5517 4853 5081 4850 5271 5318 5171 5278 5377 4646 5262 5226 4904 5650 5156 5354 4883 5137 5517 5270 4680 4822 5608 4959 5028 5342 5565 5423 5204 5537 5656 5315 5216 4872 4773 5081 5649 4844 5363 5536 5369 5286 4849 5174 5052 4780 5379 5387 5179 5166 5138 5122 5202 5102 5141 5416 5303 5232 5323 5193 4817 5292 5236 5635 4959 5352 5070 4924 5171 4997 5029 5075 5340 5140 5132 5322 4909 4866 5438
4957 4928 4923 5339 5220 5036 5170 4971 5004 5344 4720 4516 5047 5327 4948 5235 5346 4492 4903 4905 5017 4965 5027 5083 4897 4814 5026 4663 4660 5214 4878 4882 5219 5137 5091 5005 5015 4546 5023 5078 4896 4899 4471 5070 4908 5080 4859 5064 4807 4781 5017 4889 4856 5310 5186 5147 5353 5008 4833 4766 5040 5107 4911 4969 4770 5047 4950 5327 4831 5062 4942 4936 5434 4985 4724 5076 4938 4718 5176 5380 4807 4563 5153 4877 5253 4818 5178 4715 5251 4814 5017 5141 4969 4964 5208 5113 4683 4983 4855 4592 5100 4874 4769 5133 4739 5340 4788 5054 4842 4734 5266 5079 4998 4690 4679 4808 4985 4648 5010 4591 4948 5188 4931 5089 4896 5249 4792 5219 4783 4733 5094 5133 4618 5112 4884 4664 5432 4654 4896 4644 4926 4771 4907 4841 4750 5311 4893 4930 4681 4961 4959 5239 4722 5199 5072 4584 5125 4851 5140 5022 4839 4986 4981 4820 5161 5243 4568 5317 5315 5353 5165 4744 5244 5082 4874 5003 5066 5061 4407 4867 4741 4787 5110 5059 5121 5122 4859 5199 4938 4658 5384 4925 5243 4547 4917 5150 5174 4631 4393 5291 4904 4625 4826 5225 5124 4972 5049 5209 5134 4908 4852 4644 4645 5186 4951 5280 5148 5301 4766 4749 5200 4727 4718 5294 5170 4893 5013 4899 4895 5163 4877 4854 4952 5301 5016 5282 4774 4796 5103 4847 5186 4791 4844 4873 5077 4849 4738 4753 4583 4847 4953 4736 5077 4988 4723 5301
5049 5042 4779 4943 4949 5089 4974 5218 5077 5121 4516 4669 4920 5422 4581 5246 5128 4768 5064 4904 4698 5243 4872 4823 4805 4743 4852 4788 4924 4925 4680 4745 5131 4987 4903 5009 4955 4741 5039 4715 4603 5047 4468 4797 4720 5314 4779 4916 4863 4962 4769 4772 4602 5113 5067 4960 5315 4921 4777 4464 5029 4894 5010 4775 4634 4807 4851 5128 4914 5184 4743 4849 5371 4993 4384 5009 4823 4985 4984 5215 4859 4537 4888 4975 4726 4822 5202 4746 5317 5045 5410 5132 4769 4928 5050 5005 4748 4922 4816 4536 5039 4961 4839 4912 4713 5117 4720 4550 4845 4821 4962 4865 5118 4575 4740 4917 4644 4704 4763 4614 5125 5246 5120 5007 5162 5047 4943 5146 4860 4655 4737 5295 4698 5199 5134 4717 5291 4745 4770 4549 4903 4884 4652 4622 4469 5048 5163 4930 4797 5167 5148 4896 4691 5019 4950 4613 5160 4837 4981 4986 4778 4945 5103 4871 4958 5261 4592 4935 5181 5560 5181 4501 5148 5118 4986 4944 5108 5145 4582 5075 4760 4789 5018 4880 5169 5308 4701 5119 5038 4595 5481 4705 5157 4566 4821 5373 5069 4410 4692 5171 4980 4802 5159 5422 5075 4707 5289 5023 5026 4905 4760 4879 4529 5096 4515 4998 5006 5087 5015 4390 4912 4880 4736 5175 5147 4975 5207 4881 4704 4815 4750 5088 4993 5048 5238 5088 5227 4534 5202 4680 5089 4827 5030 4755 4907 4787 4960 4363 4571 4706 5061 4956 5142 4700 4679 5256
5259 5454 5331 5393 5557 5380 5524 5601 5339 5576 4813 5114 5212 5283 4996 5587 5533 4936 5644 5351 5208 5280 5219 5585 5218 4985 5101 5381 5041 5514 5288 5018 5475 5255 5261 5401 5210 4880 5419 5057 4912 5298 4921 5309 5085 5488 5395 5145 5156 5050 5299 5169 5082 5553 5371 5253 5608 5147 5228 4989 5299 5387 5363 4821 4986 5231 5172 5372 5102 5260 5207 5428 5862 5226 5001 5346 5154 5178 5218 5457 5207 4755 5205 5206 5428 5287 5620 4897 5610 5002 5448 5790 5166 5117 5305 5396 4845 5124 5073 4801 5131 5179 4831 5298 4943 5434 4934 5291 5204 5099 5604 5461 5174 5184 4931 5128 5242 5080 5353 4749 5260 5729 5363 5215 5046 5589 5260 5837 5181 5272 5061 5547 4986 5476 5449 5055 5612 5105 5215 4780 5281 5145 5197 5071 4805 5616 5029 5233 4969 5500 5176 5372 4952 5502 5356 4988 5363 5379 5388 5375 5032 5152 5303 5109 5179 5660 5126 5724 5386 5796 5616 4925 5713 5316 5303 5250 5727 5357 5036 5409 5168 5145 5416 5197 5207 5588 5072 5620 5152 4943 5556 5186 5580 4776 5251 5584 5248 4760 4925 5478 5125 5036 5469 5660 5387 5205 5114 5091 5395 5212 5236 4972 4887 5543 5147 5488 5462 5402 5328 4835 5307 5147 5063 5559 5591 5120 5373 5467 5077 5466 5043 5359 5174 5247 5538 5306 5361 4787 5156 5283 5519 5158 5079 5036 5152 4998 5102 5142 4818 5286 5384 5346 5351 5285 5322 5628
5343 5254 5055 5333 5498 5574 5547 5437 5137 5424 4974 5000 5501 5763 4998 5375 5366 4988 5340 5185 5215 5292 5253 5243 5086 5143 5273 4987 5325 5409 5103 4961 5382 5148 5377 5337 4881 5006 5302 5236 5072 5499 4771 5236 4796 5230 5212 5237 5110 5141 5273 5122 4919 5567 5260 5009 5633 4819 5371 4997 5177 5248 5318 4998 4855 5203 5219 5416 5240 5391 5313 5087 5631 5062 4801 5393 4906 5136 4993 5600 5247 4950 5075 5072 5407 5117 5378 4599 5454 5170 5439 5508 5164 5169 5313 5563 4877 5175 5229 4443 5338 5041 5112 5221 4814 5534 5002 5473 5358 4829 5303 5493 5334 5016 4749 5081 5105 4961 5173 4751 5359 5597 5216 5326 5221 5532 5137 5285 5241 5095 5208 5458 5011 5071 5226 5178 5622 5073 5155 4862 5351 4911 4823 5000 4827 5305 5346 4983 5146 5229 5162 5523 4816 5416 5214 4757 5445 5078 5234 5301 5235 4918 5245 4771 5361 5711 4961 5291 5374 5748 5580 5045 5267 5322 4912 5130 5664 5169 4850 5333 5170 4905 5309 4912 5122 5418 4842 5297 5018 4860 5397 5105 5396 4761 5491 5458 5415 4783 5038 5318 5025 4739 5226 5756 5309 5032 5195 5458 5304 5158 5015 5201 4801 5492 5034 5466 5317 5258 5105 5147 5267 4937 4902 5665 5543 5290 5533 5062 4889 5415 5087 5130 5299 5366 5272 5363 5208 5036 5244 5126 5476 5193 5122 4994 5227 5153 4920 5065 4842 5392 5176 5003 5198 5040 5038 5271
4762 5078 4945 5069 5440 5037 4987 5238 4913 5174 4576 4852 5161 5459 4872 4888 5486 4808 4967 4904 4689 5100 5304 4874 4991 5023 4943 4781 4983 5343 4519 4696 5425 5174 5290 4838 4915 4545 4975 4980 4876 5047 4634 4998 4799 5276 4969 4845 4863 4727 5231 4661 4831 4877 5003 4783 5320 4876 5175 4586 5002 4841 4974 4742 4755 5080 4780 5127 4926 4991 4838 4976 5156 4803 4519 4999 5012 4686 4888 5184 4734 4565 4787 4909 5199 4835 5233 4642 5233 4919 5325 5184 4959 5020 5123 4979 4780 5178 4910 4515 4992 4990 4722 5332 4645 5148 4875 4893 4855 4716 5143 5005 5105 4581 4473 4769 4980 4791 4944 4453 5169 5164 4970 4802 4974 4883 4893 5374 5007 4779 4754 5227 4755 5366 4980 4534 5168 4814 5034 4679 4927 4780 5082 5045 4623 4978 4998 5183 4635 5033 4935 5228 4967 5105 4726 5015 5191 4912 4698 4949 4874 4925 4888 4960 4831 5421 4708 5185 5321 5560 5261 4859 5471 4984 5033 4914 5288 5015 4740 4919 4894 4809 5156 4871 4841 5006 4760 5118 5024 4717 5322 4905 5295 4572 5156 5279 5036 4372 4612 5278 5184 4682 5021 5297 5177 4877 5154 5126 4862 4784 5067 4920 4418 5137 4847 5345 4922 5056 4910 4908 4895 4715 4710 5498 5478 4656 5310 4915 4738 5312 5012 5090 5122 5216 5211 5086 4930 4783 5185 5203 5404 4912 5180 4993 5075 4944 4766 4695 4604 4853 4706 4720 5239 5029 4927 5115
5335 5150 5112 5287 5527 5437 5346 5387 5275 5250 4838 5032 4967 5517 4896 5671 5541 4942 5415 5385 5200 5273 5305 5392 5347 4766 5253 5035 5077 5468 5115 5036 5369 5351 5270 5420 5090 5063 5481 5112 4948 5216 4855 5301 5006 5301 5420 5090 5160 5091 5377 5391 4996 5735 5195 5231 5380 5369 5207 4788 5478 4961 5332 4940 4732 5307 5208 5225 5319 5446 5190 5082 5425 5091 4639 5621 4865 5180 4802 5571 4920 4744 5036 5004 5278 4963 5607 4821 5582 5194 5528 5581 5092 5184 5546 5247 4789 4994 5178 4840 5275 5176 4888 5162 4622 5423 4978 5237 5266 5087 5507 5614 5429 4890 4994 5081 5256 5090 4977 4847 5330 5520 5316 5057 5317 5668 5203 5174 5428 4887 4977 5725 4913 5484 5196 4822 5420 5387 5194 4867 5328 5042 4997 5049 4628 5237 5209 4786 4970 5486 5336 5317 4938 5356 5056 5005 5515 5119 5000 5353 5239 5242 5264 5148 5179 5559 4985 5732 5215 5895 5344 4897 5544 5316 5137 5236 5714 5419 4444 5452 5011 5159 5307 5044 5045 5435 4916 5368 5284 4933 5614 5145 5641 4812 5258 5567 5533 5001 4852 5692 5119 4906 5214 5527 5353 5086 5587 5463 5211 4934 4845 5086 4930 5508 4841 5596 5626 5443 5222 4969 5186 5203 5091 5198 5664 5169 5296 5207 4862 5192 5135 5406 5283 5504 5408 5461 5450 5065 5340 5188 5478 4929 5204 5246 4947 5138 5003 5072 4946 5652 5328 5299 5287 5037 5389 5336
5702 5772 5804 5734 5788 5543 5443 5374 5610 5457 5330 5475 5189 5811 5104 5678 5614 5368 5469 5529 5235 5793 5770 5610 5415 5171 5641 5467 5139 5627 5458 5168 5605 5501 5515 5485 5188 5177 5622 5451 5233 5529 4993 5512 5341 5525 5519 5307 5351 5505 5746 5387 5178 5574 5491 5500 5982 5383 5511 5121 5509 5341 5597 5240 5206 5642 5402 5787 5555 5808 5569 5568 6107 5573 4932 5596 5145 5415 5559 5745 5196 5293 5357 5135 5663 5278 5879 5074 5733 5401 5612 5863 5440 5417 5666 5437 5124 5580 5553 4929 5526 5233 5316 5238 5048 5643 5295 5624 5290 5292 5886 5872 5640 5227 5033 5427 5545 5581 5224 4990 5502 5995 5167 5558 5588 5444 5159 5658 5429 5384 5289 5760 5235 5620 5447 5252 5678 5459 5553 5195 5570 5418 5293 5413 5204 5563 5302 5559 5204 5689 5486 5818 4917 5640 5548 5228 5548 5425 5407 5502 5457 5370 5641 5065 5886 6041 5126 5711 5700 5856 6016 5230 5359 5698 5241 5216 6014 5784 5070 5416 5526 5400 5689 5440 5522 5864 5251 5790 5476 5136 5892 5376 5442 5167 5784 5795 5688 5234 5003 6007 5269 5231 5540 5746 5777 5268 5563 5896 5667 5526 5489 5288 5057 5758 5377 5643 5709 5747 5500 5187 5456 5364 5346 5527 5766 5580 5771 5510 5370 5810 5401 5617 5843 5532 5694 5629 5648 5395 5347 5635 5930 5272 5249 5442 5526 5464 5250 5214 5214 5615 5679 5400 5698 5593 5331 5630
5257 5163 5114 4945 5499 5145 5161 5063 5111 5162 4743 4770 4922 5510 4799 5344 5000 4780 5074 5074 4807 5144 5211 5326 5120 4866 5230 4979 4780 5297 5004 5095 5163 5034 5184 4982 4680 4624 5339 4858 4705 5082 4747 5227 4861 5173 4981 4939 4926 5077 5035 5041 4940 5201 4921 5076 5554 5057 4852 4585 5144 4838 5363 4688 4606 4988 4742 5050 5068 5326 5043 5145 5552 5139 4596 5264 4931 5111 5223 5500 5190 4734 5142 4869 5382 4894 5262 4672 5289 4861 5180 5471 5217 5127 5166 5041 5073 4964 4895 4706 5053 5158 4938 4888 5077 5280 4762 5473 5136 4674 5091 5216 5284 5010 4795 5002 4904 4948 4688 4600 5390 5575 5121 5125 5140 5195 4808 5224 5238 5057 4749 5229 4723 5347 5188 5093 5221 5055 5112 4623 5074 5001 4918 5087 4728 5172 4765 4887 4917 5247 5096 5230 4866 5370 5114 4754 5063 5101 4932 5051 4891 4899 4992 4931 4910 5325 4711 5239 5384 5166 5369 4757 5110 5132 4718 5196 5403 5075 4664 5228 4747 4911 5117 4921 5103 5496 4890 5467 5056 4857 5431 5117 4984 4636 5188 5418 5002 4493 4749 5130 4862 4925 4967 5425 5194 4770 5192 5379 5073 4858 4937 4638 4547 5454 5033 5315 5252 5049 5142 4828 5264 4919 4674 5212 5265 5022 5023 5195 4983 5049 4936 5227 5172 5000 4991 5273 5001 4743 5083 5183 5484 4909 4967 4859 5020 5073 5222 4768 4731 5216 5381 5255 4840 4960 4770 5031
5787 5446 5442 5477 5845 5645 5567 5498 5551 5821 5209 5350 5288 5955 5309 5704 5565 5174 5505 5646 5807 5664 5786 5627 5408 5209 5431 5379 5300 5502 5415 5342 5532 5484 5555 5351 5458 5152 5541 5234 5251 5738 4663 5502 5316 5661 5304 5387 5325 5464 5760 5342 5213 5525 5543 5651 5810 5217 5546 5118 5515 5187 5476 5556 5118 5612 5407 5775 5222 5675 5702 5608 5999 5108 5058 5578 5405 5216 5404 5755 5300 4931 5386 5392 5647 5163 5896 4989 5763 5428 5706 5884 5578 5303 5466 5722 5137 5445 5379 5099 5644 5693 5169 5342 5237 5703 5202 5364 5358 5568 5692 5768 5672 5334 4943 5466 5401 5371 5435 4932 5505 5886 5266 5566 5432 5818 5164 5574 5513 5353 5539 5747 5345 5502 5697 5126 5812 5441 5309 5237 5470 5260 5230 5114 5151 5691 5369 5366 5127 5768 5708 5928 5080 5754 5262 5097 5853 5490 5422 5469 5455 5445 5544 5351 5551 5695 5390 5636 5559 5756 5851 5215 5633 5698 5320 5326 5847 5551 5332 5689 5321 5475 5621 5437 5431 5608 5459 5604 5427 5367 5728 5338 5821 5200 5572 5806 5434 5132 5118 5863 5464 5290 5561 5703 5616 5484 5546 5648 5645 5195 5337 5472 5128 5873 5514 5433 5715 5711 5330 5357 5323 5421 5184 5853 5803 5308 5885 5603 5016 5469 5252 5275 5570 5553 5738 5450 5650 5346 5494 5624 5581 5261 5486 5479 5553 5301 5225 5212 5186 5724 5379 5411 5798 5232 5315 5526
5290 5404 5277 5228 5675 5618 5218 5505 5245 5467 5039 5048 5260 5735 4980 5637 5629 5121 5561 5429 5286 5466 5238 5210 5123 5149 5265 5160 5171 5562 5007 5206 5348 5424 5489 5362 5128 5160 5535 5305 4994 5348 4990 5284 5069 5629 5102 5191 5461 5129 5405 5371 4935 5572 5184 5285 5354 5399 5142 4884 5269 5427 5131 4981 4919 5647 5242 5495 5259 5394 5308 5622 5721 5321 4741 5319 5036 5224 5270 5587 5263 5170 4800 5176 5246 5108 5660 4820 5668 5363 5224 5641 5463 5505 5372 5335 4938 5145 5285 4834 5300 5331 4993 5267 4994 5428 5139 5242 5104 4910 5514 5642 5257 4877 4923 5269 5383 5041 5464 4683 5531 5562 5293 5022 5100 5439 5267 5594 5244 5246 5144 5571 5162 5539 5362 5272 5759 5118 5253 5071 5298 5383 5017 5113 5003 5500 5410 5379 4949 5749 5432 5479 4916 5322 5376 5097 5193 5211 5278 5315 5280 5205 5377 4941 5298 5905 5164 5574 5382 5577 5748 4959 5648 5065 5387 5058 5762 5367 5171 5260 5054 5241 5261 5157 5280 5643 5164 5329 5504 5062 5588 5171 5561 4945 5375 5739 5410 4893 4904 5632 5421 5039 5360 5553 5035 5120 5322 5378 5466 5225 4898 5130 5135 5272 5151 5380 5572 5306 5088 4882 5420 5345 5065 5604 5427 5019 5466 5424 4876 5569 5057 5371 5300 5361 5255 5539 5407 5005 5366 5324 5327 5069 5162 5176 5488 5136 5020 5029 4617 5512 5337 5265 5233 5380 5121 5480
5150 5111 5106 5251 5597 5390 5039 5241 5129 5009 4748 5024 5026 5483 4817 5403 5177 5118 5102 5141 5112 5019 5214 5112 5166 4915 5061 4918 4797 5125 4603 4954 5255 5114 5248 5165 4958 4899 5262 4998 4628 5065 4627 5217 5084 4940 5035 5206 4875 5131 5156 4924 4768 5263 5167 5053 5432 5082 5107 4857 5067 4885 4991 4842 4830 5143 4965 5032 4989 5290 5090 5195 5371 4915 4616 5119 4883 4959 5022 5515 4968 4797 4858 4870 5373 4909 5155 4906 5358 5056 5084 5193 5245 5245 5213 5074 4644 5109 5141 4673 5332 4978 4903 5194 4582 5315 4797 5134 5112 4901 5193 5538 5236 4877 4481 5242 5205 4993 4789 4623 5143 5511 4911 5158 4986 5371 5034 5135 5123 4732 4816 5312 4833 5099 4993 4683 5666 5028 5299 4801 5081 4852 4786 4978 5002 5255 5004 5099 4818 5304 5154 5436 4808 5344 5096 4869 5180 5048 5082 5013 5044 5045 5066 4913 5015 5146 5153 5164 5273 5330 5347 4868 5570 5309 5202 5167 5470 5195 4597 5192 5107 4910 5408 4996 5198 5172 5022 5153 5119 4897 5259 4847 5424 4862 5218 5305 5297 4551 4953 5416 5381 4768 5198 5451 5401 4979 5199 5399 4945 5116 4889 4886 4601 5433 4874 5185 5199 5247 5016 5140 4978 5061 4829 5506 5410 4918 4915 5214 4806 5230 5080 5044 4880 5211 5338 5259 5243 4981 5262 5265 5276 5024 4986 5174 5063 5046 4817 4976 4763 5341 4896 4762 5171 4953 5212 5097
4992 4870 5010 4862 5215 4945 4820 4933 5019 4943 4597 4642 4855 5307 4846 5118 4866 4505 4993 4887 4773 4752 5198 5149 4754 4986 5072 4642 4786 5111 4916 4622 5234 4777 5237 5225 4895 4594 4985 4564 4668 4937 4357 4881 4700 5122 4768 4792 4676 4816 4768 4798 4736 4944 4940 4769 5300 4700 4904 4574 4981 4821 5101 4601 4644 4877 4815 4865 4924 5222 4934 4768 5270 5042 4555 5173 4698 4546 4767 5161 4629 4533 4617 4857 5093 4585 5174 4406 4910 4571 4950 5376 5000 4833 4949 4896 4644 5052 4787 4577 4992 4876 4435 4906 4551 5147 4847 4982 4948 4602 5042 5123 5095 4750 4653 4705 4784 4855 4749 4283 5148 5281 4935 4637 4816 5254 4646 5008 4941 4698 4890 5319 4558 5360 5028 4912 5271 4908 5331 4410 4794 4784 4897 4565 4516 5002 4654 4946 4596 5359 4822 5332 4895 5040 4904 4447 4869 4780 4951 4781 4970 4660 4744 4753 5020 5168 4636 5054 5162 5152 5103 4527 4947 4835 4504 4926 5068 4971 4465 5076 4600 5051 4917 4762 4968 5064 4875 4750 5053 4576 5284 4739 4920 4684 5092 5010 5109 4572 4642 5199 4967 4646 4936 5159 5208 4667 5107 5373 4881 4546 4770 5032 4448 5183 4755 4854 5121 5029 4659 4566 4956 4867 4669 5318 5012 4645 4854 4638 4528 5116 4816 4821 5072 5016 5145 5098 4751 4545 4941 4643 5092 4777 4806 4698 4812 4597 4775 4706 4505 4863 5083 5066 5013 4699 4756 4929
5615 5736 5599 5603 5875 5692 5538 5688 5308 5813 5122 5172 5186 5996 5196 5795 5772 5254 5514 5651 5667 5522 5665 5597 5439 5331 5598 5202 5330 5525 5310 5660 5513 5676 5808 5558 5471 5132 5277 5280 5226 5766 5097 5318 5363 5719 5377 5269 5492 5701 5698 5689 5295 5784 5492 5484 5657 5336 5566 5252 5515 5544 5399 5257 5248 5480 5394 5646 5432 5757 5605 5534 5806 5627 5073 5464 5305 5592 5470 5970 5337 4937 5412 5418 5524 5228 5767 4951 5831 5375 5683 6006 5661 5403 5724 5734 5433 5362 5576 4985 5631 5566 5060 5392 5278 5827 5310 5715 5214 5354 5666 5728 5755 5235 5369 5326 5177 5516 5672 5318 5698 5934 5647 5209 5342 5777 5360 5679 5400 5262 5587 5911 5283 5619 5672 5166 5842 5533 5616 5040 5621 5460 5361 5173 4925 5685 5535 5075 5348 5831 5786 5610 5506 5962 5662 5125 5697 5610 5604 5471 5491 5292 5495 5016 5488 6107 5277 5890 5788 5827 6144 5326 5720 5476 5416 5514 5845 5627 5225 5598 5108 5146 5703 5301 5426 5714 5118 5680 5581 5212 5834 5237 5682 5089 5488 5978 5642 5078 4966 5953 5647 5118 5717 5741 5569 5299 5679 5497 5592 5267 5503 5574 5119 5717 5462 5798 5676 5352 5426 5240 5707 5327 5262 5807 5825 5465 5684 5557 4971 5679 5395 5654 5861 5584 5637 5826 5439 5126 5387 5609 5610 5496 5653 5463 5609 5538 5171 4955 5043 5701 5620 5556 5584 5373 5272 5783
5577 5448 5340 5473 5510 5483 5356 5294 5484 5457 4962 4994 5276 5586 4867 5405 5773 4885 5587 5337 5188 5361 5397 5236 5190 4952 5142 5383 5166 5470 5372 5221 5233 5272 5412 5619 5376 5119 5304 5251 4900 5492 5159 5451 5036 5560 5362 5484 5160 5316 5592 5292 4857 5447 5347 5504 5609 5294 5405 4794 5096 5143 5483 5115 5196 5649 5541 5448 5259 5169 5440 5255 5815 5170 4886 5379 5142 5137 5250 5556 5098 5143 5355 4832 5746 5184 5517 5011 5435 5276 5481 5657 5492 5357 5444 5344 4971 5170 5293 4873 5433 5257 5129 5147 5017 5531 5194 5641 5412 5179 5567 5780 5332 4987 5040 5393 5298 5150 5150 4945 5536 5633 5190 5291 5011 5661 5244 5505 5375 5172 5074 5706 4956 5400 5439 4839 5756 5366 5434 4853 5344 4967 5028 5319 5216 5526 5300 4958 5045 5259 5467 5602 5003 5542 5601 5175 5422 5344 5251 5074 5110 5140 5435 5260 5292 5545 5131 5394 5528 5580 5836 4874 5563 5323 5130 5372 5703 5360 5158 5342 5021 5330 5434 5168 5079 5562 5275 5538 5525 5087 5535 5397 5455 4758 5393 5845 5323 4837 4710 5254 5280 5068 5308 5613 5163 5166 5336 5538 5419 5419 5077 4916 4902 5574 5027 5772 5473 5443 5170 5168 5336 5100 5221 5693 5463 5259 5369 5142 5165 5430 5194 5294 5491 5698 5239 5409 5151 5058 5470 5251 5674 5065 5303 5189 5221 5093 5331 4879 4922 5367 5358 5234 5175 5183 5328 5511
5303 5422 5128 5271 5292 5351 5248 5288 5196 5516 5159 5147 5223 5672 4918 5431 5137 4881 5372 5058 4915 5332 5449 5229 5315 5096 5227 5024 4970 5357 4993 4940 5324 5033 5281 5108 5060 4978 5336 4941 4868 5335 4821 5274 5146 5153 5392 5173 5251 5130 5285 5357 5033 5325 5189 5320 5678 5043 5543 4724 5129 4919 5489 5045 5179 5392 5206 5398 4851 5194 4893 5307 5635 5163 4595 5231 5026 5065 5078 5499 4915 4607 4966 5115 5494 4956 5295 4670 5337 5153 5471 5309 5157 5264 5586 5207 4932 5163 5072 4664 5358 5044 4936 5320 5102 5298 4797 5160 5093 4838 5234 5341 5461 4978 4731 5255 5196 5153 5178 4631 5323 5716 5307 5152 5119 5450 5074 5402 5025 4926 5026 5438 4647 5231 5421 4906 5585 5051 5078 4639 5210 4921 5024 4995 4958 5374 5124 5327 5098 5356 5394 5532 4994 5432 5296 4856 5429 5359 5242 5406 5228 5457 5242 5138 5025 5386 5181 5414 5597 5575 5554 4721 5502 5360 5154 5295 5503 5395 4771 5223 5084 5127 5287 5142 5212 5250 4813 5420 5401 4948 5631 5015 5495 4980 5221 5478 5272 4726 4683 5433 5113 4927 5286 5587 5140 5288 5300 5350 5319 5111 5201 5038 4712 5486 4865 5448 5376 5508 5077 4842 5192 5021 4839 5503 5485 5160 5440 4858 4963 5360 5023 5276 5269 5409 5224 5587 5083 4987 5074 5357 5493 5041 5198 5220 5362 5056 4992 5010 4734 5283 5299 5149 5275 5230 5125 5458
5347 5212 5063 5541 5753 5279 5389 5582 5472 5392 5200 5262 5299 5834 5192 5341 5375 5175 5279 5243 5343 5408 5394 5906 5397 5099 5443 5192 4931 5452 5243 5021 5580 5339 5539 5374 4926 4868 5233 5078 4871 5432 4969 5463 4931 5428 5327 5374 5073 5092 5300 4942 5226 5488 5324 5302 5775 5590 5214 5238 5268 5207 5243 4981 4906 5278 5460 5453 5186 5563 5275 5312 5567 5244 4851 5138 4981 4952 5327 5752 4948 4979 4859 5331 5519 5041 5435 4900 5483 5341 5583 5568 5449 5129 5374 5521 5004 5372 5189 5177 5514 5233 5176 5627 5154 5586 5076 5523 5186 4925 5364 5803 5525 5083 4866 5415 5174 4916 5346 4886 5389 5786 5220 5004 5412 5703 5215 5388 5386 5334 5047 5476 4939 5644 5498 5009 5902 5203 5423 4729 5170 5102 5143 5136 4987 5359 5248 5102 5004 5516 5307 5492 4952 5341 5434 5166 5138 5197 5421 5502 5097 5418 5309 5231 5218 5685 5156 5425 5543 5437 5612 5069 5558 5308 5373 5407 5767 5399 4970 5316 5156 5284 5382 5409 5472 5747 5233 5399 5505 4681 5676 5296 5452 4993 5449 5648 5481 4913 4921 5691 5183 5241 5120 5529 5169 5118 5322 5492 5392 5064 5094 5228 4950 5682 4920 5567 5587 5407 5265 4944 5234 5141 4714 5951 5674 4979 5217 5280 5149 5286 4956 5364 5243 5379 5494 5669 5282 4983 5575 5387 5781 5215 5254 5191 5329 5189 5188 5074 4947 5412 5315 5440 5356 5388 5339 5416
5477 5542 5257 5352 5474 5254 5285 5288 5227 5399 5248 5099 5174 5598 5086 5404 5135 4931 5214 5367 5064 5243 5451 5287 4969 4799 5283 5080 5108 5583 5210 4912 5305 5214 5285 5154 5080 4903 5175 5226 5169 5140 4736 5176 5188 5382 5094 5029 5086 4962 5320 5038 5020 5182 4973 5135 5485 5294 5539 4909 5215 4957 5275 5068 4953 5168 5197 5432 5218 5354 5364 5037 5613 5388 4643 5306 4834 5060 5227 5228 5104 5043 5160 5103 5236 5044 5365 4892 5256 4988 5451 5537 5131 5195 5310 5218 4849 5405 5237 4724 4988 5059 4978 5490 4790 5454 5204 5036 5200 4938 5358 5318 5276 4938 4904 5023 4991 4808 5094 4676 5181 5747 5110 5221 5079 5369 5237 5325 5354 4888 5037 5391 4855 5369 5259 5074 5289 5106 5268 4995 5307 5199 5112 4963 4615 5118 5141 5085 5043 5647 5383 5406 4881 5295 5249 5019 5217 5005 5414 5345 5206 4990 4896 4953 5244 5714 4824 5297 5160 5814 5340 4752 5291 5166 5034 5044 5495 5075 4745 5543 4996 5139 5384 5101 5138 5458 4648 5282 5212 5260 5561 5054 5248 4946 5146 5740 5548 4853 4778 5415 5140 4975 5393 5465 5450 5161 5211 5357 5048 5133 4839 5148 4658 5316 5119 5394 5552 5101 5244 4739 5021 4903 4838 5700 5720 5019 5129 5255 4854 5187 4989 5175 5270 5251 5263 5216 5204 5054 5127 5551 5602 4950 5398 5158 5002 4949 5193 4977 4650 5449 5393 5258 5206 5134 5245 5426
5541 5392 5580 5614 5587 5612 5476 5416 5353 5713 5258 5407 5487 5725 5176 5709 5620 5124 5507 5304 5062 5356 5558 5324 5255 5360 5494 5218 5185 5670 5212 5157 5633 5609 5533 5581 5391 5407 5394 5232 5160 5472 4912 5447 5242 5495 5520 5371 5524 5287 5501 5508 5329 5714 5476 5382 5624 5556 5513 4888 5492 5242 5770 5216 5139 5635 5398 5547 5377 5632 5088 5534 5689 5484 4761 5584 5232 5469 5266 5581 5429 5095 5098 5250 5627 5206 5574 4948 5797 5271 5542 5679 5523 5629 5574 5628 4905 5293 5189 5045 5590 5147 4944 5458 5062 5656 5330 5474 5226 5597 5668 5476 5546 4891 5051 5203 5693 5419 5275 5129 5665 5793 5645 5462 5224 5592 5153 5573 5522 5013 5335 5821 5260 5570 5636 5203 5685 5519 5335 5146 5354 5291 5189 5307 4999 5745 5530 5427 5164 5932 5430 5594 5129 5378 5542 5362 5465 5159 5208 5389 5481 5475 5328 5132 5390 5599 5213 5728 5907 5661 5855 5040 5760 5255 5312 5316 5610 5434 4810 5460 5255 5478 5503 5228 5467 5960 5234 5452 5557 5457 5691 5490 5697 5141 5349 5991 5645 5011 5123 5685 5423 5180 5749 5674 5617 5386 5636 5669 5333 5215 5532 5310 5022 5924 5190 5453 5472 5590 5213 5146 5425 5209 5082 5891 5574 5124 5641 5315 5174 5744 5292 5529 5420 5683 5536 5670 5280 5139 5551 5397 5739 5218 5384 5401 5561 5344 5319 5177 5039 5575 5558 5575 5486 5343 5290 5682
5426 5430 5622 5480 5537 5496 5396 5426 5334 5241 5317 5120 5367 5504 5197 5436 5480 5211 5241 5126 5176 5236 5493 5349 5295 5201 5111 4955 5241 5429 5219 5326 5540 5404 5298 5528 5184 5049 5313 5164 4977 5361 4970 5336 4980 5578 5280 5219 5296 5390 5189 5150 5100 5217 5248 5441 5794 5232 5440 4765 5335 5241 5381 5335 5175 5250 5071 5593 5326 5068 5166 5633 5548 5284 4983 5373 5072 5166 5450 5489 5200 5110 5254 4957 5636 5194 5478 5251 5474 4965 5438 5690 5375 5262 5472 5270 4768 5160 5233 4766 5383 5007 5107 5562 5162 5546 5081 5310 4798 5217 5737 5529 5193 4999 4898 5459 5100 5223 5085 5039 5296 5741 5170 5433 5239 5417 5407 5454 5113 5012 5299 5705 4864 5608 5289 5210 5536 5106 5304 4874 5082 5296 4988 5402 4888 5363 5132 5258 4988 5650 5349 5776 4879 5557 5544 5217 5239 5279 5496 5446 5227 5334 5192 5132 5428 5712 5037 5489 5641 5589 5680 4906 5516 5433 4994 5394 5491 5400 5044 5438 5184 5228 5408 5240 5273 5571 5094 5470 5218 5158 5452 5154 5362 4949 5397 5817 5411 4863 4854 5537 5171 5292 5225 5441 5475 5288 5205 5435 5209 5206 5029 4878 4918 5340 5433 5331 5366 5519 5218 5146 5315 5243 4969 5872 5310 5174 5530 5397 5236 5305 5167 5360 5156 5416 5427 5273 5476 4997 5353 5344 5560 5147 5338 5199 5236 5315 5248 5081 4947 5428 5505 5093 5352 5267 5108 5566
5021 4856 5022 5084 5486 5075 4957 5374 4892 5191 4528 4750 4686 5409 5044 5283 4972 4681 5057 5288 4917 5018 5158 4991 4847 4652 5043 4839 4774 5171 4705 4821 5209 4978 5142 5159 4873 4714 4988 4741 4476 4962 4430 4949 4733 5106 4958 4916 4813 5052 5011 4947 4755 5203 5011 4987 4920 5042 5016 4555 5024 4836 4935 4745 4750 4935 4778 5154 4870 5456 5039 4865 5279 4917 4552 4965 4635 5024 4877 5273 4922 4342 4704 4740 5163 4866 5239 4804 5236 4877 5281 5143 4850 4811 5176 5075 4699 4945 4659 4615 5108 4922 4588 4727 4643 5212 4689 5194 4526 4782 5325 5296 5213 4570 4602 5020 4826 4807 5005 4612 5048 5323 4989 4765 4848 5251 4674 5126 4972 4941 4921 5154 4647 5104 5091 4880 5101 5057 4938 4572 4962 4895 4911 4948 4614 5238 4893 4651 4777 5063 5161 5083 4858 5197 4870 4748 4827 4946 4751 5015 5031 4849 4944 4870 4863 5364 4752 5413 5428 5414 5285 4877 5167 5172 4845 4747 5335 5045 4411 5126 4687 4961 4869 4713 4922 5259 4815 4995 5096 4794 5201 5141 5301 4797 4886 5359 5032 4637 4783 5353 5025 4836 4915 5032 5104 4752 4958 5188 5014 4956 4963 4682 4608 5165 4962 5129 4935 5042 4835 4714 4955 4980 4721 5133 4981 4840 5240 4973 4597 5325 5043 5012 5093 5081 5243 5091 4918 4815 4968 5038 5192 4997 4838 5119 4948 5065 4672 4779 4623 5197 5211 5162 5019 4777 4653 5270
5158 5178 4986 5260 5241 5285 5148 5246 5105 5062 4760 5020 5050 5449 4957 5368 5093 4865 5220 5299 5181 5225 5329 5242 5176 5054 5410 4860 4907 5398 5236 5152 5230 5449 5263 5469 5085 4993 5228 4850 4755 5246 4814 5166 5194 5265 4974 4961 5009 5122 5327 5062 4877 5379 5044 5204 5392 4902 5050 4821 5142 5191 5312 4989 4894 5072 5081 5457 5258 5452 5337 5474 5429 5384 4710 5232 4900 5062 5188 5285 5305 4730 5167 4984 5351 4989 5620 4784 5249 4917 5365 5759 5043 4949 5370 5556 4812 5116 5129 4718 5151 5161 4746 5109 4997 5466 4775 5368 4935 4986 5216 5310 5095 5052 4800 5110 5372 5147 5018 5120 5296 5602 5193 5098 5069 5446 5017 5194 5116 5140 5001 5327 4811 5469 5265 4907 5319 5119 5061 4899 5245 5097 4969 5108 4562 5439 5159 4882 4747 5525 5201 5266 4849 5347 5070 5172 5299 5107 5379 4957 4959 5107 5029 4753 5006 5448 5053 5314 5537 5489 5623 4926 5551 4981 4949 5113 5476 5266 4817 5363 4846 4696 5181 4858 4912 5578 4937 5669 5109 4920 5414 5214 5685 5012 5223 5646 5174 4725 4779 5634 4887 4752 5190 5441 5070 4971 5212 5282 5200 5063 4729 5038 4711 5496 5050 5178 5321 5446 5134 4875 5281 4905 5013 5672 5636 5072 5398 4898 5162 5053 4986 5409 5162 5265 5230 5257 5365 4851 4962 5209 5319 4923 5195 4965 5201 4899 5102 4841 4835 5310 5346 5067 5142 5066 4992 5001
5435 5329 5402 5455 5869 5501 5456 5618 5170 5300 5001 5237 5321 5666 5308 5541 5350 4758 5301 5325 5267 5110 5696 5166 5527 5302 5596 5191 5220 5525 5027 4922 5331 5441 5426 5174 5170 5245 5472 5055 4787 5358 4914 5455 5161 5345 5100 5242 5213 5333 5493 5275 5203 5299 5238 5360 5605 5105 5542 5070 5195 5143 5365 5225 4954 5135 5110 5201 5480 5630 5144 5251 5675 5412 4767 5215 5094 5191 5202 5800 5161 4912 5162 5212 5484 5057 5260 4955 5579 5388 5376 5966 5558 4975 5499 5608 4915 5459 5243 4908 5383 5279 5040 5220 4942 5531 5121 5444 5073 4812 5614 5446 5128 5069 4858 5197 5137 5275 5301 4834 5230 5786 5688 5424 5211 5715 5083 5411 5471 5502 5372 5547 5129 5558 5211 4970 5786 5207 5195 5023 5516 5272 5424 5327 5036 5494 5319 5153 5083 5747 5227 5456 4880 5450 5453 5269 5274 5149 5398 5082 5293 5136 5077 5002 5344 5835 5017 5341 5689 5803 5486 4834 5496 5500 5108 5225 5860 5424 5041 5447 5268 5083 5354 5214 5292 5434 5222 5332 5428 5038 5828 5292 5559 4996 5344 5681 5331 4968 5145 5842 5401 5070 5567 5696 5417 5274 5462 5487 5096 5310 5019 5351 4708 5444 5299 5453 5256 5418 5349 5075 5407 5216 5203 5940 5550 5362 5320 5463 4835 5581 5092 5596 5335 5416 5439 5261 5382 4809 5493 5269 5685 5150 5365 5263 5556 5247 5222 4913 4796 5750 5506 5317 5466 5301 5288 5263
5179 5390 5169 5259 5609 5460 4962 5360 5021 5056 4544 4880 5269 5451 4981 5330 5511 4765 5156 5388 5075 5327 5360 5159 5174 4768 5285 5145 5087 5279 4787 4722 5399 5176 5225 5274 5463 4917 5092 4990 4812 5123 4677 5158 4861 5198 5199 5349 5034 4982 5266 4988 4910 5403 5370 5380 5368 5158 5296 4738 5094 5044 5477 4961 5023 5393 5194 5405 5025 5120 5479 5262 5692 4941 4768 5175 5046 5040 4960 5311 4892 4809 5089 4946 5460 4897 5454 4749 5495 5162 5441 5481 5142 5159 5473 5473 5070 5206 5212 4824 5338 4985 4988 5231 4774 5217 4800 5262 4957 4936 5407 5444 5259 4801 4815 5174 5091 4888 5099 4788 5336 5473 4962 5213 5094 5405 4989 5533 5231 5008 5133 5280 5017 5279 5383 4729 5492 5044 5175 4774 5088 5128 4990 4993 4829 5060 5029 5234 4762 5016 5267 5236 5018 5392 5197 4942 5028 5026 5138 5108 5089 5322 5186 5322 5074 5571 5161 5331 5538 5597 5688 4704 5526 5023 5032 4914 5574 5139 5012 5310 4927 5227 5402 5058 5066 5527 5085 5385 5089 4969 5453 5048 5217 5067 5145 5352 5206 4670 4750 5305 5235 4928 5194 5514 5097 4982 5105 5330 4991 4967 5297 4668 4933 5522 5015 5198 5112 5608 4882 4941 4957 5115 4809 5455 5490 5062 5308 5071 4878 5295 4957 5100 5024 5332 5468 5253 5089 4885 5207 5158 5245 5031 5145 5040 5025 5312 5065 4896 5016 5152 5415 5003 5426 4950 4739 5417
5501 5317 5388 5393 5546 5381 5024 5320 5094 5479 5055 4971 5330 5685 4975 5510 5749 5034 5398 5160 5139 5405 5244 5208 5088 5017 5141 5046 5030 5430 5143 5056 5310 5181 5404 5276 5189 5045 5410 5264 4946 5206 4662 5176 4995 5295 5277 5144 5083 5124 5387 5236 5326 5324 5309 5218 5615 5238 5407 4657 5291 5231 5083 4947 5185 5317 5369 5116 5183 5459 5126 5270 5513 4960 4841 5313 4755 5100 5193 5480 5171 4774 5004 5141 5530 4989 5646 4941 5507 4997 5389 5424 5124 5184 5262 5165 5012 5251 5100 4884 5248 5308 5064 5243 5084 5555 4999 5312 5220 5021 5348 5361 5620 4835 4956 5191 4917 5176 5207 4928 5427 5537 5094 5019 5220 5449 5231 5462 5266 5050 4930 5579 4994 5475 5225 5045 5580 5214 5349 4609 5362 5183 4874 5018 5158 5398 5242 5182 4895 5301 5370 5557 5120 5571 5183 4957 5492 5106 5023 5199 5070 5181 5262 4922 5246 5661 5027 5554 5187 5610 5555 4840 5464 5223 5235 4982 5474 5371 4848 5159 5138 5248 5129 5033 5253 5455 5041 5390 5402 5054 5681 5276 5436 4866 5485 5384 5269 4703 4654 5435 5099 5055 5387 5733 5473 5236 5601 5501 5137 5023 5347 5123 4720 5540 5030 5212 5427 5342 5046 4866 5357 5050 4882 5419 5455 5236 5392 4934 4931 5536 5103 5090 5565 5589 5311 5282 5524 4906 5198 4951 5552 5153 5378 5038 5309 5112 4692 4891 4996 5412 5428 5222 5331 5000 4986 5466
5042 4902 4916 5051 5338 5041 5031 5223 4972 5203 4555 5070 4761 5306 4616 5132 5137 4593 5211 5138 5070 4918 5220 5075 4904 4815 5057 4832 4891 5201 4727 4961 5388 4995 5047 5077 4803 4872 4941 4678 4567 5065 4605 5078 4784 5165 4876 5174 4825 4820 5227 4947 4721 5212 4932 4964 5468 4957 5071 4622 5202 4753 5090 4818 4617 4943 4917 4977 4784 5147 4793 4913 5608 5154 4313 4978 4751 4429 4664 5302 4637 4451 5019 5037 5090 4309 5405 4748 5221 4932 5134 5326 5019 5244 5149 5155 4648 5042 4828 4647 4836 4996 4723 5090 4740 5017 4791 5079 5344 4987 5145 5243 5247 4846 4507 4788 5093 4693 4852 4453 5185 5411 4990 4989 4798 5282 4522 5267 5047 4692 4972 5307 4723 5180 4913 4689 5435 4954 4854 4495 4751 4860 4739 4774 4701 5205 5075 4663 4542 4897 4922 5204 4861 4916 5049 4841 5017 5142 5186 5053 4931 4900 5097 5009 5021 5200 4908 5051 5174 5441 5469 4436 5079 4857 4989 4831 5142 4881 4567 5096 4709 4912 5235 5053 5012 4933 4636 4842 5051 4407 5260 5098 5199 4558 5200 4945 5200 4332 4369 5240 4724 4623 5109 5391 5008 4696 5005 5396 4914 4682 4835 4542 4589 5490 4556 5433 5109 5179 4863 4470 4860 4697 4855 5110 5568 4644 5270 4832 4878 4838 4735 5055 4694 5118 5267 5110 5093 4729 4891 5137 5120 4907 5009 4887 4847 4690 4696 4805 4546 4852 4930 4878 4981 4721 4784 5015
5655 5353 5450 5507 5404 5289 5211 5394 5428 5539 5096 5249 5218 5756 5044 5518 5552 5044 5396 5262 5188 5203 5591 5531 5297 5178 5379 5321 5126 5625 5330 5026 5503 5389 5267 5555 5199 5165 5558 5134 4977 5456 5021 5424 5200 5375 5321 5537 5059 5327 5382 5305 5149 5644 5448 5216 5617 5282 5329 5195 5400 5260 5400 4908 4915 5414 5318 5287 5218 5313 5403 5370 5869 5346 4866 5230 4809 5112 5235 5724 5214 5049 5156 5220 5516 5109 5472 4787 5372 5268 5596 5557 5457 5286 5231 5702 4715 5268 5216 4967 5584 5328 4863 5137 4918 5395 5038 5545 5331 5299 5543 5450 5498 4751 4550 5393 5380 5247 5207 4950 5639 5711 5236 5078 5279 5492 5081 5646 5341 5111 5412 5878 5122 5516 5371 4819 5844 5320 5487 5052 5420 5175 5109 5293 5205 5568 5305 5126 4902 5531 5302 5642 5159 5538 5463 5074 5572 5175 5377 5338 5203 5309 5371 5042 5230 5937 4799 5473 5536 5597 5854 5001 5714 5456 5299 5465 5571 5315 4826 5337 5102 5272 5252 5034 5447 5337 5132 5376 5467 5216 5573 5348 5635 4845 5595 5515 5373 4837 4975 5517 5191 5004 5322 5731 5499 4990 5118 5644 5457 5490 5356 5071 5002 5717 5130 5391 5349 5415 5323 4971 5530 5222 4767 5630 5542 5445 5413 5081 5157 5493 5143 5150 5522 5489 5412 5425 5393 5171 5507 5425 5304 5219 5164 5097 5539 5091 5082 4910 4965 5440 5612 5253 5347 5248 5218 5410
5410 5220 5238 5270 5301 5515 5256 5340 5186 5493 4865 4873 5336 5582 5144 5529 5369 4931 5283 5249 5017 5242 5484 5283 5279 5214 5184 5022 4986 5319 5186 4994 5358 5333 5497 5252 5173 5052 5187 4974 5115 5175 4988 5229 5151 5417 4928 5115 5292 5048 5453 5228 4952 5411 5329 5400 5607 5115 5061 4829 5090 5108 5202 5185 4857 5185 5313 5428 5189 5293 5457 5423 5625 4876 4685 5023 5142 5034 5192 5534 4944 4883 5089 5128 5483 4872 5472 4909 5458 4910 5581 5814 5538 5264 5543 5363 5025 5176 5231 4787 5369 5099 4986 5215 4993 5303 4977 5411 5049 5036 5482 5243 5268 4983 5003 5150 5166 5065 5299 4963 5374 5711 5128 5050 4966 5307 5012 5502 5386 5173 4879 5353 4837 5405 5565 5243 5516 5008 5455 4836 5190 5085 5272 5176 4996 5264 5267 5102 5364 5480 5371 5345 5045 5508 5454 4939 5402 5146 5195 5168 5256 5007 5415 5160 5235 5636 5289 5371 5512 5470 5574 4830 5513 5235 5123 5315 5483 5376 4951 5333 5126 5074 5274 5146 5145 5459 4828 5188 5082 4987 5446 5221 5413 4853 4675 5798 5156 4751 4867 5659 5298 4951 5200 5607 5176 5037 5381 5288 5115 4982 5181 5237 4701 5524 5123 5460 5341 5292 5114 5070 5256 4814 4837 5566 5448 5490 5227 4939 5072 5323 5187 5274 5389 5172 5479 5651 5236 4864 5178 5157 5503 5073 5302 5072 5253 5207 5047 4913 4744 5358 5268 5243 5211 5222 5436 5288
5361 5569 5209 5429 5639 5437 5252 5252 5362 5535 5262 5283 5036 5595 5158 5578 5521 5166 5404 5422 5294 5390 5244 5319 5245 5136 5346 5023 5353 5419 5226 5197 5552 5441 5476 5439 5152 4897 5410 5204 5051 5373 4965 5486 4991 5269 5385 5337 5025 5206 5229 5210 4998 5594 5132 5328 5686 5318 5420 4813 5280 5187 5384 5117 5113 5456 5154 5546 5149 5402 5657 5311 5627 5222 4405 5475 4801 5430 5111 5714 5217 4627 5143 4911 5457 5357 5779 5017 5492 5386 5367 5622 5237 5441 5354 5386 4720 5286 5082 4928 5666 5106 5003 5393 4916 5647 5011 5282 5085 4957 5423 5683 5638 5027 5069 5312 5233 4930 5303 4993 5448 5635 5110 5390 5073 5561 5239 5487 5294 4815 5189 5511 5028 5434 5454 5046 5517 5431 5163 4905 5301 4934 5081 5021 4895 5370 5382 5195 5223 5318 5336 5684 4783 5566 5298 5003 5499 5415 5380 5462 5139 5109 5365 5162 5319 5414 5085 5395 5683 5662 5699 4854 5414 5308 5165 5578 5767 5261 5024 5462 5264 5265 5344 5150 5214 5481 4776 5539 5328 5108 5649 5434 5433 4964 5522 5740 5529 4622 4744 5592 5121 4981 5403 5647 5280 5125 5387 5645 5291 5391 5037 4950 4810 5341 5010 5351 5702 5469 4879 5249 5314 5074 4683 5478 5526 5059 5317 5082 4874 5713 5283 5177 5297 5572 5377 5322 5565 5124 5429 5367 5585 5119 5442 5148 5089 5114 5145 4927 4990 5273 5371 5110 5346 5127 5266 5243
4720 4728 4728 4968 5164 5018 4952 4715 4730 5069 4552 4521 4514 4980 4523 4987 4788 4451 4674 4870 4679 4682 4938 4777 4691 4515 4875 4631 4463 4821 4530 4758 4811 4867 4917 4771 4631 4453 4599 4580 4514 4756 4422 4802 4519 4832 4527 4859 4644 4766 5029 4748 4506 4964 4810 4912 5174 4599 4691 4430 4536 4510 4563 4474 4527 4856 4767 5014 4798 4927 4754 4647 4830 4658 4288 4876 4554 4357 4701 5150 4209 4296 4422 4491 4914 4624 5083 4473 5084 4935 4629 5072 4898 4581 4588 4917 4625 5091 4460 4306 4953 4749 4528 4835 4423 4851 4641 4875 4749 4505 5129 5135 4862 4433 4561 4512 4770 4573 4748 4505 4855 4973 4544 4557 4612 4904 4531 5011 4506 4715 4261 4927 4356 4977 4841 4618 5219 4706 4810 4368 4582 4531 4593 4461 4411 5110 4806 4893 4687 4623 4750 5016 4614 4994 4875 4361 4939 4912 4986 4899 4704 4816 4860 4710 4648 5047 4651 5037 4959 4940 5079 4321 4748 4960 4817 4886 5137 4827 4362 4795 4850 4522 4742 4737 4601 4887 4518 4950 4753 4534 5053 4755 4855 4462 4539 5014 4735 4588 4384 5159 4537 4462 4632 4864 4633 4693 4847 4954 4749 4509 4602 4592 4158 4869 4494 4810 4821 5026 4514 4543 4602 4321 4540 4955 4696 4579 4682 4627 4317 4770 4720 4748 4949 4858 4837 4863 4883 4534 4824 4674 5050 4674 4814 4824 4482 4755 4739 4714 4493 4705 4691 4693 4591 4572 4718 4766
5269 5422 5451 5755 5585 5489 5616 5566 5340 5447 5274 4770 5506 5804 5270 5506 5593 5094 5514 5391 5501 5545 5368 5639 5518 5299 5280 5371 5175 5821 5092 5047 5486 5308 5460 5173 5427 5087 5660 5187 5185 5493 4987 5464 5336 5807 5501 5445 5476 5753 5409 5369 5446 5388 5296 5482 5737 5447 5393 4852 5669 5318 5469 5160 5214 5466 5277 5382 5146 5615 5459 5366 5854 5525 4941 5373 5003 5359 5265 5553 5339 4733 5125 5173 5836 5065 5570 4946 5614 5353 5627 5949 5451 5372 5642 5361 5140 5420 5425 5136 5439 5091 4994 5370 5121 5570 5095 5327 5275 5181 5420 5938 5662 5317 5310 5349 5332 4924 5270 5095 5639 5641 5540 5280 5181 5600 5114 5494 5416 5173 5304 5561 4964 5357 5399 5253 5711 5377 5134 5013 5240 5300 5334 5319 5167 5574 5228 5192 5409 5886 5468 5661 5124 5659 5851 5082 5710 5268 5270 5240 5489 5207 5405 5077 5440 5951 5587 5675 5652 5606 5924 5030 5859 5352 5428 5618 5810 5325 4622 5641 5130 5451 5411 5403 5133 5687 5112 5362 5367 4932 5662 5111 5475 5215 5535 5710 5565 5112 5081 5577 5414 5054 5354 5631 5410 5298 5503 5878 5554 5034 5302 4866 4965 5799 5030 5509 5737 5575 5379 5164 5393 5083 5209 5630 5870 5276 5354 5245 5221 5680 5307 5458 5498 5306 5564 5630 5488 5121 5366 5604 5653 5196 5245 5291 5242 5292 5409 4891 4845 5661 5639 5270 5416 5578 5359 5442
5252 5239 4857 5001 5271 5013 5171 5178 4989 5229 4657 4897 5222 5385 4994 5264 5139 4660 5187 4964 4681 5366 5178 5028 5041 4801 5166 4908 5128 5163 4880 4792 5085 5221 5246 5119 4961 4859 5061 5096 4941 5295 4628 5000 5028 5084 4652 5015 4624 4825 4971 5046 4754 5363 5192 5243 5642 4760 5032 4480 4862 4873 5165 4869 5009 4965 5199 5053 5046 5145 5162 5110 5470 4878 4620 5046 4893 5010 5067 5518 4858 4598 4921 4741 5382 4608 5226 4662 5454 4977 5003 5496 5105 4905 5374 5198 4754 5068 5002 4659 5050 5284 4986 5059 4942 5339 4638 5217 5001 4647 5257 5025 5058 4854 4701 4832 5063 4692 4942 4673 5146 5411 4773 5000 5180 5348 4847 5555 5274 5136 4845 5151 4802 5313 5129 4907 5223 4886 4974 4790 5188 4989 4943 5031 4569 5092 5088 5213 4896 5329 4967 5179 4948 5394 5189 4737 5252 4816 5328 4976 4977 4814 5145 4973 4981 5463 4677 5208 5289 5649 5476 4582 5214 5345 4772 4997 5448 5048 4679 5187 4669 4802 5117 5044 5197 5187 4897 5388 4858 4923 5527 5053 5481 4771 5101 5324 5114 4628 4638 5045 5100 4748 5230 5505 4970 5094 5240 5149 5037 5007 4982 5007 4605 5415 4990 5171 5122 4912 4836 4750 4926 4737 4740 5562 5120 4962 5230 4819 4724 5260 4929 5105 5150 5484 5087 5136 5152 4729 5405 4873 5234 4914 5142 4918 4966 4622 4837 4920 4705 4982 4992 4946 4896 5044 4980 5218
5183 5334 5073 5185 5426 4960 5019 5165 4975 5186 4952 4493 5111 5270 4723 5112 5167 4803 5014 5193 5067 5067 5355 5173 5031 4919 5100 4751 4878 5285 4763 4872 5113 5072 5136 5128 4837 4890 5030 5392 4856 4893 4808 5145 4791 5196 4802 4943 4573 5064 4876 4834 4859 5355 5059 4940 5317 4865 4952 4830 5160 4860 5062 4784 4817 5031 4990 5128 5090 5196 5173 5223 5591 4800 4792 5166 4709 4977 5341 5356 4999 4746 4940 4730 5260 5001 5253 4895 5315 4831 5171 5367 5057 5023 5114 5222 4533 5098 4893 4389 4866 5064 4693 5221 4508 5061 4925 5004 5001 4749 5458 5439 5262 4749 4828 5022 4940 4965 5052 4717 5101 5478 5113 4927 4909 5315 5008 5235 5359 4964 4994 5234 4616 5378 5295 5000 5169 5118 5042 4889 5109 5071 4817 4928 4525 5112 4743 4899 4801 5114 5136 5294 4564 5239 5050 4844 4960 4969 5105 5000 4859 4960 4964 4912 5123 5636 4614 5364 5382 5649 5432 4705 5071 5111 4617 5021 5471 5070 4618 5142 4563 4796 5147 5032 4811 5378 4912 5018 5081 4838 5418 5002 5190 4663 5137 5416 5345 4587 4927 5195 5095 5021 5149 5448 5367 5098 5211 5406 4736 4880 4935 4908 4447 5191 5003 5219 5224 5077 4915 4858 5138 4932 4674 5357 5175 4945 4980 5132 4795 5297 4742 5026 5208 5228 5137 4982 4953 4939 4922 5081 5187 4965 4866 4777 4869 4960 5033 4669 4725 4934 5168 5079 5016 5053 4982 5199
4843 5091 5041 4685 5275 4913 5034 4878 5028 4969 4654 4488 4692 5211 4692 4989 5342 4765 4815 5022 4748 5041 4902 4805 4853 4630 4886 4660 4705 4818 4545 4673 5061 4760 4953 4832 4815 4581 4862 4656 4495 4859 4570 4894 4437 4993 4910 4827 4672 4976 4879 4417 4673 5132 4923 4800 5173 4598 4963 4348 4822 4663 4988 4702 4543 4891 4749 5021 4858 4970 4751 4988 5042 4876 4470 4953 4800 4584 4707 5307 4812 4442 4928 4698 5144 4661 4913 4453 4792 4897 5087 5334 4893 5124 5018 4883 4420 4785 4891 4331 4892 4665 4621 4991 4652 5118 4710 4791 4907 4897 4959 4981 4974 4795 4524 4692 4761 4562 4709 4671 5035 5039 4847 5113 4501 4877 4739 5013 4778 4587 4743 5259 4677 4890 4914 4659 5193 4842 4908 4366 4890 4610 4589 4610 4397 5000 4901 4614 4536 4806 4865 4852 4549 4972 4972 4847 4864 4741 4823 4630 4647 4868 4722 4754 4698 5268 4752 4955 5183 5072 5172 4364 5248 4787 4781 4830 5077 4867 4560 4965 4767 4734 4875 4733 4913 5048 4579 4741 4846 4552 5061 4671 5022 4774 4959 5247 4927 4481 4613 5008 4918 4512 4982 5105 5110 4753 4821 5277 4733 4638 4623 4597 4658 5166 4587 5071 4934 4985 4669 4776 4670 4688 4732 5311 5170 4721 4946 4946 4676 4931 4809 4782 4750 4809 5002 5085 4790 4361 4943 4762 4883 4603 4844 4800 4719 4680 4802 4567 4484 4763 4816 4697 4983 4630 4823 5100
5474 5403 5508 5270 5774 5442 5119 5042 5337 5398 4878 4786 5167 5735 4917 5105 5572 4920 5189 5370 5059 5120 5297 5147 5114 5123 5148 4932 5179 5497 4860 4692 5410 5253 5388 5309 5068 4734 5125 5041 4805 5195 4543 5165 4991 5257 5357 5222 5075 5011 5336 4999 5069 5526 5130 5297 5787 5125 5190 4693 5043 4694 5283 5043 5108 5379 4936 5463 5125 5324 5361 5337 5636 5391 4598 5141 5206 5076 5430 5525 5132 5141 4900 4809 5425 5085 5423 4725 5376 5054 5406 5581 5203 4955 5166 5215 4733 5134 5156 4648 5581 5318 4899 5275 4834 5242 5081 5188 4937 5199 5502 5592 5236 5036 4913 5084 5116 5103 4731 4694 5278 5568 5132 5166 5016 5187 5032 5491 5466 4898 4958 5360 5057 5399 5563 5033 5235 5221 5094 4699 5050 5090 4999 5089 4729 5286 4981 5088 4809 5161 5242 5531 5011 5462 5257 4973 5260 5273 5277 5265 5001 5043 4982 4740 5243 5358 5167 5288 5537 5639 5968 4731 5568 5143 5021 5010 5423 5296 5008 5134 5150 5106 5451 5137 5147 5637 5096 5418 5106 5007 5544 5221 5403 4600 5314 5619 5253 4635 5014 5170 5095 5111 5291 5618 5244 5180 5301 5560 5006 5261 5041 4953 4795 5467 5122 5483 5228 5443 4948 5075 5054 4778 4824 5673 5143 5252 5287 5356 5169 5249 5251 5072 5291 5367 5230 5187 5092 4874 5309 5243 5458 4939 5190 5089 5253 4982 5180 4877 4788 5113 5156 5093 5346 5024 5054 5396
5070 5160 5107 5335 5228 5374 5272 5295 4934 5443 4785 4875 5170 5430 4905 5037 5225 4903 5187 5262 5183 5316 5088 5095 4966 4781 4679 4837 4751 5341 4929 4900 5355 5163 5237 5014 5220 4799 5249 5017 4983 5162 4837 5068 4684 5432 5249 5068 4755 5008 5182 5165 4945 5292 5259 5096 5526 5031 5115 4832 5174 5060 5056 5106 4758 5331 4995 5097 4908 5283 5217 5235 5549 4893 4602 5222 4628 5170 4942 5266 5241 4895 4895 4658 5303 4997 5328 4950 5234 5062 5336 5384 4791 5162 5376 5188 4511 5035 4987 4717 5240 5017 4706 5029 4965 5260 4991 5092 4827 4947 5348 5124 5235 4843 4690 5382 5061 4771 4775 4548 5254 5346 5222 5268 4945 5076 4954 5159 5315 4910 4880 5314 4915 5312 5268 4977 5378 5025 5227 4847 5059 4871 4951 5248 4702 5389 5140 5016 4958 5307 5036 5037 4812 5238 4921 4867 5189 4972 4915 4794 4857 4832 4997 5042 5018 5419 4793 5505 5267 5415 5538 4926 5366 5317 4989 5106 5473 5336 4620 5113 4937 4808 5033 5048 4907 5209 5060 5205 5254 4849 5248 5138 5159 4686 4991 5512 5154 4543 4731 5201 5005 4987 4952 5471 4896 5130 5010 5453 5225 4894 4949 4790 4804 5388 5108 5588 5402 5353 5152 4914 5328 5165 4975 5525 5315 4910 5201 5023 5090 5418 4916 5023 5324 5184 5177 4968 5169 4916 5119 5122 5576 5133 5031 5178 4953 4976 5075 4649 4837 5290 5278 4947 5030 4941 4970 5186
5709 5563 5797 5412 5792 5581 5641 5397 5385 5441 5187 5259 5011 5730 5203 5701 5652 5190 5453 5258 5265 5492 5730 5603 5252 5070 5341 5006 5221 5655 5291 5228 5480 5420 5372 5354 5107 4937 5395 5071 5015 5640 5014 5552 5031 5469 5402 5307 5174 5340 5611 5446 5360 5544 5332 5258 5721 5207 5385 5106 5344 5233 5492 5335 4849 5299 5064 5624 5213 5734 5145 5538 6120 5402 4673 5467 5084 5198 5086 5906 5270 5118 5126 5520 5494 5170 5452 4946 5504 5339 5516 5930 5667 5428 5402 5539 5052 5338 5491 4947 5331 5200 5123 5424 5120 5566 5399 5293 5368 5353 5834 5469 5288 5265 4815 5152 5170 5163 5277 4874 5478 5809 5285 5147 5264 5431 5222 5742 5386 5212 5175 5508 4888 5482 5413 5160 5911 5333 5406 4830 5488 5311 5463 5115 5129 5553 5274 5279 5212 5622 5377 5501 4760 5475 5413 5351 5491 5399 5665 5583 5301 5408 5217 5176 5443 5954 5025 5667 5523 5699 5837 4988 5668 5451 5119 5203 5890 5376 5096 5832 5342 5147 5235 5210 5571 5708 5188 5420 5435 4973 5837 5246 5403 5170 5590 5890 5541 4910 5243 5477 5473 5220 5539 5840 5398 5386 5420 5534 5466 5112 5191 5433 4743 5797 5279 5499 5344 5163 5411 5230 5314 5281 4862 5923 5433 5657 5535 5451 5018 5367 5033 5461 5343 5378 5424 5612 5421 4999 5541 5548 5463 5336 5243 5328 5185 5098 5313 4991 4789 5492 5387 5351 5429 5184 5287 5530
5145 5273 5112 5252 5615 5138 5016 5097 4971 5212 4921 4747 4962 5607 4732 5115 5254 5146 5179 5336 5030 5210 5085 5117 5103 4842 5211 4695 4841 5262 4950 4964 5312 5246 5131 5309 5037 4851 4832 5323 4642 5138 4888 5232 4997 5384 5022 5056 5031 5203 5071 4931 4721 5261 5113 5077 5506 5293 5253 4517 5084 5024 5126 4846 4688 5231 5111 5202 5145 5255 5147 5275 5233 5224 4474 5136 4673 4868 5230 5396 4961 4816 5070 4930 5177 4716 5463 4775 5331 5038 5124 5424 5148 5105 5368 5030 4786 5249 5006 4739 5105 4941 4878 5582 4719 5350 4574 5449 4980 4970 5144 5640 5377 4988 4914 5218 5237 4796 4714 4665 5387 5391 5013 4909 5167 5267 5220 5135 5277 5049 4816 5407 5024 5360 5160 4784 5466 5231 5221 4783 5064 5167 4896 5255 4826 5186 4885 4870 4820 5331 5045 5310 5033 5446 5157 4891 5291 5163 5229 5230 5034 5135 4957 4993 5021 5507 4949 5342 5403 5486 5696 4912 5371 5064 4986 5190 5362 5393 4792 5095 5079 4948 5147 4933 5082 5542 5031 5392 5437 4872 5269 4980 5416 4711 5193 5339 5212 4714 4816 5245 5126 4933 5164 5474 5324 5024 5208 5541 4858 4960 5157 4777 4723 5344 4939 5425 5185 5195 4914 5144 5436 4916 5056 5488 5329 4801 5461 5141 5092 5259 5211 5107 5031 5331 5211 5197 5155 4809 5070 5353 5473 4927 5218 5152 5175 4938 4786 4840 4712 5056 5319 5133 5126 5275 5121 4948
5555 5398 5398 5391 5566 5467 5100 5268 5385 5052 5005 4933 5328 5678 4985 5404 5450 4961 5223 5129 5071 5501 5441 5444 5182 4911 5274 5065 4931 5218 5373 5213 5321 5234 5417 5408 5249 4883 5607 5023 5129 5308 4707 5392 5145 5292 5150 5176 5043 5462 5236 5144 4950 5696 5449 5209 5712 4970 5321 4818 5110 4922 5213 5005 4974 5282 5458 5499 5353 5426 5418 5245 5829 5496 4578 5565 4870 5149 5323 5526 5050 4938 5139 5158 5491 4719 5575 4827 5527 5271 5492 5633 5280 5053 5252 5123 5033 5324 5319 4896 5586 5423 5212 5287 4874 5607 5240 5477 5205 4906 5156 5657 5482 5073 4784 5198 5141 5169 5190 5012 5334 5646 5170 5128 5021 5623 5149 5417 5349 5207 5090 5384 4983 5424 5352 5121 5785 5225 5259 4959 5296 5467 5142 5004 4924 5289 5037 5163 5148 5476 5280 5470 5049 5461 5379 4723 5350 4918 5331 5119 5214 5260 5167 4975 5297 5576 4818 5483 5370 5686 5802 4835 5562 5387 5056 5083 5641 5564 5018 5283 5282 5023 5364 5148 5211 5676 4833 5453 5486 5128 5812 5129 5494 5061 5339 5604 5346 4716 5046 5573 5136 4869 5246 5689 5484 5142 5434 5356 5134 5258 5210 5169 4823 5448 5107 5349 5701 5492 5145 5274 5265 5099 5201 5597 5364 5241 5368 5197 4965 5620 5058 5396 5527 5350 5442 5191 5208 5000 5289 5055 5507 5148 5376 5272 4969 5064 5114 4891 4890 5256 5473 5162 5215 5127 5084 5375
5554 5588 5633 5043 5696 5502 5225 5448 5426 5598 5108 5295 5189 5691 5028 5555 5713 5129 5608 5464 5093 5494 5446 5331 5081 5145 5475 4957 5538 5372 5282 5254 5544 5225 5708 5529 5480 5066 5504 5194 5102 5555 4855 5353 4959 5665 5415 5418 5184 5417 5390 5363 5007 5495 5410 5135 6125 5059 5236 4987 5192 5144 5341 5046 5096 5432 5434 5384 5251 5387 5547 5304 5711 5177 4892 5438 5404 5289 5297 5654 5197 5042 5232 5108 5640 4916 5878 4584 5599 5333 5589 5582 5632 5592 5417 5497 5087 5276 5354 4903 5674 5350 4960 5438 5241 5688 5265 5541 5394 5133 5576 5680 5565 5195 4869 5204 5362 5438 5442 4830 5544 5646 5129 5462 5319 5417 5077 5871 5411 5167 5214 5692 5053 5730 5489 5271 5755 5213 5520 4692 5241 5307 5043 5104 4727 5464 5350 5262 5168 5453 5391 5756 5108 5457 5273 5027 5444 5333 5343 5360 5412 5387 5259 5221 5467 5638 5125 5613 5699 5671 5795 4894 5403 5600 5317 5377 5858 5457 5000 5441 5117 5110 5582 5303 5283 5492 5456 5271 5402 5019 5669 5126 5443 5045 5514 5648 5577 4771 5004 5710 5442 4844 5396 5802 5286 4935 5281 5805 5269 5019 5493 5210 5182 5637 5017 5461 5531 5314 5208 5150 5151 5219 4958 5735 5625 5233 5553 5146 4941 5969 5051 5350 5588 5604 5584 5642 5327 5274 5450 5387 5699 5345 5474 5439 5139 5047 5212 5074 4944 5138 5386 5316 5376 5201 5126 5456
5682 5810 5540 5732 5806 5814 5707 5578 5406 5494 5448 5553 5515 5866 5355 5992 5703 5202 5746 5765 5425 5712 5529 5651 5838 5339 5621 5336 5184 6049 5525 5486 5767 5554 5900 5748 5669 5394 5600 5447 5193 5674 5300 5389 5151 5683 5678 5511 5479 5272 5735 5678 5332 5906 5514 5788 6049 5383 5561 5138 5496 5569 5726 5687 5384 5776 5604 5823 5558 5614 5477 5974 5910 5365 5165 5785 5418 5374 5635 6050 5614 5645 5513 5346 5479 5284 5983 5324 5702 5310 5726 5820 5592 5683 5711 5915 5235 5540 5469 5240 5895 5359 5108 5306 5270 5992 5382 5546 5718 5487 5935 5631 5479 5456 5041 5473 5596 5346 5400 5046 5765 6162 5501 5751 5575 5678 5286 5641 5467 5131 5390 5943 5232 5690 5721 5174 6102 5470 5769 5089 5624 5504 5354 5597 5056 5931 5884 5676 5172 5982 5455 5771 5311 5732 5642 5540 5910 5458 5647 5602 5344 5500 5385 5390 5700 5735 5301 5952 5831 5780 5782 4905 5987 5628 5687 5321 6151 5477 5070 5827 5429 5431 5537 5507 5803 5824 5471 5697 5610 5111 5957 5448 5943 5158 5472 5977 5689 5006 5119 5761 5507 5465 5639 6079 5539 5571 5600 5898 5554 5336 5384 5504 5020 5944 5475 5753 5603 5976 5507 5188 5536 5405 5271 6080 5887 5386 5858 5470 5211 5899 5334 5736 5343 5825 5797 5916 5894 5396 5505 5489 5740 5198 5594 5487 5660 5506 5350 5304 5224 5760 5588 5424 5801 5243 5721 5776
5767 5477 5427 5675 5851 5857 5664 5604 5492 5638 5166 5130 5397 5737 5068 5688 5602 5040 5569 5533 5306 5368 5791 5491 5507 5026 5511 5366 5160 5533 5140 5386 5752 5632 5301 5575 5296 5170 5640 5280 5085 5387 5274 5346 5322 5547 5742 5320 5248 5293 5585 5208 5159 5682 5554 5398 5597 5534 5513 4959 5559 5178 5586 5175 4863 5675 5353 5373 5217 5581 5474 5390 5999 5556 5083 5475 5085 5084 5185 5845 5293 4775 5298 5178 5662 5110 5916 4952 5476 5321 5370 5610 5561 5239 5566 5372 5119 5576 5184 4968 5380 5227 5009 5213 5296 5546 5120 5613 5573 5286 5601 5731 5820 5173 5099 5436 5578 5377 5109 4926 5625 5545 5582 5493 5349 5611 5172 5556 5475 5340 5266 5872 4914 5620 5559 5115 5749 5762 5477 5068 5508 5358 5379 5417 5149 5743 5386 5311 5297 5548 5306 5811 5165 5675 5428 5035 5725 5546 5403 5547 5222 5392 5383 5288 5295 5633 5248 5855 5641 5757 5932 5162 5603 5473 5281 5424 5599 5553 4840 5382 5184 5481 5352 5391 5407 5654 5379 5617 5533 5481 5725 5392 5740 5166 5322 5677 5533 4981 5024 5709 5435 5046 5272 5618 5498 5230 5373 5618 5584 5139 5546 5353 5016 5879 5236 5517 5362 5720 5166 5331 5601 5070 5083 5778 5446 5327 5461 5487 5147 5766 5276 5407 5597 5428 5560 5564 5418 5160 5541 5665 5476 5192 5228 5396 5340 5232 5258 5379 4972 5300 5353 5509 5559 5355 5308 5570
5345 5595 5500 5492 5677 5233 5365 5648 5382 5720 5071 5265 5466 5679 5133 5469 5404 4962 5437 5349 5376 5426 5636 5551 5224 5302 5540 5060 5128 5506 5288 4842 5433 5346 5547 5205 5261 5338 5318 5123 5015 5346 4839 5469 5206 5673 5222 5433 5291 5121 5493 5280 5092 5329 5144 5347 5724 5406 5420 5120 5400 5484 5471 5014 5110 5516 5238 5425 5360 5621 5591 5402 5835 5360 5039 5134 5031 5321 5339 5693 5174 5025 5178 5081 5556 5180 5777 4911 5667 5246 5584 5708 5521 5113 5364 5567 5133 5489 4945 5005 5490 5255 4983 4850 5109 5590 5130 5248 5057 4994 5798 5489 5412 5102 5192 5264 5197 5224 5355 4828 5371 5917 5204 5537 5207 5584 5202 5283 5184 5359 5365 5487 5201 5668 5459 5190 5787 5362 5248 4657 5421 5226 5369 5221 5070 5659 5177 5257 5067 5681 5390 5717 5012 5773 5404 5163 5375 4958 5477 5440 5439 5040 5472 5044 5420 5886 5152 5468 5812 5917 5835 5121 5492 5367 5227 5228 5571 5183 5117 5520 5068 5193 5583 5279 5126 5540 5164 5385 5294 5151 5633 5267 5469 4864 5609 5800 5214 4847 4893 5588 5044 5153 5331 5631 5447 5508 5175 5435 5308 5548 5261 5128 4935 5628 5210 5306 5758 5485 5213 4839 5246 5409 4842 5556 5877 5146 5241 5236 5092 5522 5272 5337 5474 5353 5437 5546 5625 5058 5335 5303 5357 5228 5185 5125 5382 5500 5129 4984 4886 5427 5480 5296 5171 5117 5279 5409
5273 5270 5270 5208 5172 5315 5003 5261 5004 5266 4940 4699 5133 5235 5018 5482 5495 4854 5394 5091 5018 5138 5222 5224 5001 4800 5071 5127 4989 5517 4912 5173 5297 5264 5199 5203 4928 4916 5274 5167 4902 5240 4761 5266 4840 5246 4890 5009 4849 4912 5051 5044 5109 5355 5282 5045 5538 5021 5233 4833 5256 5041 5155 4865 4992 5305 5207 5248 5106 5229 4867 5193 5612 5049 4703 5309 5012 5038 5016 5262 4750 4716 4911 5062 5264 4749 5360 4925 5341 4964 5089 5334 5168 5213 5436 5031 4868 5197 5114 4452 5101 5282 4691 5064 4632 5329 4829 5243 5164 4865 5004 5317 5444 4817 4693 5284 4951 4993 4855 4626 5300 5416 5078 5101 5013 5145 4774 5310 5177 5217 5009 5212 4675 5271 5230 4925 5410 5152 5208 4706 5052 4952 4913 4811 4689 5151 5111 4924 4736 5270 5265 5276 4786 5164 5242 4829 5159 5012 5101 5180 5072 5107 5214 4990 5045 5444 4742 5120 5237 5418 5338 4702 5522 5258 5017 4924 5167 5341 4693 5192 4799 4761 5176 5090 5099 5211 5000 5038 4935 4750 5562 5035 5289 4834 5055 5345 5007 4656 4823 5274 5220 5018 5004 5444 5211 5180 5240 5303 4990 4916 5033 4890 4505 5362 5120 5257 5507 5125 5081 4812 5101 4721 4903 5458 5159 5085 5275 5050 4956 5262 4966 5078 5283 5235 5506 5139 5158 4669 5214 4988 5137 4936 5091 5021 4804 4856 4860 4700 4824 5222 5338 5002 5218 4874 4965 5373
5073 4912 4864 5012 5138 5066 5211 4966 5111 5344 4618 4903 4959 5104 4924 5034 4837 4755 4865 5193 4772 5054 5255 4966 4609 4898 4997 4809 4804 5050 4726 4889 5115 5083 4879 4688 4880 4912 4947 4719 4608 4884 4643 4924 4725 5266 4877 4873 4745 4814 5021 4891 4581 4990 4928 5001 5461 5061 4912 4604 4940 4713 5114 4613 4737 4907 4912 5133 4913 5241 5069 5045 5420 5048 4446 5113 4728 4743 5128 5156 4841 4711 4947 4885 4986 4980 4904 4665 5102 4742 5289 5473 4980 4900 5391 5023 4578 4953 4904 4551 5026 4905 4715 5267 5097 5297 4630 4674 4660 4675 5176 5131 5125 4951 4545 5091 5000 4542 4755 4605 5183 5339 4799 4837 5127 5115 4735 5187 5087 4838 4962 4893 4841 5177 5215 4853 5233 4880 4904 4724 4889 4715 4967 4936 4468 5089 4916 4955 4690 5295 4927 5135 4727 5123 5095 4859 4965 4806 4850 4861 4778 4953 4905 4884 4831 5138 4839 5224 5438 5351 5261 4613 5122 5019 4522 4968 5026 5188 4693 5132 4898 4978 4886 4796 5158 5169 4821 4972 4898 4715 5235 4893 5139 4612 4955 5466 5090 4548 4709 5281 5066 4713 4896 5115 4986 4714 5061 5407 4932 4808 4925 4620 4611 5261 4901 4906 5274 5040 4840 4896 4702 4960 4647 5591 5251 4804 5161 5077 4529 5142 4790 5044 4957 5100 5089 5095 4822 4553 5070 4949 5165 4805 4673 4811 4740 4887 5194 4727 4628 5097 5197 4998 4969 4822 4928 5131
5604 5351 5449 5459 5715 5593 5525 5686 5276 5526 5136 5184 5161 5918 4985 5759 5766 5014 5580 5511 5528 5512 5629 5584 5241 5278 5375 5098 5181 5655 5254 5279 5563 5376 5404 5430 5379 5416 5510 5300 4961 5308 5047 5436 5204 5529 5041 5556 5314 5533 5633 5366 5438 5726 5385 5437 5834 5487 5288 5124 5412 5289 5586 5324 5175 5526 5290 5507 5128 5673 5374 5462 5804 5418 4822 5277 5080 5242 5409 5662 5369 5039 5073 5156 5810 5246 5652 5260 5403 5491 5492 5609 5646 5471 5588 5389 5172 5699 5343 5033 5768 5256 5241 5367 4906 5612 5323 5434 5317 5537 5456 5700 5595 5161 4905 5390 5405 5092 5421 4950 5623 5899 5414 5201 5259 5587 5269 5443 5480 5419 5170 5531 5038 5658 5443 5336 5728 5411 5305 4792 5410 5352 5378 5199 5252 5622 5471 5248 5153 5469 5464 5468 5521 5613 5536 5223 5410 5354 5425 5409 5084 5343 5221 5412 5370 5996 5271 5373 5480 5706 5975 5081 5794 5475 5547 5398 5907 5324 5149 5456 5202 5214 5526 5275 5472 5646 5215 5340 5603 5251 5827 5291 5683 5324 5308 5585 5505 5027 5061 5421 5277 5334 5370 5849 5228 5326 5595 5457 5394 5095 5127 5239 4985 5653 5370 5612 5457 5572 5207 5205 5174 5182 5134 5888 5513 5387 5449 5272 5225 5454 5106 5198 5777 5361 5670 5620 5480 5012 5592 5398 5852 5415 5510 5427 5283 5299 5240 4788 4877 5598 5334 5341 5235 5322 4966 5526
5192 5185 5173 5136 5255 5232 4962 4913 5094 4959 4732 4862 5047 5503 4830 5451 5074 4810 5217 4986 4963 5040 5279 4959 4965 4973 5254 5141 4609 5151 4890 5018 5073 5025 5233 5207 4932 4588 5313 5070 5008 5033 4855 4998 4786 5274 5150 5064 4945 5103 5226 4926 4991 5259 5191 4933 5374 5056 5047 4664 5247 4893 5183 4856 4774 5380 5044 5362 4965 5169 5054 5032 5324 5285 4461 5178 4913 5145 4973 5306 4678 4641 5102 4905 5311 4850 5293 4652 5150 5019 5052 5617 5078 5039 5142 5167 4725 5183 5066 4737 5112 4847 4572 5107 5059 5077 4794 5392 5165 4769 5249 5502 5292 4741 4540 4971 5128 4874 4680 4500 5224 5418 4960 5068 5054 5235 4663 5190 5007 4832 4980 5569 4858 5186 5396 4824 5495 5129 5140 4788 5134 4763 4730 5119 4823 5033 5032 4909 4817 5348 5158 5396 4808 5188 5380 4539 5232 4754 5124 5087 5061 5252 4925 4632 5295 5519 4928 5252 5244 5374 5413 4783 5258 5126 5058 5132 5250 5179 4527 5077 4967 5039 5153 5092 4956 5271 4885 5091 5190 4854 5599 4831 5152 4753 5161 5399 5027 4799 4632 5524 5200 4735 4902 5223 5304 4867 5191 5250 5059 4838 5105 4779 4689 5188 5006 5122 5295 5440 4953 4948 5123 4824 4867 5644 5194 5072 5078 4933 4791 5229 4773 5126 5225 5332 5576 5125 5182 4829 5175 5011 5280 4893 5082 5221 4910 5055 5112 4845 4485 4916 5189 5141 5233 4929 4760 4998
5379 5299 5142 5366 5498 5339 5072 5293 5099 5301 4799 5045 5400 5535 5114 5283 5440 5010 5024 5277 5035 4948 5557 5240 5141 5332 5181 5070 4724 5391 5118 4982 5439 5310 5496 5232 5314 4797 5473 5034 4894 5479 4934 5082 5228 5215 5208 5098 5414 5041 5480 5062 5009 5384 5124 5516 5459 5319 5528 4864 5127 5083 5311 4972 5205 5483 5117 5458 5485 5408 5364 5387 5645 5303 4722 5129 5086 5340 5001 5431 5240 4783 5158 5047 5292 5081 5493 4808 5628 5373 5671 5691 5359 5202 5410 5103 5006 5361 5141 4904 5275 5278 5031 5049 4883 5500 4971 5377 4812 5058 5648 5426 5388 5142 4931 5185 5168 5135 5366 4728 5066 5616 5141 5258 5089 5461 5112 5399 5125 5211 5300 5537 5045 5694 5221 4744 5557 5053 5309 4891 5427 5325 5182 5033 4926 5234 5015 5013 5106 5519 5203 5548 5017 5470 5329 4993 5272 4911 5393 4976 5193 5098 5268 4960 5084 5555 4983 5534 5337 5455 5704 4854 5543 5197 5334 4919 5497 5427 4829 5313 5031 5249 5465 4957 5142 5481 4891 5724 5193 5119 5700 5230 5220 4922 5094 5516 5481 4755 4839 5525 5379 4790 5144 5354 5249 5427 5430 5446 5247 5266 5118 4918 4959 5518 5226 5435 5441 5587 5168 5094 5384 5248 4799 5607 5525 5124 5234 5437 5215 5349 5136 5245 5369 5252 5304 5556 5199 5152 4974 5406 5456 4885 5251 5303 5321 5246 5063 4882 4463 5547 5217 5201 5561 5087 4926 5216
5385 5279 5604 5415 5834 5336 5443 5263 5111 5455 4926 4923 5222 5669 5057 5622 5472 5139 5421 5359 5305 5296 5420 5607 5058 4994 5335 5137 5128 5209 5193 4824 5375 5156 5382 4987 5079 4970 5318 5075 5098 5262 4896 5514 5131 5489 5248 5537 5176 5425 5698 5091 4989 5613 5327 5467 5750 5302 5305 5027 5448 5063 5360 5112 5128 5384 5224 5790 5363 5723 5475 5293 5626 5098 4858 5431 4992 5256 5401 5501 5449 4960 5150 5072 5704 5030 5349 4962 5470 5103 5664 5690 5465 5446 5396 5361 5147 5405 5215 4923 5336 5332 5125 5324 4863 5409 5178 5238 5222 4952 5597 5490 5516 5007 4840 5117 5311 4982 5079 4898 5136 5627 5095 5366 5289 5432 5293 5436 5395 5082 4871 5430 4968 5518 5362 5178 5553 5392 5434 4677 5298 4948 5173 5168 5042 5629 5231 5198 4969 5330 5474 5468 5053 5507 5252 5092 5472 5246 5202 5374 5177 5116 5418 5159 5191 5691 5073 5634 5804 5877 5709 5249 5606 5458 5118 5312 5630 5424 5219 5397 5458 4972 5309 5297 5326 5708 5244 5385 5434 5205 5740 5137 5490 5221 5416 5661 5382 4908 5152 5214 5425 5168 5423 5723 5569 5539 5288 5827 5111 5209 5120 4920 4987 5426 5180 5479 5677 5411 5119 4998 5320 5200 5091 5684 5431 5340 5293 5424 5176 5320 5385 5295 5543 5736 5624 5446 5282 5063 5539 5359 5593 5254 5094 5338 5077 5191 5086 5026 4961 5416 5488 5178 5182 5185 4895 5494
5130 5332 5343 5240 5461 5283 5294 5342 5191 5302 5014 5105 5064 5530 5205 5341 5212 4743 5354 5241 5153 5218 5203 5359 5159 4890 5298 5013 4718 5461 4901 4894 5391 5088 5278 5138 4917 4878 5315 4966 5088 5236 4697 5112 4909 5202 5210 4989 4851 5187 5250 4966 4883 5304 5105 5089 5477 4885 5430 4932 5258 5084 5322 5152 4892 5049 5134 5601 5094 5472 5188 5697 5819 5212 4679 5396 4981 5268 5086 5412 5045 4753 5089 5166 5051 5047 5428 4648 5368 5103 5256 5597 5273 5346 5498 5387 4866 5142 5183 4625 5360 5085 4931 5058 5113 5445 5099 5195 4987 4822 5352 5419 5189 4860 4753 4928 4973 5333 5202 4687 5106 5568 5138 5251 5062 5420 4967 5446 5078 4967 5104 5454 4756 5299 5295 4851 5307 5149 5373 4773 5509 5355 4913 5197 4693 5305 4932 5047 5020 5348 5173 5341 4803 5313 5196 5077 5204 5072 5217 5224 5086 4982 5160 4810 5458 5537 4728 5645 5486 5650 5632 4953 5215 5274 4988 5272 5634 5295 4889 5268 5024 4888 5519 5061 5143 5556 4937 5199 5230 5044 5488 5135 5527 4728 5216 5642 5111 4776 5022 5591 5008 4989 5084 5666 5301 5318 5308 5325 5198 5066 5132 5097 4912 5656 5265 5383 5483 5255 5047 4940 5225 5119 4771 5320 5512 5125 5276 5145 4974 5346 4992 5337 5296 5132 5215 5206 4895 4846 5161 5140 5493 5230 5127 5165 5173 5140 5040 4875 4893 5464 5176 5225 5183 5151 5107 5356
5089 5131 5066 5258 5454 5065 5155 5318 5044 5212 4834 5146 5033 5523 4878 5246 5330 4942 5474 5026 4840 5408 5384 5243 5336 4798 5132 4737 4886 5327 4924 4810 5424 4940 5391 4995 4945 4858 5146 5106 4740 5144 4560 5288 5003 5235 4950 4816 4936 4928 5305 5046 5075 5364 5267 5192 5654 5016 4925 4640 5055 5017 5238 4689 4976 4955 5220 5196 5033 5148 4975 5070 5615 5171 4609 5132 4649 5067 5027 5306 5030 4477 5087 5004 5203 4974 5270 4834 5468 4985 5195 5373 5249 5121 5329 5347 4857 5226 4905 4763 5434 5124 5040 5080 4541 5450 4912 5117 4953 4701 5329 5467 5192 4773 4783 5008 4977 5084 5106 4647 5321 5477 5220 5137 5036 4999 4990 5287 5173 4962 4765 5386 5015 5472 5186 5190 5444 4944 5383 4551 5102 5103 4966 5090 4603 5238 5108 4851 4818 5162 4944 5351 4989 5107 5235 4924 5099 4707 4836 5099 4880 5074 5199 4997 5048 5397 4525 5405 5151 5376 5418 4582 5011 4908 5164 5123 5586 4941 4787 5195 4842 5102 5120 4866 5050 5438 4989 5401 5118 4912 5250 4871 5166 4581 5101 5392 5054 4779 4798 5110 4761 5039 4897 5457 5206 5011 5185 5239 5222 4883 5056 5082 4747 5094 4742 5077 5212 5179 5025 4882 5277 4995 4728 5495 5313 4911 4892 5021 4724 5447 4829 4976 5181 5111 5030 5177 5117 4901 5339 5193 5368 4734 5094 4669 5266 4925 4852 4848 4705 5049 5016 5348 5069 5067 5269 5266
5539 5353 5449 5422 5773 5397 5617 5313 5632 5611 5333 5122 5205 5854 5066 5614 5677 5148 5381 5444 5312 5201 5762 5624 5415 5420 5520 5336 5307 5562 5577 4991 5294 5527 5592 5429 5191 5359 5338 5152 5319 5368 5211 5542 5380 5672 5231 5279 5206 5653 5700 5326 5012 5530 5480 5501 5843 5485 5410 5169 5484 5383 5653 5161 5206 5310 5256 5659 5448 5604 5551 5318 6097 5533 5058 5469 5199 5216 5232 5528 5026 5162 5110 5315 5454 5281 5676 5011 5633 5240 5406 6113 5501 5353 5523 5615 5240 5578 5432 4800 5483 5625 5039 5554 4879 5500 5517 5378 5355 5292 5610 5630 5549 5203 5117 5508 5550 5142 5173 5158 5558 5630 5366 5196 5254 5608 5283 5636 5638 5289 5420 5632 4998 5626 5602 5323 5586 5312 5599 5194 5491 5345 5189 5050 4872 5537 5489 5142 5210 5553 5689 5674 5061 5220 5582 5204 5473 5330 5588 5129 5428 5316 5292 5227 5468 5831 5131 5573 5980 5913 5946 4888 5549 5266 5254 5407 5787 5318 5155 5601 5443 5287 5632 5315 5352 5812 5142 5314 5245 5111 5855 5363 5739 5098 5372 5769 5580 5193 4947 5600 5419 5149 5440 5578 5378 5181 5569 5967 5385 5258 5166 5346 4759 5542 5213 5467 5835 5338 5420 5082 5373 4923 5116 5834 5712 5433 5573 5490 5296 5559 5301 5581 5418 5571 5642 5513 5360 5272 5556 5538 5606 5333 5493 5226 5448 5123 5460 5081 4942 5669 5682 5268 5392 5424 5303 5723
5307 5138 5170 5123 5756 5496 5204 5147 5070 5361 5044 4961 5062 5438 4806 5352 5246 4960 5380 5254 5210 5254 5301 5407 5181 5079 5384 4936 5053 5207 4993 4951 5230 5390 5389 5325 5193 5021 5445 4960 5266 5247 4846 5142 5061 5210 5153 5090 5012 5304 5528 4977 5207 5245 5312 5199 5461 5004 5144 5015 5028 5056 5112 5165 4743 5304 5091 5219 5123 5138 5462 5202 5745 5182 4443 5425 4983 5122 5235 5707 4793 5054 5367 5105 5533 5149 5425 4892 5523 5402 5406 5408 5071 5232 5346 5429 4805 5470 5229 4899 5303 5294 4937 5227 4799 5334 5030 5369 4987 5089 5463 5412 5366 4932 5057 4949 5222 5139 5217 4773 5343 5639 5117 5240 4970 5510 4983 5282 5339 5219 5262 5420 4667 5406 5300 4997 5352 5241 5081 5018 5222 4928 5185 4977 4982 5404 5212 5215 5101 5250 5236 5447 4773 5458 5416 4894 5267 5361 5235 5374 4986 5029 5374 5198 5250 5551 4976 5169 5398 5466 5903 4901 5439 5345 5071 5174 5611 5248 5094 5661 5182 5000 5296 5011 4934 5441 5034 5308 5391 4874 5781 5103 5361 4884 5306 5590 5077 4844 4904 5433 4994 4927 5281 5580 5313 5518 5389 5384 5329 4973 5005 5055 4805 5462 5133 5370 5318 5257 4919 4920 5226 5017 4936 5499 5244 5218 5348 5345 4930 5211 5276 5295 5225 5173 5472 5365 5160 5046 4991 5166 5311 5110 5142 5154 5252 5124 5135 5021 4778 5365 5386 4952 5364 4954 4812 5165
5104 5422 5367 5192 5541 5392 5494 5396 5318 5610 5208 5217 5008 5598 5050 5462 5384 5147 5517 5139 5217 5363 5334 5411 5363 4971 5445 5070 5110 5338 5079 5005 5118 5328 5542 5376 5167 5130 5168 5079 5029 5061 4769 5281 4844 5448 5325 4980 4850 5322 5246 5280 4961 5182 5163 5130 5453 5327 5397 4953 5317 5284 5443 5233 4924 5069 5255 5279 5287 5393 5082 5432 5582 5202 5048 5142 4869 5318 5135 5586 4925 4665 5109 5029 5370 5042 5069 4863 5595 5100 5289 5542 5175 5113 5827 5570 4786 5200 5084 4612 5122 5299 4958 5245 5109 5259 4920 5177 5182 4988 5422 5420 5396 4854 4900 5177 4964 5452 4970 4910 5192 5730 5092 5379 4973 5378 5063 5481 5388 5308 5028 5826 4966 5345 5284 4867 5368 5339 5195 4697 5425 4924 5128 5283 4915 5341 5301 5015 4937 5199 5257 5260 4977 5310 4950 5123 5403 5078 5385 5139 4901 5063 5282 5103 5201 5793 5009 5709 5549 5848 5573 4940 5248 5317 5183 5309 5640 5218 4911 5379 5200 4970 5535 5148 5076 5554 4886 5110 5164 5068 5587 5085 5495 4903 5351 5728 5091 4921 4845 5362 5167 5118 5233 5854 5301 5138 5511 5468 5502 5099 5122 4992 4689 5500 5091 5684 5485 5205 5244 4965 5074 5100 4966 5443 5496 5136 5236 5356 5111 5338 5341 5387 5410 5487 5164 5240 5231 4917 5347 5281 5562 5143 5118 5037 5379 5226 5162 4932 5110 5435 5226 5262 5152 5325 5485 5532
5059 5469 5378 5367 5503 5297 5178 5376 5202 4944 5043 4727 5173 5530 5069 5415 5428 4923 5068 5335 5014 5325 5386 5417 5140 4958 5324 4756 4884 5421 4875 5201 5192 5095 5266 5408 5366 4853 5141 4969 5265 5265 4810 5406 4927 5305 5338 4936 4805 5098 5408 5143 4990 5382 5236 5041 5689 5296 5240 4932 5337 5118 5162 4947 4909 5294 5137 5513 5201 5302 5346 5231 5298 5158 4819 5261 5145 4863 5435 5492 5212 4773 4935 5184 5376 5089 5187 5051 5202 4996 5083 5415 5395 5115 5334 5442 4844 5262 5121 4597 5391 4922 4779 5429 4910 5333 4956 5161 5200 4921 5510 5400 5178 4866 4788 5180 5273 5086 4969 4675 5123 5488 5254 5188 5236 5271 5079 5140 4878 5106 4861 5496 4722 5433 5399 4782 5467 5145 5243 4765 5199 4895 5080 5218 4922 5306 5174 5021 4896 5466 5148 5410 4849 5164 5235 5173 5387 5164 5468 5240 5138 5353 4920 4904 5117 5599 4810 5282 5220 5291 5715 4928 5537 5093 4737 5309 5508 5122 4974 5170 4787 5069 5208 5150 5122 5255 5114 5521 5097 4808 5198 5109 5270 4840 5138 5612 5235 4910 4652 5311 5305 5029 5176 5205 5461 5196 5378 5397 5407 4984 4996 4973 4692 5580 5108 5139 5235 5438 5230 5169 5322 4956 4952 5534 5441 5037 5313 5103 5067 5283 4834 4859 5435 5293 5181 5246 5176 4923 5367 5336 5415 4943 5233 5068 5054 5303 5131 4916 4792 5076 5339 5055 5203 5092 5053 5324
4946 4876 5109 5018 4999 5037 4909 4974 4791 4973 4447 4729 4795 5290 4578 5166 5150 4645 5154 4884 4881 5234 4938 5176 4948 4635 4778 4906 4605 5088 4893 4536 5134 5025 5302 5099 4949 4743 4961 4631 4752 5081 4718 4963 4955 5057 5030 4678 4801 4856 5209 4772 4658 5098 4808 4989 5299 4912 4879 4724 5016 4796 5058 4946 4780 5004 4703 5037 4963 5042 5065 4764 5383 4928 4279 5062 4700 4750 5073 5104 4885 4498 4885 4783 5184 4813 5188 5037 4977 4859 5107 5148 4945 4958 4871 5049 4564 5280 4929 4606 5236 4842 4628 4794 4572 4888 4855 5091 4669 4843 5193 4847 5361 4689 4691 4822 5140 4861 4854 4581 5226 5206 5081 5106 4697 5084 4837 5006 4833 4826 4733 5185 4695 5010 4928 4771 5125 4938 5115 4584 4817 4750 4881 4727 4564 4848 4894 4930 4735 5206 4923 5025 4740 5019 5061 4817 4874 4828 4837 4793 4659 5008 4811 4913 4807 5264 4630 4987 5156 5212 5433 4656 5258 5061 4797 4956 5297 4868 4668 4893 4640 4709 4921 4797 4820 5208 4862 5106 4753 4646 5281 4733 5126 4821 4907 5388 4922 4440 4496 5058 4789 4588 5013 5248 4838 4972 4764 5233 4901 4658 4701 4731 4398 5145 4791 5088 5122 5197 4919 4766 5005 4812 4664 5384 5035 4868 5072 4819 4817 4928 4543 4960 5102 4850 5200 5173 4934 4668 4822 4809 5249 4842 5156 5061 4851 4782 4801 4452 4571 4936 4950 4855 4843 4703 4736 5110
5026 4912 5159 5344 5297 5321 5100 5043 5001 5246 4782 4617 5319 5538 4744 5287 5285 4751 5190 5280 4966 5100 5325 5097 4748 5110 4944 4843 4811 5146 4894 4941 5144 5088 5227 5090 4996 4775 5320 4870 4766 5147 4620 5001 4847 5171 4891 4995 5176 5213 5309 5223 4952 5177 5036 5042 5320 5086 5214 4712 5226 5124 5227 4725 4882 5138 4994 5508 5068 5213 5287 5052 5371 5121 4653 5178 4754 5184 5136 5214 5109 4810 4998 5096 5350 5004 4881 4989 5018 5053 5275 5328 5060 5262 5163 5319 4546 5108 4826 4718 5153 4976 4706 5145 4833 5395 4739 4953 4956 4904 5398 5459 4958 4961 4641 5170 5285 4679 4996 4605 5024 5367 4996 5362 4836 5269 4898 5135 5065 4857 4841 5376 4912 5105 5233 4965 5532 5001 4947 4926 4963 5045 4728 5254 4631 5161 5111 4817 4826 5303 5025 5405 4603 5297 5127 4699 5163 5112 5244 4991 5186 5082 5020 4842 5158 5652 4856 5453 5227 5741 5390 4679 5344 4939 4791 5140 5516 5382 4745 4961 4911 4987 5130 5012 5074 5134 5190 5044 5062 4973 5379 5022 5439 4980 4818 5478 4982 4693 4555 5422 5114 4625 4916 5074 5078 4951 5126 5485 5292 4756 5046 4734 4857 5327 5036 5377 5194 5290 4694 4954 4981 4959 5051 5475 5301 5074 4974 5059 4667 5097 4859 4854 4890 4927 5207 5221 4973 4893 5236 5171 5313 4687 4823 4961 4838 5189 5109 4759 4464 5205 5028 4956 5001 5033 4917 5103
5008 5211 5128 4978 5283 5339 4903 5072 5001 5256 4742 4956 4941 5507 4706 5397 5220 4995 4997 5075 5024 5174 5240 4875 4852 4869 4980 4905 4922 5051 4765 4900 4947 5225 5096 5123 4915 4899 5154 5060 4849 4864 4777 5156 4773 5294 4639 4802 4753 4885 5177 4808 4948 5128 4778 4943 5265 4908 4938 4625 5046 5079 5302 5021 4821 5089 5071 5161 4955 4934 5159 5071 5446 5054 4670 5110 4821 4905 4899 5291 4956 4666 4860 5045 5281 5183 5142 4955 5226 5184 5198 5304 5150 4936 5282 4921 4666 5104 5105 4611 5225 5253 4886 4845 4837 5044 4790 5065 4710 4714 5469 5122 5319 4567 4722 5237 5044 4987 4800 4690 5155 5606 4882 5113 4928 5270 4981 5148 4994 5036 4960 5097 4971 5270 5156 4832 5268 4884 4725 4855 4940 4908 4982 4904 4820 5495 5155 4898 4587 5017 5053 5097 4483 5371 5030 5059 5233 5123 5168 4960 4989 4843 5118 4827 4897 5448 4887 4843 4990 5532 5493 4795 5170 5163 4778 4741 5195 5075 4803 5273 4729 5028 5080 4964 4973 5161 4795 5269 4929 5011 5375 5026 5197 4814 5355 5455 5174 4788 4413 5174 5100 5044 5168 5337 5047 5045 5085 5098 5201 5012 4835 4656 4605 5267 4937 5136 5110 5112 5058 4896 4956 4936 4710 5417 5266 4976 5305 4941 4712 5126 4906 5088 5022 5413 5202 5033 5050 4833 5040 5192 5168 5048 4930 4728 4922 4856 5132 4871 4878 5017 5316 5023 5229 5143 4674 5191
5430 5128 5249 5306 5578 5347 5225 5164 5196 5262 4998 5065 5091 5600 5020 5485 5270 4897 5442 5371 5168 5128 5369 5288 5125 4760 5138 5193 4979 5656 5034 4825 5351 5225 5463 5426 5045 5092 5332 5059 4891 5388 4937 5213 5226 5437 5237 5054 4873 5071 5376 4835 4973 5398 5135 5282 5499 5177 5398 4954 5287 5074 5116 5108 4625 5074 4975 5061 5157 5408 5334 4973 5579 5299 4513 5529 4701 5050 5253 5471 4941 4918 5144 5070 5479 4912 5393 4766 5391 5181 5244 5509 5354 5175 5444 5250 4852 5334 5089 4923 5466 5197 5017 5431 4723 5527 5145 5347 4886 4930 5403 5667 5069 5001 4863 5293 5203 4959 4944 4685 5411 5625 5101 5098 5274 5165 5238 5445 5312 4948 5060 5301 5046 5486 5097 5190 5499 4938 5303 4851 5124 5099 5141 5036 5125 5127 5251 5153 5045 5732 5148 5380 4993 5285 5256 4933 5066 5249 5179 5223 5021 5263 5244 4990 5008 5603 4834 5100 5433 5485 5563 4930 5285 5424 4943 4899 5514 5150 4965 5422 4995 5004 5566 5040 5104 5717 5012 5037 5299 4872 5637 5234 5386 4857 5414 5434 5522 4887 4885 5569 5079 4948 5222 5546 5379 5230 5254 5292 4940 5037 5064 5260 4496 5540 5136 5373 5464 5037 5082 4943 5299 4992 4950 5947 5644 4926 5307 5291 4955 5165 4808 5090 5409 5302 5260 5301 5103 4941 5312 5291 5551 4977 5261 5198 5029 5140 5048 4955 4772 5272 5391 5048 5201 5122 5034 5341
5111 5216 5121 5269 5633 5546 5119 5332 5204 5255 4839 4979 5106 5622 5208 5350 5260 5028 5302 5458 5233 5350 5334 5247 5068 5078 5135 5005 4974 5440 4954 5219 5401 5208 5326 5087 5059 4841 5270 5175 4781 5415 4772 5151 4763 5536 5169 5009 5019 5233 5393 4889 4930 5761 5247 5085 5508 5363 5258 4580 5111 5010 5467 4847 4833 5119 5024 5286 5203 5414 5136 5453 5414 5302 4392 5630 5032 4931 5241 5433 4935 4841 5027 5222 5366 5290 5310 4846 5440 5330 5477 5573 4917 5156 5170 5298 4703 5368 5155 4631 5572 5310 5006 5452 5116 5322 5012 5301 5128 4815 5495 5505 5296 4962 4659 5455 5223 5013 5018 4688 5314 5163 5404 5212 5172 5327 4999 5300 5312 4910 5102 5466 5169 5302 5351 4873 5665 5176 5069 4596 5144 5271 5182 5226 4778 5511 5219 5159 4864 5397 5162 5364 4983 5351 5123 5015 5270 5139 5239 5137 4948 5217 5180 5006 4973 5487 5105 5442 5424 5439 5443 5009 5655 5227 5244 5009 5523 5296 5060 5303 5207 5025 5413 5100 5249 5451 5021 5379 5234 5048 5652 5051 5559 4705 5269 5672 5219 4749 4900 5334 5113 4929 5169 5728 5324 5252 5363 5468 5337 4891 4976 5029 4995 5526 5059 5333 5381 5359 5288 5200 5319 5271 5230 5754 5458 5247 5515 5390 4872 5480 5091 5176 5139 5311 5144 5415 5114 4847 5299 5231 5520 5138 4936 5052 5157 4890 5328 5072 4973 5375 5295 5254 5429 4980 5007 5366
5259 5151 5022 5210 5512 4967 5174 5344 5136 5162 4720 5037 5019 5523 4898 5669 5224 4834 5119 4921 4877 5028 5178 5226 4982 4781 5201 4849 4959 5322 4953 4971 5131 5159 4971 5101 4987 4975 5077 5002 4926 5140 4549 5095 4951 5437 5072 5173 4846 4939 5122 4877 4708 5084 4886 4893 5433 5341 4831 4750 5004 4871 5095 4793 4766 5299 5132 5110 5006 4997 5095 5126 5630 4997 4520 5294 4926 4998 5011 5499 4928 4701 4974 4815 5188 5089 5469 4663 5287 5138 5230 5378 5252 5049 5418 5200 4544 5158 4948 4672 5153 5027 5014 5237 4798 5224 4850 5254 5023 4997 5243 5273 5411 4771 4754 5012 5185 4806 4974 4432 5365 5555 5137 5058 5037 5437 4981 5408 5025 5008 4890 5246 4447 5170 5201 4880 5260 4864 4937 4743 5159 4991 5052 4856 4891 5159 4972 5212 4871 5314 5090 5361 5131 5212 5171 4867 5246 4895 4849 5268 4957 4928 5026 5013 4878 5476 4888 5320 5167 5482 5475 4838 5453 5264 4984 5023 5247 5212 4592 5114 4716 4974 5174 4983 5009 5251 5058 5343 5250 5127 5397 4941 5528 4609 4870 5488 5259 4830 4666 5298 5095 4851 5043 5557 4750 5207 5277 5146 5112 4891 5002 4958 4852 5327 4986 5468 5397 4905 4988 5032 4963 5028 4937 5495 5132 4777 5314 5188 4880 5168 5197 5179 5326 5258 5092 5507 4959 5006 5133 5237 5422 4851 5128 4871 5289 4898 4846 4971 4535 5263 5260 4989 5123 5155 4972 5504
5051 5052 5230 5143 5312 5417 5188 5339 5059 5359 4864 5075 4894 5429 5018 5294 5318 4916 5325 5038 4896 5157 5292 5057 4943 4994 5105 5024 4672 5300 4731 5109 5218 5364 5110 5034 4786 4780 5334 4917 4617 5168 4603 5182 4890 5272 5145 5086 4899 4979 5293 5354 4903 5325 4964 5083 5452 5117 5315 4935 5241 5004 5026 4662 4790 5250 5066 5137 4872 5076 4994 5229 5531 5047 4750 5034 4634 5047 4821 5381 4803 4579 5013 4736 5283 5177 5246 4754 5683 5132 5199 5488 5235 5173 5178 5406 4791 5259 4964 4742 5136 5060 4930 5282 4723 5372 4834 4971 4998 4750 5340 5221 5304 4797 4717 5117 5051 5367 5033 4716 4901 5240 5070 5083 5100 5219 5048 5439 5105 4967 5014 5297 4888 5488 5300 4914 5542 5095 5110 4472 5004 5177 4908 5178 4535 5270 4969 5211 5045 5122 5137 5414 4807 5254 5014 4991 5328 5049 5201 5174 5017 5203 5424 5161 5042 5349 4947 5364 5235 5540 5316 4676 5081 5260 5217 5073 5526 5245 4653 5135 5023 5040 5314 4892 5176 5341 4958 5182 5145 4839 5447 5126 5343 4620 5271 5344 4983 4777 4688 5282 5023 5015 5202 5518 4913 4930 5368 5380 5191 5052 4865 4970 4682 5206 5007 5205 5399 5205 5156 4764 5071 5035 4791 5455 5303 5098 5089 5109 4848 5220 5118 5411 5189 5043 5192 5217 5417 4931 5347 5169 5291 4889 5021 4662 5081 4971 5146 4902 4919 5260 5242 4987 5272 5116 5216 5142
5589 5830 5721 5847 6140 5803 5533 5782 5829 5988 5258 5378 5402 5930 5617 6072 5947 5553 5626 5711 5541 5476 5895 5870 5757 5553 5941 5307 5542 5888 5534 5633 5728 5568 5720 5785 5580 5367 5614 5606 5104 5554 5105 5672 5426 5809 5396 5298 5288 5776 5853 5393 5412 5988 5597 5715 6162 5610 5422 5305 5636 5423 5757 5474 5431 5460 5588 5855 5648 5936 5558 5774 6100 5719 5053 5839 5289 5427 5477 6039 5457 5155 5421 5679 5632 5747 5945 5461 5643 5726 6068 6119 5695 5704 5766 5684 5483 6003 5599 5155 5957 5463 5449 5915 5011 5980 5702 5720 5785 5409 5973 5822 6058 5336 5471 5692 5787 5545 5501 5033 5753 6142 5601 5594 5674 5779 5784 5910 5738 5471 5648 5985 5247 6069 5983 5431 6187 5616 5832 5388 5557 5607 5636 5730 5410 5832 5510 5655 5366 5702 5611 5865 5400 5835 5519 5261 5995 5594 5681 5762 5503 5693 5681 5688 5534 6163 5631 6117 5823 6084 5912 5168 5778 5811 5612 5621 6075 6055 5276 5740 5498 5500 5932 5585 5642 5918 5726 5970 5869 5203 6043 5447 5891 5317 5780 6089 5786 5342 5137 5912 5713 5548 5690 6178 5786 5401 5802 5907 5576 5520 5492 5371 5274 6027 5502 5906 5674 5981 5478 5498 5675 5708 5396 5936 6180 5574 5910 5832 5155 5664 5590 5570 5764 6063 5678 5864 5756 5740 5644 5899 5998 5675 5624 5476 5510 5430 5644 5383 5290 5576 5684 5617 5803 5667 5588 6009
5151 5234 5237 4971 5479 5362 5211 5154 5237 5324 4991 4594 5162 5561 4994 5231 5361 4974 5172 5173 5134 5051 5061 5332 5065 5035 5072 5048 4898 5434 4824 4965 5174 4946 5416 5277 4949 4791 5156 5058 4706 5320 4808 5191 4753 5629 4981 4919 4942 5168 5216 4978 4865 5385 5279 5278 5437 5171 5126 4927 5255 5035 4949 4956 4612 5054 5064 5176 5136 5255 5059 5374 5639 5200 4563 5046 4841 4931 5099 5598 4962 4691 4832 5130 5256 4854 5175 4800 5113 5195 5242 5504 5188 5285 5169 5012 4686 5167 5184 4812 5067 5178 4795 5202 4839 5397 4941 5322 5213 4850 5428 5536 5350 4746 4823 5405 4899 4905 5193 4696 5283 5540 5073 4999 4872 5076 5114 5416 5132 4743 5191 5638 4880 5206 5155 4801 5623 5002 5366 5017 5145 5104 5038 5038 4757 5307 5118 4967 4775 5301 4895 5654 4595 5227 4998 4902 5219 5007 5455 5174 5042 4975 5034 4915 5213 5610 4934 5423 5443 5469 5564 4743 5291 5241 5134 5174 5300 5584 4748 5337 4777 5100 5065 5038 5324 5348 5159 5125 5449 4871 5292 5048 5273 4666 5282 5468 5365 4666 4751 5298 5317 4945 5180 5332 5124 4998 5295 5399 5028 4878 4961 4682 4637 5363 5059 5270 5088 5393 4980 4756 5448 5059 4790 5500 5282 4863 5480 4971 4915 5490 5227 5106 4825 5511 5392 5367 5228 4853 5298 5154 5297 4867 4938 4948 5382 5014 5150 4839 4829 5267 5083 5147 5307 5069 5001 5307
4948 4852 4906 4851 5306 5086 4920 5153 4719 5096 4479 4641 5026 5161 4849 5200 5041 4786 4865 5091 4736 5001 4851 5222 4845 4908 4759 4876 4509 4865 4912 4792 5007 5088 5044 4819 5029 4489 5046 4734 4644 5087 4879 4879 4886 5076 4729 4857 5026 5136 5166 4778 4844 5199 4898 4812 5282 4870 5020 4758 5122 4862 5068 4901 4628 4761 4914 5042 4820 5120 4876 5153 5144 4769 4440 4735 4822 4781 4753 5173 4900 4418 4706 4962 5011 4698 4979 4570 5198 4844 5247 5381 4987 4914 5313 5030 4704 4971 4808 4776 5139 4872 4793 4924 4788 5044 4702 5094 4897 4609 5307 4881 5016 4856 4387 5012 4912 4615 4810 4559 4798 5557 4783 4932 4843 4904 4729 4994 4970 4908 4823 5378 4862 5164 5074 4568 5236 4887 5033 4644 5086 4899 4851 4730 4423 5186 5154 4823 4493 5174 5016 5050 4756 5079 4776 4765 5018 4694 5027 5053 4988 4846 4970 4735 4562 5242 4869 5464 5144 5313 5421 4650 5388 4945 4978 5075 5437 5087 4498 4899 4788 4830 4937 4718 5093 5026 4862 5024 4854 4745 5300 4734 5180 4484 4924 5265 4693 4389 4418 5124 5142 4792 4907 5235 4730 4800 5017 4925 5302 4642 4806 4838 4614 5195 4977 5138 5047 5052 5149 4512 5037 4787 4567 5107 5217 4778 4923 4845 4649 4923 4993 4989 4956 4989 5041 4991 5043 4557 5152 5226 5081 4882 4716 4864 5179 4659 4851 4621 4431 5154 5121 5012 5007 4807 4856 5101
5401 5437 5245 5430 5587 5359 5402 5505 5033 5482 5131 5004 5190 5406 4982 5527 5474 5245 5294 5405 5275 5457 5519 5390 5284 5138 5287 4963 4922 5256 5354 5082 5472 5479 5623 5528 5099 4790 5479 5103 4953 5549 5051 5230 5080 5701 5184 5231 5098 5359 5511 5365 5205 5436 5071 5353 5473 5248 5423 4860 5671 5150 5245 4920 4937 5459 5343 5451 5157 5493 5289 5435 5895 5157 4836 5218 4788 5237 5068 5731 5074 4998 5183 5174 5658 4874 5678 4746 5623 5245 5835 5431 5245 5453 5420 5435 5091 5334 4989 5009 5277 5453 5121 5374 5101 5630 4955 5526 4994 5069 5514 5532 5598 4948 4892 5150 5249 5077 5126 4743 5644 5746 5321 5127 4860 5553 5195 5577 5441 5199 4903 5466 4980 5435 5193 4928 5794 5292 5373 4713 5511 5316 5189 5412 4761 5446 5173 5002 5093 5630 5541 5351 5036 5389 5222 5181 5174 5352 5358 5199 5337 5143 5440 5152 5123 5856 5107 5614 5543 5589 5790 5034 5653 5139 5233 5164 5614 5276 4914 5331 4953 5261 5364 5178 5175 5429 5159 5484 5514 5042 5664 5431 5569 5053 5584 5820 5197 5114 4800 5486 5374 5229 5163 5571 5261 5030 5178 5512 5309 5080 5226 5309 5133 5544 5481 5514 5626 5432 5214 4687 5517 5488 4960 5701 5646 4995 5453 5240 5254 5502 5366 5289 5453 5432 5233 5507 5427 5018 5364 5265 5348 5377 5100 5182 5330 4950 4868 5054 4810 5373 5469 5202 5285 5121 5268 5490
5436 5356 5780 5433 5748 5802 5362 5316 5178 5452 4907 5215 5314 5598 5109 5788 5692 4847 5365 5522 5294 5426 5646 5535 5370 5440 5421 5219 5211 5535 5245 5107 5441 5530 5398 5558 5408 5220 5536 5101 5094 5506 4932 5638 5266 5372 5213 5238 5281 5201 5559 5023 5076 5542 5395 5463 5646 5494 5177 4969 5458 5407 5692 5132 5119 5465 5315 5507 5231 5482 5491 5423 5861 5437 4844 5490 5170 5172 5387 5601 5323 5129 5260 5434 5766 5293 5599 5107 5522 5412 5402 5484 5151 5436 5496 5722 4939 5556 5193 4962 5403 5261 5188 5274 5121 5466 5212 5458 5072 5238 5668 5645 5448 4844 4955 5302 5430 5512 5221 5039 5427 5751 5474 5422 5056 5540 5183 5547 5483 5408 5485 5569 5192 5527 5621 5086 5631 5442 5164 5160 5474 5228 5251 5101 5166 5600 5304 5204 4933 5538 5439 5691 5072 5478 5651 5178 5421 5429 5381 5489 5225 5457 5454 5327 5337 5809 5429 5684 5517 5707 5855 4848 5558 5245 5288 5189 5958 5577 5334 5506 5271 5232 5486 5143 5243 5543 5183 5501 5586 5088 5851 5536 5637 5305 5391 5837 5254 4904 4887 5580 5312 5054 5539 5691 5268 5330 5553 5665 5583 5060 5085 5335 5175 5786 5283 5583 5478 5559 5388 5118 5316 5551 5125 5801 5661 5311 5352 5208 5223 5669 5074 5436 5545 5355 5532 5187 5368 5133 5583 5305 5511 5349 5243 5301 5282 5524 5262 5155 5129 5419 5411 5373 5181 5397 4985 5737
5116 5252 5233 5253 5284 5238 4963 4923 5083 5216 4955 4694 4922 5621 4770 5248 5330 4770 4885 5160 4908 5104 5150 5105 4907 4792 5069 4836 4825 5467 4878 4808 5286 5211 5092 5269 5032 4705 5088 4939 4491 5283 4535 5275 4724 5159 4818 5261 5052 5169 5159 4938 5051 5409 5242 5254 5215 5078 5169 4550 4917 4979 5061 4949 4860 5162 4841 5028 4814 5156 5124 5264 5564 5257 4616 5062 5018 4878 5298 5420 5015 4885 4857 4809 5193 4779 5134 4641 5097 5163 5112 5465 5127 5043 5196 5269 4602 5163 5120 4526 5032 5065 5182 5200 4582 5440 4979 4948 4849 4813 5392 5395 5140 4701 4705 5226 4897 4910 4882 4508 5051 5331 5139 5083 4933 5028 4764 5401 5136 5040 5247 5180 4917 5185 5288 4616 5466 5199 5028 4674 4963 4960 4859 4811 4798 5305 4863 5159 4711 5151 4724 5358 4756 5460 4883 4809 4952 5164 5273 5059 4821 4947 4865 4917 5019 5443 4720 5170 4978 5283 5513 4760 5143 5102 4908 4827 5404 5254 4827 4963 4973 4755 5071 4755 5020 5322 4927 5393 5081 4579 5176 5238 5328 4503 5309 5057 5343 4736 4767 5156 4997 4808 4944 5247 5154 5027 5174 5398 5257 4915 4930 4819 4874 5341 4852 5155 5270 5015 4874 4883 5029 4983 4650 5553 5040 4812 4897 5174 4873 4993 4648 5052 5089 5317 4927 5401 5015 4848 5114 5215 5271 4784 4765 4820 5066 4856 5126 4706 4461 4999 5383 4973 5021 5046 4741 5254
5218 4792 5171 5312 5535 5179 5049 5016 5306 5435 4906 4890 5120 5221 4978 5154 5238 4769 4918 5211 5117 4970 5211 5003 5034 4861 4921 4930 4836 5332 5026 4905 5218 5346 5310 4989 4955 4704 5187 4872 4943 4929 4654 5103 5005 5228 4935 4914 4871 4937 5260 4851 4747 4895 4991 4872 5334 4910 5120 4770 4928 4712 5042 5034 4660 5279 4816 5029 4983 5372 5321 4927 5386 5226 4569 5030 4809 4779 5046 5291 4929 4801 4939 4915 5166 4864 5213 4639 5289 4995 5060 5376 5297 4974 5010 5253 4764 5278 4805 4756 5131 5078 4697 4993 4803 5118 4803 5145 4976 4912 5329 5176 5166 4765 4688 4900 4953 4780 4996 4684 5277 5568 5081 5162 4762 5011 4979 5123 5317 4929 5053 5344 4835 5313 5111 4845 5406 4974 5086 4879 4942 5077 5321 4888 4960 5205 5103 4898 4659 5344 4828 5363 4906 5155 5075 4992 5151 4748 5172 4928 5156 4915 4913 4869 5125 5365 4792 4948 5291 5425 5450 4510 5070 4997 4953 4838 5403 5201 4762 5157 4752 5118 5017 4924 5015 5348 4925 5199 5083 4907 5463 4950 5160 4603 5148 5398 5163 4612 4499 5410 5080 4706 5048 5195 5127 4835 4982 5376 5006 4812 4979 4927 4522 5237 4869 5189 5048 5254 4739 4906 4984 5002 4762 5597 5450 4977 4825 5010 4747 5150 4885 4970 5062 5041 5030 5090 4867 4949 5293 5201 5274 4807 5055 4964 5141 4898 4903 4643 4738 5068 5190 5124 5034 4997 5134 5110
5056 5180 5189 5503 5451 5259 4803 5238 4984 5144 4841 4832 5142 5505 4952 5348 5181 4840 5217 5109 4893 4981 5074 5112 5022 4949 5085 4879 4961 5415 4613 5110 5255 5198 4994 5029 4611 4733 5150 4897 4624 5273 4506 4930 4981 5064 5047 4919 4859 4871 4972 5106 5024 5073 5020 4862 5441 5101 4935 4723 5116 4948 4960 4753 4676 5055 4994 5184 5091 5345 5085 5155 5296 5066 4612 5214 4925 5222 5108 5198 4947 4614 4688 5079 5182 4823 5453 4820 5434 4832 5284 5235 5002 5112 5117 5269 4442 5152 4968 4505 5164 5069 4820 5018 4846 5218 4848 5069 4988 4772 4948 5089 5280 4530 4867 4968 4979 4807 4912 4760 5051 5460 5308 4914 5015 5356 5109 5348 5177 5091 4876 5275 4821 5258 4924 4782 5288 4739 5018 4532 4945 4887 5021 5046 4750 5147 4946 4899 4687 5366 5124 5324 4742 5228 5180 4751 5201 4756 4988 5152 4873 4922 5103 4683 5068 5420 4659 5324 5271 5471 5527 4761 5262 5087 4868 4916 5347 5172 4610 4866 4956 4940 4969 4891 5042 5347 4815 5356 5028 4658 5422 5068 5168 4644 5087 5537 5131 4524 4668 5169 4893 4921 5192 5614 4958 5143 5102 5216 5177 4962 4896 4840 4625 5286 4827 5206 5212 5050 5061 4670 5120 4781 4755 5384 5225 4829 5175 5069 4736 5478 5145 5301 5144 5289 5110 5322 4818 4810 5212 4973 5376 4770 5040 4885 5093 5042 4871 4792 4725 5218 5157 4936 5140 4905 5012 5214
5199 5069 5204 5233 5400 5048 5421 5148 5033 5294 4905 4778 4938 5461 4955 5448 5342 4730 5217 5084 4883 5044 5358 5263 5164 5130 5296 4750 4862 5278 5089 5044 5192 5050 5292 5006 4838 4733 5255 5221 4903 5189 4740 5220 4933 5324 5058 5045 4829 5172 5379 5119 5147 5172 5201 5217 5608 5177 4858 4736 5270 5115 5445 5029 4849 5324 5066 5401 5189 5358 4987 5156 5687 5062 4678 5094 4783 4717 5057 5298 5207 4582 5007 4739 5476 4990 5332 4980 5034 4955 5363 5525 5002 5063 5234 5241 4750 5287 4848 4689 5060 4987 4940 5254 4809 5356 4846 5116 5070 5104 5239 5090 5307 4641 4692 5014 5073 4743 4847 4594 5239 5343 5214 5016 4903 4988 5049 5430 5157 4828 4710 5198 4592 5452 5288 5113 5214 4894 4898 4871 5013 5134 5167 5315 4877 5287 5058 5011 5064 5222 5023 5368 4972 5403 5310 4812 5321 5153 5129 5193 4864 4946 5159 5139 5135 5530 4831 5444 5355 5539 5580 4607 5541 5236 5027 5126 5443 5074 4772 5150 4947 4773 4937 5010 5004 5611 4975 5175 5209 4834 5506 5065 5197 4832 5016 5724 5282 4737 4877 5369 5199 5030 5051 5362 5135 5250 5196 5405 4922 4953 5025 4728 4809 5354 4891 5384 5278 5464 5153 4975 5009 4980 4655 5691 5354 5057 5181 5110 5124 5315 5130 5061 5170 5339 5155 5183 5174 4946 5406 5128 5352 4961 4976 4870 5008 4997 4895 4726 4736 5000 5089 4740 4982 5060 4952 5261
5352 5370 5361 5635 5653 5536 5458 5150 5314 5674 5079 5167 5408 5578 4866 5258 5389 4922 5699 5259 5258 5268 5639 5245 5359 4908 5456 5088 5090 5657 5044 5044 5643 5388 5504 5305 5237 5233 5469 5117 5096 5377 4960 5408 5171 5431 5346 5511 5060 5223 5640 5427 5108 5478 5558 5566 5865 5266 5530 4729 5476 5143 5549 5136 5020 5568 5274 5454 5132 5498 5148 5557 5909 5355 4754 5456 5123 5212 5427 5575 5019 5200 5401 5097 5524 5106 5385 5062 5680 5004 5310 5585 5276 5279 5555 5570 5079 5689 5182 4617 5465 5260 5241 5189 5084 5386 5061 5483 5246 4894 5578 5297 5646 5296 5047 5382 5171 5304 4970 5039 5666 5602 5174 5338 5410 5394 5094 5480 5503 5127 5134 5532 5013 5571 5396 5014 5704 5530 5383 4840 5324 5133 5422 5359 5089 5459 5314 5423 5266 5387 5387 5400 5074 5419 5300 4965 5373 5125 5363 5431 5134 5295 5414 5175 5087 5557 5119 5423 5740 5601 5605 5024 5244 5274 5239 5339 5652 5461 4969 5289 5059 5270 5628 5293 5371 5711 5111 5450 5291 5099 5626 5279 5325 5032 5367 5641 5446 5122 4869 5523 5227 5105 5204 5540 5428 5350 5273 5879 5473 5233 5326 5436 4924 5642 5048 5355 5447 5388 5236 5077 5429 4998 5008 5785 5362 5332 5213 5363 5324 5296 5173 5507 5456 5635 5366 5535 5255 5306 5415 5354 5536 5179 5193 5194 5381 4993 5370 5062 4998 5458 5447 5283 5437 5010 5108 5404
5673 5537 5569 5528 6021 5547 5599 5607 5307 5394 5039 5313 5123 5964 5265 5710 5733 5087 5595 5564 5372 5352 5732 5781 5415 5246 5414 5339 5532 5657 5474 5282 5677 5339 5696 5394 5232 5058 5486 5188 5113 5652 4853 5629 5246 5624 5681 5759 5172 5278 5514 5466 5482 5746 5344 5614 5933 5478 5493 5150 5809 5397 5723 5344 5168 5591 5303 5907 5352 5681 5484 5692 6162 5434 4931 5800 5067 5272 5370 5725 5636 4928 5443 5343 5877 5336 5968 5257 5765 5192 5617 5896 5669 5375 5593 5526 5281 5229 5514 5144 5655 5516 5075 5266 5038 5519 5346 5483 5511 5593 5799 5828 5599 5224 4965 5257 5591 5331 5440 4949 5755 5890 5379 5516 5600 5573 5213 5965 5647 5163 5190 5751 5060 5979 5515 5239 5730 5415 5465 5090 5432 5536 5366 5272 5412 5714 5729 5481 5239 5713 5416 5522 4934 5469 5623 5157 5763 5573 5293 5532 5435 5319 5234 5196 5393 5878 5180 5899 5848 5966 6144 5098 5781 5625 5393 5426 5633 5458 5104 5516 5313 5385 5489 5601 5335 5620 5641 5529 5570 5040 5733 5398 5486 5087 5450 5783 5731 4921 5195 5912 5368 5282 5719 5977 5491 5409 5672 5759 5512 5142 5475 5091 5051 5773 5182 5458 5781 5533 5603 5347 5535 5394 5199 5910 5921 5376 5591 5395 5133 5695 5117 5328 5552 5649 5545 5405 5575 5311 5551 5636 5667 5238 5322 5354 5302 5267 5429 5160 5124 5420 5510 5289 5472 5458 5216 5696
5453 5520 5695 5582 5849 5754 5604 5588 5248 5508 5001 5511 5340 5791 5101 5668 5765 5187 5731 5234 5397 5696 5525 5611 5322 5320 5594 5345 5378 5452 5587 5175 5504 5625 5616 5290 5455 4916 5881 5078 5079 5636 4893 5646 5281 5557 5468 5338 5294 5470 5649 5388 5404 5613 5266 5471 5815 5543 5380 4950 5608 5357 5724 5331 5366 5378 5410 5780 5489 5542 5496 5569 6167 5527 5138 5494 5276 5773 5555 5731 5339 5110 5240 5276 5873 5299 5572 5083 5764 5421 5714 5885 5442 5480 5771 5454 5072 5629 5468 5052 5474 5428 5401 5279 5336 5712 5348 5495 5286 5273 5752 5561 5580 5198 5012 5183 5272 5666 5468 5185 5523 5807 5534 5472 4962 5624 5180 6052 5473 5438 5242 5731 5125 5616 5539 5077 5831 5517 5343 4994 5525 5218 5413 5292 5019 5525 5424 5428 5279 5567 5718 5776 5087 5562 5512 5261 5611 5504 5426 5454 5372 5487 5292 5185 5267 5980 5230 5917 5776 5969 5942 5237 5614 5464 5232 5314 5878 5628 5280 5524 5332 5387 5685 5325 5613 5839 5509 5713 5368 5119 5831 5457 5677 5390 5658 6095 5278 4874 5136 5582 5385 5313 5427 5847 5557 5692 5653 5720 5360 5374 5485 5118 5248 5633 5383 5731 5570 5665 5386 5159 5236 5446 5101 5931 5782 5438 5677 5492 5358 5890 5233 5805 5727 5492 5733 5518 5533 5185 5455 5647 5714 5461 5440 5618 5500 5350 5473 5135 4957 5637 5687 5524 5509 5525 5112 5713
5020 5332 5356 5179 5266 5295 5189 5131 5065 5560 4847 5204 5019 5329 4794 5014 5288 4708 5593 5023 4978 5219 5174 4991 5033 5019 4938 4938 4813 5326 4976 4780 5141 5075 5222 5121 5203 4806 5270 4931 4940 5049 4742 5173 4774 5293 5177 4982 5114 5266 5281 5428 4926 5339 4951 5178 5463 5146 5323 4690 5187 5110 4972 4899 5077 5346 5023 5198 4915 5434 5155 5150 5741 5292 4694 5067 4776 5072 5171 5460 4948 4802 5039 4965 5583 5188 5550 4761 5172 4962 5282 5562 4975 5049 5374 5137 4860 5114 4825 4910 5095 5100 4671 5063 4847 5483 4886 5208 4730 5064 5563 5332 4986 4702 4722 4799 5212 4977 4803 4672 5015 5658 4983 5069 4759 5178 5019 5109 5237 4811 4874 5462 5081 5577 5275 4918 5528 5343 5076 4631 4891 4650 4991 5114 4712 5434 5015 4886 4805 5278 5131 5102 4876 5266 5173 4939 5233 5199 5292 4920 5081 4973 5034 4831 5411 5453 4746 5482 5333 5481 5521 4632 5258 5129 4817 5175 5203 5067 4711 5023 4993 4935 5312 5153 5111 5427 4949 5301 5141 4950 5308 5389 5204 4619 5178 5491 5316 4832 4724 5365 5009 4841 5429 5215 5293 4964 5207 5299 5192 5008 5132 4894 4839 5368 5120 5386 5041 5399 4970 4813 5102 5037 4879 5383 5181 5040 5092 5139 4764 5622 4830 5300 5103 5316 5342 4924 5131 4621 5229 4777 5600 5121 5023 5269 4826 5033 5075 5019 4843 5344 5394 5076 4900 5065 5071 5051
5084 5387 5310 5080 5582 5366 5104 5203 5195 5119 4957 4859 5024 5570 4896 5275 5519 4698 5489 5238 5120 4949 5228 5167 5039 5004 5104 4772 4971 5318 4696 4863 5528 5150 5184 5448 5018 4816 5161 5027 5057 5277 4639 4987 4827 5547 4970 5035 4810 5007 5198 5033 5178 5446 5003 5000 5454 5209 5383 4887 5094 5031 5324 4947 4810 5315 5166 5273 5093 5052 5374 5111 5475 5275 4747 5154 4711 4945 5101 5313 5020 4901 4851 4972 5306 4812 5264 4817 5323 5085 5295 5489 5221 4936 5171 5193 4723 5188 5128 4825 5254 4877 4687 5141 4994 5328 4934 5222 5211 4986 5337 5471 4979 4766 4580 5158 5174 5007 4623 4495 5087 5540 5047 5311 5110 5232 5066 5236 5415 4867 5091 5405 4942 5193 5479 4780 5569 5305 5113 4743 5126 4989 5008 5192 4760 5189 5071 4757 4747 5272 5077 5270 4693 5319 5271 4881 4910 5125 5450 4986 5059 5151 5110 4705 5071 5570 4754 5285 5414 5525 5465 4699 5656 5236 4971 5326 5419 5250 4720 5411 5005 5072 5522 5244 5088 5254 4911 5291 5299 4677 5326 4964 5277 4928 5128 5504 5213 4737 4851 5483 5359 4985 5197 5612 5114 4953 5188 5275 5328 4975 4950 4905 4614 5421 5120 5220 5521 5325 4935 4993 4994 4796 5045 5690 5392 5057 4936 5220 4932 5318 4946 5145 5066 5374 5317 5149 5174 5064 5345 5185 5523 4877 5005 5202 5026 5094 5009 4940 4694 5235 5038 4871 5116 5133 5119 5144
5228 4978 5097 5276 5432 5345 5059 5172 4837 5306 4698 5091 4980 5202 4980 5296 5420 4636 5360 5040 4887 4946 5169 5178 4727 4412 5132 4973 4787 5176 4901 4772 5143 5327 5309 5081 5048 4883 5106 5068 4791 5065 4476 5095 4904 5157 5104 4876 4939 5016 5098 5297 4827 4960 4932 4844 5331 4785 5310 5033 4927 4877 4924 5093 4758 4962 5120 5278 4894 5399 4938 5335 5358 4790 4458 5182 4638 4832 4803 5065 4873 4469 4798 4698 5078 4971 5265 4992 5503 5001 4902 5367 5074 5109 5383 4856 4918 5092 5120 4673 5390 4845 4811 4945 4597 5310 4679 5075 4908 4969 5133 5037 5325 4971 4543 5125 4813 5084 5195 4663 5201 5360 5018 4859 5067 5059 4980 5306 5066 4822 4894 5283 5011 5115 5102 4580 5291 4829 4996 4635 4927 5126 5068 4988 4762 5068 5191 5056 5101 5350 5091 5115 4908 5035 4898 4763 5310 5008 4790 5052 4916 4953 4914 4994 4926 5318 4786 5527 5312 5358 5335 4645 5370 5355 5046 5123 5420 5206 4576 5009 4606 4800 5195 5092 4980 5436 4836 5018 4996 4929 5477 5046 5352 4814 5065 5172 5229 4805 4618 5421 5041 4816 5218 5261 5159 4961 5344 5048 5324 4903 4892 4799 4818 5405 4918 5319 5101 5103 4972 4775 5208 4910 4721 5361 5214 4870 5303 4936 4582 5253 4771 5169 5145 5016 5062 5093 5034 4706 5103 4939 5392 4887 5282 5005 5031 4785 4730 4909 4626 5072 5273 4878 5198 5105 5020 5130
5402 5187 5475 5493 5514 5352 5143 5104 5148 5175 5098 5179 5045 5588 4828 5699 5343 4947 5171 5300 5060 5483 5474 5268 5224 4864 5327 4955 4863 5410 5245 4991 5297 5555 5388 5315 5078 4943 5546 5264 4934 5145 4849 5545 4945 5437 5155 5179 4944 4983 5385 5099 5205 5503 5375 5107 5585 5358 5100 4877 5281 5214 5302 5092 5028 5437 5389 5403 5013 5417 5062 5372 5679 5258 4586 5612 5100 5162 5196 5501 5018 5155 5179 5117 5548 5233 5528 4946 5421 4956 5575 5414 5156 5293 5431 5296 4808 5252 5122 4625 5389 4985 5018 5505 4942 5810 5144 5381 4903 5156 5440 5469 5298 4937 4988 5415 5540 5024 5212 4740 5501 5622 5076 5180 5108 5267 5086 5594 5130 5094 5142 5370 5011 5377 5198 5064 5602 4919 5155 4995 5295 5261 5104 5225 5079 5481 5175 5300 4976 5618 5374 5357 4848 5389 5222 5049 5240 5196 5275 5297 4943 5101 5083 5162 5203 5581 5162 5473 5364 5693 5425 4945 5408 5291 5304 5174 5722 5430 4764 5290 5109 4979 5290 4971 5179 5732 5105 5303 5573 4818 5722 5214 5737 4962 5246 5773 5332 5061 4778 5506 5152 5014 5155 5496 5277 5067 5220 5519 5261 5195 5027 5255 4914 5449 5327 5379 5353 5151 5339 5012 5443 4995 4886 5749 5507 5160 5705 5260 5177 5434 5068 5322 5134 5471 5389 5584 5370 4947 5294 5116 5556 5191 5257 5139 5060 4862 5228 5006 4890 4937 5499 5247 5257 5259 4995 5495
4646 4412 4500 4816 4718 4825 4778 4741 4653 4834 4571 4516 4636 5014 4490 4536 4658 4288 4918 4531 4783 4641 4714 4545 4571 4422 4650 4351 4522 4719 4568 4445 5003 4669 4871 4737 4575 4349 4919 4469 4433 4616 4301 4494 4404 4722 4785 4537 4501 4446 4487 4436 4468 4654 4448 4528 5019 4583 4737 4386 4706 4554 4615 4692 4215 4599 4580 4867 4538 4695 4626 4673 4779 4305 4297 4914 4387 4474 4513 4746 4502 4401 4170 4516 4650 4545 4747 4372 4619 4454 4833 4963 4580 4545 4751 4716 4169 4615 4363 4226 4877 4547 4291 4432 4294 4904 4332 4459 4413 4576 4715 4903 4597 4288 4231 4886 4412 4504 4557 4204 4819 4745 4511 4573 4599 4629 4395 4470 4361 4367 4308 4963 4390 4685 4797 4460 4885 4497 4452 4089 4504 4311 4225 4519 4326 4810 4814 4357 4451 4657 4829 4635 4381 4788 4521 4275 4715 4692 4758 4603 4710 4710 4440 4361 4747 4837 4364 4635 4905 4833 4900 4311 4950 4791 4550 4640 4792 4765 4411 4794 4538 4403 4712 4517 4638 4957 4248 4460 4574 4010 4955 4559 4822 4275 4554 4994 4700 4292 4186 4937 4635 4354 4475 4886 4765 4616 4575 4792 4615 4571 4453 4423 4432 4703 4528 4682 4881 4895 4349 4416 4602 4367 4291 4907 4707 4600 4798 4597 4176 4672 4570 4534 4517 4430 4504 4763 4572 4380 4524 4351 4950 4277 4880 4628 4550 4680 4238 4153 4213 4772 4562 4524 4750 4552 4548 4578
5527 5235 5112 5209 5318 5512 4869 5282 5035 5335 4758 4926 4993 5449 4999 5378 5231 4783 5356 5272 5085 5076 5267 5253 5070 4829 5201 5081 4739 5179 4909 4810 5176 5067 5268 5325 4974 4791 5404 4953 4554 5257 4641 5255 4614 5299 4963 5054 4855 5099 5234 5071 4887 5296 5135 5097 5231 5010 5331 5012 5135 5101 5190 4917 4700 5168 4914 5510 4975 5279 5036 5344 5594 5130 4754 5148 4752 5179 5092 5269 4985 4762 4960 5144 5324 4924 5320 4555 5104 4737 5405 5494 5123 5255 5272 5289 4791 5086 5009 4516 5112 5072 4779 5026 5235 5291 4868 5150 5230 5007 5379 5361 5130 4961 4575 5028 4865 5026 4842 4859 4975 5411 5185 5431 5099 5236 4792 5450 5214 4875 5107 5279 4837 5263 5329 4798 5408 5006 5107 4528 5154 5001 4658 4936 4812 5586 5080 5005 4831 5408 5417 5277 4972 5261 5113 4947 5276 5186 5250 5144 4854 5283 5001 4987 4924 5527 4807 5276 5277 5393 5610 4727 5428 5247 4886 5028 5243 5197 4811 5027 4982 4945 5284 5209 4954 5244 4976 4886 4884 4733 5266 4910 5324 4877 5309 5547 5214 4644 4746 5351 5114 4835 5185 5422 5119 4833 5134 5448 5121 4909 5162 4835 4621 5626 4977 5378 5368 5453 5082 4892 5073 4810 4790 5605 5633 5028 5178 5043 5090 5201 4713 4991 5399 5263 5224 5220 5141 4717 5080 5201 5260 4899 4902 4969 4761 5006 5028 4920 4931 5240 5372 4932 5048 5003 4930 5280
5384 5293 5330 5267 5737 5274 5288 5400 5135 5214 5095 4842 5253 5490 5019 5552 5477 4951 4914 5202 5225 5149 5515 5606 5129 5318 5396 5106 5139 5380 5244 5149 5422 5288 5454 5100 4733 4902 5468 4924 5029 5311 4909 5338 5055 5701 5062 5241 5294 5329 5468 5043 5026 5364 5373 4925 5485 5070 5131 5045 5392 4907 5461 4913 4969 5223 5092 5272 5305 5713 5479 5173 5728 5249 4697 5538 5066 5254 4982 5566 5259 4821 5238 5287 5120 4902 5671 4712 5406 5166 5552 5794 5365 5396 5261 5377 5036 5289 5071 4908 5215 5016 4920 5254 4863 5381 5029 5288 5034 4977 5358 5269 5423 5162 4828 5232 5050 5247 5054 4695 5283 5848 5161 5240 5046 5666 4895 5313 5183 5151 5167 5347 4868 5337 5226 5176 5492 5179 5422 4783 5511 5223 5105 5155 4766 5455 5232 5169 5114 5698 5208 5496 5003 5566 5343 5009 5675 5230 5306 5281 5337 4944 5017 5128 5036 5738 5056 5400 5594 5884 5701 4776 5523 5405 4956 5329 5671 5443 4997 5466 5062 5072 4993 5201 5281 5502 5159 5335 5162 5020 5681 5183 5620 4816 5555 5358 5497 4624 5165 5349 5364 4845 5344 5691 5294 5006 5233 5617 5327 5053 5231 5078 4564 5484 5173 5408 5513 5249 4841 4862 5273 4947 4952 5523 5462 5492 4989 5141 4704 5438 5241 5309 5551 5121 5460 5332 5310 5098 5308 5203 5312 5034 5041 5050 5341 5100 5237 5036 4848 5353 5318 5275 5188 4999 5195 5439
5423 5488 5591 5376 5689 5677 5249 5469 5300 5364 4996 4985 5252 5744 5225 5821 5693 5142 5093 5379 5339 5431 5480 5678 5462 5209 5548 4917 5031 5313 5337 5228 5537 5306 5629 5434 5365 5081 5512 5188 5208 5639 4955 5390 5337 5360 5524 5139 5250 5406 5689 5397 5169 5326 5538 5148 5418 5399 5394 4899 5393 5327 5525 5127 5249 5439 5311 5551 5189 5510 5490 5408 5944 5300 5102 5654 5229 5339 5366 5704 5250 4943 5152 5359 5775 5180 5548 5138 5486 5311 5459 5605 5501 5632 5720 5405 5050 5493 5501 4985 5518 5209 5071 5352 5335 5790 5227 5483 5350 4996 5572 5514 5797 5047 5036 5276 5263 5216 5001 4909 5392 5835 5534 5195 5290 5546 5346 5497 5288 5148 5465 5492 4948 5492 5688 5096 5765 5206 5232 5274 5382 5145 5403 5209 5080 5489 5165 5401 4983 5594 5551 5596 5038 5732 5450 5098 5728 5525 5401 5516 5201 5395 5419 5406 5201 5885 5074 5547 5386 5793 5727 4965 5717 5221 5178 5435 5647 5438 5090 5319 5025 5343 5336 5214 5302 5442 5083 5723 5457 5277 5547 5294 5502 5408 5626 5603 5362 4925 4861 5483 5434 5304 5292 5714 5407 5155 5465 5680 5454 5020 5367 5198 4980 5781 5224 5375 5527 5413 5175 5117 5312 5251 4964 5625 5646 5244 5293 5346 5062 5608 5178 5288 5557 5443 5603 5500 5293 5162 5413 5490 5668 5468 5265 5345 5599 5266 5138 5029 5183 5397 5681 5236 5324 5272 5088 5266
5408 5363 5097 5323 5553 5317 5432 5254 5367 5485 4990 5117 5220 5599 5148 5362 5439 5071 5427 5523 5156 5567 5328 5419 5002 5052 5583 5117 5188 5378 5250 5350 5383 5472 5291 5458 5281 5141 5373 4948 4887 5625 4979 5394 5035 5381 5198 5295 5236 5370 5262 5131 4993 5368 5332 5446 5467 5235 5133 4838 5312 5272 5479 4983 4904 5285 5354 5491 5104 5625 5397 5414 5828 5324 4780 5474 5055 5315 5166 5488 5121 5385 5054 5030 5583 5096 5443 4748 5805 5402 5605 5557 5130 5172 5700 5575 4942 5579 5470 4837 5126 5360 5208 5374 4941 5443 5009 5427 5268 4938 5506 5376 5609 5135 4860 5164 5273 4997 5192 4860 5592 5886 5360 5226 5436 5566 5213 5398 5512 5206 5154 5490 5126 5662 5465 4978 5750 5289 5308 5065 5496 5424 5134 5239 4842 5487 5381 5275 5054 5433 5383 5470 5159 5620 5407 4982 5338 5240 5505 5188 5036 5180 5440 5041 5398 5729 5073 5552 5392 5755 5945 5096 5598 5288 5260 5079 5544 5545 5150 5056 4965 5348 5554 5253 5443 5691 4901 5840 5440 5155 5709 5502 5425 4999 5567 5817 5360 5165 4978 5390 5306 5311 5367 5697 5273 5186 5346 5425 5359 5471 5342 5165 4928 5742 5124 5543 5389 5320 5277 4981 5335 5408 5032 5917 5475 5188 5730 5397 5172 5248 5304 5462 5268 5709 5420 5422 5207 5096 5313 5107 5664 5363 5190 5318 5318 5193 5100 4956 4819 5371 5683 5472 5387 5044 5064 5416
5404 5035 5247 5073 5438 5136 5106 5230 5116 5106 4733 4920 4800 5163 4867 5233 5136 4827 5177 5110 4684 5031 5282 5331 4984 4967 4988 4843 4823 5397 4704 4629 5227 5022 5093 5191 4910 4809 5019 4892 4799 5151 4385 5081 4892 5044 5057 5050 4772 4940 5043 4940 4718 5241 4940 5184 5615 5146 5143 4739 5051 4942 4937 4810 4639 5234 4981 5160 5040 5076 5277 5520 5826 5140 4585 4819 4765 4856 4947 5510 4938 4755 4955 4922 5106 4777 4984 4880 5208 4768 5246 5268 5523 5029 5213 4881 4597 4986 4940 4721 5277 4958 4869 5026 4804 5082 4909 5186 4843 4821 5176 5071 5268 4680 4557 5052 5041 4972 4908 4741 5013 5456 5007 5028 5021 5026 4927 5213 5106 4948 5051 5186 4696 5115 5347 4740 5472 5146 5070 4384 4802 5138 4830 5017 4631 5124 4923 5086 4694 5306 4884 5411 4615 5366 5170 4807 4967 4932 5160 5179 5071 5071 4876 4860 5085 5480 4811 5239 5632 5299 5487 4687 5241 5231 4862 5352 5371 5134 4707 4945 5049 5006 4960 4997 5103 5321 4969 5133 5249 4989 5236 5082 5224 4700 5072 5366 5155 4652 4785 5317 5095 4954 5268 5459 4853 4954 5330 5479 5199 4845 4815 5070 4712 5305 5068 4961 5284 4911 4895 4680 5438 4943 4730 5336 5251 5102 5140 4938 4844 5322 4922 5114 4991 5073 5230 5398 4861 4701 5319 5063 5342 4851 4860 4841 5371 4898 4916 4759 4733 5424 5159 4966 5150 5068 5054 5131
5097 5043 5251 5013 5266 5129 5058 5005 4968 5060 4616 4676 4816 5212 4703 4954 5278 4587 5262 5067 4956 5068 4982 5151 4974 4594 4873 4790 4650 5370 4710 4431 5033 4858 5132 5123 4742 4837 5151 4758 4736 5234 4658 4938 4649 5284 4993 4994 4935 4972 5360 4982 4934 5273 4859 5029 5297 4965 5002 4582 5015 4967 4767 5037 4667 5129 4828 4838 4784 5072 4885 5390 5489 5077 4363 4958 4744 4910 5114 5321 4987 4825 4699 4983 5054 4592 5142 4455 4869 4711 5210 5244 5048 5111 5077 5054 4665 5054 4955 4624 4985 4911 4530 4764 4741 5481 4911 4980 4769 4817 5303 5183 4833 4485 4598 4941 5009 4591 5020 4372 5228 5633 4856 5006 4823 5096 4736 5117 4850 4662 4875 5277 4679 5017 4979 4835 5359 4801 4996 4609 5022 4984 4825 5033 4476 5155 5041 5012 4664 5163 4937 5113 4586 5150 4942 4910 5003 4825 4948 4961 4988 4810 4946 4620 4951 5517 4726 5120 5145 5397 5349 4489 5466 5004 4917 4951 5242 4800 4634 4969 4798 4881 5131 4788 4848 5231 4821 4752 4892 4733 4845 4953 5151 4772 5165 5323 5110 4607 4655 5361 4884 4658 4823 5245 5168 5029 4859 5158 4989 5037 4809 4839 4542 5305 4986 5231 5027 4917 4841 4560 4862 4813 4530 5395 5268 4693 4971 5038 4675 4853 4616 4967 4744 5155 4943 5048 5060 4694 4984 4859 5065 4727 4857 5088 4965 4812 4860 4717 4322 5183 5051 4714 4953 4947 5095 5065
5530 5508 5520 5729 5800 5783 5864 5599 5353 5833 5242 5358 5569 5981 5223 5957 5547 5269 5633 5608 5511 5630 5781 5736 5547 5206 5421 5307 5345 5694 5207 5262 5556 5654 5628 5426 5108 5139 5362 5083 5088 5705 5009 5475 5286 5629 5525 5331 5343 5290 5591 5583 5325 5489 5368 5490 5803 5315 5544 5067 5677 5308 5719 5286 4836 5421 5381 5603 5386 5667 5529 5654 5923 5230 5066 5589 5147 5353 5254 5718 5152 5067 5369 5396 5661 5341 5677 5137 5826 5299 5623 5746 5670 5368 5623 5819 5236 5507 5432 5033 5454 5526 5359 5526 5194 5690 5172 5788 5406 5182 5841 5465 5694 5301 5160 5283 5187 5290 5450 5312 5538 6115 5560 5499 5560 5872 5395 5722 5513 5104 5290 5951 5293 5732 5536 5041 5804 5290 5341 4883 5426 5277 5634 5079 4985 5770 5602 5391 5129 5654 5531 5721 5355 5440 5390 5292 5492 5535 5498 5560 5304 5390 5649 5407 5636 5958 5262 5683 5697 5945 5813 5077 5661 5453 5246 5496 5807 5533 5463 5594 5428 5533 5443 5242 5513 5704 5222 5684 5504 5207 5961 5616 5785 5118 5560 5918 5675 5147 5013 5875 5340 5192 5668 5956 5272 5214 5654 5528 5597 5021 5352 5476 5325 5803 5274 5714 5790 5486 5550 4974 5582 5324 5262 5663 5791 5295 5520 5410 5292 5667 5445 5553 5452 5561 5607 5766 5396 5301 5464 5459 5580 5307 5484 5313 5611 5411 5313 5203 5301 5650 5747 5540 5501 5483 5337 5785
5009 5235 5308 4907 5659 5556 5356 5381 5217 5136 4960 4679 4989 5575 4980 5463 5581 4761 5609 5430 5035 5170 5107 5244 5044 4981 4964 5073 5173 5377 5015 5258 5407 4962 5342 5232 5239 4715 5428 5032 4865 5286 4941 5201 4820 5525 5198 5196 5098 5482 5261 5219 5138 5460 4864 5136 5403 5163 5179 4754 5404 5115 5251 5159 5054 5085 5113 5132 5068 5207 5234 5083 5616 5270 4781 5412 4999 5130 5143 5420 4981 4674 5261 4972 5429 5148 5319 4938 5536 5069 5362 5436 5129 5228 5388 5270 4799 5224 5031 4899 5114 5349 5094 5406 5079 5439 4973 5384 5120 5178 5504 5589 5327 4782 4977 5247 4985 4805 5083 4517 5282 5639 5071 5275 5094 5082 5331 5236 5190 5046 5196 5549 4969 5562 5397 4882 5329 5329 5083 4849 5222 5118 4943 4944 4684 5271 5333 4985 4812 4900 5294 5354 4951 5411 5419 4949 5448 5196 5329 5231 5120 5276 5288 5013 5115 5726 4885 5571 5430 5688 5635 4642 5447 5278 5035 5256 5413 5390 4927 5092 4770 5084 5418 5375 5105 5440 4993 5208 5464 4854 5446 4906 5266 4903 5208 5374 5182 4861 4961 5232 5363 5266 5278 5651 4996 4898 5405 5283 5370 4945 5038 4916 4924 5362 5068 5374 5095 5282 5205 5194 4945 5080 4845 5287 5306 5320 5187 5082 4801 5496 5139 5366 5445 5816 5268 4900 5210 4904 5309 5390 5354 5089 5131 5116 5131 5100 5374 4660 4768 5095 5429 4975 5157 5188 4970 5427
4823 4746 4804 4734 4927 5021 4786 5051 4665 4794 4330 4522 4716 5350 4527 5038 5014 4492 4986 4856 4744 4947 4844 4824 4776 4406 4694 4649 4828 4708 4588 4413 4862 4789 4837 4814 4721 4525 4781 4530 4543 4818 4456 5020 4616 4840 4624 4811 4613 4758 4818 4654 4591 4842 4927 4649 4740 4647 4822 4357 4700 4701 4881 4608 4605 4905 4630 4793 4663 4988 4892 4865 5228 4774 4419 4666 4773 4737 4795 4982 4590 4432 4678 4808 4997 4606 4926 4481 5060 4579 4968 5022 4957 4889 5150 4829 4779 4726 4652 4345 4935 4677 4467 4464 4390 4875 4548 4853 4706 4388 5097 4863 5070 4754 4316 4881 4580 4363 4575 4235 4628 5396 4709 4647 4647 4751 4461 4777 4864 4721 4820 4727 4315 4761 5030 4378 5206 4819 4889 4508 4896 4563 4647 4735 4195 4910 4785 4674 4480 4981 4872 4674 4646 4916 4693 4388 4795 4703 4627 4781 4813 4694 4821 4625 4754 5012 4620 4993 4885 5184 5063 4390 5036 4747 4382 4532 5101 4780 4396 4775 4315 4581 4746 4701 4610 4983 4461 4982 4633 4408 4794 4770 4975 4566 4839 5027 4853 4510 4517 4919 4599 4463 4722 5225 4621 4598 5008 4960 4906 4688 4643 4593 4387 5114 4588 4794 4814 4573 4657 4357 4794 4592 4339 5012 5075 4751 4952 4585 4452 4793 4651 5083 4944 4805 5145 5106 4834 4512 4630 4935 4901 4576 4611 4492 4837 4740 4687 4504 4462 5079 4888 4616 4616 4760 4523 4804
5603 5578 5657 5636 5789 5803 5525 5412 5549 5715 4883 5138 5669 5788 5248 5644 5678 5250 5694 5523 5471 5544 5610 5390 5513 5280 5296 5230 5221 5889 5299 5255 5580 5417 5807 5396 5266 5179 5697 5368 5226 5625 5177 5710 5234 5927 5372 5380 5290 5504 5592 5568 5380 5756 5517 5587 5964 5499 5279 5001 5678 5465 5635 5567 5088 5511 5504 5544 5756 5748 5685 5697 5956 5535 5050 5418 5268 5330 5629 5516 5466 5145 5107 5458 5723 5077 5746 5255 5718 5414 5685 5909 5693 5342 5472 5604 5128 5453 5371 5027 5673 5495 5132 5351 5294 5534 5253 5568 5238 5264 5638 5739 5678 5050 5084 5609 5623 5357 5205 5141 5624 6020 5552 5412 5258 5583 5391 5812 5598 5356 5241 5913 5151 5712 5418 5242 5908 5441 5548 4880 5374 5409 5367 5374 5160 5649 5436 5355 5167 5693 5679 5645 5219 5791 5551 5236 5557 5319 5663 5326 5566 5654 5301 5350 5457 6094 5315 5815 5868 5765 6056 5178 5722 5470 5584 5582 5761 5779 5048 5604 5090 5335 5562 5428 5545 5782 5388 5704 5609 5318 5782 5700 5497 5248 5330 5971 5676 5077 5231 5958 5417 5150 5502 5862 5682 5331 5616 5976 5435 5233 5381 5381 5165 5765 5328 5692 5660 5420 5476 5079 5566 5512 5158 5869 5695 5635 5441 5159 5231 5660 5271 5565 5665 5508 5541 5751 5611 5234 5632 5514 5831 5069 5595 5524 5399 5411 5829 5076 5126 5820 5515 5396 5546 5425 5615 5483
5317 5244 5300 5357 5600 5521 5021 5417 5069 5061 4877 4793 5125 5423 5011 5584 5649 4819 5457 5356 5213 5338 5361 5225 5045 5073 5295 5103 5459 5363 5287 5058 5340 5245 5518 5467 5359 4918 5396 5107 4777 5253 4743 5158 4862 5450 5242 5195 5311 5282 5319 5121 5204 5367 5185 5328 5398 5030 5288 4971 5126 5046 5425 5095 4949 5207 5226 5397 5160 5206 5315 5202 5526 5220 4840 5463 5044 5053 5187 5392 5121 5091 5160 4851 5443 5088 5296 4959 5484 4943 5385 5373 5386 4990 5656 5363 4946 5213 5314 4756 5238 5308 4786 5332 4884 5335 4830 5283 5009 5231 5333 5431 5154 4978 4900 5308 5490 5359 4897 4739 5177 5714 5259 5227 4980 5502 5226 5308 5606 5387 5170 5230 4986 5649 5444 4946 5373 5202 5196 4768 5401 5196 5255 5393 4788 5111 5115 4952 4889 5352 5193 5406 5138 5526 5280 5108 5476 5271 5276 5108 5098 5223 4857 5155 5123 5586 5265 5415 5541 5559 5861 4698 5616 5298 5380 5177 5692 5502 5024 5040 4948 5114 5370 5326 5102 5561 4853 5311 4981 5156 5508 5097 5499 4780 5320 5699 5202 4791 4902 5442 5110 5317 5134 5722 5080 4806 5439 5450 5286 4912 5111 4790 4849 5499 5362 5338 5459 5507 5206 5278 5117 5137 5149 5623 5226 5290 5197 5041 5083 5434 4947 5197 5314 5148 5277 5102 5290 4996 5169 5239 5554 5023 5194 4789 5229 5253 5142 4864 4800 5319 5119 5156 4991 5076 5140 5409
5247 5449 5156 5206 5627 5031 5196 5096 5290 5074 4804 4721 4978 5479 4690 5118 5277 4783 5109 5030 5054 5199 5355 5435 5038 4925 5186 4945 5150 5000 5079 5105 5474 5312 5233 4840 5202 4823 5298 4820 4674 5287 4452 5285 5137 5140 5263 5190 4841 5170 5422 5058 4909 5114 5374 5368 5425 4764 4968 4524 5065 4787 5285 4844 4808 5041 5024 5134 5009 5329 5049 5128 5606 4955 4734 5303 4959 4910 4707 5384 4943 4505 4905 4826 5288 4713 5270 4593 5436 5034 5291 5551 5199 5089 5105 5361 4729 5214 4946 4623 5080 5354 4985 5099 5009 5448 4700 5391 5322 5092 5183 5134 5394 4911 4854 5134 4881 4864 4897 4612 5172 5453 5187 5064 5091 5302 5133 5570 5418 4913 4911 5521 4874 5254 5112 4937 5668 5154 4999 5064 5112 4952 5055 4986 4725 5175 5004 4849 4863 5201 5370 5365 4929 5312 4955 4633 5244 4886 5184 5071 4987 5118 5296 4870 4982 5521 4635 5312 5475 5636 5478 4787 5568 5101 4957 5216 5594 5505 4909 4985 4781 5018 5200 5130 5077 5463 4857 5284 5191 4800 5677 4979 5086 4781 5230 5457 5168 4602 4927 5287 5164 5110 5180 5510 5285 4895 5085 5481 5070 5100 5099 4930 4661 5514 4806 5214 5160 5176 4991 4926 5087 4638 4934 5429 5178 5236 5400 5091 5061 5102 4980 5274 5256 5282 5249 5106 5207 4806 5252 5079 5376 5100 5037 4953 5253 4716 4967 4791 4817 5020 5138 5103 5218 4893 4684 4900
5208 5017 5226 5226 5183 5258 5323 5343 5017 5145 4787 4800 5012 5241 5004 5431 5525 4671 5264 4986 4996 5033 5159 5252 4820 4880 5193 4925 4945 4982 5180 4976 5224 5111 5322 4929 4767 4854 5141 4544 4685 5111 4583 4917 4734 5385 4896 5195 4850 5046 5240 5152 4599 5276 5092 5296 5149 4958 5183 4790 4997 5056 5091 4948 4895 5159 5025 5223 5068 5101 5304 5050 5580 4824 4674 4796 4818 5012 5045 5238 4763 4650 4541 4976 5282 4706 5404 4715 5551 4897 5337 5224 4890 5035 5013 5456 4790 5124 4818 4711 4996 4846 4692 4962 5039 5286 4944 5209 4810 4746 5236 5163 5185 4698 4646 5129 4947 5109 5046 4690 5147 5388 4848 5133 5099 5334 4773 5257 5052 4916 5075 5405 4703 4846 5099 4746 5441 4959 5001 4719 4963 4981 4902 4884 4427 4996 5114 5118 4933 5414 5428 5317 4876 5366 5153 4732 5233 5029 4916 4912 5049 4941 5038 4984 4968 5382 5001 5259 5511 5369 5167 4638 5454 5113 5027 5236 5547 5014 4802 5316 5066 5024 5243 5047 5428 4936 4882 5147 5061 4805 5220 4989 5436 4873 5212 5406 5056 4377 4943 5528 5123 4913 5151 5485 5200 4852 4951 5213 5038 5160 5196 5125 4676 5221 5139 5202 5271 5307 4986 4610 4957 4932 4827 5368 5279 5054 5054 5087 4399 5133 5000 5238 5172 5069 5419 5033 5246 4821 5167 5000 5103 5226 4979 5183 5048 5177 4744 4767 4645 5184 5050 5091 4998 5003 4989 5169
4722 4755 4719 4558 4947 4669 4845 4675 4680 4968 4456 4478 4483 4994 4574 4924 4774 4465 4758 4591 4471 4814 4763 4807 4708 4546 4951 4294 4675 4768 4562 4537 4647 4667 4690 4843 4621 4365 4711 4697 4617 4592 4402 4817 4638 4787 4527 4406 4529 4455 4693 4571 4447 4886 4946 4719 4863 4989 4362 4381 4548 4682 4961 4478 4409 4824 4581 4936 4675 4917 4778 4859 5093 4855 4062 4614 4515 4882 4554 4979 4585 4254 4506 4522 4939 4458 5129 4254 4978 4641 4905 4985 4658 4733 5142 5008 4340 4812 4665 4218 4742 4856 4713 4812 4341 4826 4766 4814 4456 4625 4882 4718 4889 4408 4140 4409 4541 4608 4639 4332 4668 5067 4730 4790 4439 4828 4615 5029 4794 4590 4469 4831 4346 5051 4792 4471 4891 4608 4654 4495 4657 4337 4791 4597 4576 4931 4601 4345 4370 4759 4809 4936 4622 4928 4589 4356 4675 4643 4727 4571 4331 4376 4645 4481 4850 4824 4527 4797 4883 4794 5346 3983 5026 4450 4673 4606 4905 4749 4377 4851 4497 4625 4720 4503 4605 5037 4449 4762 4581 4482 4960 4764 4823 4314 4704 5035 4839 4372 4356 4718 4659 4571 4679 5133 4528 4532 4830 4715 4494 4757 4765 4616 4415 4863 4609 4817 4700 4804 4391 4316 4597 4295 4249 4907 4590 4668 4797 4793 4616 5044 4736 4780 4829 4915 4894 4950 4476 4500 4820 4647 4958 4193 4950 4544 5021 4343 4387 4415 4484 4752 4840 4546 4826 4930 4259 4775
5004 4896 5103 4574 5158 5186 4893 5140 5093 5124 4478 4842 4808 5118 4668 5174 4995 4733 5166 4911 4616 4752 4923 4991 4986 4709 4958 4565 4580 5096 4665 4557 4722 5057 5104 5279 4781 4630 4698 4807 4841 4779 4601 5010 4581 5039 5149 4602 4766 4774 5078 5162 4863 5057 4749 4851 5057 4814 5170 4465 4834 4761 4833 4848 4666 4986 4912 4867 4920 5112 4698 4942 5207 4885 4534 4887 4953 4730 4878 5283 4696 4399 4768 4899 5059 4891 5197 4414 5188 4679 5124 5035 4928 4824 5107 5094 4692 4935 4894 4475 4828 4908 4780 5108 4726 5231 4879 4931 4739 4773 4987 4808 4831 4534 4456 4739 4951 4657 4834 4515 4813 5267 4833 4748 4892 5216 4807 4972 4856 4640 4687 5145 4602 4900 5075 4414 5075 4871 4925 4626 5146 4533 4553 4771 4504 5035 4949 4786 4601 5021 4965 4986 4876 4914 4824 4849 5029 4957 4835 4930 4671 5002 4740 4953 4898 5150 4896 5026 5049 5212 5204 4390 5233 5015 4931 4905 5276 4715 4724 5178 4854 4638 4992 4426 4971 5104 4806 4927 5111 4708 5199 5004 5163 4550 4966 5196 4921 4623 4476 5146 4903 4738 5059 5195 4957 4862 5148 5112 4946 4764 4877 4989 4409 5088 4938 5337 4839 4943 4873 4505 4816 4792 4598 5228 5233 4620 5289 4715 4587 4969 4689 5087 4859 5020 5231 5167 5095 4486 4970 4814 5208 5093 4897 4980 4782 4760 4629 4873 4475 5001 4843 4742 4933 4684 4855 5133
5218 4930 5087 5153 5422 5183 5325 5089 4882 4923 4985 4898 4946 5393 4573 5327 5172 5000 5049 5021 5019 5116 4958 4905 5109 4726 5027 4820 4836 5115 5034 4964 5190 5149 5048 5003 4897 4963 5231 4756 4848 5181 4673 4812 5118 5169 4883 4913 5010 5139 5304 5045 4541 5242 4741 4938 5579 5238 5200 4980 4837 4977 5009 4757 4616 5179 5184 5128 5129 5249 5021 5136 5530 5221 4420 4964 4623 4738 4929 5427 4913 4615 5073 4696 5284 4847 5354 4647 5259 5026 5246 5370 5190 4998 5183 5237 4825 4891 4992 4598 5346 4915 4984 4976 4700 5266 4836 4966 5186 4921 5323 5233 5197 4776 4570 4906 5057 4842 4896 4775 5134 5458 5017 4972 4993 5236 5051 5029 4953 5052 4917 5287 4669 5074 5041 4768 5257 4930 4878 4702 5206 4919 4896 5067 4685 5179 5169 4876 4828 5382 5000 5397 4563 5197 5054 4674 5263 5197 5038 5011 4847 4798 5145 4799 4879 5195 4733 5118 5129 5464 5312 4902 5372 5282 4686 5151 5408 5072 4455 5095 4917 5092 5068 4832 4956 5384 4641 5158 5149 4662 5229 4851 5328 4666 5105 5203 5186 4447 4546 5157 4884 4663 5163 5385 4817 4765 5120 5146 5155 4872 4768 5036 4535 5235 4714 5180 5230 5033 4938 4771 4945 4885 4809 5506 5434 4826 5072 4840 4919 5063 5116 5181 5191 5335 5042 5239 5121 4837 5068 5074 5279 4926 4906 4853 5117 4813 5097 4770 4501 5522 5132 4755 5027 4805 5070 5101
4987 5105 5026 5333 5429 5154 5149 5514 4940 5025 4709 4879 4970 5599 4958 5121 5171 4814 5243 5059 5114 5254 5493 5240 5213 4900 5022 5144 4906 5225 4606 4631 5109 5145 5228 5048 4820 4675 5088 4979 4900 5384 4685 5042 5057 5379 5335 4960 4642 4989 5391 5401 4947 5294 5256 4921 5219 5423 5142 4546 5253 4818 5023 5001 4801 5181 4792 5136 5021 5145 5319 5115 5574 4913 4583 5295 4718 5378 5111 5377 4693 4649 4924 5121 5190 4912 5116 4945 5321 4931 5344 5527 5331 5115 5121 5238 4960 4969 5078 4577 5314 5258 4670 5148 4776 5139 4816 5153 4924 4790 5231 5352 5347 4813 4616 5198 4946 4847 5082 4424 4929 5415 5220 4919 5170 5287 4919 5034 5266 4766 4583 5214 4854 5291 5362 4687 5426 5182 5018 4754 5132 4821 4989 5127 4751 5263 4842 5083 4882 5323 5081 5300 4919 5417 5167 4759 5200 5197 4902 5105 5048 5074 5100 4958 5161 5255 4749 5149 5181 5386 5346 4625 5362 5146 4914 5173 5471 5208 4777 5260 4803 5005 5009 5186 4893 5318 4891 5265 5297 4787 5172 5013 5395 4765 5240 5505 5368 4895 4887 5336 5314 5028 5034 5243 5138 5183 5290 5335 5150 4966 4749 4941 4617 5323 4988 5242 5542 5237 5018 4922 5117 4924 4693 5462 5331 4866 5133 5214 4820 5167 4944 5102 5251 5200 5252 5315 5059 4874 5292 5152 5312 4865 5011 4983 5111 5201 5135 4774 4772 5415 5242 5133 5141 4892 4777 5072
5723 5822 5906 5807 5994 5673 5669 5776 5700 5958 5175 5443 5491 5992 5548 6106 5942 5315 5815 5989 5555 5582 5874 5739 5726 5307 5832 5523 5544 5799 5597 5242 5795 5569 5711 5629 5727 5509 5610 5549 5268 5548 5088 5704 5467 5748 5672 5956 5711 5796 6049 5620 5448 5671 5800 5707 6146 5688 5653 5114 5778 5543 5835 5425 5440 6007 5654 5939 5471 6112 5729 5678 6298 5716 5161 5788 5616 5493 5814 6011 5537 5303 5468 5596 5670 5552 6001 5298 5783 5727 5741 6068 5892 5629 6169 5659 5400 5618 5639 5277 5711 5677 5274 5570 5412 5633 5476 5928 5567 5499 6067 6036 6089 5394 5375 5573 5767 5238 5739 5152 6089 6115 5692 5551 5730 5994 5470 5932 5938 5444 5853 5771 5465 5791 5646 5410 6294 5712 5618 5538 5459 5823 5464 5340 5424 5691 5830 5684 5278 5947 5647 6057 5231 5968 5756 5397 5648 5414 5684 5665 5925 5527 5624 5495 5728 6062 5771 5793 6110 6182 6369 5084 5965 5514 5528 5656 6034 5700 5039 5915 5631 5600 5677 5701 5533 5804 5556 5471 5662 5549 6065 5516 5683 5392 5752 5890 5665 5364 5199 6178 5852 5169 5680 6097 5794 5617 5626 6034 5597 5303 5697 5349 5215 5972 5408 5703 6045 5942 5405 5500 5649 5609 5308 6056 6092 5349 5633 5645 5201 5943 5698 5721 5357 5997 6225 5843 5563 5048 5752 5918 5930 5413 5626 5549 5654 5473 5583 5441 5218 5920 5801 5772 5609 5604 5558 5739
5707 5496 5286 5633 5874 5589 5450 5510 5540 5825 5246 5292 5495 5679 5427 5685 5783 5193 5703 5698 5447 5465 5592 5676 5469 5360 5795 5274 5362 5674 5543 5577 5548 5714 5527 5689 5220 5471 5428 5490 5183 5695 5240 5447 5329 5623 5349 5422 5542 5556 5749 5339 5361 5648 5672 5805 5835 5548 5423 5212 5360 5567 5626 5518 5529 5773 5405 5590 5358 5993 5578 5581 6106 5549 4937 5551 5467 5417 5420 6061 5556 5197 5301 5349 5623 5372 5776 5149 5699 5697 5863 5990 5296 5198 5770 5557 5308 5647 5572 5041 5685 5478 5129 5444 5173 5723 5580 5609 5517 5387 5615 5596 5695 5362 4945 5496 5549 5076 5614 4838 5957 5950 5421 5524 5481 5478 5113 5854 5714 5489 5514 5821 5145 5724 5680 5096 5870 5400 5633 5305 5556 5457 5377 5468 5312 5443 5480 5554 5270 5632 5630 5749 5238 5714 5469 5149 5660 5437 5694 5502 5129 5431 5259 5659 5649 6105 5485 6012 5652 5677 6178 5153 5800 5577 5409 5461 5841 5632 5099 5397 5397 5437 5777 5255 5588 5700 5289 5752 5465 5438 5921 5265 5523 5116 5562 5672 5496 5165 5084 5626 5507 5190 5354 5812 5520 5492 5617 5693 5634 5377 5503 5407 5090 5827 5374 5663 5803 5836 5309 5302 5393 5543 5194 6015 5852 5360 5933 5466 5078 5618 5242 5415 5354 5762 5687 5763 5401 5178 5691 5655 5713 5343 5410 5562 5591 5281 5284 5319 5017 5673 5475 5346 5651 5393 5490 5753
5294 5303 5226 5265 5507 5471 5212 5249 5158 5225 4603 4669 5208 5315 5295 5621 5598 4721 5404 5324 4806 5064 5433 5202 5201 5186 5121 5070 5248 5272 5118 5111 5076 5042 5581 5199 4975 4786 5416 4901 4745 5137 4815 5048 5087 5253 4956 5118 5080 5321 5415 5008 4926 5377 5215 5183 5609 5031 5001 4669 5176 5153 5057 4942 5036 5168 4816 5403 5075 5362 5301 5220 5765 5073 4815 5011 5285 4957 5029 5467 5233 4771 4979 4912 5599 4776 5591 5132 5450 5038 5514 5721 5291 5144 5202 5384 4963 5288 5024 4823 5225 5160 4846 5108 4749 5162 5051 5176 5027 4920 5626 5303 5321 4901 4865 5153 5297 4771 5057 4604 5144 5494 4973 5205 4876 5037 5037 5376 5388 5247 5045 5214 4798 5377 5507 4853 5453 5202 5341 4665 5190 5054 5036 5128 4822 5100 5218 5092 4845 5082 5242 5320 4901 5300 5187 5007 5098 5103 5135 5150 4940 5265 5166 5149 4879 5588 5080 5563 5421 5391 5436 4631 5478 5085 5257 5096 5479 5456 4785 5402 4962 4909 5334 5095 4969 5255 5085 5709 5061 5052 5464 5168 5276 4916 5251 5405 5000 4601 4753 5628 5319 4665 5101 5406 5012 5028 5147 5147 5236 4913 4955 4929 4823 5594 4915 5470 5252 5391 5267 4927 5212 4992 4915 5568 5520 5212 5190 5090 4646 5337 4959 5225 5238 5279 5626 5471 5045 4889 5233 5602 5359 4901 4952 5018 4952 4994 5083 4922 4772 5203 5091 5103 5201 5194 5019 5284
5142 5503 5644 5261 5714 5760 5708 5395 5227 5209 5322 5111 5399 5370 5033 5554 5539 5016 5548 5413 5368 5290 5428 5558 5296 5227 5548 5121 5341 5437 5115 5208 5451 5466 5394 5416 5575 5167 5571 5200 5132 5122 4810 5551 5169 5627 5388 5462 5299 5403 5432 5151 5179 5418 5632 5345 5654 5228 5294 5026 5042 5133 5367 5053 4978 5492 5177 5629 5231 5661 5308 5675 5630 5249 4861 5431 5193 5134 5393 5790 5150 5242 5142 5172 5629 5266 5745 5041 5768 5237 5449 5902 5373 5672 5608 5622 5029 5498 5350 4889 5201 5199 4963 5467 4903 5464 5325 5359 5230 5243 5770 5533 5491 5037 5094 5329 5190 5216 5233 5022 5359 5802 5304 5304 5266 5370 5244 5448 5304 5344 5453 5582 5223 5800 5309 5398 5686 5448 5483 5113 5250 5205 5357 5171 5126 5588 5320 5333 4924 5671 5348 5724 4908 5465 5439 4954 5379 5496 5337 5445 5090 5139 5248 5280 5211 5738 5325 5485 5578 5701 5743 4924 5742 5414 5451 5339 5968 5554 5154 5497 5272 5428 5356 5329 5183 5843 5104 5356 5216 5176 5726 5280 5342 4940 5677 5689 5494 5031 5109 5659 5387 5265 5422 5669 5516 5376 5457 5838 5337 5201 5170 5203 5078 5454 5228 5461 5593 5654 5252 4989 5401 4943 5350 5836 5546 5114 5306 5497 5150 5683 5272 5552 5472 5280 5771 5157 5364 4945 5392 5349 5532 5166 5029 5178 5344 5226 5389 5213 4989 5312 5690 5145 5384 5380 5232 5386
5516 5390 5261 5434 5501 5769 5219 5545 5201 5591 5162 5231 5238 5782 5152 5672 5147 4958 5425 5305 5254 5403 5325 5511 5016 5130 5085 5082 5097 5416 5045 5081 5297 5206 5236 5245 5106 5113 5470 5215 5238 5195 4752 5141 4992 5566 5037 5284 5026 5420 5209 5203 5367 5600 5269 5133 5640 5037 5628 4979 5413 5149 5183 5044 4917 5447 5412 5538 5131 5585 5518 5457 5674 5394 4584 5467 5243 5466 5261 5506 5093 4766 4979 5175 5548 5334 5444 4950 5541 5256 5730 5591 5594 5253 5623 5132 4992 5432 5232 4674 5537 5161 5085 5180 5019 5703 5266 5277 4939 5185 5541 5667 5599 5039 4895 5325 5425 4988 5323 4758 5356 5793 5223 5321 5154 5531 5279 5329 5335 5662 5286 5249 5075 5331 5462 4882 5783 5165 5249 4684 5307 5202 5135 4963 4778 5480 5210 5131 5078 5671 5158 5410 4902 5417 5144 4867 5147 5298 5571 5401 5202 5386 5155 5050 5357 5412 5105 5388 5471 5671 5966 4992 5407 5461 4834 5333 5735 5280 4930 5319 5250 5075 5502 5045 5378 5586 5199 5513 5373 5068 5657 5280 5456 5109 5391 5709 5283 5009 4812 5470 4950 5051 5482 5623 5191 5244 5569 5219 5370 4876 5247 5070 5002 5467 5513 5170 5563 5335 5268 5288 5206 5278 4867 5520 5664 5017 5506 5213 4844 5556 5210 5087 5509 5483 5510 5622 5127 4857 5188 5323 5591 5296 5228 5041 5252 5307 5325 4897 4770 5591 5283 5184 5217 5405 5148 5558
4921 4899 5074 4894 5289 5084 4795 5201 4686 5014 4644 4861 5142 5506 4887 5159 4999 4783 4990 4919 4889 5195 4994 4852 5046 4655 4997 4619 4851 4921 4679 4872 5021 5213 5168 4667 4919 4960 5035 5005 4577 5103 4365 4678 4778 4926 4809 4853 4905 4761 5208 5016 4814 5049 4672 4893 5145 4993 4815 4446 5033 4964 5043 4514 4620 4878 5058 5010 4672 5185 5154 4782 5109 4771 4593 5119 4575 4898 4870 5261 4905 4508 4600 4968 5037 4927 5172 4666 5229 5003 5222 5306 4937 4495 5261 5006 4836 5021 4846 4597 5038 5065 4707 4951 4648 5239 4583 4818 4873 4459 4916 5189 5335 4613 4469 4700 5055 4966 4548 4318 5051 5326 4750 4736 4912 5020 4850 5030 5025 4642 4604 4826 4772 5092 5102 4826 5114 4970 4834 4572 4946 4808 4910 4868 4618 5210 4970 5036 4393 5264 4984 5125 4541 5193 4703 4718 5029 4874 4886 4917 4973 4691 5028 4601 4867 5051 4774 5292 5278 5352 5330 4637 5060 4873 4716 4728 5448 5076 4524 4942 4732 4615 4898 4752 4952 5272 4734 5339 4820 4819 5378 4630 5082 4523 5086 5254 5002 4414 4720 5212 4980 4822 5053 5482 4832 5055 5122 5094 4933 4593 4864 4860 4564 5083 4891 4941 5133 5052 4855 4717 4903 4837 4692 5326 5067 4614 5043 4913 4604 5155 5117 5067 5005 5350 5162 4928 5025 4729 5278 5086 5177 4873 4696 4757 5004 5057 4724 4613 4613 5035 4904 4713 4999 4673 4660 4802
5280 5219 5280 5286 5799 5445 5310 5501 5238 5572 5049 5102 5275 5443 5226 5513 5316 5079 5416 5441 5454 5050 5166 5612 5244 5080 5261 4999 5180 5482 5218 5328 5565 5274 5627 5151 5311 4935 5391 5239 4792 5373 4841 5464 4990 5292 5358 5378 5049 5023 5334 5161 5312 5405 4946 5233 5479 5172 5467 5055 5262 5309 5260 5222 4908 5309 5258 5256 4991 5409 5276 5214 5644 5174 4894 5523 4992 5065 5329 5413 5233 4731 5075 4880 5365 5309 5529 4809 5747 5027 5672 5459 5407 5275 5459 5599 4780 5407 5222 4722 5185 5221 4823 5376 5151 5443 5034 5396 5191 5142 5476 5382 5527 4975 4854 5079 5039 5082 5352 4918 5212 5619 5257 5345 5133 5471 5138 5496 5415 5162 5390 5565 4767 5773 5462 5144 5463 5298 5339 4836 5667 5151 5271 5444 4987 5713 5432 5124 5194 5364 5494 5468 5323 5427 5086 5042 5341 5207 5252 5385 4969 5211 5356 5240 5232 5937 4908 5615 5585 5512 5634 4864 5536 5459 5491 5511 5771 5404 5060 5451 5100 5144 5439 5039 5432 5508 4923 5335 5040 5188 5391 5084 5188 4793 5333 5556 5402 4856 4921 5398 4993 5468 5334 5714 5056 5105 5306 5612 5379 4961 5139 5353 5035 5565 5170 5464 5282 5386 5294 5088 5160 5103 4934 5566 5701 5340 5461 5164 4977 5486 5082 5355 5485 5341 5462 5361 5562 4943 5215 5313 5743 5204 5417 5085 5129 5185 4883 5081 4983 5287 5317 5213 5136 5212 5306 5255
5498 5384 5243 5512 5767 5422 5402 5331 5189 5340 4923 5260 5037 5486 5159 5580 5600 5044 5297 5480 5138 5212 5524 5537 5309 5046 5279 5104 5189 5446 5263 5272 5500 5260 5356 5531 5243 5130 5359 5002 5164 5472 4962 5374 5034 5328 5407 5041 4937 5049 5275 4911 4954 5444 5413 5274 5406 5147 5412 5146 5232 5438 5385 5079 4974 5284 5098 5257 5292 5511 5298 5411 5834 5249 4782 5656 4763 5126 5034 5610 4877 4666 5144 5336 5445 5204 5705 4628 5533 5349 5591 5717 5347 5243 5591 5404 4912 5336 5273 4871 5374 5197 4885 5064 4958 5593 4900 5367 5269 4836 5330 5404 5213 5078 4992 5291 5204 5129 5168 4717 5487 5537 5578 5103 5281 5422 4978 5775 5219 5190 5243 5440 4852 5476 5480 5202 5325 5129 5386 5009 5244 5304 5098 5009 4800 5500 5270 5319 5283 5370 5209 5368 4896 5183 5338 4921 5587 5409 5188 5232 4958 5213 5247 5005 5134 5711 4879 5636 5518 5758 5615 4979 5564 5572 5037 5223 5542 5140 4977 5244 5069 5157 5260 5402 5448 5518 5207 5440 5086 5086 5329 5132 5576 5031 5340 5587 5453 5031 4884 5632 5458 5096 5232 5632 5286 5074 5386 5374 5489 5028 5307 5188 4771 5752 5105 5243 5478 5287 5173 5206 5178 5101 4892 5715 5576 5199 5729 5453 5021 5592 5028 5309 5454 5457 5445 5467 5452 4887 5018 5262 5463 5193 5059 5075 5088 5163 5050 5172 4808 5254 5455 5285 5466 5188 4922 5462
4901 5301 5262 5270 5242 5155 5241 5154 5141 5032 4983 4818 5055 5520 4870 5381 5345 4911 5047 4818 5084 5314 5080 5381 5043 5109 5156 4879 4941 5093 4867 4974 5395 5157 5347 5071 5005 4901 5251 4801 4809 5222 4742 5055 5014 5283 4855 4890 4912 5232 5200 5064 4835 5231 5022 5367 5441 5056 4953 4598 5376 4966 5210 4838 4814 4989 5159 5230 5166 5302 5145 5476 5664 5258 4557 5038 4940 5175 5188 5600 4987 4796 4795 5237 5240 4798 5323 4813 5303 5001 5211 5498 5032 5011 5140 5085 4821 5149 5050 4872 5041 5172 4941 5205 4931 5429 4914 5146 4862 4962 5299 5395 5216 4722 4908 5227 5115 4814 4885 4743 5141 5469 5020 5178 4881 5203 5034 5397 5197 4868 5014 5352 4802 5194 5078 4951 5534 5048 5103 4780 4917 4995 5144 4847 4859 5276 5016 5093 4629 5263 5019 5213 4775 5363 5304 4916 5214 5120 5137 4964 5095 4959 5415 5050 5295 5515 5089 5187 5188 5321 5613 4670 5490 4949 5136 5010 5361 5528 4894 5101 4836 5184 5361 4976 5287 5495 5040 5244 5068 4706 5468 4944 5322 4862 5335 5504 5221 4679 4748 5352 5050 4946 5230 5455 5206 4981 5276 5387 4997 4940 4953 4929 4742 5591 5105 5369 5490 5290 5033 4864 5097 4762 4939 5377 5236 4972 5120 5248 5061 5282 5087 5033 5197 5154 5207 5380 5248 4792 5150 5095 5238 5019 4801 4823 5373 4887 4959 4822 4975 5271 5219 5238 5119 5376 4847 5396
5448 5645 5469 5385 5648 5489 5422 5563 5130 5537 4946 4995 5324 5669 5115 5528 5603 5044 5662 5427 5135 5216 5342 5536 5261 5647 5492 5086 5030 5507 5286 5202 5402 5612 5468 5347 5424 5200 5464 5114 5179 5463 5041 5417 5127 5631 5477 5162 5292 5215 5240 5373 5313 5545 5432 5354 5568 5336 5410 4976 5262 5461 5449 5236 5240 5406 5351 5300 5408 5549 5159 5184 5736 5405 5004 5462 5184 5284 5343 5631 5009 5165 5306 4984 5529 5242 5558 4933 5575 5195 5487 5666 5381 5232 5515 5443 4896 5289 5004 4996 5398 5179 5117 5181 5212 5603 4867 5300 5077 5226 5572 5403 5549 5102 4986 5228 5287 5360 5417 4847 5394 5594 5318 5479 4889 5793 5373 5533 5372 5406 5517 5736 5312 5631 5452 5155 5432 5302 5255 5018 5233 5013 5328 5149 4977 5586 5257 4974 5071 5339 5490 5881 4963 5605 5154 5446 5318 5168 5428 5499 5092 5078 5332 4873 5191 5696 5141 5358 5528 5679 5628 4999 5355 5381 5223 5344 5490 5459 5072 5425 5223 5134 5573 5101 5232 5417 5221 5472 5363 4992 5545 5311 5479 4787 5378 5615 5465 5088 4826 5521 5368 5169 5566 5595 5229 5280 5438 5556 5503 5321 5229 5122 4801 5438 5255 5574 5647 5405 5271 4983 5163 5067 4926 5564 5499 5273 5399 5241 5057 5867 5139 5514 5539 5409 5539 5342 5274 4934 5243 5240 5710 5185 5285 5041 5353 5131 5170 4932 4897 5480 5560 5346 5364 5253 5073 5441
4759 4728 4930 4868 5148 4798 4999 5182 4580 5003 4774 4698 4643 5137 4439 5149 5047 4579 4949 4860 4763 4890 4812 4736 4780 4793 4826 4684 4790 5026 4658 4617 4749 4867 5104 4854 4573 4576 4987 5085 4574 4824 4394 4886 4760 4979 4671 4563 4874 4737 4931 4868 4831 4824 4668 4848 5265 4987 4869 4740 4820 4946 4960 4646 4504 4830 4870 4976 4817 5069 4707 4844 5235 4690 4303 4976 4732 4734 4754 5295 4848 4581 4585 4656 5023 4837 5242 4488 5060 4871 4958 5353 5124 4764 5014 4934 4545 4985 4976 4474 4782 4986 4578 4827 4527 5229 4620 4812 4579 4802 5098 5016 4766 4784 4511 4907 5172 4715 4914 4397 5106 5181 4686 4845 4615 4857 4589 5083 4671 5097 4635 4973 4561 5080 4720 4810 5134 4626 4718 4594 5185 4755 4670 4611 4402 5041 4713 4793 4718 4984 4870 5147 4262 5042 4917 4493 4826 4715 5075 4726 5176 4589 4848 4629 4615 5220 4493 5068 5155 5044 5233 4530 4822 4864 4662 4725 5197 5008 4223 5082 4503 4709 5093 4727 4904 5056 4642 4908 4734 4616 5125 4734 5121 4531 4954 5309 4920 4618 4491 5165 4911 4545 4748 5118 4700 4658 5103 5078 4965 4716 4846 4707 4571 4903 4817 4947 5160 4745 4765 4508 4841 4794 4826 5306 5020 4747 4853 4727 4692 4950 4731 4924 4840 5041 4833 4984 4956 4751 4846 4747 5070 4724 4719 4736 4811 4763 4796 4487 4429 4847 4874 4665 4995 5048 4625 4980
5263 5198 5063 5345 5623 5235 5123 5199 5244 4972 4747 4695 5064 5383 4977 5474 5381 5005 5189 5107 5233 5161 5116 4992 4951 4937 5088 5001 4857 5254 4918 4838 5316 5136 5029 5120 5140 4917 5158 4867 4613 5209 4808 5419 4862 5020 4932 5395 4837 5004 5182 5049 4841 5212 4994 5185 5179 5222 5287 4875 5095 5075 5208 5161 4551 5105 4955 5117 4981 5067 4936 5138 5275 5215 4669 5242 5121 4907 4981 5326 4974 4768 4840 4764 5135 4885 5239 4533 5186 4801 5218 5205 5232 5201 5455 5148 4729 5102 5156 4629 4984 4976 4812 4975 5040 5321 4661 5179 4881 4796 5031 5310 5175 4929 4754 5246 5372 5002 4972 4766 5228 5596 5037 5221 4894 5163 4983 5507 5045 4805 5164 5219 4581 5180 5175 4838 5404 4919 4986 4700 4986 4836 4877 4917 4707 5184 5120 5142 4789 5289 5146 5226 4577 5253 5106 4791 5134 5193 5120 4790 4924 5240 4915 4920 4841 5196 4895 5084 5547 5407 5416 4710 5378 5026 4917 5066 5482 4856 4905 5353 4725 4754 5273 4950 5259 5273 4963 5186 5164 4501 5217 5058 5343 4856 5168 5500 5388 4666 4880 5329 5030 4883 5148 5492 5171 5092 4976 5564 4931 4862 4990 4824 4658 5218 5011 5326 5219 5100 4798 4940 4826 4822 4813 5656 5408 4981 5180 5006 4923 4943 4651 4975 5274 5067 5109 5187 5104 4735 5122 5293 5211 4745 4966 5142 4662 5123 5183 4400 4585 5135 5035 4866 5021 4993 4870 5286
5426 5300 5343 5806 5741 5417 5505 5319 5423 5480 4866 5326 5437 5593 5200 5637 5690 5104 5812 5366 5171 5144 5388 5571 5173 5444 5404 5498 5029 5566 5349 5275 5811 5257 5422 5424 5303 5027 5728 5040 5016 5670 5046 5498 5366 5469 5358 5148 5025 5321 5499 5153 5116 5607 5419 5621 5687 5414 5419 5167 5336 5226 5611 5080 5152 5556 5054 5334 5303 5644 5295 5422 5897 5319 4795 5346 5122 5071 5185 5662 5405 4768 5297 5340 5600 5238 5410 4886 5702 5407 5605 5865 5230 5373 5429 5661 4906 5428 5251 5070 5550 5283 5056 5417 5204 5499 4813 5527 5227 5151 5389 5475 5303 5188 4752 5383 5321 5197 5149 4872 5334 5727 5320 5457 5212 5539 5116 5766 5358 5008 5218 5675 4755 5672 5475 5374 5611 5170 5160 4854 5446 5180 5315 5211 5089 5684 5200 5354 5297 5643 5333 5462 5282 5498 5436 5317 5531 5248 5459 5300 5132 5486 5572 5378 5309 5865 4956 5951 5613 5475 5747 4847 5568 5435 5082 5649 5626 5371 5070 5455 5342 5263 5391 5149 5461 5545 4965 5660 5318 4953 5515 5465 5665 4969 5327 5436 5579 4935 4874 5563 5212 4936 5396 5617 5310 5384 5562 5524 5605 5296 5483 5113 4830 5780 4883 5709 5603 5595 5179 5163 5261 5159 5098 5678 5777 5346 5499 5119 5250 5474 5059 5309 5332 5474 5338 5465 5468 5288 5560 5381 5503 5239 5351 4929 5033 5072 4985 5270 4950 5681 5348 5097 5240 5357 5157 5502
4944 5033 4943 5193 5146 5515 5003 5156 4869 5144 4706 4914 4938 5170 4846 5251 4968 4672 5199 4831 4965 4931 5121 5173 4647 4909 5027 4996 4928 5237 4860 4745 5171 5181 5206 5072 4999 4728 5147 4916 4753 5159 4721 5047 4829 5044 5009 4819 4964 5160 5239 4973 4982 5193 5168 5147 5158 4883 5154 4684 5181 4874 4888 4950 4750 4786 4937 4792 4751 5200 4918 4873 5479 5153 4579 5174 4900 4889 5034 5167 4841 4504 4876 4810 5454 4777 5138 4766 5220 4892 5249 5335 4968 5044 5195 4968 4788 5157 5172 4545 4921 4696 4683 4931 4628 5070 4882 4928 4956 4648 5142 4988 5210 4491 4806 4958 5306 4804 4952 4441 5031 5174 5028 5166 4844 4924 4840 5231 4949 4988 5022 5312 4606 5306 5018 4872 5335 5109 5330 4654 5087 4856 4759 4928 4691 5243 5010 5090 4932 5379 4853 5252 4685 5112 5019 4803 5227 4811 5190 4820 4813 4751 5266 4919 5078 5427 4695 5355 5272 5271 5223 4689 5127 5250 5009 5107 5414 5095 4595 5200 4466 4724 5261 5036 5076 5074 4866 5135 4901 4662 5360 5040 4990 4748 4942 5130 5551 4745 4568 5166 4976 4770 5144 5305 5105 4775 5017 5311 5186 4630 4947 4986 4486 5093 4891 5013 5147 5012 4897 4636 5057 4908 4610 5409 5417 5174 5020 4642 4794 5076 4571 4731 5054 5286 5368 5286 5217 4748 5301 4937 5315 5213 4798 5056 4927 4783 5047 4901 4534 5066 4842 4843 4949 4810 4794 5151
4905 4772 4880 4388 4884 4832 4687 4581 4554 4699 4303 4452 4744 5112 4104 4978 4724 4424 4661 4903 4567 4446 4910 4834 4572 4775 4651 4650 4564 4567 4519 4581 5032 4827 4871 4621 4608 4432 4958 4352 4353 4444 4462 4620 4690 4753 4471 4832 4575 4788 4909 4637 4551 4726 4337 4585 5035 4420 4657 4365 4910 4564 4758 4365 4625 4606 4584 4891 4772 5144 4848 4887 5044 4620 4220 4661 4504 4574 4620 5000 4494 4508 4628 4568 4873 4702 4832 4426 5058 4630 5046 4912 4637 4304 4608 4853 4493 4601 4519 4474 4770 4833 4515 4832 4250 4696 4555 4621 4461 4520 5101 4654 4741 4554 4216 4621 4957 4381 4443 4371 4655 5059 4621 4353 4657 4712 4642 4863 4800 4540 4509 4847 4359 4994 4847 4687 4904 4598 4860 4474 4463 4558 4721 4334 4177 4850 4518 4534 4337 4987 4772 4764 4620 4684 4906 4680 4514 4649 4662 4925 4395 4639 4439 4574 4641 5088 4538 4943 5100 5190 5063 4299 4927 4681 4574 4524 4931 4559 4407 4766 4607 4718 4895 4494 4656 5013 4310 5091 4639 4507 4940 4729 4756 4314 4753 5008 4634 4247 4451 5129 4537 4438 4787 4885 4684 4555 4939 4840 4508 4787 4480 4442 4369 4825 4588 4821 4796 4736 4581 4456 4694 4468 4199 4963 4841 4861 4644 4821 4477 4866 4503 4820 4890 4842 4717 4649 4471 4487 4794 4899 4721 4528 4398 4349 4579 4673 4875 4253 4448 4842 4941 4564 4693 4535 4489 4975
5433 5165 5263 5352 5659 5517 5295 5275 5259 5313 4794 5080 4959 5587 5063 5265 5229 4994 5131 5087 5100 5374 5421 5051 5164 4858 4970 4870 4885 5286 5169 4943 5239 5087 5517 5069 5126 4713 5197 4903 4892 5332 4734 5216 4870 5344 5279 5052 5179 5257 5319 5089 4987 5306 5095 5116 5446 4787 5346 4818 4919 4922 5175 5018 4918 5036 4734 5326 4911 5388 5101 5204 5735 4920 4450 5288 4964 4928 4765 5587 5004 4890 4857 4560 5568 5148 5352 4778 5291 5158 5307 5603 5439 5090 5261 5036 5155 5207 5357 4759 5260 5176 5119 5170 4706 5341 5186 5206 4942 4918 5525 5499 5265 5054 4648 4994 5091 5075 5198 4693 5218 5380 4844 5232 5052 5106 5044 5268 5104 5001 5211 5296 4793 5332 5168 4957 5622 4833 5121 4756 5215 4939 4946 4924 4943 5338 5017 4944 5109 5121 5135 5275 4870 5323 5174 4741 5424 5167 5099 5036 5001 5168 4967 4790 5146 5662 5011 5128 5174 5257 5611 4907 5239 5358 5041 5067 5288 5382 4862 5063 4881 4964 5474 5135 5176 5289 4991 5211 5149 4935 5494 5154 5109 4910 5226 5469 5204 4923 4900 5607 4902 5104 5192 5407 5281 5121 5190 5462 5050 4848 5073 5002 4881 5109 5221 5289 5346 5113 5105 5130 5262 4782 4764 5645 5345 5000 5214 5288 4900 5440 4841 5117 5309 5200 5122 5223 5306 4752 5183 5123 5620 5061 5005 5282 5039 4901 4973 4981 4784 5254 5285 5094 5376 5082 5017 5421
5498 5536 5485 5482 5712 5471 5388 5456 5402 5216 4869 5002 5355 5630 5138 5567 5420 5094 5364 5293 5118 5176 5303 5710 5256 4857 5478 5082 5292 5527 5272 5107 5387 5134 5344 5521 5243 4981 5374 5250 4826 5428 5100 5482 5222 5313 5528 5254 4980 5224 5561 5054 4908 5530 5200 5337 5307 5172 5555 4945 5184 5223 5270 5274 5009 5360 5124 5525 5309 5663 5339 5437 5794 5230 4686 5441 5025 5317 5253 5504 5149 4963 5057 5236 5492 5115 5799 5043 5600 5083 5468 5272 5511 5444 5522 5444 4735 5262 5052 4779 5261 5252 5241 5621 4989 5339 4913 5454 5224 5161 5547 5497 5373 4862 4936 5317 5276 5140 5213 4846 5112 5715 5142 5510 5261 5609 5397 5409 5438 5220 5347 5598 4823 5518 5374 4990 5828 5405 5453 4916 5442 5116 4972 5264 4980 5313 5348 5227 5116 5588 5248 5705 4997 5260 5213 5055 5281 5327 5281 5387 5158 5110 5262 5113 5298 5776 5077 5613 5417 5905 5862 4656 5424 5423 5375 5394 5688 5297 5220 5339 5202 5386 5291 5285 5268 5536 5079 5465 5443 5259 5311 5359 5509 4903 5368 5804 5605 4935 4938 5360 5153 4973 5070 5712 5184 4992 5184 5613 5444 5349 5202 4987 4948 5441 5253 5550 5420 5483 5316 5062 5387 4874 5057 5630 5754 5275 5302 5258 4978 5456 5119 5543 5482 5431 5067 5340 5293 5142 5320 5423 5906 5183 5305 5044 5160 5126 5187 5205 5071 5519 5343 5176 5173 5409 5247 5648
5164 5058 5541 5617 5521 5228 5309 5187 5075 5453 4831 5078 5279 5438 5050 5448 5386 4920 5286 5159 5017 5242 5305 5237 5203 5034 5320 5058 4880 5339 4772 4976 5336 5231 5552 5263 5223 5034 5309 5064 4749 5289 4853 5287 5086 5437 5145 4922 5007 5023 5562 5224 4811 5353 5160 5177 5498 5199 4989 4746 5235 5102 4995 5031 5129 5261 5046 5276 5163 5372 5191 5419 5709 5326 4656 5182 5245 5065 5224 5462 4805 4755 4979 5033 5109 4883 5543 4870 5478 5028 5254 5673 5172 5335 5299 5408 5072 5261 4940 4856 5470 5295 4714 5172 4933 5290 4908 5121 4818 4886 5536 5355 5555 4950 4660 5196 5281 4984 5215 4675 5453 5659 5154 4871 5241 5322 5030 5474 5128 5298 5234 5269 4962 5384 5488 4977 5497 5108 5105 4720 5134 5013 5142 5041 5012 5356 5122 5096 4906 5198 5163 5539 4942 5477 5082 4770 5207 5131 5195 5253 5295 5009 5327 4981 5230 5725 5164 5341 5438 5451 5639 4835 5423 5085 5084 5103 5477 5256 4864 5222 5085 5059 5460 5275 5092 5329 5109 5328 5086 4912 5315 5288 5478 4876 5418 5383 5324 4838 4780 5516 5274 4802 5361 5373 5182 4991 5227 5309 5247 5042 5220 5150 5059 5348 5214 5233 5072 5418 4989 4887 5279 5076 4794 5512 5371 4896 5213 5292 4875 5321 5196 5280 5311 5351 5409 5372 5116 4823 5202 5294 5388 5046 5234 5214 5140 5263 4902 4978 4659 5331 5280 5114 5339 5273 5161 5333
5427 5200 5333 5404 5846 5305 5540 5443 5162 5514 5105 5134 5085 5765 4875 5651 5528 4922 5387 5349 5310 5347 5546 5313 5393 5031 5241 5351 5216 5293 5295 5025 5440 5246 5531 5392 5240 4712 5498 4947 4855 5083 4859 5234 5214 5407 5255 5217 5172 5398 5236 5389 5019 5238 5232 5307 5389 5099 5139 4895 5119 5169 5463 5188 5183 5163 5280 5404 5366 5411 5239 5321 5467 5293 5087 5447 5074 5428 5170 5396 5394 5045 5031 5190 5618 5306 5473 4927 5414 4840 5485 5666 5377 5260 5286 5337 4942 5242 5289 4847 5204 5016 5022 5258 4890 5665 5049 5081 5220 4919 5526 5363 5241 5122 4944 5368 5099 5169 5199 4872 5256 5771 5306 5307 4893 5417 4939 5688 5370 5252 5144 5377 5006 5480 5591 5349 5709 5179 5582 5171 5310 4998 5238 5231 4798 5637 5281 5177 5227 5329 5268 5510 5088 5489 5279 4954 5313 5144 5328 5393 5297 5275 5197 5077 5124 5684 5063 5755 5538 5710 5446 5141 5356 5074 5116 5136 5746 5369 4990 5313 4945 5271 5473 5084 5089 5807 5088 5363 5332 4983 5419 5004 5122 5161 5432 5797 5441 4890 4776 5390 5540 5137 5188 5568 5254 4755 5097 5620 5330 5227 5200 4963 4959 5595 5048 5483 5458 5286 4779 4763 5173 5070 4910 5775 5284 5293 5140 5240 4923 5435 5128 5392 5368 5494 5468 5324 5289 5115 5012 5501 5568 5204 5090 5069 5446 5130 5091 4878 5261 5471 5521 5413 5282 5347 5137 5433
5225 5064 5157 5354 5418 5167 5119 5102 4797 4927 4618 4770 5038 5088 4910 5156 5183 4723 4911 5147 4825 5016 5316 5299 5014 4818 5072 4778 4830 5237 4931 4765 5087 5009 5168 5152 5025 4849 4935 4785 4952 5040 4618 4973 4953 5134 5287 4986 4939 4951 5137 4895 4998 5065 5111 5135 5355 5084 5052 4678 4939 4845 5054 4993 4951 5057 5020 5131 5131 5246 5251 5227 5473 4878 4706 4919 4717 4863 5140 5473 4877 4747 4955 4801 5177 4975 5066 4848 5236 4844 5381 5566 5273 4952 5088 5102 4783 4894 4980 4779 5488 5025 4578 5148 4682 5148 4553 4992 4860 4701 5276 5192 4980 4812 4635 5063 4845 4865 4879 4754 5080 5379 5041 4998 4888 5063 4875 5292 5192 4881 4802 5380 4805 5162 5258 4577 5182 5110 5061 4665 5024 5079 5107 4940 4756 5026 4867 4961 4877 5145 4800 5378 4707 5305 5249 4857 5198 5002 5065 4787 4702 4838 4958 4887 5218 5333 4845 5223 5281 5163 5479 4637 5295 5108 4976 5175 5397 5108 4786 5015 4758 5203 4778 4867 5056 5223 5033 5220 5096 4888 5233 5018 4989 4575 4892 5546 5039 4605 4505 5186 4863 4622 5011 5322 5041 4858 5169 5405 5038 4767 5021 4573 4453 5492 4971 4995 5057 5044 4975 4806 5211 4910 4589 5489 5187 4966 5175 5039 4784 5267 4916 4874 5081 4954 5096 5096 4937 4749 5128 4930 5353 4974 4863 4825 5042 4814 5214 4781 4681 5266 5326 4937 5259 4998 5002 5144
5503 5725 5511 5852 5900 5550 5729 5791 5368 5650 5249 5296 5510 5925 5251 5823 5796 5307 5657 5344 5593 5870 5794 5527 5617 5324 5409 5362 5588 5733 5272 5146 5639 5656 5810 5658 5481 5160 5741 5714 5367 5604 5037 5793 5405 5722 5399 5603 5416 5639 5478 5460 5287 5720 5483 5665 6001 5573 5254 4980 5732 5546 5650 5356 5250 5617 5425 5517 5305 5731 5744 5738 6145 5619 4925 5538 5267 5632 5477 5970 5371 5163 5210 5283 5730 5437 5854 5337 5851 5509 5771 6151 5693 5724 5801 5689 5237 5722 5584 5056 5757 5610 5393 5729 5166 5605 5425 5594 5335 5156 5739 5947 5820 5316 5372 5594 5679 5250 5544 5072 5873 5978 5521 5572 5555 5636 5319 5682 5777 5487 5636 5537 5083 5861 5907 5444 5814 5506 5422 5480 5621 5434 5413 5473 5223 5621 5512 5569 5568 5514 5428 5840 5241 5693 5669 5194 5714 5384 5465 5558 5678 5368 5572 5383 5543 5939 5515 5625 5782 5990 6084 4930 5918 5623 5406 5645 6116 5553 5192 5697 5324 5341 5858 5610 5474 6017 5285 5763 5303 5214 5849 5304 5695 5168 5671 6122 5669 5079 5272 5750 5671 5217 5570 6047 5356 5522 5828 5855 5657 5385 5291 5439 5262 5470 5400 5561 5764 5755 5285 5497 5477 5559 5299 5799 5762 5548 5553 5497 5294 5597 5393 5598 5695 5733 5911 5762 5688 5199 5600 5632 5803 5365 5278 5376 5720 5548 5511 5152 5058 5643 5851 5574 5494 5521 5608 5576
5092 5155 5105 5097 5555 5279 5382 5172 5072 5274 4898 4855 4902 5595 5014 5174 5105 4962 5235 5024 4864 4893 5225 5126 4997 4729 4973 4950 4900 5327 5048 4839 5108 4991 5383 5188 4698 4786 5163 4866 4911 4955 4677 5303 4942 5026 5307 5211 4706 4858 5236 5026 5027 5209 5098 5120 5285 4984 5374 4631 5015 4740 5095 5004 4913 5300 4935 5132 5107 4928 4891 4915 5524 5263 4568 5233 4919 4751 5098 5355 4576 4468 5039 4902 5416 5068 5435 4818 4983 4655 5199 4982 5166 4892 5170 4993 4812 5002 5097 4547 5191 4888 4895 5242 4624 5327 4935 5273 4771 4867 5064 5077 5195 4764 4619 4838 5057 4991 4928 4480 5182 5496 4855 5192 4998 5103 5129 5128 4897 4898 4692 5203 4632 5301 4936 4683 5475 4933 5022 4530 4827 4984 4973 4887 4961 5219 5206 5136 4862 5251 4941 5413 5001 5327 5097 4853 5198 4966 4979 5011 4724 5143 4977 4732 5068 5324 4976 4936 5057 5449 5373 4697 5244 5149 5097 4943 5222 5037 4817 4898 4833 4889 5052 4892 5032 5085 5003 5128 5254 4826 5251 4786 5048 4662 4890 5328 5197 4778 4814 5391 4925 5000 5137 5453 5317 5240 5119 5202 4941 4715 4827 4867 4429 5125 4997 5144 5133 5135 5075 5124 5161 4559 4656 5746 5286 5091 5199 4835 4763 5037 4914 4980 5062 5207 5186 5056 5263 4588 5046 5112 5586 4994 5233 5193 4858 4881 4994 4732 4758 5091 4879 4791 5083 4682 4890 5309
5390 5219 5553 5390 5698 5161 5275 5368 5394 5274 4896 4740 5070 5494 4949 5466 5563 4873 5259 5402 5090 5262 5292 5336 5057 4955 5132 5067 5076 5347 5035 4974 5141 5240 5226 5376 5075 4819 5034 5006 5059 5149 4666 5423 4837 5384 5181 5163 5049 5167 5228 5035 5038 5276 5108 5112 5457 5125 5346 4585 5050 4956 5021 5258 4983 5067 5130 5542 5311 5319 5138 5081 5402 5259 4653 5380 5060 5005 5312 5330 5002 4949 4969 5099 5499 4691 5595 4972 5431 4925 5281 5605 5314 5231 5278 5065 4771 5146 5203 4826 5092 5100 4827 5255 5003 5268 5089 5192 4969 5023 5303 5444 5286 4872 5053 5099 5176 5128 5120 4896 5293 5363 5111 5140 5004 5505 4799 5383 5473 5184 4743 5400 4963 5265 5276 5065 5638 5263 5238 4885 5328 5096 5388 5006 4843 5341 5113 5162 5046 5326 5289 5567 4993 5411 5329 4945 5234 4887 5328 5162 5284 5085 5034 4867 5267 5582 5025 5347 5568 5680 5589 4762 5214 5296 5168 5105 5537 5235 4865 5332 5125 5051 5176 5187 5189 5503 5165 5079 5170 5102 5502 5150 5488 5050 5220 5668 5444 4917 4538 5256 5297 4903 5372 5668 5425 5005 5110 5627 5190 5088 5243 4968 4571 5499 5269 5424 5412 5205 4968 4935 5187 4850 4909 5578 5484 5152 5272 5078 4832 5446 5088 5152 5315 5262 5336 5141 5211 5000 5261 5139 5598 5168 5340 5176 5037 4956 5212 5008 4893 4947 5450 5319 5115 5188 5151 5486
5347 5366 5421 5270 5753 5394 5285 5532 5485 5520 5220 5120 5257 5622 4939 5418 5490 5269 5567 5559 5479 5496 5459 5378 5385 5477 5385 5186 5005 5433 5343 5161 5348 5382 5530 5400 5461 5110 5384 5279 5170 5546 5065 5450 5228 5331 5238 5238 4883 5467 5503 5380 5080 5396 5235 5262 5615 5523 5225 4941 5385 5363 5536 5271 5333 5381 5276 5443 5280 5634 5534 5271 5894 5451 4818 5666 5008 5108 5127 5504 5208 4965 5056 5358 5589 5486 5454 5016 5551 5292 5499 5539 5398 5309 5620 5543 5006 5315 5220 4816 5454 5358 5213 5672 4957 5406 5241 5327 5108 5184 5493 5595 5494 5154 5010 5364 5469 5149 5034 4625 5257 5770 5460 5061 5076 5539 5103 5437 5690 5063 5391 5312 4856 5371 5564 5203 5667 5298 5214 5253 5428 5199 5283 5431 4821 5531 5295 5172 5155 5556 5425 5692 5231 5224 5430 4976 5343 5280 5671 5126 5426 5399 5499 5119 5089 5416 5119 5710 5614 5714 5772 4918 5481 5323 4975 5420 5738 5346 5403 5444 5292 5513 5512 5207 5658 5835 5117 5379 5531 5012 5901 5358 5518 5086 5427 5913 5777 4906 5040 5507 5625 5205 5366 5721 5420 5211 5415 5803 5518 5265 5135 5402 5034 5744 5269 5314 5513 5431 5161 5304 5400 5232 5280 5817 5391 5318 5544 5538 5006 5549 5186 5328 5421 5457 5367 5323 5241 5203 5478 5423 5557 5365 5113 5181 5326 5340 5305 5089 5018 5600 5475 5175 5311 5177 5004 5351
4806 4969 5163 4911 5333 5296 5371 5227 4811 4774 4653 4753 4974 5366 4697 5392 5091 4543 5352 4834 4879 4818 5036 5041 4842 4635 5149 4836 4957 5145 4788 4687 5119 4793 5325 5189 4974 4625 5157 4742 4616 5028 4604 5119 4554 5314 4988 4958 4821 5108 5124 4966 4741 5045 5093 4968 5243 4845 4836 4863 5095 5004 4985 4717 4548 4954 4915 5182 4794 5077 5019 5219 5241 4917 4535 5009 4622 4716 4930 5269 4793 4802 4751 4865 5109 4697 5356 4721 5254 4807 5003 5401 5128 5231 5052 5150 4661 5167 4920 4649 5100 4718 4734 5056 4665 4928 4844 5072 4942 4699 5126 5041 5223 4650 4649 5009 4998 4796 4810 4470 5145 5406 4711 5172 5019 4947 4799 5051 4852 4899 4895 5063 4731 5157 5041 4808 5239 4991 5068 4617 4889 4985 4973 4853 4727 5216 5133 5100 4662 5267 4990 5283 4732 5007 5138 4834 5108 4897 4922 5073 4779 5129 4888 5021 4864 5483 4776 5383 5282 5318 5286 4553 5369 5212 4965 5167 5483 4848 4750 4729 4676 4933 4884 5346 4801 5282 4942 4949 5013 4611 5279 4925 5121 4527 5000 5349 5197 4765 4719 5284 4764 4677 5100 5220 5041 4678 4913 5463 4941 4699 4866 4811 4650 5140 4852 5108 4983 5246 5137 4705 5036 4751 4842 5241 5326 4772 5076 4632 5000 4881 4559 5176 4971 5023 5342 4942 5177 4858 5160 4822 5194 4698 5043 4792 4846 4588 5100 4781 4653 5112 4951 4745 5120 4993 4714 5056
5300 5227 5424 5543 5628 5245 5436 5363 5080 5190 5018 4854 5315 5549 5415 5508 5470 4670 5227 5250 5271 5325 5366 5498 5124 4859 5245 4846 5016 5450 5243 5054 5395 5471 5289 5303 5212 5075 5426 5175 4792 5324 4946 5424 4940 5273 4952 5337 5209 5242 5549 5021 5104 5352 5154 5083 5664 5241 5354 4911 5222 5219 5151 5125 5066 5372 5196 5219 5283 5435 5161 5239 5700 5237 4855 5387 4981 5029 5150 5433 4993 4672 5235 4890 5337 4963 5408 5076 5623 5020 5326 5618 5533 4998 5544 5223 4834 5284 5076 4973 5298 5327 4928 5154 5132 5624 5116 5713 4969 5002 5557 5493 5507 4881 4739 5225 5113 5157 5166 4908 5168 5466 5252 5300 5251 5498 5158 5357 5252 5070 5221 5721 5045 5507 5445 4957 5732 5102 5295 4917 5014 5292 5362 5258 4946 5446 5120 4983 5111 5423 5201 5421 4667 5428 5040 5111 5149 5040 5355 5204 5203 5107 5326 5074 5274 5780 4877 5580 5325 5746 5590 4826 5378 5415 4972 5227 5671 5208 4736 5126 4971 5078 5532 5042 5397 5630 5255 5171 5139 5152 5585 5195 5317 4993 5393 5495 5341 4767 4710 5572 4963 5041 5031 5530 4988 5156 5497 5643 5243 4906 5133 5057 4841 5673 5191 5295 5410 5473 5210 5114 5207 5084 4959 5689 5569 5138 5082 5240 5067 5239 4979 5201 5269 5338 5470 5388 5500 4917 5436 5367 5534 5148 5358 5194 4906 5150 5126 4707 4996 5386 5439 5246 5254 5149 5184 5388
5363 5038 5511 5555 5499 5234 5305 5174 5163 5221 4953 4779 5022 5531 4829 5651 5379 5045 5206 5229 4840 5356 5143 5341 5102 4650 5355 5222 4935 5203 4984 5195 5163 5012 5383 5120 5114 4831 5366 4794 4788 5386 4800 5227 4972 5116 5281 5018 4815 4847 5210 5130 4948 5204 5261 5343 5527 5095 5022 4888 4814 5004 5339 4803 5154 5358 4924 5260 5143 5378 5180 5069 5352 5102 4552 5495 4893 4919 4986 5450 4823 4858 4988 5048 5256 5013 5505 4957 5332 5033 5039 5523 5199 5078 5144 5353 4731 5189 5210 4648 5248 5204 4821 5067 4993 5424 4878 5257 4918 4977 5297 5262 5426 4912 4956 5384 5219 5270 5007 4715 5182 5590 5270 5035 5080 5223 5046 5278 5245 5075 4912 5253 4885 5639 5377 4950 5611 5016 5009 4842 5019 5096 5295 5043 4984 5600 5162 4982 5234 5345 5103 5342 4913 5724 5398 4769 5336 5248 5391 5422 5024 5076 5444 5000 4952 5621 4870 5391 5333 5630 5515 4652 5320 5313 5138 5125 5368 5314 4819 5207 5270 5310 5230 4988 5442 5612 4795 5536 5220 4950 5361 4964 5308 4797 5174 5695 5199 4753 4943 5411 5064 4963 4971 5550 5033 5174 5334 5171 5198 5034 5216 4953 4834 5712 4783 5279 5040 5257 5098 5109 4958 4740 4925 5640 5112 5084 5449 4916 5000 5315 5126 5260 5168 5309 5174 5124 5206 4986 5053 5111 5458 5066 5276 5042 5004 5152 5131 5060 5046 5158 5433 4957 5265 5233 4849 5338
5265 5297 5237 5333 5544 5368 5143 5314 5102 5480 5034 5028 4892 5748 4994 5429 5334 4843 5374 5506 4948 5119 5205 5370 5386 5218 5589 4979 5041 5474 5178 5230 5248 5373 5192 5366 5208 4781 5172 5109 4974 4989 4848 5208 4966 5392 5135 5191 4938 5232 5367 5203 4929 5313 5279 5410 5220 5532 5145 4848 5293 5185 5418 5014 4916 5463 5096 5384 5297 5145 5262 5153 5450 5127 4894 5260 5131 5385 5523 5170 5015 4869 5249 5061 5366 5043 5399 5068 5338 4907 5470 5593 5241 5453 5480 5336 4626 5479 4786 4855 5207 4975 4984 5314 4897 5469 5084 5173 5237 5136 5407 5203 5428 4916 4868 5074 5200 4953 4811 4592 5240 5672 5112 5389 4940 5505 4880 5531 4961 4903 5159 5414 4870 5395 5457 4781 5493 5265 5452 4811 5065 4751 5093 5362 4878 5660 5134 5234 5057 5412 5250 5502 5130 5556 5283 5034 5211 5206 5260 5124 5069 5092 5197 5007 5301 5826 4897 5688 5817 5623 5804 4947 5382 5331 5058 5257 5508 5100 4751 5415 5253 5332 5259 5082 5156 5348 4879 5347 5366 4839 5483 5383 5354 4775 5271 5439 5390 4749 5021 5321 5171 4921 5163 5617 5379 5017 5340 5716 5474 5187 5409 4880 5057 5233 5080 5436 5211 5340 4995 4864 5259 4854 5129 5287 5856 4945 5284 4942 5132 5399 5236 5337 5561 5347 5516 5582 5069 5252 5273 5447 5586 4906 5149 5031 5120 5284 5019 4951 4860 5243 5327 5234 5192 5358 4844 5206
5064 5128 4989 5043 5150 5117 5094 5129 4935 5315 4772 5124 4720 5194 4747 5242 5132 4819 5045 4820 4987 4932 5095 5114 4776 4732 4808 4805 4604 5077 4904 4574 5208 5023 5109 4578 4601 4723 4982 5065 4762 4961 4575 5042 4739 5106 4875 4954 4698 4724 5091 5128 4881 5036 4636 4963 5192 5005 4966 4638 5085 4702 4940 4660 4711 5355 5015 5130 4807 5027 4990 5089 5681 4926 4328 4951 4691 4896 4867 5333 4781 4529 4878 4849 5025 4898 5333 4565 5012 4866 5025 5451 5138 4992 5246 4675 4867 4901 4877 4392 4926 4712 4960 4944 4624 4985 4602 5129 4721 4864 4951 5209 5535 4661 4529 4922 5023 4874 4723 4294 5161 5424 4815 4894 4796 4782 4554 5109 5223 4685 4588 4893 4572 5051 5303 4686 5292 5064 5076 4445 4738 4902 4763 4798 4674 5236 4894 4847 4819 4964 5049 4994 4736 5173 4958 4546 4915 4733 4871 4821 4880 4892 5141 4695 5016 5199 4846 5298 5146 5170 5204 4519 5025 4941 4732 5020 5268 4957 4382 4917 4806 4695 5201 4924 4748 5154 4589 5249 5044 4721 5105 4898 5019 4712 4770 5067 5195 4779 4701 5258 4995 4535 5033 5302 4875 4773 4821 5279 4909 4666 4703 4941 4621 5267 4766 5180 5303 5048 5106 4643 4982 4757 4530 5048 5156 4861 5028 4989 4774 5178 4891 4838 5059 5000 5205 5107 4793 4827 4945 5160 5184 4792 5026 4876 4866 4662 4771 4627 4472 5256 4972 4831 4892 5097 4775 4960
5580 5526 5485 5336 5512 5530 5218 5800 5589 5547 5087 4977 5505 5804 5490 5637 5718 5220 5415 5207 5451 5550 5417 5537 5582 5335 5483 5086 5214 5518 5094 5377 5507 5622 5611 5412 5340 5069 5592 5251 4924 5694 4849 5463 5306 5739 5447 5594 5231 5262 5187 5142 5382 5814 5297 5375 5886 5311 5460 4920 5359 5176 5744 5366 5233 5315 5494 5480 5209 5568 5517 5589 6105 5390 5054 5680 5239 5234 5657 5923 5300 4990 5373 5280 5806 5136 5832 5108 5753 5407 5644 5967 5559 5519 5562 5515 5184 5353 5221 5059 5494 5282 5270 5484 5299 5578 5173 5629 5144 5221 5764 5657 6054 5327 5020 5566 5320 5349 5449 5153 5439 5868 5317 5463 5257 5712 4934 5562 5390 5250 5276 5683 4985 5602 5645 5381 5779 5543 5519 5075 5534 5507 5100 5473 5153 5648 5496 5253 5295 5517 5498 5549 4952 5810 5580 5228 5525 5537 5463 5383 5506 5361 5398 5028 5248 5762 5328 5377 5852 5601 5717 5249 5824 5346 5271 5401 5877 5637 4974 5405 5143 5176 5514 5412 5427 5606 5258 5501 5367 5039 5556 5375 5560 4986 5543 5782 5485 4871 5031 5602 5297 5316 5543 5848 5127 5052 5234 5571 5429 5252 5350 5151 4768 5938 5331 5428 5679 5557 5461 4976 5479 5115 5103 5972 5617 5384 5562 5229 5153 5691 5499 5467 5526 5588 5793 5624 5228 5092 5351 5330 5731 5494 5487 5194 5515 5488 5441 4808 4995 5485 5615 5227 5294 5275 5433 5477
5023 5313 5350 5312 5655 5606 5567 5619 5136 5270 4831 5345 5167 5596 5041 5576 5376 4834 5392 5466 5299 5375 5598 5445 5224 4900 5228 5254 5215 5496 5073 4831 5520 5236 5285 5491 5201 5138 5192 5031 5059 5443 4943 5245 5070 5431 5318 5288 5106 5051 5670 5446 5057 5498 4972 5202 5716 5350 5380 4714 5381 5242 5434 5036 4970 5446 5253 5351 5170 5323 5325 5429 5761 5310 4867 5400 5063 5233 5009 6005 4900 4834 5112 5233 5392 5365 5634 4999 5332 4924 5383 5651 5524 5337 5453 5452 5100 5369 5101 4711 5327 5435 4945 5356 5205 5510 4844 5415 5280 5135 5724 5592 5570 4715 4804 5205 5432 5049 5231 4996 5213 5583 5153 5224 5318 5302 5420 5415 5098 5005 5170 5599 5076 5428 5662 5058 5583 5346 5155 4688 5305 5104 5115 5120 4873 5380 5238 5307 5024 5627 5388 5480 5026 5755 5337 5100 5450 5474 5432 5470 5253 5212 5386 5248 5209 5738 5138 5337 5524 5547 5737 4996 5468 5386 5289 5188 5579 5298 4765 5385 5169 5157 5452 5075 5296 5588 4892 5494 5431 5117 5627 5218 5412 5095 5153 5639 5327 4826 4944 5678 5141 5285 5469 5678 5161 5153 5412 5399 5143 4990 5190 5199 4857 5445 5178 5437 5597 5557 5171 4764 5290 5139 4876 5532 5583 5155 5699 5105 5216 5436 5070 5311 5453 5370 5595 5490 5449 4990 5288 5417 5551 5202 5191 5307 5051 5136 5113 5401 4823 5526 5285 5124 5376 5304 5079 5283
5144 5296 5112 5242 5427 5309 5651 5165 5082 5160 4914 4785 4835 5387 5012 5618 5265 4706 5107 5393 5104 5194 5306 5401 5136 4734 5228 5096 5018 5199 5007 5116 5135 5040 5298 5310 5045 4707 5264 4883 4950 5174 4781 5100 4864 5414 5122 5105 4904 5446 5206 5245 4857 5379 5103 5329 5480 5015 5090 4859 5268 5081 5102 4715 4980 5276 5118 5101 5003 5377 5340 5117 5429 5134 4600 5271 4966 5099 4924 5503 4882 4633 4889 4890 5350 5106 5597 5019 5349 5015 5395 5441 5264 5439 5347 5325 4825 5043 4854 4780 5257 5196 4729 5145 4871 5509 5033 5232 4952 5032 5437 5280 5509 4790 4922 5372 4974 4902 5175 4829 5391 5414 4829 4901 5272 5209 5018 5084 4975 4925 5040 5380 4602 5304 5473 5015 5316 5015 5241 4594 4957 4956 5120 4794 4549 5239 5102 4997 5174 5161 5419 5471 4920 5225 5046 5036 5290 5319 4970 5084 5128 4922 4989 4917 4943 5307 5100 5547 5387 5459 5596 4642 5414 5355 4963 5015 5647 5117 4503 5360 4970 5263 5271 5020 5237 5420 4959 5402 5099 4988 5273 4983 5367 4779 5037 5491 5267 4791 4886 5576 5123 5097 4939 5254 5146 4781 5560 5573 5226 4897 5086 4899 4855 5334 4898 5411 5348 5382 5043 4822 4981 4893 4702 5476 5339 5091 5238 5081 4713 5420 5211 5170 5476 5151 5257 5428 5364 5126 5196 5289 5453 4891 4989 4946 4994 5193 5250 4761 4864 5337 5718 4956 5200 5143 4920 5361
5349 5453 5454 5480 5667 5439 5257 5442 5359 5587 4895 4879 5195 5937 5268 5638 5765 5083 5311 5471 5352 5315 5476 5586 5226 5265 5613 5305 5429 5527 5174 4974 5574 5304 5574 5473 5384 4900 5313 5003 5254 5617 4818 5433 5091 5723 5161 5321 5094 5395 5483 5316 5095 5473 5287 5451 5650 5189 5511 5033 5461 5049 5522 5654 5000 5307 5486 5672 5178 5814 5515 5584 6008 5253 4790 5474 5263 5402 5601 5734 5253 5119 5171 5138 5625 5316 5451 5082 5214 5192 5706 5839 5622 5372 5621 5492 5110 5305 5435 4933 5440 5154 5143 5372 5091 5447 5114 5255 5342 5130 5628 5580 5414 5220 5242 5293 5340 5150 5029 5003 5584 5781 5255 5362 5275 5633 5046 5552 5631 5476 5432 5420 4910 5480 5389 5018 5554 5397 5571 4879 5204 5284 5330 5346 4924 5399 5353 5179 5063 5672 5493 5537 5144 5497 5453 5094 5508 5305 5586 5282 5362 5128 5340 5015 5338 5657 5056 5396 5737 5790 5865 5177 5731 5550 5171 5310 5596 5531 5281 5732 5093 5383 5685 5640 5362 5797 5086 5543 5186 5092 5608 5235 5526 5071 5515 5849 5432 4993 4958 5555 5392 5020 5429 5633 5290 5209 5537 5443 5241 5134 5013 4860 4900 5796 5369 5717 5640 5378 5195 5355 5427 5215 5215 5635 5263 5436 5693 5286 5258 5683 5378 5377 5403 5689 5618 5563 5157 5102 5204 5356 5676 5391 5427 5042 5463 5183 5325 5129 4915 5535 5551 5312 5370 5429 5033 5417
5139 5255 5221 5160 5385 5124 5184 5096 5202 5499 4826 4879 4891 5507 4868 5573 5287 5098 5318 5135 4844 5484 5266 5120 5197 5072 5228 5132 5124 5259 5184 5094 5219 5052 5246 5034 4871 4900 5370 5107 5200 5188 4993 5065 5154 5288 5249 5127 5022 5425 5282 5049 4949 5085 4935 5074 5469 4893 5017 4819 5026 5043 5057 5020 4929 5198 5104 5288 5177 5373 5377 5250 5759 5201 4402 5372 5133 5121 5153 5562 4918 4945 5005 5145 5261 4763 5484 4778 5217 5298 5267 5534 5407 5350 5392 5069 5085 5179 5320 4709 5409 5112 4626 5074 4824 5210 5097 5160 5175 4919 5373 5227 5499 4809 4632 4756 5191 4864 5294 4526 5547 5774 5341 4998 4912 5095 4943 5428 5261 4850 4719 5366 4832 5219 5354 4879 5290 5128 5221 4795 5328 4953 5057 4877 4857 5168 5434 5312 4991 5308 5355 5357 5086 5261 5260 4909 5459 5097 5172 5198 5001 5155 5116 4926 5095 5434 4900 5272 5366 5230 5500 4722 5408 5187 5046 5075 5299 5197 4808 5106 5001 4948 5227 5068 4990 5460 5034 5146 5212 5025 5407 5124 5378 4999 5105 5659 5210 5156 4845 5452 5217 4936 5384 5489 5050 4989 5114 5470 5223 5126 5128 5115 4897 5494 4806 5427 5387 5375 5142 5018 5162 4980 4759 5504 5285 5110 5275 5061 4876 5382 5108 5177 5316 5148 5186 5238 5050 5150 5270 5319 5323 5159 5212 5170 5224 5052 4961 4873 4499 5138 5251 5086 5164 5125 5128 5493
5791 5538 5480 5625 5516 5614 5528 5519 5450 5834 5090 5156 5307 5879 5208 5738 5692 5303 5507 5639 5403 5759 5689 5517 5341 5131 5661 5028 5198 5781 5453 5490 5651 5656 5542 5686 5407 5079 5292 4978 5024 5592 4888 5526 5047 5611 5414 5589 5266 5235 5543 5414 5167 5913 5586 5662 5766 5456 5136 5186 5300 5284 5644 5356 5104 5639 5386 5592 5461 5744 5300 5782 5845 5510 4705 5511 5034 5515 5519 5749 5261 5219 5020 5321 5580 5346 5420 4964 5773 5355 5660 5778 5642 5376 5788 5771 5008 5393 5484 4867 5713 5726 5487 5644 5237 5590 5190 5348 5418 5301 5887 5643 5417 5154 4982 5485 5829 5398 5331 5075 5819 5740 5255 5563 5266 5558 5187 5726 5764 5203 5328 5673 5091 5678 5510 5017 6113 5335 5280 5323 5511 5405 5197 5523 4673 5668 5363 5332 5335 5665 5654 5839 5284 5818 5451 5132 5665 5450 5598 5386 5410 5553 5421 5201 5437 5916 5280 5636 5923 5887 6044 5179 5853 5425 5435 5362 5875 5642 4997 5495 5174 5005 5656 5369 5379 5748 5284 5639 5349 5054 5770 5460 5586 5272 5543 5875 5571 5158 4995 5716 5358 5118 5560 5964 5352 5294 5788 5784 5558 5281 5413 5385 5343 5737 5579 5637 5394 5554 5160 5294 5439 5322 5323 5655 5446 5629 5691 5499 5422 5481 5272 5284 5223 5727 5717 5722 5473 4976 5328 5380 5554 5322 5255 5160 5476 5418 5194 5217 5059 5604 5414 5259 5584 5396 5172 5524
5645 5440 5356 5251 5691 5696 5391 5015 5279 5303 4998 5194 5531 5535 5152 5555 5476 5140 5630 5493 5277 5475 5247 5387 5088 4997 5418 5081 4960 5868 5516 4999 5434 5306 5390 5660 5293 5161 5420 5046 4984 5277 4933 5299 5059 5251 5541 5163 4889 5052 5502 5015 5130 5711 5453 5415 5725 5280 5487 4998 5259 5265 5468 5273 4808 5483 5147 5440 5194 5660 5385 5247 5571 5199 4782 5310 5106 5354 5211 5710 5256 5038 4988 5051 5506 5254 5361 4959 5491 5072 5624 5466 5190 5120 5385 5561 4957 5253 5055 4857 5432 5116 4914 5209 5048 5475 5235 5587 5314 5289 5601 5465 5326 4961 4949 5142 5099 5375 5033 4721 5330 5930 4946 5350 5359 5438 5196 5395 5261 5115 5131 5641 4919 5559 5577 4968 5604 5288 5406 4880 5289 5119 4906 5154 5024 5420 5407 5238 4763 5874 5248 5480 4950 5354 5289 5039 5395 5426 5232 5270 5067 5318 4993 5188 5239 5650 5103 5446 5262 5704 5661 4930 5535 5517 5018 5062 5515 5273 4877 5197 5017 5119 5518 5086 5595 5646 5333 5142 5447 5008 5524 5280 5461 5029 5299 5699 5583 4770 4790 5474 5400 5226 5404 5704 5376 5276 5578 5425 5156 5011 5435 5283 4818 5765 5124 5385 5393 5281 5193 5067 5240 5005 4943 5841 5493 5047 5478 5367 5154 5210 5182 5501 5435 5671 5437 5659 5394 5003 5174 5334 5533 5207 5134 5070 5094 5336 5322 5140 4739 5474 5332 5360 5628 5046 5277 5524
4833 4697 4881 4919 4872 4693 4843 4770 4685 4587 4530 4321 4713 5063 4609 5090 4954 4228 4890 4683 4520 4835 4808 4880 4667 4541 4734 4624 4510 5100 4883 4581 4957 4873 4681 4725 4673 4342 5258 4449 4360 4655 4384 4741 4549 4906 4483 4601 4538 4798 4848 4510 4671 4915 4515 4640 5212 4689 4768 4358 4857 4646 4988 4734 4302 5042 4731 4929 4564 4994 4728 4674 5450 4907 4347 4779 4609 4553 4695 4912 4752 4298 4627 4843 4788 4548 4965 4607 4757 4810 4979 5102 4922 4785 4994 4776 4228 4919 4553 4457 4730 4514 4517 4709 4422 4895 4706 4855 4597 4832 4974 4640 4827 4577 4170 4713 4875 4516 4708 4350 5086 5136 4745 4546 4642 5033 4572 4873 4674 4827 4549 4947 4363 4854 4741 4610 5290 4663 4616 4389 4718 4801 4849 4450 4533 4813 4785 4617 4454 5003 4738 4851 4374 4764 4916 4382 4727 4794 4784 4615 5013 5115 4647 4604 4860 5081 4531 4897 4918 5504 4904 4303 5168 4813 4555 4669 5165 4760 4287 4856 4620 4793 4630 4471 4833 4864 4759 4720 4967 4517 5298 4672 4925 4540 4758 5195 4735 4306 4437 5106 4817 4373 4750 5177 4720 4614 4960 4962 4713 4267 4549 4626 4375 5031 4782 4910 5043 4945 4688 4526 4726 4842 4770 5284 4901 4719 4679 4480 4546 4824 4702 4835 4888 4695 4885 5089 4661 4662 4938 4699 4883 4361 4646 4691 4668 4627 4783 4417 4251 4686 4767 4762 4800 4718 4772 4898
5706 5705 5585 5423 5893 5785 5697 5837 5270 5582 5258 5359 5407 5832 5348 5677 5833 5459 5845 5757 5513 5455 5544 5772 5496 5467 5400 5143 5787 5701 5541 5332 5638 5585 5912 5785 5470 5368 5802 5686 5492 5604 5062 5762 5268 5868 5511 5336 5459 5681 5535 5226 5238 5842 5739 5676 5974 5518 5508 4998 5858 5716 5606 5279 5383 5510 5629 5714 5535 5842 5816 5590 5897 5522 5202 5730 5599 5512 5663 5802 5603 5149 5466 5383 5805 5221 6000 5227 6094 5460 5925 5753 5581 5513 5905 5635 5468 5387 5383 5191 5609 5722 5075 5558 5043 5760 5259 5582 5320 5446 5884 5809 5679 4963 5291 5528 5611 5159 5386 5142 5757 5861 5603 5580 5401 5783 5434 5815 5650 5606 5399 5802 5208 5866 5668 5515 5756 5569 5827 5168 5787 5752 5206 5485 5001 5701 5480 5340 5330 5659 5602 5517 5372 5806 5594 5432 5596 5229 5431 5638 5517 5411 5612 5467 5619 6110 5405 6061 5753 5908 6057 5235 6003 5701 5525 5748 6059 5490 5029 5578 5197 5214 5733 5401 5354 6035 5443 5500 5643 5435 5896 5552 5652 5227 5344 5859 5740 5266 5185 5797 5406 4964 5385 5792 5404 5337 5578 5830 5374 5140 5538 5243 5193 5742 5434 5827 5905 5838 5360 5403 5602 5357 5211 5851 5790 5270 5564 5456 5461 5460 5411 5503 5747 5749 5899 5494 5472 5354 5729 5686 5976 5297 5443 5489 5279 5521 5502 5324 5345 5708 5543 5707 5347 5438 5548 5691
5280 5205 5206 5240 5558 5565 5109 5213 5012 5371 4888 4875 5328 5644 4765 5482 5123 4795 5192 5279 5210 4926 5374 5347 5064 5034 5228 5116 5134 5239 4979 4962 5310 5195 5558 5178 4922 4779 5247 5044 4769 5493 4829 5261 4762 5451 5135 5128 4835 5127 5080 5091 5158 4983 5034 5077 5422 5014 5266 4732 5030 4963 5255 5225 4895 5406 5004 5419 5247 5164 5204 5217 5521 5015 4695 5171 4956 5183 5147 5404 4846 4970 4987 5008 5537 5061 5201 4751 5178 4977 5249 5551 5398 5347 5163 5321 4976 5157 4972 4744 5265 5176 4777 5078 5052 5401 4517 5200 5276 4977 5445 5756 5379 4884 5004 5200 4907 4879 5142 4608 5158 5674 5086 5064 5053 5400 5097 5329 5224 5007 5172 5277 4842 5314 5236 4849 5486 5093 5160 4837 5038 5084 5084 5026 4881 5497 5299 5159 4910 5312 5267 5553 5083 5641 5176 4945 5447 5351 5365 5367 5019 4948 5243 4947 5064 5728 4917 5217 5422 5688 5536 4760 5358 5402 4938 5224 5315 5300 4976 5464 4929 5218 5355 5121 5091 5300 4939 5250 5062 5094 5365 5093 5180 4843 5292 5570 5290 4545 4654 5588 5118 4904 5215 5400 5051 4920 5258 5423 5300 4939 5119 4813 4823 5520 4978 5584 5133 5290 4984 4821 5123 5084 4669 5459 5440 5037 5237 4908 4794 5393 4902 5059 5244 5181 5057 5256 5132 5000 4929 5400 5144 4991 5222 4927 4961 5238 5272 4742 4723 5373 5271 5092 5131 5110 4916 5504
5261 5486 5201 5555 5528 5312 5258 5449 5308 5373 4851 4928 5182 5635 4865 5260 5523 5067 5357 5493 5170 5417 5399 5340 5193 5351 5339 5062 5049 5326 5049 5225 5571 5349 5562 5173 5340 4896 5307 5026 4964 5174 4901 5021 5062 5544 5081 5117 5170 5297 5254 5201 4916 5404 5006 5434 5688 5010 5148 4891 5186 5085 5255 5027 5102 5199 5234 5529 5068 5544 5119 5116 5691 5151 4772 5462 5006 5163 5392 5552 5151 4976 5222 5250 5698 5280 5310 5077 5452 5018 5670 5708 5317 5235 5486 5489 4915 5301 5254 4947 5486 5278 5052 5635 4985 5511 4824 4968 5228 4946 5474 5381 5336 5088 5281 5271 5416 5161 5141 4953 5347 5634 5367 5362 5194 5419 5022 5471 5232 5278 5233 5339 4807 5767 5446 5145 5565 5285 5065 4907 5047 5057 5110 5156 4636 5356 5063 5185 5109 5345 5244 5419 4957 5222 5019 5209 5318 5370 5355 5258 5096 5360 5389 4963 5219 5668 5006 5462 5497 5695 5578 5016 5434 5426 5021 5375 5673 5275 4857 5360 4981 5306 5587 5204 5116 5509 5106 5499 5098 4894 5541 5213 5186 4855 5342 5393 5399 4945 4635 5401 5066 4985 5335 5465 5181 4825 5413 5491 5250 4935 5070 4930 4597 5685 5030 5458 5276 5309 5286 5082 5344 5141 4933 5577 5582 5070 5412 5188 5123 5574 5070 5088 5217 5620 5199 5470 5105 5251 4898 5196 5645 5136 5356 4732 5180 5193 5412 4964 4829 5064 5580 4966 5110 5427 4990 5386
5359 5409 5480 5317 5611 5449 5292 5220 4941 5067 5005 4871 5259 5604 4853 5366 5528 4555 5437 5125 5243 5179 5348 5444 5283 5024 5398 4868 5296 5527 5298 5260 5194 4922 5469 5518 5169 5110 5169 5093 5008 5151 4912 5331 5084 5410 5247 5216 5251 5491 5235 5133 4924 5583 5090 5303 5543 5135 5196 4945 5314 5136 5326 4860 5271 5156 4947 5446 5429 5291 5192 5260 5573 5210 4519 5463 5020 5372 5191 5686 4846 5102 5367 4999 5721 5111 5710 5034 5588 4864 5322 5444 5366 5018 5183 5280 4915 5418 5266 4915 5276 5187 4612 5309 4749 5414 4990 5304 4941 5015 5438 5452 5386 4935 5139 5251 5346 5225 5188 4830 5129 5620 5181 5224 5136 5514 5290 5486 5307 5158 5288 5706 4754 5419 5437 4821 5404 5221 5059 5032 5174 4942 5346 5155 4977 5281 5021 5181 5227 5702 5188 5486 4848 5337 5432 5133 5377 5116 5479 5453 4844 5121 5096 5224 5194 5850 5150 5756 5434 5644 5655 4834 5434 5372 5132 5264 5625 5492 4858 5214 4928 5283 5518 5326 5395 5556 4969 5488 5367 5136 5498 5160 5467 4944 5192 5818 5475 4908 4796 5468 5043 4949 5388 5693 5157 5060 5275 5419 5257 5301 5016 4909 4929 5466 5120 5362 5484 5468 5113 5155 5286 4820 5020 5561 5516 5385 5483 5129 5016 5483 5020 5287 5437 5709 5170 5279 5416 5193 4936 5205 5568 5284 5251 5192 5169 5120 5366 5031 4911 5370 5557 5334 5141 5320 5050 5776
5235 5004 5304 5441 5289 5324 5178 5104 5161 5330 4935 5136 4925 5530 4546 5181 5281 5214 5345 5148 5065 5106 5213 5183 5094 5011 5225 4960 4747 5086 4798 4729 5663 5060 5295 5245 5077 4763 5461 4708 4872 5288 4659 5325 4887 5252 5348 5155 4818 4975 5399 4981 4798 5170 4835 5269 5511 4901 5140 5071 5092 4931 5222 4948 4873 5100 4946 5308 5088 5190 5045 5382 5572 5005 4567 5265 4828 4916 5133 5309 5171 4691 5231 5061 5425 5016 5099 4938 5263 4977 5252 5510 5067 5231 5264 5233 4644 5294 5146 4779 5375 5102 5119 5215 4926 5114 4803 5057 4901 4950 5341 5316 5191 4846 4751 5294 5275 5146 4971 4836 5067 5653 5133 5506 5056 5137 5137 5173 5150 4897 5100 5369 5043 5251 5289 4921 5301 5193 5201 4740 5221 4702 4770 5294 4917 5153 5215 4987 4920 5293 4968 5356 4789 5388 5219 4997 5046 5032 5087 5179 4898 5151 5173 4792 5209 5354 4776 5187 5510 5326 5489 4929 5447 5369 5135 5189 5432 5357 4826 5219 5002 5277 5367 5064 4976 5559 4871 5231 4986 4874 5403 5134 5190 4709 5229 5453 5291 4707 4851 5364 4925 4958 5321 5396 5195 5035 4935 5446 5315 4914 5074 4848 4718 5371 4901 5259 5230 5399 5134 4919 5195 4931 4812 5661 5397 5046 5115 4842 5193 5069 5011 5054 5047 5236 5171 5265 5235 5154 5136 4988 5312 4958 5209 5055 5161 4961 5049 4871 4676 5163 5212 4936 5367 5047 4910 5056
5592 5134 5355 5276 5634 5397 5366 5242 5493 5330 4797 5052 5181 5644 5071 5536 5368 5074 5439 5412 5472 5543 5233 5492 5123 5086 5370 5260 5176 5434 5272 4992 5465 5238 5510 5220 5252 5041 5350 5192 5174 5378 5043 5272 4871 5596 5163 5129 5149 5393 5405 5169 4736 5430 5322 5073 5529 5338 5215 5049 5365 5164 5420 5058 4941 5409 5155 5390 5242 5421 5558 5209 5649 5262 4684 5353 4840 5134 5050 5495 5016 5011 5311 5020 5405 5102 5563 4798 5435 5267 5524 5812 5274 5292 5407 5350 4954 5440 5336 4924 5457 5448 5112 5533 4984 5398 5025 5351 4953 4944 5262 5653 5609 4945 4997 5453 5302 4979 5170 4933 5536 5934 5195 5211 5489 5528 5118 5295 5770 5085 5182 5656 5037 5555 5588 5301 5519 5531 5133 4921 5190 5226 5414 5212 4815 5282 5063 5380 4999 5578 5356 5448 5045 5307 5556 5165 5286 4941 5109 5133 5066 5275 5190 5356 5570 5582 5062 5425 5684 5541 5664 4889 5408 5409 5240 5444 5697 5470 4932 5442 5031 5190 5331 5348 5219 5663 5081 5371 5591 5155 5813 5137 5478 4947 5519 5534 5619 4871 4784 5665 4996 5061 5284 5704 5431 4964 5447 5616 5253 5079 5149 4972 4881 5474 4968 5542 5476 5353 5202 5068 5345 5397 5169 5895 5607 5107 5551 5340 5033 5504 5057 5452 5405 5175 5455 5551 5292 4968 5523 5228 5522 5054 5414 5097 5145 4981 5421 4977 4982 5406 5494 5411 5341 5176 5153 5303
5471 5327 5438 5706 5469 5458 5553 5391 5241 5448 5080 5283 5164 5669 5091 5755 5307 4828 5498 5259 5370 5326 5607 5340 5099 5204 5389 5290 5321 5460 5401 5097 5366 5263 5432 5426 5252 4998 5401 5347 5348 5379 4922 5190 5088 5299 5158 5317 5280 5183 5498 5409 5240 5581 5287 5094 5852 5239 5409 4794 5457 5234 5470 4994 5393 5647 5414 5486 5069 5244 5567 5419 5574 5649 4734 5449 5000 5349 5334 5507 5115 4796 5251 5049 5571 5151 5680 5251 5512 5295 5411 5572 5516 5199 5391 5484 4814 5494 5290 4585 5359 5387 5118 5352 4992 5552 5326 5466 5375 5245 5530 5512 5654 4647 4968 5094 5437 5323 5405 5155 5538 5852 5651 5567 5167 5400 5071 5689 5468 5227 5158 5628 5088 5506 5586 5144 5819 5375 5192 5223 5337 5348 5162 5059 4921 5647 5415 5269 5290 5365 5473 5633 5157 5593 5422 5052 5544 5335 5393 5467 5303 5127 5340 5046 5351 5713 5023 5554 5591 5802 5760 4786 5374 5442 5215 5396 5805 5200 4855 5317 4976 5159 5406 5194 5251 5682 5213 5442 5333 5084 5889 5443 5455 4998 5147 5723 5505 4987 4843 5823 5014 5158 5368 5640 5588 5152 5408 5435 5234 5202 5415 5218 4952 5371 5157 5352 5301 5420 5375 5109 5133 5001 4715 5670 5567 5510 5612 5103 5176 5522 4978 5269 5678 5443 5594 5424 5367 5262 5389 5359 5715 5115 5526 5322 5337 5116 5328 5182 4800 5333 5209 5410 5299 5257 4957 5675
5308 5280 5311 5373 5669 5140 5213 5405 5397 5468 4797 4932 5001 5367 4858 5428 5645 5238 5281 5482 4898 5108 5267 5326 5154 5220 5153 5055 5017 5380 5126 4982 5254 5357 5299 5390 5099 4820 5245 5212 4927 5164 4929 5309 5022 5304 5174 5111 5220 5234 5321 5043 5080 5581 5137 5276 5629 5253 5290 4876 5324 5350 5441 5059 5239 5264 5250 5420 5218 5324 5257 5342 5589 5233 4825 5183 5092 4924 5197 5470 4961 5007 4878 4950 5275 5087 5688 4893 5335 5415 5313 5679 5294 4987 5429 5312 4902 5355 5250 5043 5342 5283 4899 5291 4841 5449 4641 5363 5094 5091 5279 5670 5353 5053 4749 5201 5467 5176 4989 4775 5057 5618 5261 4900 5287 5241 5241 5595 5448 5133 5099 5524 5055 5382 5727 4957 5532 5096 5190 4854 5182 5253 4997 5071 4635 5339 5109 5308 4775 5279 5262 5143 5067 5532 5293 5291 5167 5096 5292 5330 5162 5175 5202 5143 5308 5730 5002 5421 5340 5611 5473 4991 5336 5133 5136 5405 5490 5366 4702 5292 4991 5100 5395 5258 5366 5469 5058 5553 5489 4997 5500 5193 5400 5038 5374 5583 5376 5132 4840 5518 5491 4998 4899 5534 5219 4864 5410 5669 5236 5126 5209 5040 4986 5759 5000 5631 5508 5307 5022 5144 4920 5270 4851 5519 5450 4993 5605 5217 5164 5339 5092 5507 5228 5468 5331 5405 5224 5181 5315 5279 5474 5246 5161 4927 5165 4982 5042 4820 4702 5379 5576 5187 5219 5132 4973 5311
5590 5500 5398 5436 5804 5540 5417 5562 5526 5653 5058 5215 5260 5679 5485 5580 5634 5391 5617 5630 5307 5409 5598 5621 5161 5107 5431 5319 5267 5590 5489 5388 5624 5559 5410 5681 5033 5317 5730 5223 5175 5624 5273 5465 5226 5699 5295 5402 5308 5430 5607 5210 5132 5647 5533 5414 5882 5577 5453 5349 5580 5491 5414 5185 5079 5548 5683 5498 5379 5668 5462 5446 5839 5590 4979 5668 5224 5207 5330 5625 5209 4952 5227 5398 5724 5165 5855 5051 5535 5404 5787 5717 5499 5417 5731 5387 5110 5521 5336 5121 5317 5378 5243 5290 5203 5550 5255 5851 5247 5145 5730 5717 5886 5004 4764 5281 5626 5185 5367 5026 5816 5839 5602 5473 5366 5542 5449 5712 5492 5422 5259 5681 5056 5769 5378 5216 5890 5413 5782 5001 5375 5275 5215 5294 5020 5640 5529 5198 5033 5472 5582 5813 4998 5581 5411 5136 5648 5509 5581 5159 5553 5400 5418 5116 5232 5707 5286 5662 5849 5919 6024 5135 5574 5711 5298 5478 5686 5547 5026 5450 5220 5127 5358 5534 5220 5749 5576 5420 5377 5167 5706 5135 5744 4947 5478 5831 5438 5155 5255 5694 5550 5207 5433 5843 5273 5303 5406 5600 5494 5314 5603 5139 4943 5648 5199 5656 5553 5521 5284 5172 5607 5329 5133 5950 5964 5422 5450 5233 5170 5687 5489 5490 5666 5859 5726 5463 5402 5139 5598 5835 5705 5228 5170 5516 5464 5153 5146 5282 5074 5552 5575 5232 5327 5285 5522 5559
5789 5727 5502 5927 5996 5813 5655 5646 5536 5939 5398 5498 5694 5816 5342 5781 5502 5432 5614 5753 5265 5835 5616 5748 5553 5461 5818 5234 5549 6045 5379 5611 5864 5812 5690 5706 5617 5289 5717 5585 5345 5798 5247 5586 5488 5840 5505 5446 5453 5409 5650 5547 5578 5832 5680 5665 6171 5604 5623 5115 5578 5511 5901 5574 5504 5710 5849 5706 5609 5938 5689 5797 5887 5450 5077 6012 5272 5563 5732 6005 5590 5106 5388 5460 5765 5269 5926 5434 5908 5486 5889 5931 5729 5699 5679 5793 5305 5775 5477 5221 5772 5672 5640 5861 5295 6161 5352 5841 5804 5360 5544 5757 5987 5490 5347 5775 5673 5357 5454 5362 5848 6281 5686 5548 5553 5905 5595 6075 5870 5678 5559 5996 5256 6075 5607 5427 6050 5535 5800 5099 5634 5529 5511 5559 5392 5718 5610 5414 5568 5914 5881 6109 5691 5836 5717 5345 5796 5524 5756 5569 5618 5661 5552 5385 5639 6164 5388 5954 5906 5965 5998 5265 5790 5645 5667 5646 6024 5894 5064 5740 5152 5738 5794 5354 5634 5984 5552 6074 5684 5368 5922 5687 5664 5510 5742 5980 5703 5294 5164 5795 5364 5439 5360 6242 5684 5547 5903 6141 5512 5430 5654 5348 5198 5955 5653 5863 5746 5468 5569 5109 5842 5348 5389 6043 5736 5687 5640 5612 5432 6054 5430 5845 5701 5940 5768 6064 5621 5441 5589 5716 6049 5421 5777 5634 5715 5484 5415 5371 5350 5835 6075 5672 5697 5606 5512 5685
5349 5052 5328 5392 5699 5210 5384 5221 5095 5467 5005 4968 5179 5622 5094 5316 5383 4852 5233 5194 4908 5249 5223 5345 5167 4947 5247 5105 5020 5264 5196 4893 5291 5413 5185 5466 5155 4588 5388 4950 4752 5069 4713 5255 5037 5286 5154 5142 5185 4913 5256 5331 5152 5478 5107 4996 5428 5304 5065 4812 4936 5223 5336 4930 5174 5138 5049 5229 4916 5442 5025 5243 5507 5238 4546 5242 4929 5001 5030 5488 5014 4737 4846 5093 5322 4954 5556 4732 5429 5192 5014 5466 5179 5054 5246 5382 4952 5429 4958 4836 5151 5099 4979 5202 4864 5188 4872 5195 5111 5096 5284 5501 5424 5024 4699 5193 5241 5114 5151 4519 5326 5549 5062 5082 5140 5349 5090 5361 5105 5242 5055 5274 4847 5433 5292 4993 5525 5001 5327 5028 5132 4947 5133 4776 4867 5321 5097 5044 5076 5414 5239 5565 4906 5230 5242 4833 5030 5002 5148 5218 5356 5165 5003 4994 4872 5507 4958 5235 5364 5424 5540 4772 5236 5066 5239 5116 5365 5264 4425 5236 4937 5274 5338 5220 5227 5402 5060 5292 5176 5123 5147 5098 5424 5039 5356 5415 5315 4895 4701 5485 5260 4963 5173 5388 5225 4975 5331 5428 5346 5154 5075 5083 4732 5530 5033 4971 5254 5291 4802 5011 5169 5027 4729 5495 5241 5007 5121 4912 4832 5102 5256 5397 5038 5211 5241 5264 5232 4958 5330 5236 5288 5077 5281 5241 5179 4916 4974 5031 4611 5185 5261 5258 5245 5203 5089 4984
5536 5412 5119 5461 5439 5457 5124 5344 5280 5148 5012 5076 5320 5678 5069 5406 5448 4797 5539 5324 5133 5051 5328 5215 5257 5295 5315 4608 5205 5302 5071 5027 5480 5286 5347 5316 5084 4982 5257 4946 4812 5304 4730 5335 4845 5202 5265 5137 5071 5286 5230 5109 5112 5374 5406 5265 5623 5316 5231 4767 5047 5062 5374 5033 5239 5442 4971 5232 4902 5315 5099 5154 5452 5275 4451 5130 5086 5513 5066 5494 5234 4758 5005 5040 5498 5063 5162 4975 5492 5051 5430 5422 5284 5126 5212 5465 4823 5117 5097 4837 5386 5248 4656 4913 4879 5471 4808 5499 5095 4981 5279 5267 5302 4869 4633 5051 5094 5158 5330 4776 5445 5463 5489 5202 5155 5522 4994 5438 5234 5024 5214 5744 4983 5426 5381 4956 5757 5214 5132 4926 4888 5117 5144 5195 4743 5259 5027 4794 5059 5430 5295 5564 5074 5352 5214 4988 5256 5156 5236 5066 4940 5315 5180 5093 5267 5558 4999 5375 5269 5514 5717 4625 5513 5147 5084 5507 5571 5221 4887 4940 4971 5152 5332 4943 5284 5305 5067 5252 5266 4919 5496 5012 5288 4868 5265 5682 5101 4573 4860 5424 5358 4678 5360 5550 5409 5210 5498 5526 5129 5023 5282 4931 4961 5321 4919 5377 5386 5350 5043 5190 5316 5030 4971 5701 5533 5113 5374 5123 4896 5456 5011 5178 5195 5421 5403 5373 5140 4803 5386 5312 5288 5210 5215 5190 5062 5108 4961 4815 4658 5244 4916 5325 5117 4934 5014 5405
5086 4884 4971 5223 5195 5392 5154 5070 5183 5233 4952 4772 5150 5475 4752 5260 5024 4780 4980 5167 4905 5203 5305 5109 5199 4508 4944 4877 4710 5509 5009 4881 5296 5034 5270 5041 5041 4842 5102 4769 4794 5256 4678 5234 5011 5153 4926 4760 4836 5135 5134 5006 4743 5145 5154 5159 5357 5147 5157 4695 4997 5080 5335 4811 4732 5152 5031 5282 5084 5385 5222 5074 5411 5225 4619 5245 4795 5017 5093 5335 5126 4821 4795 5094 5367 5080 5287 4797 5349 4936 5267 5474 5068 5234 5305 5102 4766 5103 5254 4599 5029 5047 5025 5202 4699 5309 4787 5248 4868 4813 5363 5194 5276 4869 4774 5071 4879 4807 5188 4797 5437 5380 5048 5072 4884 5287 5145 5332 5146 5063 4917 5224 4800 5247 5338 5069 5343 4974 5089 4619 5197 5029 4985 4931 4840 5228 5039 5202 4917 5294 5066 5343 4860 5300 5204 4883 5193 5015 5160 5106 4772 5042 4995 5018 5072 5335 5006 5146 5346 5430 5484 4791 5178 4920 4977 4955 5444 5206 4778 5085 4937 5134 5032 4773 5024 5409 4856 5448 4798 4985 5198 4971 5388 4858 5078 5447 5213 4714 4665 5222 4886 4863 5119 5394 5122 4966 5107 5306 5158 4742 5248 4830 4714 5237 4710 5223 5297 5295 5124 4754 5154 5132 4962 5620 5446 5078 5134 5112 4921 5109 4812 5275 5235 5097 4990 5436 4944 4857 5128 4967 5384 4805 5025 4984 5057 4892 5051 4942 4835 5356 5358 5235 4975 5306 5014 5180
5812 5812 5619 5542 5950 5759 5927 5627 5446 5665 5376 5485 5487 5674 5399 5803 5799 5331 5657 5399 5508 5512 5658 5846 5473 5333 5713 5364 5278 5852 5519 5668 5792 5597 5667 5712 5429 5317 5528 5476 5264 5628 5260 5605 5249 5699 5482 5614 5467 5555 5610 5460 5236 5602 5688 5599 5859 5521 5572 5143 5487 5588 5868 5115 5181 5420 5347 5700 5591 5347 5477 5618 6082 5597 5220 5823 5369 5421 5493 5904 5423 5296 5417 5070 5704 5360 5846 5138 5823 5475 5547 5768 5833 5550 5800 5622 5136 5607 5367 5168 5372 5421 5235 5652 5335 5904 5218 6213 5280 5332 5781 5991 5729 5262 5087 5443 5568 5369 5506 5234 5623 5859 5496 5760 5416 5749 5406 6049 5404 5362 5383 5886 5269 5893 5669 5366 5788 5508 5391 5197 5527 5617 5322 5428 5180 5683 5610 5374 5495 5730 5475 5759 5158 5582 5574 5582 5630 5584 5538 5482 5263 5363 5368 5420 5527 6014 5543 5674 5690 5832 6185 5387 5795 5648 5729 5674 5896 5537 5392 5684 5218 5314 5614 5485 5586 5759 5398 5625 5702 5587 6059 5639 5797 5159 5711 5682 5633 4842 5135 5673 5265 5315 5546 5749 5576 5210 5537 5695 5447 5134 5595 5364 5103 5863 5411 5552 5832 5408 5324 5438 5364 5238 5241 6135 5926 5299 5778 5399 5344 5881 5279 5559 5902 5685 5794 5979 5556 5064 5477 5749 5855 5583 5450 5571 5357 5311 5304 5411 5150 5533 5651 5802 5319 5547 5379 5639
5751 5645 5775 5693 6174 6086 5815 5839 5624 5576 5239 5500 5528 6292 5335 5896 5900 5268 5826 5582 5513 5591 5674 5702 5329 5618 5668 5711 5607 5968 5194 5363 5859 5617 5692 5584 5376 5341 5797 5360 5390 5812 5354 5907 5143 5981 5719 5621 5248 5527 5908 5637 5435 5946 5835 5605 5986 5959 5770 5119 5896 5593 5771 5580 5387 5677 5582 5540 5366 5568 5725 5732 6120 5609 5106 5783 5519 5610 5375 5925 5399 5397 5377 5465 5990 5459 5861 5498 5824 5560 5758 6166 5851 5683 5643 5829 5237 5628 5566 5138 5684 5551 5377 5345 5351 5753 5541 5796 5534 5377 5832 5839 5917 5320 5097 5736 5712 5401 5374 5072 5897 5863 5625 5612 5601 5995 5384 5916 5613 5546 5549 5988 5220 5714 5978 5667 5925 5622 5670 5252 5383 5461 5496 5484 5433 5922 5616 5580 5292 5822 5762 5778 5398 5831 5759 5704 5731 5629 5670 5671 5530 5634 5607 5331 5469 6012 5418 5691 5772 5820 5820 5198 5991 5661 5718 5641 6019 5626 5469 5655 5517 5512 5589 5588 5602 5811 5526 5684 5691 5115 5739 5552 5924 5042 5667 6171 5727 5310 5310 5947 5694 5465 5770 5976 5526 5682 5772 5950 5676 5429 5495 5234 5166 5941 5308 5923 5939 5685 5511 5351 5621 5605 5431 6057 5763 5703 5884 5602 5500 5838 5457 5669 5725 5770 5859 5793 5713 5438 5820 5819 5733 5427 5682 5513 5476 5530 5497 5347 5332 5847 5820 5640 5704 5567 5280 5685
5541 5286 5594 5763 5967 5319 5512 5611 5338 5536 5055 5327 5350 5751 5274 5749 5796 4789 5551 5513 5520 5181 5511 5626 5524 5242 5649 5226 5104 5637 5345 5318 5739 5449 5328 5499 5267 5247 5523 5137 5220 5416 4979 5657 5334 5553 5456 5628 5025 5348 5448 5230 5069 5525 5402 5323 5798 5450 5464 4994 5837 5444 5496 5287 5212 5494 5307 5609 5541 5675 5368 5550 5985 5431 5088 5467 5178 5323 5258 5703 5182 4829 5490 5376 5491 5469 5663 5190 5587 5119 5523 5723 5626 5559 5727 5596 5110 5453 5128 4950 5588 5424 4991 5421 5067 5604 5143 5528 5235 5257 5544 5695 5872 5189 5163 5286 5353 5196 5385 5043 5562 5859 5438 5408 5391 5877 5142 5675 5497 5217 5513 5611 5128 5659 5827 5292 5491 5303 5206 5066 5393 5509 5333 5437 5268 5495 5339 5255 5213 5600 5253 5526 4960 5553 5477 5213 5494 5228 5360 5425 5413 5033 5343 5137 5515 5868 5262 5779 5655 5948 5767 4976 5633 5341 5234 5437 5653 5205 5087 5385 5231 5277 5615 5448 5419 5931 5127 5387 5424 5188 5855 5586 5516 4936 5517 5662 5526 5059 4971 5780 5363 5220 5178 5750 5361 5350 5421 5749 5550 5210 5249 4987 5063 5916 5346 5689 5894 5674 5385 4943 5356 5174 5001 5780 5843 4913 5655 5519 5186 5465 5368 5369 5484 5574 5552 5496 5232 4954 5499 5403 5933 5252 5421 5084 5214 5519 5171 5211 5124 5678 5488 5655 5370 5261 5273 5664
5122 5155 5213 5179 5138 5141 4887 5045 4976 4760 4759 4902 5007 5268 4852 5327 5295 4605 5065 4866 4847 5088 5229 4930 4782 4554 5043 4826 4852 4923 4940 5011 5059 5018 5026 5254 4945 4535 5122 4737 4661 5236 4635 5065 4940 5184 4801 4870 4748 5298 5047 4754 4683 5479 5052 5035 5546 4771 5014 4704 4888 4763 5271 4864 4676 4942 4944 5369 4964 5012 4899 5175 5420 5174 4420 4967 4738 4962 4883 5463 4743 4760 4680 5035 5174 5184 5312 4775 5132 5089 5240 5611 5017 5203 5025 4974 4569 5077 5175 4814 5396 4797 4687 5285 4799 5310 4890 5090 4905 4776 5269 5210 5180 4738 4584 5229 4766 4910 4868 4783 4932 5465 4876 4832 5133 5176 5188 5218 4902 4752 4868 5389 4810 4962 5047 4745 5299 4930 5118 4574 5038 5297 4896 4836 4465 5044 5065 4962 4670 5345 5224 5121 4880 5310 5202 4594 5071 5129 5149 5033 4804 5107 5021 4819 4875 5309 4754 5469 5002 5566 5323 4644 5232 5296 4790 4968 5438 5181 4674 4941 4694 5055 5155 4863 5316 5262 4730 5454 4940 4989 5330 4945 5125 4778 5254 5552 5190 4468 4491 5332 4891 4812 5085 5366 5029 4861 5017 4949 5088 4845 5007 4977 4872 5069 5076 5175 5306 5194 4999 4657 5144 4879 4604 5581 5108 5008 5431 4783 4608 5255 4780 4902 5139 5201 5192 5084 5044 5045 5103 5114 5245 4870 5038 4820 4874 4742 4972 4810 4488 5005 5027 5207 4930 4876 4755 5352
5447 5253 4999 5439 5429 5117 5266 5033 4895 5161 5027 4957 4847 5459 4837 5033 5292 4833 5171 4980 5116 5211 5073 5256 5060 5061 4981 4889 4746 5223 5060 4822 5386 4870 5296 4976 5117 4914 5126 4940 5003 5136 4683 5247 4957 5373 4798 4938 4901 5098 5292 5116 4872 5343 5080 5080 5422 4939 4997 4665 5072 5007 5160 4919 4760 4806 5122 5248 5071 5106 4924 5089 5824 4759 4548 5260 4784 4810 4973 5470 4940 4813 5063 5024 5525 4898 5319 4819 5375 4998 5249 5388 5024 5081 5401 5139 4986 5025 5156 4683 5243 5029 4762 5102 4747 5357 4727 5070 5106 4860 4962 5228 5291 4899 4593 5053 5093 4984 5127 4866 5137 5480 5143 5114 4757 5387 5138 5417 5096 4935 4963 5275 4979 5351 5184 5047 5466 4749 5145 4676 5028 4991 5086 5014 4951 5184 5130 5212 4911 5194 5092 5065 4742 5237 5325 5051 5324 4854 4961 5102 4686 5109 5102 5026 5271 5473 4850 5089 5227 5210 5460 4814 5060 4997 5062 5304 5471 5158 4833 5303 4708 5070 5252 5219 5294 5254 4714 4903 5083 4935 5340 5095 5092 4743 5085 5494 5193 4653 4595 5309 4654 4861 5195 5683 5177 4971 5159 5225 4712 4832 4887 4797 4338 5518 4797 5354 5425 5225 4949 4923 5263 4963 4639 5385 5454 4955 5329 4844 4884 5419 4576 5049 5084 5233 4823 5384 5155 5061 5027 5175 5252 5041 5350 5077 4998 4773 5001 4827 4868 4882 5123 5218 5093 4868 5011 5174
5150 5268 5197 5214 5694 5372 5236 5345 5079 5416 5028 4876 5209 5507 4916 5235 5239 4724 5456 5286 4952 5219 5255 5169 5225 4795 4941 5279 5156 5505 4964 4679 5197 5165 5298 5365 5147 4722 5450 5215 4924 5194 4669 5411 4959 5567 5166 5313 5080 5264 5139 5183 4949 5207 5242 5035 5433 5157 5342 4884 5136 5212 5240 4860 4897 5188 4937 5061 5129 5232 5245 5127 5705 5079 4793 5160 4918 5164 4965 5447 5116 4589 5058 4845 5279 5206 5407 4732 5407 5010 5301 5406 5290 5604 5434 5372 4992 5038 4944 4721 5327 5235 4920 5072 4798 5390 5034 5365 5113 4880 5392 5298 5282 5064 4861 5020 4773 4816 5296 4706 5279 5461 4939 5054 5007 5432 5175 5377 5282 5162 5105 5280 4893 5336 5399 4904 5361 4996 5063 4707 5118 5157 4863 5192 5034 5428 5166 4873 5128 5331 5274 5183 4808 5207 5364 4829 5293 5010 5045 5006 4873 5043 5191 5054 4843 5627 5036 5503 5430 5463 5698 4504 5399 5147 4977 5060 5401 5088 4853 5274 4838 5378 5310 5021 5190 5439 4911 5092 5233 5006 5230 5185 5553 4812 4984 5608 5202 4494 4927 5552 5049 5149 5229 5359 4986 4962 5441 5442 5411 5261 5231 4787 4858 5347 4868 5434 5265 5245 4984 4840 5273 4815 4785 5400 5311 5063 5347 5231 4796 5540 4988 5349 5500 5151 5171 5371 5153 4723 5279 5150 5165 5025 5032 5047 4971 5091 5134 4849 4704 5098 5605 5083 5111 5101 4936 5354
4825 4376 4671 4737 4687 4660 4476 4539 4472 4575 4280 4440 4427 4439 4595 4739 4549 4278 4663 4609 4514 4612 4533 4736 4655 4452 4818 4396 4420 4668 4585 4387 4769 4716 4682 4625 4673 4393 4567 4457 4244 4850 4186 4550 4590 4731 4478 4465 4600 4431 4783 4535 4324 4694 4569 4536 4802 4580 4398 4309 4462 4399 4584 4435 4403 4581 4460 4460 4426 4805 4497 4530 4972 4510 4197 4810 4092 4444 4325 4837 4455 4190 4587 4253 4615 4273 4811 4104 4806 4391 4727 4747 4730 4535 4746 4821 4226 4578 4457 4174 4411 4443 4289 4581 4311 4829 4005 4683 4623 4429 4658 4477 4600 4189 4100 4561 4278 4295 4323 4399 4564 4935 4518 4544 4654 4758 4457 4688 4760 4309 4527 4744 4305 4887 4383 4413 4697 4587 4654 4075 4469 4259 4400 4592 4410 4782 4657 4323 4464 4728 4551 5001 4274 4800 4260 4430 4821 4277 4729 4521 4311 4345 4659 4487 4616 4733 4367 4773 4618 5006 4895 4374 4835 4886 4566 4619 4802 4764 4038 4573 4348 4393 4321 4538 4683 4856 4365 4619 4433 4548 4849 4299 4656 4252 4741 4634 4698 4351 4402 4831 4682 4073 4474 4914 4531 4315 4394 4689 4534 4504 4503 4432 4017 4957 4544 4571 4550 4634 4532 4460 4527 4186 4216 4946 4849 4576 4724 4482 4226 5099 4491 4935 4675 4799 4718 4658 4647 4126 4568 4581 4856 4534 4704 4423 4611 4124 4228 4586 4355 4653 4766 4410 4431 4339 4587 4485
5788 5681 5892 5622 6085 5941 5662 5827 5623 5847 5173 5083 5787 6025 5310 5927 5884 5416 5419 5871 5510 5613 5576 5900 5768 5411 5860 5142 5264 5868 5437 5408 5907 5594 5563 5804 5638 5339 5712 5490 5478 5709 5217 5722 5368 5909 5737 5540 5398 5702 5655 5650 5555 5911 5579 5482 5903 5681 5573 5294 5673 5717 5776 5601 5153 5684 5669 5809 5840 5767 5600 5878 6039 5521 4994 5778 5299 5664 5779 5835 5482 5388 5349 5782 5837 5273 6080 5169 5830 5573 5883 6122 5797 5618 5847 5870 5158 5801 5425 5303 5787 5402 5485 5659 5209 5791 5365 5655 5508 5487 6094 6015 5815 5306 5169 5561 5621 5419 5579 4951 5781 6087 5605 5312 5630 5976 5660 5630 5550 5679 5511 5973 5206 5695 5737 5438 6106 5630 5683 5209 5773 5407 5656 5368 5163 5829 5628 5734 5251 5976 5796 6038 5250 5990 5774 5140 5728 5684 5725 5868 5615 5522 5755 5552 5625 6200 5390 5741 6011 6128 6222 5202 5988 5627 5497 5856 6207 5745 4964 6058 5680 5655 5609 5325 5466 5971 5467 5787 5732 5484 5831 5537 5899 5369 5884 5877 5635 5440 5361 5889 5749 5486 5731 6293 5761 5455 5868 6084 5905 5452 5691 5667 5338 5898 5522 5889 5750 5860 5608 5391 5858 5535 5162 5792 5916 5458 5870 5496 5349 5735 5743 5806 5651 5766 5757 5745 5561 5388 5699 5571 5904 5576 5465 5330 5834 5780 5482 5325 5161 5810 5803 5505 5620 5652 5518 5538
5471 5397 5320 5621 5838 5458 5567 5344 5455 5417 5041 5069 5197 6019 5142 5682 5560 5016 5454 5673 5496 5592 5313 5570 5320 5088 5520 5354 5196 5539 5352 5371 5429 5445 5645 5524 5273 5180 5319 5330 4979 5287 4811 5469 5258 5627 5395 5230 5382 5413 5507 5356 4944 5659 5378 5561 5580 5264 5483 5129 5227 5339 5360 5472 4853 5275 5096 5857 5408 5480 5470 5368 5684 5534 4820 5367 5311 5229 5607 5609 5242 4999 5186 4992 5395 5223 5722 5084 5366 5296 5534 5700 5701 5228 5356 5671 5046 5426 5256 4880 5631 5561 5150 5435 5338 5399 5087 5359 5194 5186 5527 5631 5241 5116 4912 5303 5347 5196 5678 5251 5621 5695 5294 5315 5234 5501 5432 5697 5329 5215 5358 5814 4986 5352 5418 5292 5496 5284 5392 5185 5574 5416 5229 5121 4995 5611 5288 5140 5052 5460 5283 5812 5046 5564 5260 5192 5555 5255 5545 5426 5191 5258 5203 4903 5273 5800 4957 5587 5434 5701 5776 5296 5447 5658 5147 5183 5677 5709 5092 5441 5024 5310 5487 5246 5303 5708 5025 5616 5396 5364 5741 5335 5584 4841 5451 5928 5452 4909 5022 5956 5268 5182 5336 5522 5424 5247 5369 5641 5532 5223 5292 5300 4930 5346 5101 5810 5715 5284 5367 5133 5264 5282 4821 5896 5553 5145 5722 5147 5113 5537 5036 5552 5579 5533 5358 5575 5567 5415 5195 5459 5903 5195 5434 5062 5309 5071 5255 5073 4789 5543 5336 5222 5628 5313 5093 5830
5530 5699 5409 5387 5885 5883 5719 5454 5620 5789 5514 5137 5200 5684 5036 5626 5661 5529 5537 5530 5110 5464 5382 5695 5517 5454 5381 5119 5260 5616 5183 5124 5301 5474 5582 5414 5308 5274 5523 5352 5088 5209 5243 5577 5140 5431 5557 5262 5188 5611 5403 5194 5277 5457 5502 5587 5952 5328 5494 5213 5553 5158 5426 5103 5158 5594 5316 5673 5343 5558 5668 5528 5964 5422 4955 5520 5311 5244 5288 5645 5365 5039 5262 5072 5791 5561 5759 5094 5488 5638 5617 5916 5478 5545 5587 5372 5234 5372 5535 5014 5624 5371 5144 5567 5097 5618 5174 5522 5373 5465 5450 5663 5782 5410 5086 5580 5638 5197 4909 4976 5697 5901 5184 5269 5204 5373 5709 5555 5474 5411 4971 5606 5074 5621 5823 5259 5779 5319 5730 4744 5386 5303 5203 5363 5035 5723 5443 5393 5388 5298 5510 5455 5043 5554 5541 5130 5806 5326 5478 5271 5068 5472 5456 5143 5469 5914 5384 5766 5681 5729 5937 5156 5525 5697 5285 5692 5919 5644 5010 5699 5465 5267 5578 5390 5339 5693 5264 5719 5560 5305 5831 5305 5651 5136 5455 5832 5607 5073 4982 5663 5575 5141 5391 6031 5459 5340 5788 5756 5563 5250 5340 5369 5144 5902 5238 5605 5577 5639 5341 5414 5549 5290 5349 5647 5704 5696 5590 5379 5381 5720 5304 5567 5548 5603 5594 5698 5355 5399 5512 5589 5675 5418 5523 5152 5440 5334 5719 5153 5122 5540 5523 5273 5487 5575 5211 5619
4992 5223 4974 5020 5217 5040 4942 5173 4966 5286 4734 4734 4712 5235 4866 5367 5128 4547 5132 5154 4947 5063 5182 4945 4855 4761 5247 4755 4966 5098 4727 4895 5018 5171 5254 4940 5111 4760 4858 4915 4641 4873 4477 4837 4913 5018 4946 5055 4645 4937 5157 4888 5076 5128 5094 5279 5322 4728 4985 4494 4925 4779 5063 4818 4895 5046 4816 5119 5011 5212 4918 4970 5090 4779 4425 5221 4716 4819 5090 5427 4718 4701 4861 4886 5070 4768 5122 4861 5420 4901 5092 5280 5062 5047 5183 5051 4572 5122 4769 4678 5229 4840 4735 5008 4709 5098 4738 4981 4808 4926 5138 5079 5151 4784 4892 4998 5052 4661 4805 4419 5063 5182 4730 5039 4767 4974 4600 4999 5243 4870 4760 5058 4594 5256 5103 4709 5189 5069 4856 4590 5066 4842 4936 4881 4571 5131 4926 5142 4770 5241 4975 5186 4741 5160 4971 4750 4988 5063 4965 5127 5076 5046 5037 4743 4677 5287 4863 5334 5389 5336 5136 4688 5145 5089 5098 4682 5528 5050 4612 5260 4565 4931 5116 4933 4870 5257 4709 5297 5000 4893 5467 4687 5212 4752 5024 5206 5169 4762 4617 5162 4970 4763 5088 5268 5023 5020 5039 5463 5056 4745 4837 4865 4490 5269 5007 4908 5306 5095 4789 4560 4805 4825 4572 5469 5162 4868 4907 4804 4560 5133 4970 4875 4986 5276 5263 5204 5200 4930 5063 4901 5152 4943 4909 4661 5115 5099 4769 4516 4810 5134 5037 4875 5037 4849 4610 5188
5093 5041 5003 4670 5167 4769 4981 5111 4711 5099 4432 4809 4656 5373 4819 5239 4913 4458 5132 4942 4572 4880 5225 5000 4686 4822 5039 4755 4934 5242 4679 4664 4963 5017 5006 5119 4705 4616 5153 4882 4690 4946 4375 4932 4640 5071 4854 4816 4759 4527 5007 4932 5137 5219 4919 4673 5221 5149 4631 4580 5005 4766 4881 4702 4746 5045 4579 5090 4693 5006 4877 4820 5244 4902 4197 5011 4797 4972 4794 5118 4846 4444 4692 4613 5063 4814 5233 4454 5136 4779 5303 5210 5016 5154 5090 5012 4542 4910 4571 4400 5005 4870 4841 5005 4615 4908 4895 4927 4616 4857 5073 4982 5087 4411 4373 4626 5015 4636 4944 4335 5026 5191 4741 5034 4774 5253 4646 5092 4893 4688 4615 4902 4701 5088 4998 4621 5042 4796 4675 4697 4952 4602 4864 4707 4444 5052 4621 4777 4486 4946 5109 5298 4434 4956 4673 4700 4866 4878 4829 4959 5043 4776 4692 4695 4813 5381 4569 4879 5013 5151 5275 4508 5066 4895 4763 4796 5356 5033 4434 4971 4620 4667 4782 4516 4926 5141 4713 4919 4896 4762 5161 4879 5005 4468 5123 5199 5161 4512 4479 4913 4789 4503 5157 5165 5040 4780 4800 5257 4864 4744 4855 4757 4353 5042 5010 5064 5007 5005 4864 4465 4894 4707 4254 5036 5250 4880 4925 4733 4436 5016 4848 5042 4984 4945 5167 5250 5003 4573 5043 4991 5067 4835 4868 4832 4818 4780 4763 4687 4477 5019 5110 4790 5086 4967 4677 4849
5347 5144 5625 5519 5653 5426 5323 5439 5175 5182 4806 5012 5094 5542 5135 5457 5465 4822 5377 5550 5396 5329 5404 5418 5264 5001 5220 5084 5187 5437 5072 4984 5306 5248 5399 5437 5173 5142 5114 5138 4940 5524 4734 5247 5055 5482 5249 5246 5218 5119 5472 5482 5191 5377 5124 5394 5606 5582 5152 4628 5404 5128 5163 5183 5045 5256 5246 5353 5326 5458 5128 5311 5629 5175 4856 5229 4942 5075 5197 5655 5138 5078 5321 5110 5386 5069 5641 5077 5448 5089 5488 5619 5250 5105 5293 5276 4949 5243 5294 4923 5115 5105 5036 5148 4941 5465 5093 5281 4579 5301 5498 5434 5346 4681 4910 5137 5086 5189 5147 5051 5253 5718 5372 5211 5116 5588 4958 5282 5220 5046 5018 5335 5013 5503 5310 4950 5662 5452 5233 4767 5278 5163 5277 5435 4830 5627 5108 5107 4883 5519 5209 5340 4789 5526 5505 5099 5325 5191 5496 5327 5222 4964 5283 5214 5187 5679 5078 5497 5495 5654 5736 5008 5434 5432 4971 5163 5327 5299 4966 5355 5302 5261 5130 5178 5299 5944 5109 5352 5213 5010 5510 5557 5630 4758 5417 5738 5449 4985 4988 5461 5269 5054 5270 5532 5239 5282 5264 5591 4972 5090 5201 5229 4791 5361 5036 5493 5405 5277 5106 4833 5339 5166 5069 5749 5474 5164 5497 5281 4990 5635 5095 5444 5301 5479 5550 5202 5173 4884 5277 5061 5702 5108 5213 5281 5395 5052 5135 5169 4963 5497 5413 5224 5459 5420 5299 5261
5240 5322 4983 5344 5590 5459 5557 5222 4864 5068 4805 5210 4975 5588 4904 5381 5317 4866 5239 4954 4977 5003 5297 5286 5021 4955 5191 5048 4975 5190 4924 4912 5310 5166 5288 5065 4875 4940 5315 5048 4739 5200 4631 5341 4980 5413 5269 5073 4690 5083 5308 4989 4850 5197 5201 5114 5578 5151 5153 4749 5067 4896 5257 5007 4765 5067 5171 5291 4980 5312 5322 5369 5893 5066 4781 5250 5097 4975 4910 5534 4920 4526 4916 5049 5354 5126 5552 4893 5171 5143 5184 5676 5181 5162 5253 5391 4771 5131 5022 4662 5281 5019 4959 5305 4889 5430 4768 5367 5224 5060 5234 5327 5489 4947 4758 5430 5061 5069 5004 4562 5246 5569 5174 5179 5199 5274 4953 5360 5362 5225 5018 5261 4768 5175 5156 4911 5508 5178 5057 4780 5041 5103 5086 5080 4771 4956 5228 5009 4977 5247 5129 5407 5124 5213 5183 4795 5180 5049 5045 4825 4848 5046 5048 5048 5010 5394 4948 5131 5256 5378 5318 4617 5446 5255 4844 5128 5555 5460 4866 5352 4824 4901 5260 5069 5227 5357 5003 5356 5096 4731 5338 5074 5237 4837 5209 5369 5172 4494 4877 5440 5229 4877 5298 5549 5066 4948 5301 5316 5062 4759 5017 4758 4876 5575 4972 5275 5429 5252 5110 5002 5135 5018 4974 5721 5310 5224 5298 4926 4961 5431 4957 5244 5220 5223 5327 5305 5091 4851 5117 5293 5078 4995 5088 5173 5063 5016 5318 4914 4709 5332 5200 4929 5217 4792 4845 5223
5617 5592 5674 5730 5913 5786 5548 5659 5397 5677 5330 5283 5383 6079 5487 5843 5988 5275 5749 5719 5426 5599 5574 5813 5501 5502 5523 5383 5513 5860 5403 5375 5777 5859 5829 5542 5579 5203 5661 5315 5228 5608 5259 5856 5323 5722 5504 5519 5406 5464 5787 5756 5573 5747 5435 5555 5923 5483 5675 5113 5515 5515 5455 5258 5458 5682 5599 5669 5535 5670 5663 5723 5725 5419 5245 5725 5305 5440 5412 5926 5554 5255 5364 5518 6026 5619 5827 5408 5908 5488 5969 5847 5784 5742 5866 5523 5440 5669 5713 5096 5449 5416 5432 5564 5265 5891 5724 5624 5407 5424 5972 5606 5895 5271 5263 5516 5704 5385 5368 5181 5675 6005 5317 5626 5470 5843 5513 5872 5749 5433 5329 5728 5375 5803 5766 5285 5964 5542 5764 5481 5764 5505 5551 5673 5174 6009 5680 5451 5367 5771 5727 5627 5301 5832 5743 5570 5787 5350 5591 5552 5589 5693 5577 5272 5525 5868 5189 5960 5816 6005 6008 5090 5891 5557 5482 5554 6168 5653 5109 5631 5362 5522 5812 5551 5600 5862 5369 5855 5558 5161 5892 5772 5770 5222 5687 5976 5871 5193 5138 5765 5764 5503 5631 6095 5502 5749 5808 5851 5762 5471 5294 5182 5201 5868 5524 5633 5839 5588 5466 5197 5551 5355 5260 6069 5808 5685 5718 5458 5355 5799 5602 5677 5631 5895 5973 5989 5697 5295 5672 5654 5908 5585 5605 5436 5473 5288 5565 5412 5332 5857 5552 5641 5786 5528 5414 5641
5248 5511 5539 5445 5765 5116 5282 5326 5298 5377 4950 4984 5306 5678 5199 5532 5246 5106 5307 5634 5142 5306 5640 5303 5271 4997 5401 5111 5061 5486 5021 5099 5325 5449 5382 5209 5175 5152 5352 4984 4948 5472 4892 5322 5062 5286 5185 5180 4845 5178 5484 5309 5056 5599 5331 5423 5484 5010 5201 4644 5225 5251 5311 5089 4938 5381 5250 5134 5252 5598 5342 5553 5882 5102 4713 5377 4991 4904 5130 5806 5099 4994 4976 5184 5200 5227 5586 4903 5436 5126 5541 5775 5651 5242 5570 5465 4988 5447 5144 4664 5567 5271 5132 5240 4828 5251 5191 5435 5177 4963 5636 5471 5554 4939 4948 5330 5144 5012 5113 4904 5332 5714 5239 5196 5222 5461 5101 5233 5458 5226 5131 5369 4970 5315 5346 5231 5449 5365 5626 4808 5594 5408 5277 5377 5030 5354 5182 5215 4961 5399 5352 5390 4956 5425 5025 5182 5357 5137 5151 5082 5182 5213 5283 4962 5195 5511 4983 5490 5603 5810 5404 5100 5487 5497 5158 5031 5671 5512 5151 5318 5225 4967 5188 5016 5321 5448 5165 5600 5132 5139 5678 5300 5683 4616 5165 5881 5390 4899 5033 5634 5317 5070 5498 5692 5105 5280 5416 5618 5302 5113 5086 5358 4529 5828 5116 5418 5510 5330 5350 5130 5249 5302 5016 5712 5628 5204 5518 5436 5032 5496 5561 5438 5428 5322 5373 5647 5174 5025 5293 5336 5445 5255 5206 4974 5276 4968 5190 5016 4728 5826 5307 5240 5393 5190 5430 5466
5148 4945 5094 5503 5445 5194 5115 5198 5240 5259 5128 4771 5057 5283 4707 5192 5103 4841 5082 5181 5068 5078 5197 5355 5070 5008 5357 4947 4589 5363 4912 4839 5148 5180 5089 5151 4912 5055 5129 4789 5015 5085 4713 5309 4689 5055 4719 4761 4846 4946 5330 5063 4823 5158 5106 4972 5512 5076 5081 5023 5024 5177 5302 4948 4769 5214 5265 5335 4887 5459 4910 5018 5478 5210 4655 5193 4807 5119 4976 5417 4878 4633 4866 4985 5174 5053 5115 4676 5047 4996 5243 5457 4971 5002 5240 5225 4608 4939 4945 4451 5253 5005 4711 5013 4687 5257 4755 4976 4980 4862 5144 5337 5292 4779 4537 5360 5161 5024 4999 4813 5211 5442 4900 4935 4992 5336 5078 5146 5178 5123 4934 5416 4713 5108 5101 4677 5303 5166 4936 4728 5226 4883 4875 4901 4745 5194 4975 4783 4711 5224 5285 5405 4502 5210 5003 4893 5137 5005 5140 4936 4798 4997 5149 4761 5239 5322 4741 5257 5148 5241 5361 4849 5081 5182 4828 4961 5472 5378 4726 5100 4962 5103 5216 4870 5342 5282 4609 5164 5070 4823 5537 4987 5242 4816 5055 5330 5365 4878 4546 5348 5032 4682 5116 5299 5273 5116 5266 5424 5171 4864 4886 4862 4808 5298 5037 5195 5351 5299 5002 4947 4910 5014 4800 5338 5221 5044 5397 5074 4866 5006 4817 5175 5338 5045 5143 5340 4968 4919 4891 5037 5397 4810 5243 4920 4736 5070 4886 4949 4759 5280 5191 5372 5231 4995 4782 5235
5349 5287 5341 5308 5605 5618 5332 5079 5174 5170 4952 4929 5030 5724 5011 5703 5432 4736 5426 5410 5126 5001 5313 5202 5227 5183 5289 5043 5341 5397 5125 5050 5177 5205 5206 5635 4863 5239 5331 5200 4821 5092 4699 5350 5118 5238 5191 5170 5216 5224 5287 5007 4899 5570 5179 5211 5349 5142 5246 4791 5367 5247 5425 4963 4990 5410 5027 5546 5114 5461 5412 5318 5396 5266 4577 5402 5213 5145 5234 5602 5198 4934 4994 5099 5426 5230 5437 4956 5405 5157 5581 5494 5314 5056 5347 5238 4860 5107 5307 4663 5338 5257 4584 5124 4828 5382 4979 5086 5100 5093 5174 5516 5587 4616 4970 5040 5224 5163 4991 4835 5466 5705 5322 5181 5162 5157 5227 5412 5209 5203 5249 5411 5072 5262 5379 4905 5476 5379 5334 4903 5200 5185 5250 4806 5055 5426 5056 5229 4728 5393 5130 5400 4867 5544 5285 5199 5352 5079 5199 5309 4815 5300 5204 4789 5176 5534 4935 5577 5424 5260 5660 5154 5528 5239 4961 4989 5574 5527 4669 5331 5017 5163 5193 5070 5283 5603 4868 5472 5231 5089 5503 5105 5382 4953 5144 5638 5254 4851 4849 5600 5156 4655 5262 5603 5190 5089 5276 5462 5182 5083 4888 4883 4704 5504 4902 5427 5418 5369 5156 5107 5056 5138 5038 5538 5386 5269 5795 5089 4970 5400 5050 5446 5403 5478 5303 5419 5190 4928 5415 5201 5589 5162 5145 4903 5042 4980 5185 4831 4999 5309 5312 5215 5418 5061 4955 5502
5235 5077 5219 4979 5313 5229 5036 5154 4934 5279 4606 4786 4971 5134 5019 5444 5408 4564 5188 5356 4798 4938 5143 4981 5035 5154 4952 5127 4969 5378 4880 4704 5252 5036 5224 5053 4894 4714 5167 4791 4660 5232 4539 4972 4811 5201 4980 4949 4917 4729 5325 4913 5043 5116 5033 5141 5352 4991 5092 4661 5028 4923 5248 5010 4919 5088 5154 5161 5042 5083 4976 5098 5586 4944 4700 5232 4975 4765 4837 5128 4917 4683 4853 4860 5182 4728 5290 4638 5251 5032 5135 5285 5155 4935 5136 5261 4821 5015 4757 4623 5010 5190 4824 5029 4682 5001 4710 5175 4794 4915 5384 5140 5068 4586 4481 5028 5050 4963 4818 4531 5009 5475 5267 5093 4892 5168 4743 5482 5107 4777 4991 5329 4708 5282 5374 4946 5261 4999 4930 4809 5135 4856 4873 5119 4671 5149 5000 5130 4734 5147 5213 5382 4953 5290 5121 4898 5145 4856 4965 4988 5037 5192 4915 4901 4867 5425 4842 5078 5311 5512 5466 4623 5400 5004 5090 4902 5253 5142 4761 5080 4823 4958 5149 4898 4866 5157 5035 5148 5108 4746 5460 5259 5424 4654 4948 5270 4880 4692 4782 5065 5087 5071 5093 5489 4757 4835 5072 5258 4942 4958 4886 4799 4626 5555 4972 5097 5023 5270 4820 4557 4949 4715 4761 5592 5182 4977 4865 5054 5024 5079 5004 4947 5265 5059 5153 5098 5118 4742 5020 5072 5229 4638 5046 5102 5130 4913 4821 4932 4793 5097 5048 4959 4936 4686 4770 5083
5199 5012 5041 5257 5461 5418 5202 5165 5001 5148 4894 4714 5018 5195 4715 5213 5066 4840 5050 5079 4934 5356 5234 5120 4925 4624 5132 4646 4850 5091 4908 4771 5190 4893 5278 5146 5073 4624 5084 4916 4937 5130 4727 5023 4851 5172 5080 5111 4753 5089 5142 5157 4839 5208 4967 4744 5401 4876 5000 4724 4947 4740 5156 4660 4827 4977 4810 4966 4907 5285 5551 5016 5577 5135 4389 5277 4475 5020 5012 5283 4922 4823 4954 4623 5257 4759 5257 4878 5048 4997 5006 5501 5145 5064 4960 5213 4641 5400 4929 4495 5017 4908 4766 4952 4813 5116 5049 5097 5181 4795 5099 5220 5305 5005 4694 5105 4974 4920 4869 4441 5393 5453 5099 5085 4664 5057 4981 5161 5147 4891 4822 5259 4888 5014 5484 4901 5574 4834 5241 4563 5008 5080 4908 4926 4833 5292 5062 5012 4911 5406 4970 5104 4765 5275 5357 4781 5072 4840 5473 4969 5040 4915 5011 4725 4923 5487 4798 5182 5307 5470 5597 4382 5332 4930 4957 5069 5412 5198 4766 4862 4818 5084 5194 5120 5073 5387 4955 5240 5081 4883 5340 4896 5050 4904 5154 5650 5301 4784 4555 5162 4985 4891 5100 5638 5148 4918 5100 5239 4877 4851 5185 4767 4604 5380 4888 5130 5439 5209 5007 4966 5036 4913 4806 5579 5189 4945 5025 5175 4986 5179 4988 5221 5032 5215 5275 5101 5141 4868 4825 5063 5326 5050 4948 5284 5033 5039 5194 4648 4660 4874 5304 4929 4889 5166 4917 5065
5627 5731 5597 5872 6193 5620 5689 5706 5369 5496 5516 5456 5354 6081 5393 5874 5931 5357 5702 5832 5543 5852 5825 5931 5636 5492 5690 5579 5695 5736 5652 5469 5811 5904 5859 5745 5294 5144 5736 5537 5488 5916 5228 5587 5569 5852 5522 5605 5446 5616 5691 5375 5554 5683 5440 5650 6204 5774 5652 5319 5557 5633 5959 5636 5553 5519 5764 5730 5589 6217 5685 5764 6233 5699 5365 5923 5290 5724 5942 6293 5603 5330 5736 5464 6186 5565 5822 5410 6017 5401 5884 5847 5711 5590 5967 5597 5429 5376 5566 5224 5935 5650 5515 5434 5372 5999 5364 5614 5516 5474 6046 5922 5511 5323 5471 5712 5817 5472 5621 5283 5921 6236 5446 5870 5611 5831 5458 5845 5752 5782 5597 6085 5498 6116 5651 5214 6010 5728 5598 5477 5804 5570 5350 5639 5398 5752 5526 5432 5293 5930 5630 5968 5123 5866 6003 5398 5693 5878 5868 5576 5435 5390 5573 5372 5682 6084 5176 6016 5928 6015 5996 5310 5851 5727 5426 5607 6044 5942 5237 5751 5537 5786 5802 5602 5619 6254 5441 5906 5650 5416 5861 5481 5589 5385 5789 5986 5772 5296 5036 5769 5434 5396 5619 5805 5884 5514 5743 5942 5709 5345 5424 5210 5201 5903 5510 5949 5797 5699 5604 5453 5687 5582 5361 6162 6013 5589 5776 5621 5291 5945 5377 5502 5579 5801 5487 5740 5436 5274 5630 5653 6057 5533 5493 5540 5503 5429 5661 5527 5293 5564 5807 5654 5628 5772 5474 5913
5295 5127 4935 5215 5192 5426 5067 5242 5333 5403 4742 4860 5086 5546 4836 5250 5110 4595 4995 5240 5040 5304 5349 5237 5108 4920 5350 5043 4728 5137 4735 4959 5288 5090 5137 5077 5045 4752 5305 4987 4726 5184 4926 4997 4734 5206 4838 5056 4815 5078 5224 5230 4937 5413 5104 4984 5427 4906 5199 4708 5001 4867 5584 4962 4824 5049 5242 5208 4847 5161 5049 5449 5485 4931 4427 5405 5001 5071 4788 5220 4749 4885 4993 5145 5345 4884 5219 4810 5262 4841 5277 5453 5309 5002 5324 5318 4739 5215 5101 4530 4995 5079 5088 5204 4877 5289 4877 4850 5221 4876 5348 5337 5433 4977 4604 5198 5314 4970 5094 4772 4979 5463 4989 5187 4996 5418 4696 5299 5208 5110 5034 5198 4755 5258 5501 4866 5522 5061 4989 4634 5370 4973 4693 4809 4497 5711 5112 5218 4953 5194 5329 5282 4770 5346 5371 5180 5272 5215 5440 5239 5113 5136 5057 4842 5003 5204 4945 5157 5215 5664 5434 4908 5283 5167 5325 5069 5206 5223 4845 5000 4960 5078 5413 5061 5018 5238 4928 5198 4953 4971 5354 4989 5460 4579 5234 5536 5187 4771 4855 5649 5134 4929 4898 5520 4943 4844 5243 5271 5073 5099 5066 5124 4799 5429 4882 5513 5480 5415 4947 4969 5101 4854 4847 5606 5455 5151 5256 4917 4864 5264 4828 4914 5100 5423 5129 5308 5063 4903 5072 5269 5409 4957 4848 4809 5015 4982 5084 5095 4941 5206 5192 5126 5172 4943 4804 5107
5597 5488 5416 5374 5818 5485 5597 5467 5509 5668 5198 5166 5269 5588 5325 5646 5638 4891 5391 5527 5148 5267 5538 5401 5419 5199 5430 5179 5421 5490 5195 5182 5348 5421 5238 5695 5292 4994 5595 5379 4974 5453 5155 5655 5077 5524 5541 5477 5156 5346 5465 5285 5053 5205 5454 5297 5843 5213 5201 4871 5379 5194 5267 4792 5057 5268 5349 5305 5224 5525 5245 5599 5822 5114 4875 5455 5275 5402 5189 5885 5231 5057 5285 5096 5465 5107 5439 5302 5316 5248 5395 5709 5477 5675 5504 5431 5016 5369 5267 4657 5310 5075 4959 5306 5120 5392 5195 5353 5150 4893 5603 5362 5957 4821 5006 5178 5173 5134 5305 4554 5514 5720 5235 5356 5278 5554 5294 5604 5413 5438 5230 5227 5033 5751 5494 5158 5661 5214 5455 5112 5331 5044 5296 5302 5224 5603 5488 5213 5033 5551 5088 5649 4934 5522 5476 5156 5341 5225 5327 5218 5359 5201 5396 5275 5176 5837 5239 5695 5441 5641 6026 5019 5503 5556 4996 5437 5735 5249 4723 5464 5263 5282 5243 5278 5190 5880 5110 5519 5208 5237 5601 5318 5471 4855 5366 5706 5338 4880 5211 5287 5519 4955 5264 5559 5350 4991 5300 5688 5145 5368 5252 5008 5040 5777 5219 5424 5373 5593 5188 5146 5364 4886 5016 5531 5674 5003 5295 5317 5001 5651 5322 5553 5430 5644 5497 5531 5309 5092 5604 5599 5613 5213 5181 5354 5351 5172 5150 5136 5039 5393 5618 5398 5331 5274 5269 5519
5443 5166 5395 5269 5542 5262 4984 5115 5041 5242 5066 4515 5165 5703 4892 5282 5244 4821 5334 5298 4985 5316 5130 5371 5280 4925 5180 4906 5041 5157 5122 4782 5134 5325 5394 5491 5027 4718 5390 5052 5125 5315 4858 5396 4798 5361 4939 5212 4988 5076 5159 5070 4940 5459 5067 5122 5397 5033 5403 4814 5165 5139 5200 5179 5102 5442 5254 5331 5178 5412 5188 5355 5651 5239 4657 5355 5026 5001 5162 5322 4960 4917 4958 5043 5627 4915 5601 4770 5202 5210 5427 5548 5011 5034 5476 5174 4990 5226 5051 4791 5377 5190 4810 5167 4526 5290 4922 5210 5137 4714 5283 5549 5430 4854 4911 5297 5290 4711 5095 4676 5255 5565 5082 5162 5074 5330 5087 5144 5389 5236 4986 5253 4674 5293 5355 5102 5665 5254 5441 4778 5036 5203 4985 4999 4834 5343 5152 4979 5004 5287 5469 5373 5003 5486 5323 4909 5099 4995 5109 5068 5124 5216 5092 4919 5264 5497 4967 5359 5377 5680 5591 4938 5416 5200 4893 5044 5288 5154 4639 5331 5098 5201 5413 5056 4931 5341 5043 5222 5097 4930 5322 4982 5321 5011 5042 5728 5313 4951 4882 5492 5091 4622 5058 5629 5123 5127 5499 5430 5166 5072 5047 4986 4796 5599 5012 5385 5369 5246 5026 5093 5329 5029 4899 5416 5638 5140 5462 4906 5083 5410 5136 5190 5284 5206 5288 5301 5056 5169 5218 5275 5517 5033 5028 5017 4918 5132 5144 4932 4749 5375 5351 4988 5108 5126 5053 5401
5170 5242 5571 5387 5628 5407 5259 5469 5112 5287 4903 5219 4978 5529 5132 5358 5607 4888 5403 5257 5270 5341 5156 5349 5037 5200 5416 5296 5074 5311 5227 5101 5239 5400 5440 5172 5064 4876 5340 4966 4941 5194 4968 5201 4869 5472 4922 4990 5151 5026 5407 5018 5132 5410 5365 5271 5818 5450 5141 4911 5337 5160 5146 5093 5126 5305 5235 5467 5296 5487 5079 5538 5556 5417 4586 5395 5281 5267 5191 5563 5107 4911 5183 5389 5323 5366 5474 5068 5355 5246 5173 5767 5147 5057 5566 5311 4969 5424 5255 4925 5374 5170 5034 5299 5146 5485 5032 5315 4806 5218 5512 5275 5220 4971 4698 5168 5322 5117 5102 5122 5432 5589 5153 5126 5116 5364 4995 5539 5130 5199 4980 5518 5167 5599 5225 5100 5798 5194 5379 4908 5182 5175 5124 5042 4576 5530 5161 5248 4896 5266 5124 5371 5037 5430 5017 5113 5249 5179 5240 5171 5124 5223 4990 5178 5239 5513 5109 5730 5314 5615 5585 4921 5439 5324 5076 5215 5552 5150 4943 5018 5315 4966 5256 5137 5090 5730 5133 5634 5253 5083 5625 5164 5415 4848 5380 5729 5368 4997 4949 5359 5133 4907 5192 5368 5385 5279 5402 5385 5446 4810 5012 4920 5044 5438 5318 5370 5501 5338 5228 5026 5254 5282 5039 5588 5276 5131 5413 5028 4997 5396 5238 5221 5329 5355 5309 5124 5297 5056 5368 5105 5454 5112 5262 5153 5149 5117 4941 4953 4806 5415 5153 5232 4944 5095 5142 5491
5559 5628 5743 5575 5677 5587 5505 5531 5339 5804 5158 5181 5287 5877 5195 5563 5691 5363 5294 5852 5405 5387 5650 5515 5414 5285 5539 5148 5396 5551 5322 5135 5596 5622 5737 5676 5502 4955 5197 5174 5190 5612 5146 5448 5145 5574 5488 5399 5350 5344 5778 5339 5367 5728 5440 5352 5666 5598 5342 4834 5486 5324 5523 5260 5190 5560 5357 5706 5427 5474 5238 5637 5688 5393 5055 5487 5085 5326 5426 5925 5224 5236 5291 5285 5434 5635 5411 5088 5451 5268 5561 5959 5633 5590 5553 5828 5112 5448 5347 4924 5638 5438 5141 5356 4895 5645 5131 5322 5493 5361 6009 5566 5427 5179 5178 5416 5324 5186 5200 5090 5427 5996 5358 5290 5248 5551 5072 5692 5474 5037 5443 5685 5248 5640 5539 5266 5724 5470 5394 4981 5381 5390 5386 5271 4947 5763 5672 5168 5235 5697 5744 5694 5076 5596 5522 5417 5496 5555 5579 5622 5379 5275 5650 5123 5359 5945 5473 5592 5576 5794 6099 5089 5927 5424 5319 5318 5574 5289 5079 5540 5117 5378 5477 5352 5376 5669 5139 5471 5215 5173 5768 5663 5650 5036 5541 5794 5663 5072 4910 5891 5471 4796 5484 5542 5448 5282 5501 5808 5559 5344 5379 5182 5274 5738 5421 5808 5420 5375 5332 5157 5634 5233 5023 5669 5792 5370 5500 5475 5413 5634 5322 5373 5454 5442 5602 5629 5297 5156 5200 5755 5434 5351 5221 5130 5493 5485 5345 5199 4691 5412 5621 5288 5333 5485 5191 5698
5225 5826 5353 5230 5453 5526 5254 5283 4942 5340 4790 5184 5352 5672 5002 5607 5557 4937 5314 5344 5043 5275 5356 5452 5358 4849 5456 5130 5166 5615 5117 5221 5564 5306 5424 5106 5463 5016 5382 5168 4898 5390 4847 5360 4915 5418 5377 5048 5085 4994 5456 5261 5413 5422 5301 5332 5547 5276 5290 4719 5283 4896 5219 5316 5095 5461 5215 5428 5234 5498 5187 5589 5768 5290 4836 5578 5154 5302 5087 5725 5124 4865 5177 5165 5273 4892 5655 4765 5432 5109 5574 5641 5117 5416 5399 5544 5094 5114 5373 4881 5272 5324 4823 5075 4964 5565 4965 5507 5157 5123 5420 5308 5507 4862 5017 5134 5159 5068 5152 4567 5457 5705 5229 5011 5265 5292 5148 5736 5294 4839 4995 5548 5056 5511 5449 5147 5359 5199 5207 4786 5220 5272 5312 5035 4879 5317 5188 5127 4858 5391 5384 5465 5120 5438 5223 4961 5476 5286 5066 5613 5000 5098 5074 5263 5209 5798 5340 5533 5529 5785 5495 4691 5463 5317 5289 5157 5598 5170 5016 5290 4910 4787 5241 5188 5087 5459 5101 5528 5344 5023 5662 5049 5410 4898 5536 5653 5345 4814 4828 5382 5132 5104 5309 5608 5237 5156 5367 5344 5042 5090 5042 4972 4752 5429 5180 5577 5596 5352 5090 4777 5180 5159 4772 5482 5672 5016 5591 5126 5055 5476 4998 5330 5326 5307 5543 5474 5366 5015 5189 5264 5136 5093 5281 4959 5293 5109 5277 5200 4785 5419 5473 5190 5183 5180 5106 5483
5823 5791 5707 5876 5911 5967 5497 6087 5787 6005 5351 5483 5573 6030 5462 5940 5974 5613 6066 5861 5569 5716 5656 5879 5487 5622 5898 5572 5677 6022 5579 5477 5967 6046 5846 5919 5452 5301 5597 5654 5311 5849 5251 5806 5654 6062 5973 5841 5460 5699 5898 5735 5495 5932 5691 5799 6268 5675 5695 5171 5880 5554 5554 5516 5286 5982 5609 5583 5710 6066 5850 5896 6206 5858 5235 5818 5481 5633 5722 6284 5825 5382 5345 5373 5672 5680 5842 5536 5858 5700 5766 6118 5970 5854 5980 5755 5430 5917 5788 5051 5832 5690 5228 5911 5585 5970 5555 5860 5675 5826 5868 5814 6023 5556 5361 5975 5703 5487 5320 5117 6108 6164 5666 5653 5659 6004 5854 5982 5619 5618 5728 5894 5453 5881 5889 5593 6108 5894 5895 5261 5853 5537 5601 5773 5514 5868 5706 5711 5652 5965 5795 5883 5564 6255 5668 5375 5907 5635 5881 5650 5658 5634 5688 5645 5606 6273 5662 5777 6039 6000 6320 5544 6137 5815 5470 5892 6240 5691 5115 5755 5545 5644 5743 5483 5785 6112 5549 5902 5677 5414 6052 5728 5880 5306 6092 6020 5914 5394 5480 5695 5746 5508 5787 6106 5977 5826 5843 6194 5864 5664 5611 5671 5274 6091 5854 5897 5702 5626 5787 5428 5791 5489 5518 6131 5919 5404 6068 5709 5401 5879 5686 5550 5743 5731 5823 6143 5649 5473 5685 5697 6030 5738 5823 5686 5863 5552 5667 5533 5144 5734 5660 5745 5767 5635 5594 5697
4740 4761 4874 4953 5115 4962 4937 5062 4580 4813 4686 4661 4464 5126 4541 4900 5000 4567 4870 4788 4828 4847 4796 4890 4748 4701 4620 4665 4467 5096 4690 4762 4881 4659 4954 4697 4672 4584 4760 4675 4611 4841 4454 4794 4634 5338 4556 4749 4646 4683 4897 4680 4623 5068 4714 4639 5125 4805 5029 4580 4720 4747 4769 4824 4477 4782 4641 4897 5010 4905 4581 4714 5151 4886 4371 4813 4552 4607 4670 4842 4509 4160 4504 4526 5137 4452 4761 4354 5043 4719 4995 5235 4940 4735 5116 4923 4578 5019 4513 4467 4905 4661 4540 4728 4607 4934 4596 4985 4790 4406 5012 5177 4733 4411 4583 4847 4829 4428 4648 4474 4443 4910 4625 4716 4544 4696 4698 4952 4610 5044 4780 4805 4318 4833 4817 4451 5121 4707 4837 4282 4745 4800 4765 4708 4379 5156 4713 4599 4384 4703 4702 4783 4439 4898 4902 4758 4754 4567 4839 4684 4715 4836 4650 4650 4605 5211 4503 4798 4975 5139 4895 4605 4951 5145 4846 4616 5138 4854 4478 4837 4657 4672 4723 4713 4930 5062 4747 4851 4843 4498 4839 4723 4840 4532 4958 5025 4949 4564 4097 4950 4649 4862 4715 4851 4572 4665 4782 4973 4670 4390 4563 4365 4331 4909 4584 4982 5112 4796 4693 4423 4663 4595 4468 5125 5018 4627 4738 4581 4741 4744 4567 4862 4929 5151 4802 5245 4991 4509 4656 4791 5115 4655 4645 4641 4531 4569 4644 4301 4553 4986 4821 4798 4835 4871 4540 4928
4945 4840 4813 5039 5146 4779 4853 4951 4628 4819 4579 4538 4645 5055 4603 5170 5093 4760 4724 4781 4744 4983 4918 5089 4870 4877 4681 4658 4524 4811 4652 4495 4966 4484 4721 4869 4853 4479 4965 4673 4377 4923 4490 4998 4640 4764 4882 4578 4777 4927 4918 4633 4437 5181 4964 4774 5146 4794 4792 4619 4744 4781 4979 4646 4657 4790 4641 4913 4771 5001 4717 4985 5030 4678 4352 4904 4660 4833 4597 4952 4716 4141 4591 4717 5128 4619 4805 4644 4961 4633 5143 4959 4858 4952 4837 4797 4463 4784 4851 4441 4869 4642 4372 5092 4616 5004 4519 4731 4966 4773 4851 4963 4938 4765 4700 4785 4971 4862 4827 4629 4892 5086 4900 4914 4681 5072 4709 5046 4808 4746 4744 5139 4439 4942 4866 4639 4983 4621 4803 4429 4755 4733 4512 4602 4417 4981 4689 4561 4790 5058 4739 5098 4396 5039 4870 4559 4902 4726 4752 4992 4567 4571 4719 4829 4826 5044 4726 5077 4876 4999 5170 4340 5019 4783 4802 5198 5138 4815 4560 4864 4595 4590 4929 4847 5008 5004 4796 4905 4694 4515 4838 4657 5189 4772 4798 5139 4909 4426 4375 5045 4929 4751 4895 4997 4967 4612 4886 4969 5013 4579 4680 4568 4561 5259 4610 4748 4990 4976 4779 4762 4852 4655 4589 5062 5034 4947 5066 4739 4504 4739 4588 4501 4712 4867 4858 4925 4849 4400 4721 4728 5228 4544 4879 4551 4797 4588 4658 4557 4484 4852 4918 4777 4775 4667 4642 4961
5117 4745 5078 5077 5270 5091 5026 4976 5051 5069 4678 4614 4930 5113 4850 5422 5101 4669 4929 5317 4918 4846 4752 5311 4876 4731 5144 5045 4954 5247 4884 4513 5019 5317 5124 5018 4876 4457 5137 4892 4723 5090 4482 4988 4585 4987 4787 4760 4529 4820 5038 4677 4765 5107 5023 5152 5137 5262 4980 4593 5067 4753 4833 4779 4624 5101 4928 5144 4926 5181 4997 5023 5186 5258 4344 5285 4756 4941 5127 5315 4848 4694 4720 4823 5099 4923 5140 4586 5166 4645 5180 5224 4926 5115 5058 5135 4416 4703 4947 4419 4932 5147 4578 5141 4864 5247 4688 5119 4817 4810 5363 5049 5082 4354 4446 5061 4890 4674 4878 4793 5144 5150 4856 4886 5051 5057 4640 5218 5130 4977 4908 4947 4632 5344 5094 4654 5278 5012 5030 4568 5205 4939 4947 4852 4584 5433 4895 4822 4855 5029 5194 5166 4579 5230 5037 4788 5142 4920 5092 5006 4585 4860 4908 4759 5114 5252 4794 5126 5168 5392 5140 4580 5216 5177 4737 5035 4997 5286 4563 4968 4954 4816 4913 5045 4974 5225 4785 5197 4980 4772 5162 4785 5119 4635 5144 5272 5202 4547 4538 5128 5031 4686 5041 5189 5157 4919 5116 5124 5030 4960 4928 4709 4565 5224 4968 5012 5033 5020 4801 4776 5111 4838 4837 5488 5118 5035 5364 5154 4755 5255 4928 4981 5089 5392 5189 5021 5064 4606 5062 4910 5293 4938 4877 4822 5020 4750 4880 4755 4636 5251 5294 4826 5010 4923 4614 5257
5152 5193 5010 5245 5522 5230 5099 5088 4812 4899 4382 5131 4845 5076 4793 5057 5363 4838 5071 4997 4848 5109 5161 5061 4578 4606 5118 4769 4710 5311 4775 4832 5248 5028 5358 5112 5167 4600 5068 5040 4756 4967 4753 4997 4870 5265 4842 4834 4639 4977 4971 4870 4771 5262 5097 4934 5522 4720 5043 4568 5005 4771 5020 4933 4842 5131 4954 5055 4957 5139 5051 5271 5428 4965 4605 4972 4721 5055 4841 5260 4800 4720 4923 4816 5241 4745 5311 4684 5138 4931 5157 5414 4997 5294 4919 5007 4697 5220 5035 4581 5281 4952 4651 5151 4637 5299 4495 5148 4882 4906 5068 5195 5024 4767 4774 4824 4803 4819 4824 4576 5308 5276 4854 4909 4876 5006 4749 5334 4952 4927 5064 5325 4544 5161 5053 5019 5250 4576 4992 4719 4851 4817 4721 4877 4517 5340 5098 4723 4649 4844 5030 5030 5027 5001 5010 4848 5331 4863 4918 4943 4716 4943 4767 4886 4955 5533 4591 5130 5200 5413 5565 4397 5292 5192 5031 4910 5431 5030 4615 5031 4509 4785 5148 5005 4957 5321 4905 5207 4874 4957 5319 5019 5127 4678 5012 5275 5279 4666 4551 5117 5155 4840 4787 5275 5111 4947 5199 5273 4986 4966 4797 4638 4863 5445 4959 5221 5041 4986 4886 4769 4993 4719 4530 5264 5113 4849 5133 5118 4954 5151 4897 4865 5076 5201 4923 5000 4941 4648 4981 4952 5233 4926 4971 4810 5027 4643 4759 4842 4689 4955 5142 4977 5259 4800 4899 5308
5052 5060 4801 4899 5059 4959 4901 4936 4669 4841 4608 4878 4738 5288 4519 5128 4993 4658 4909 5009 4864 4626 5034 4803 4622 4779 4833 4549 4552 5005 4593 4731 5006 4826 5085 4884 4755 4763 4541 4996 4828 4983 4531 4710 4892 5037 4908 4666 4406 4845 5050 4671 4646 4921 4915 4819 5383 4838 4779 4507 5118 4634 4858 4549 4500 4921 4923 5166 4932 5075 4987 4929 5236 4714 4405 4977 4677 4816 4784 4983 4466 4404 4759 4594 4985 4791 5041 4697 5357 4548 4794 5177 5009 5000 4919 5019 4540 4787 4642 4246 4948 4937 4401 4864 4589 4957 4575 4939 4768 4695 5193 4970 5321 4309 4550 4914 4917 4858 4969 4504 5048 5100 4793 4816 4899 4887 4695 4988 5062 4589 4572 4932 4537 5221 4835 4699 5078 4689 4892 4540 4785 4753 4704 4823 4290 4948 4832 4613 4663 4896 4858 5007 4551 4947 4930 4691 4988 4700 5003 4668 4757 4735 5066 4651 4907 5182 4530 4978 5047 4930 5395 4325 4929 4931 4805 4744 5086 4755 4409 5058 4531 4419 5015 4901 4866 5150 4638 4962 4735 4704 5017 4706 4838 4510 4750 5189 4898 4487 4402 5053 4900 4641 4914 5178 4892 4709 4910 4980 4799 4714 4941 4467 4342 5119 4666 4820 4918 4899 4994 4519 4801 4564 4496 5253 5144 4624 4901 4968 4687 5193 4581 4820 5014 5100 4983 4927 4909 4522 4830 4866 4936 4697 4827 4755 4722 4774 4745 4341 4708 4871 4948 4736 5033 4605 4749 5066
5579 5537 5654 5658 6031 5598 5609 5853 5556 5568 5235 5268 5428 6029 5582 5547 5809 5046 5821 5702 5397 5479 5597 5553 5536 5279 5484 5580 5400 5751 5306 5420 5712 5562 5479 5433 5332 5200 5554 5395 5310 5743 5058 5400 5242 5695 5689 5630 5336 5637 5698 5511 5275 5678 5213 5500 5891 5458 5921 5182 5689 5577 5539 5622 5405 5544 5445 5714 5400 5771 5631 5564 6051 5544 5044 5892 5261 5412 5348 5771 5417 5120 5427 5262 5708 5331 5930 5357 5687 5513 5518 5849 5436 5434 5686 5499 5184 5564 5577 5211 5527 5354 5144 5644 5378 5624 5334 5525 5307 5455 5913 5788 5767 5382 5193 5389 5519 5335 5482 5003 5574 5500 5236 5686 5554 5787 5436 5714 5627 5339 5591 5763 5071 5856 5546 5238 6050 5385 5461 4985 5343 5503 5230 5658 4993 5479 5471 5390 5337 5642 5529 5741 5079 5567 5552 5183 5558 5290 5577 5547 5483 5586 5644 5121 5782 5915 5333 5884 5708 5962 5930 5223 5614 5665 5408 5505 5881 5440 4835 5579 5525 5553 5747 5583 5505 5693 5390 5517 5304 5486 5980 5361 5738 5201 5739 5663 5797 5191 5114 5808 5479 5324 5361 5857 5536 5457 5319 6019 5579 5185 5112 5271 5194 5837 5477 5531 5698 5741 5264 5353 5348 5469 5294 6092 5981 5526 5370 5519 4904 5788 5388 5511 5446 5560 5474 5521 5530 5338 5689 5500 5824 5434 5638 5505 5311 5348 5322 5275 5223 5730 5751 5466 5587 5454 5420 5547
5143 5359 5067 4970 5259 5440 4803 5078 5085 5050 4561 4799 5069 5542 4757 5294 5501 4719 5034 4875 5101 4783 5264 5394 4752 4783 5280 4909 4825 5166 4991 4697 5247 5070 5170 5460 4938 4811 5132 4872 4747 5257 4602 5092 4843 5174 5359 5073 4669 4796 4976 4929 5089 5467 5046 5104 5699 4953 5009 4679 5147 4634 4898 4941 4780 4880 4877 4944 5034 5079 4938 5211 5565 5121 4512 5177 4888 4758 4937 5440 4886 4731 5104 5113 5124 4750 5311 4562 5248 4878 5320 5272 4928 4914 5080 5109 4834 4837 4996 4662 5302 4998 4796 4876 4595 5169 4987 5151 4819 5147 5058 5201 5143 4561 4613 5051 4859 5015 4853 4654 5253 5504 4889 5080 4954 5230 4888 4930 5132 4818 4731 5520 4758 5476 5097 4778 5235 5206 5156 4545 5174 4924 4680 4781 4567 5146 4794 4722 4702 4953 5060 5265 4777 5325 5082 4832 5208 5033 5205 5256 4775 4973 4794 4903 5013 5294 4924 5259 5037 5130 5385 4507 5238 5011 5155 4942 5176 5175 4774 5057 4800 4687 5021 4792 4945 5211 4928 5203 5072 4740 5200 4948 5202 4505 5117 5420 5252 4798 4440 5161 5153 5146 5006 5336 5166 5128 5246 5154 5009 4904 4766 4969 4602 5315 4869 5359 5273 5380 5085 4734 5148 4895 4819 5248 5329 5064 5303 4908 4781 5158 4979 4945 4926 5184 5291 5081 5279 4767 5015 4879 5186 4883 4967 4814 5211 4769 4965 5013 4806 5207 5045 5027 5330 4755 4853 5384
5560 5416 5453 5381 5321 5473 5399 5332 5276 5500 5093 5040 5222 5522 5285 5627 5612 4820 5604 5506 5337 5614 5322 5512 5364 5146 5217 5232 4981 5601 5289 5005 5372 5304 5633 5329 5567 5134 5261 5159 5023 5414 4777 5530 5077 5426 5441 5276 5252 5380 5671 5515 4866 5627 5444 5604 5895 5395 5351 4968 5501 5275 5356 5021 5251 5599 5450 5708 5541 5744 5440 5313 5711 5382 4904 5512 5176 5086 5465 5553 5236 5125 5290 5318 5269 5262 5548 5290 5654 5105 5362 5616 5225 5329 5698 5405 5027 5257 5157 4858 5287 5359 4928 5325 5173 5478 5035 5578 5093 4963 5792 5372 5585 4859 5055 5575 5053 5086 5367 5193 5431 5773 5499 5323 5287 5529 4910 5443 5561 5461 5068 5469 5395 5528 5666 5271 5797 5275 5338 4708 5285 5257 5320 5434 4913 5572 5383 5099 4904 5489 5296 5371 5085 5490 5244 5125 5397 5226 5337 5476 5323 5336 5499 5361 5380 5703 5332 5749 5747 5724 5633 4836 5651 5400 5380 5467 5699 5427 4953 5209 5358 5221 5471 5135 5344 5924 5059 5314 5311 5152 6048 5194 5506 4978 5283 5812 5541 4943 5184 5658 5569 5086 5398 5574 5322 5164 5624 5616 5325 5255 5209 5156 4822 5680 4987 5632 5573 5851 5452 4912 5355 5193 5240 5648 5555 5427 5671 5392 5114 5856 5282 5654 5520 5543 5589 5333 5290 5007 5358 5164 5717 5187 5254 5265 5559 5333 5340 4962 5168 5394 5528 5360 5334 5186 5315 5347
5118 5142 5212 4945 5273 5045 5346 5136 5006 5454 4794 4686 4866 5324 4824 5163 5200 4881 5467 5217 4899 5307 5141 5167 5063 4914 4918 4752 4774 5357 4728 4840 5240 5123 5122 5372 5097 4796 5005 4893 4918 5057 4664 5530 4986 5445 5027 5059 4970 4948 5296 4912 4839 5331 5240 5283 5379 5093 5014 4568 5041 5195 5111 4964 4904 5053 4981 5207 4977 5527 5127 5126 5283 5164 4745 4981 4822 4712 5113 5402 5074 4675 4789 5021 5261 4919 5481 4581 5356 5036 5513 5382 5140 5309 5480 5114 4738 5078 4950 4629 5190 5050 4857 5192 4824 5268 4990 5026 5097 4728 5183 5182 5233 4798 4752 5000 4952 4738 4923 4646 5027 5539 4924 5221 4990 4931 4938 5288 5048 4873 4665 5358 4801 5353 5185 4945 5328 5111 5029 4589 5351 4815 4932 4991 4831 5263 5234 5138 4948 5139 5151 5307 4806 5237 4952 4837 5048 4868 5175 4999 4908 4940 5077 4930 5182 5315 4797 5349 5280 5399 5529 4745 5281 4937 5009 5050 5463 5130 4783 5212 5068 4827 5047 4959 5300 5548 4976 4985 5000 4725 5429 5045 4998 4874 5008 5410 5155 4816 4641 5151 5191 4776 5082 5790 5188 5047 5152 5569 5101 4860 4881 5139 4572 5354 4968 5143 5168 5239 4980 4710 4817 4985 4730 5456 5381 5141 5449 4900 4865 5244 5076 4960 5250 5309 5211 5452 5008 4580 5078 5014 5523 5008 5246 5042 4973 4630 5265 4775 4725 5095 5196 5029 5377 4798 4908 5170
5445 5011 5505 5576 5771 5524 5202 5336 5161 5469 4929 4962 5197 5461 5151 5469 5587 4981 5400 5575 5156 5316 5436 5313 5312 5170 5273 5071 5139 5602 5076 5226 5365 5481 5365 5659 5093 5054 5257 5127 5134 5503 4597 5620 5089 5589 5213 5048 5089 5140 5523 4957 5120 5491 5495 5427 5724 5233 5313 4866 5324 5182 5464 5211 5045 5391 5247 5422 5160 5532 5237 5441 5552 5339 4789 5672 5025 4903 5271 5520 5264 4928 5146 4973 5467 5208 5674 4876 5349 5312 5440 5687 5277 5207 5553 5333 4919 5544 5289 4911 5545 5228 5042 5284 4905 5759 4946 5218 5142 5013 5383 5459 5378 5114 5100 5295 5300 5059 4946 4998 5595 5716 5584 5432 5257 5430 5184 5587 5584 5139 5293 5515 5051 5668 5467 5287 5758 5095 5297 5139 5411 5261 5198 5522 4887 5435 5198 5026 5138 5489 5115 5663 5037 5496 5279 5205 5319 5253 5558 5157 5260 5150 5350 4886 5314 5592 5120 5576 5678 5548 5869 4817 5670 5475 5065 5289 5618 5606 4696 5382 5173 5256 5446 5145 5201 5721 5232 5563 5227 5146 5678 5270 5316 4808 5282 5860 5486 5066 5022 5509 5253 5045 5045 5766 5357 5168 5628 5670 5314 4905 5381 5051 4884 5557 5334 5459 5569 5315 5155 4913 5210 5304 5294 5672 5420 4970 5630 5206 5255 5523 5260 5180 5171 5220 5373 5298 5384 4998 5341 5142 5647 5063 5183 5114 5249 5135 5206 5329 4933 5416 5542 5257 5422 5169 5347 5329
5293 5346 5210 5303 5404 5463 5390 5346 4925 5569 4906 5102 5106 5626 4939 5369 5367 4874 5281 5371 5424 5130 5523 5384 5060 4886 5076 5078 5201 5560 5009 5085 5418 5173 5389 5087 5250 4897 5228 4978 4831 5155 4606 5151 4921 5431 5302 5336 5088 5007 5388 5314 5127 5363 5251 5446 5561 5066 5073 4849 5361 5085 5434 5148 5118 5489 5051 5282 5083 5394 5435 5365 5608 5086 4924 5420 4864 5174 5166 5448 4979 4941 4930 5092 5154 5121 5646 4908 5700 5198 5320 5714 5354 5369 5587 5369 4803 5237 5074 4695 5417 5237 5024 5342 4996 5464 5211 5115 5239 5180 5648 5501 5500 5113 4915 5144 5120 4949 5054 4636 5362 5700 5256 5181 5313 5479 4916 5624 5551 5084 5188 5337 5080 5328 5310 4982 5446 5268 5120 4981 5288 5465 5081 5173 5027 5538 5137 5209 5106 5511 5331 5564 5209 5487 5279 4985 5299 5078 5262 5140 5065 5139 5172 5237 5310 5464 4983 5648 5507 5755 5687 4786 5673 5407 5228 5154 5526 5447 4898 5215 5032 5370 5429 5296 5225 5220 5115 5403 5346 5047 5672 5322 5256 4758 5112 5558 5591 4640 4717 5552 5192 5081 5374 5891 5199 5196 5404 5572 5310 5199 5054 4993 4909 5570 5149 5596 5637 5546 5239 5127 5149 5068 5063 5610 5606 5024 5346 5452 4986 5368 5182 5111 5258 5528 5521 5277 5036 4859 5285 5317 5688 4961 5200 5462 5373 5150 5209 5075 4786 5697 5208 5096 5411 5244 4964 5325
5566 5387 5495 5574 5643 5581 5256 5479 5465 5483 5014 5269 5241 5786 5256 5624 5818 5078 5734 5370 5193 5412 5812 5627 5262 5310 5442 5259 5113 5635 5372 5109 5462 5449 5593 5601 5305 5149 5498 5267 4922 5303 4830 5178 5223 5514 5367 5153 4986 5359 5432 5515 5243 5274 5362 5381 5896 5264 5429 5136 5172 5331 5163 5261 5224 5578 5251 5591 5416 5478 5265 5710 5869 5317 4700 5361 5365 5091 5463 5521 5345 4883 5357 5372 5504 5158 5619 4971 5615 5365 5588 5530 5333 5535 5379 5471 5079 5320 5408 4881 5474 5103 5272 5466 4947 5394 5400 5302 5057 5346 5374 5619 5559 5129 4782 5285 5466 5343 5530 4997 5639 5755 5170 5247 5145 5320 5139 5457 5323 5228 5158 5509 5078 5724 5330 4926 5747 5151 5631 4813 5400 5255 5297 5410 4994 5713 5296 5383 4942 5444 5319 5225 5403 5517 5476 5056 5367 5237 5281 5310 4957 5619 5219 5232 5194 5748 5176 5747 5784 5567 5683 5033 5725 5414 5254 5253 5823 5460 5294 5516 5334 5290 5406 4969 5445 5799 5280 5601 5579 5058 5675 5424 5651 5056 5476 5890 5483 4798 4947 5735 5552 5063 5309 5547 5360 5345 5420 5429 5539 5414 5218 5485 4883 5625 5128 5604 5535 5454 5195 5130 5438 5063 5304 5529 5447 5360 5860 5339 4969 5520 5258 5508 5439 5538 5584 5474 5303 5135 5330 5347 5568 5368 5425 5366 5643 4827 5144 4990 5037 5484 5421 5172 5756 5351 5094 5430
5907 5915 5762 5713 5977 5683 5744 5804 5677 5795 5366 5376 5376 5942 5463 5715 5883 5155 5667 5636 5449 5328 5756 5828 5555 5202 5644 5430 5324 5702 5257 5365 5862 5637 5435 5742 5658 5370 5495 5233 5178 5713 5182 5604 5429 5779 5546 5584 5093 5657 5664 5539 5304 5562 5391 5753 5983 5448 5799 5332 5556 5422 5720 5509 5371 5644 5408 5598 5437 5724 5428 6017 6222 5381 5194 5779 5226 5512 5527 6059 5461 5232 5361 5483 5535 5475 5953 5257 5750 5394 5692 5932 5866 5627 5537 5841 5240 6057 5624 5129 5738 5581 5352 5557 5437 6011 5386 5492 5547 5404 5723 5656 5896 5344 5329 5751 5463 5607 5486 5016 5791 6015 5792 5498 5407 5909 5500 5981 5647 5439 5572 5947 5153 5564 5729 5295 5952 5578 5702 5187 5711 5509 5474 5680 5200 5772 5799 5636 5562 5777 5690 5888 5127 5681 5623 5337 5662 5645 5635 5589 5423 5507 5635 5450 5402 5983 5225 5915 5911 6112 6034 5190 5730 5722 5249 5761 5897 5663 5424 5664 5331 5625 5755 5623 5649 5735 5494 5662 5556 5399 5645 5586 5809 5466 5693 5949 5441 5172 5306 5684 5601 5339 5574 5905 5551 5263 5398 5828 5613 5726 5480 5482 5167 6295 5386 5468 5658 5751 5458 5367 5517 5411 5128 6011 5846 5536 5648 5656 5230 5636 5256 5753 5743 5807 5572 5620 5600 5391 5496 5739 5737 5427 5587 5414 5682 5308 5444 5362 5299 5819 5637 5674 5563 5460 5351 5988
5371 5041 5305 5050 5603 5286 5374 5424 5152 5360 4828 4895 5081 5530 4837 5482 5426 4926 5421 5393 5084 5089 5275 5304 5207 4953 5267 4887 4911 5266 4961 5238 5584 5279 5502 5380 5345 5043 5184 5180 4984 5135 4826 5437 4926 5531 4956 5133 5062 5342 5664 5320 5008 5612 5109 5219 5735 5045 5203 4832 5324 4978 5101 5041 4948 4953 5381 5673 5404 5359 5033 5371 5671 5272 4891 5133 4946 4951 5331 5508 5116 4798 5271 4975 5455 4976 5392 4906 5543 5215 5237 5547 5467 5285 5580 5188 4956 5145 5046 4790 5426 5205 5226 5399 5112 5316 5036 5156 5209 5097 5318 5386 5370 5321 4771 5412 5230 4760 4972 4867 5349 5474 5216 5026 5083 5356 5050 5440 5353 5170 5001 5457 4890 5288 5512 5144 5415 5094 5273 4746 5145 5157 5267 5059 4689 5283 5385 4973 5026 5245 5035 5154 4838 5206 5232 5010 5296 4979 5240 5155 4934 5211 5109 5078 4880 5450 4778 5410 5457 5532 5702 4935 5655 5382 5120 5144 5602 5088 4669 5296 4632 5229 5347 5106 5277 5482 4950 5429 5072 5131 5358 5192 5431 4855 5168 5414 5309 4855 4835 5242 5060 5122 5247 5386 5194 5169 5647 5676 5226 4868 4988 4882 4758 5510 5130 5289 5185 5113 5097 5118 5124 5118 4754 5677 5199 5096 5308 5200 4878 5345 4964 5358 5522 5252 5188 5583 5123 4927 5273 5203 5635 5142 5424 4972 5071 4893 5345 4692 4815 5152 5289 5245 5238 4913 4949 5306
5275 4856 5112 5328 5154 4950 4946 4908 4899 5132 4692 4695 4939 5375 4591 5216 5176 4876 4816 5019 5083 5167 5294 5032 4813 4812 4945 4670 4920 4963 5032 4807 5146 5219 5464 4844 4922 4687 5197 4841 4986 5147 4639 4983 4916 5008 5091 4908 4684 4902 5012 4753 4826 5088 5128 5021 5422 4930 5055 4616 5003 4706 4924 4685 4923 5196 5016 5127 4977 5005 5275 4937 5478 4780 4557 5186 4977 4841 5183 5269 4849 4526 5073 4719 5253 4850 5270 4751 5355 4997 5204 5187 5136 4753 5185 5017 4602 5129 4842 4773 5234 4973 4716 5108 4698 5145 4715 5031 4560 5003 5171 5148 5354 4889 4845 5247 5244 4954 4853 4820 5068 5055 5111 4949 4800 5280 4905 5293 5121 4800 5016 5067 4744 5101 5384 4739 5132 4841 4979 4615 4960 4914 4813 4690 4479 4965 4925 5039 5028 5336 5146 5335 4607 5177 5040 4983 5145 5034 4949 4913 5100 5184 4778 4781 4805 5305 4802 5229 5579 5472 5457 4795 5279 5151 4885 5073 5413 5295 4638 5287 4792 4994 4988 4939 4924 5194 4969 5220 5183 4767 5524 4835 5369 4767 4965 5442 5136 4470 4730 5425 4939 4605 4908 5246 5027 5035 5312 5366 4854 4718 5078 4901 4557 5308 4987 5084 5527 4894 5002 4937 5284 4832 4740 5346 5388 4935 5119 4740 4809 5391 4861 4848 5249 5132 5400 5207 4951 4887 5077 5243 5163 4935 5082 4847 5162 5034 4800 4615 4626 5392 5197 5024 5075 4939 4661 5221
5167 4790 5299 5314 5317 5208 5100 5299 4873 5150 4956 5029 4851 5271 5025 5557 5207 4872 5167 5014 4819 5023 5428 5091 4982 4873 5159 5048 4884 5189 4960 5153 5458 5290 5171 5107 5292 4676 5447 4925 4797 5377 4606 5145 5128 5231 4944 5175 5005 4994 5130 4988 4867 5334 5054 5098 5491 5094 5278 4664 4840 4925 5262 4908 4739 5197 5035 5237 4971 5134 5119 5277 5416 5004 4688 5143 4661 4875 5116 5698 4890 4634 4683 4765 5407 4893 5360 4832 5119 5120 5083 5463 5439 5350 5171 5206 4862 5286 5000 4625 5326 4865 5042 5028 4703 5540 4865 5213 5195 4688 5498 5332 5352 4812 4861 4951 4999 4931 4880 4733 5204 5378 5235 5255 4995 5164 5006 5446 4924 5264 5111 5324 4882 5167 5057 4984 5547 5024 4838 4986 5009 5131 4934 4863 4983 5294 5245 5138 4784 5362 5092 5374 4676 5406 5088 4802 5248 5143 5237 5085 5123 4881 5368 4792 4817 5382 4818 5047 5252 5377 5361 4702 5257 5120 4919 4992 5592 5236 4483 4878 4672 4885 5072 5091 5104 5169 4978 5142 4904 4696 5314 4973 5201 4828 5062 5286 4913 4815 4581 5315 5236 4771 5073 5447 4921 4902 4978 5392 5026 4853 5063 4672 4990 5614 5310 4965 5354 5314 4981 4925 4955 4929 4728 5310 4996 4829 4949 5007 4803 5261 5027 4959 5159 5190 5091 5045 5201 4911 5068 5336 5379 5011 5100 4912 5060 5022 4875 5020 4711 4987 5210 4955 5097 5074 4859 5192
5442 5359 5464 5707 5686 5594 5198 5480 5236 5470 5037 5026 5230 5851 5378 5616 5761 5150 5521 5550 5291 5475 5529 5265 5270 5082 5462 5141 5266 5421 5069 4974 5463 5540 5296 5455 5187 5059 5290 5038 4934 5778 4891 5641 5269 5429 5579 5460 5170 5401 5466 5173 5187 5528 5664 5349 5557 5384 5366 4790 5494 5328 5447 5185 5109 5345 5287 5155 5139 5671 5324 5220 5681 5573 4977 5505 5177 5040 5146 5574 5272 4747 5188 5113 5328 5259 5468 5016 5545 5413 5502 5952 5320 5353 5618 5433 4920 5245 5334 4975 5533 5208 4847 5388 5275 5616 5016 5491 5095 5031 5385 5671 5509 5254 4968 5532 5420 5114 5123 5003 5558 5796 5274 5128 5473 5605 5450 5494 5452 5173 5435 5587 5116 5424 5328 5019 5363 5458 5376 4884 5498 5186 5228 5261 5205 5413 5446 5120 5184 5604 5374 5615 4882 5488 5388 5120 5415 5353 5428 5247 5282 5281 5118 5024 5226 5661 5400 5624 5587 5693 5825 5027 5414 5455 5323 5285 5789 5503 4995 5501 5290 5366 5240 5139 5495 5537 5054 5597 5586 5010 5572 5373 5496 5032 5555 5784 5512 5004 4893 5710 5317 4870 5556 5789 5450 5322 5507 5707 5488 5170 5415 5261 4813 5632 5273 5458 5470 5377 5223 5174 5327 5114 4934 5804 5546 5151 5576 5108 5058 5490 5348 5317 5434 5493 5516 5454 5430 4788 5441 5541 5820 5002 5538 5372 5265 5200 5324 5314 4907 5474 5266 5476 5307 5319 5309 5475
5434 5020 5082 5123 5375 5447 5279 5336 5211 5507 4903 4834 5179 5630 4979 5357 5431 5014 5300 5090 4934 5239 5021 5179 5012 5069 5046 5013 4908 5389 5063 4918 5454 5458 5202 5343 5076 4741 5298 4933 4879 5383 4915 5341 4986 5477 4953 5308 5108 5176 5170 5171 4786 5272 5256 5072 5650 5205 5008 4819 5335 5037 5082 4861 5058 5396 4883 5487 5304 5309 5302 5286 5388 5256 4836 5082 4838 5116 4979 5455 5078 4783 4914 5038 5197 5051 5355 4743 5598 5057 5180 5564 5315 5239 5304 5559 4777 5012 4946 4660 5325 4948 5094 5232 5055 5349 5058 5254 5085 5026 5535 5436 5195 4838 4584 4961 4988 4972 4758 4753 5259 5617 5122 5167 5191 5218 5225 5343 5331 4910 4888 5535 5076 5261 5422 5019 5581 5141 4987 4718 5163 4997 5035 5131 4855 5395 5310 4907 5041 5590 5414 5288 5069 5512 5308 4962 5412 4927 5157 5322 5177 5079 5199 5048 5334 5444 5080 5389 5339 5643 5506 4747 5417 5183 5064 5456 5330 5203 4813 5206 5251 5098 5211 5364 5167 5558 5078 5317 5353 5077 5563 5094 5370 4797 5096 5580 5263 4653 4738 5460 5141 4923 5241 5629 5148 5015 5313 5290 5195 5132 5013 5064 4840 5465 5018 5469 5229 5183 5176 4882 5266 4802 5198 5613 5322 5145 5361 5165 4955 5336 4951 5336 5328 5020 5332 5297 5173 4829 5488 5255 5428 4887 5365 5111 5447 4957 4931 4969 4775 5471 5235 5339 5024 5168 5067 5331
5165 4944 5121 5031 5345 5041 5272 5306 5043 5112 4682 4795 4662 5402 4726 5298 5158 4940 4815 4948 4863 5055 5064 5190 4943 4569 4863 4957 4936 4942 4499 4884 5051 4787 5021 5043 4878 4808 5034 4782 4935 5055 4518 4875 4803 5217 4931 4839 4816 4881 5184 4771 4840 5185 5281 4890 5505 5114 4846 4739 4861 4816 5050 4862 4683 5112 4904 5278 4896 5222 5007 5110 5171 5114 4405 5086 4921 4869 4821 5266 4756 4861 4717 4911 5304 4839 5321 4849 5093 5182 5191 5346 5153 5246 5305 5121 4735 5139 5057 4638 5016 4736 4846 5118 4797 5380 5015 5048 4904 4869 5234 5148 5267 4698 4678 4987 4916 4869 5024 4785 5175 5444 5055 5109 4946 5107 4785 5266 4963 5017 4716 5096 4677 4850 4911 4937 5281 5028 4920 4502 5030 5074 4755 4714 4512 4970 5067 4792 4814 5209 5153 5203 4719 5102 5104 4665 4920 5043 5068 5187 4877 4961 5001 4740 4936 5272 4829 5130 5096 5146 5441 4467 5329 5058 5024 4909 5334 5181 4638 4960 4678 4748 5017 5176 5031 5171 4758 4904 5092 4863 5302 4934 5216 4958 4979 5429 4910 4608 4611 5342 4932 4740 4833 5283 5023 4957 4954 5195 4969 4724 4880 4665 4810 5310 4896 5275 5173 4845 5134 4559 4881 4877 4692 5627 5071 4883 5109 4972 4677 5102 4970 5163 5173 4914 5452 5271 4891 4736 5137 4989 5285 4894 5084 5233 4994 4948 4884 4758 4610 5177 5051 4750 5019 4881 4618 5225
5561 5354 5347 5257 5366 5205 5295 5581 5318 5479 5206 4966 5240 5736 5107 5525 5590 4844 5253 5062 5195 5569 5326 5027 5467 4977 5262 4991 5136 5517 5145 5135 5403 5491 5154 5348 5058 4832 5385 5127 4734 5691 4777 5605 5115 5452 5083 5482 5192 5080 5331 5276 5021 5506 5174 5093 5504 5507 5300 5158 5089 5193 5282 4707 4970 5479 5266 5562 5096 5464 5271 5220 5681 5179 5072 5443 4999 5373 5268 5749 5361 5015 5183 5203 5458 5074 5646 4785 5459 5044 5375 5626 5319 5411 5425 5591 5023 5062 5072 4784 5264 5347 5104 5386 5143 5639 5195 5384 5159 5032 5454 5650 5352 4964 4750 5245 5308 5161 5084 4857 5375 5777 5367 5124 5269 5660 5002 5551 5315 5143 4916 5313 5007 5385 5429 4998 5499 5189 5167 4995 5383 5028 5045 5258 4868 5301 5118 4989 5068 5684 5461 5687 4833 5493 5289 4872 5312 5538 5321 5163 5354 5195 5014 5045 5131 5554 5055 5528 5493 5716 5666 4856 5514 5340 5013 5206 5801 5359 4666 5294 5011 5317 5441 5088 5355 5556 5005 5620 5284 5004 5548 5297 5640 4833 5351 5590 5487 4683 4811 5235 5072 5010 5263 5711 5050 5093 5180 5604 5281 5230 5059 5293 4984 5471 5353 5405 5572 5344 5220 4812 5248 5022 5137 5966 5260 4953 5163 5245 5104 5430 4983 5241 5373 5076 5413 5534 5055 4933 5572 5440 5675 4817 5464 5140 5139 5200 5178 4922 5012 5515 5328 5599 5110 5190 5209 5515
5078 4993 4884 5213 5229 4915 4703 4754 4789 5140 4701 4616 4795 5019 4518 5034 4799 4784 4779 5129 4720 4947 4872 4956 4739 4626 4931 4780 4676 4771 4635 4540 4990 4987 4608 4865 4909 4832 4938 4708 4583 4742 4499 4876 4959 5050 4604 4770 4407 4831 4890 4884 4722 5027 4839 4889 5241 4843 4917 4611 4740 4846 4991 4971 4594 4990 4785 5029 4435 5078 5128 5116 5083 5086 4222 4648 4523 4751 4990 4985 4677 4528 4706 4779 5017 4420 4972 4522 5063 4917 5013 4966 5029 4643 4889 5243 4497 4947 4814 4435 5029 4950 4714 4928 4592 4757 4364 4883 4673 4573 4960 4904 4956 4544 4418 4926 4857 4592 4921 4643 4837 5258 4525 4883 4817 4978 4692 4962 5127 4819 4765 5129 4418 4980 5097 4550 5112 4821 4548 4547 4842 4598 4672 4570 4648 4955 4852 4851 4554 5219 4950 5150 4583 5163 4902 4590 4994 4942 4914 5028 4853 4925 4997 4600 4935 5226 4738 4857 5111 5208 5396 4331 5075 5050 4790 5089 5207 5019 4651 4820 4867 4745 4703 4635 4854 4842 4804 4873 4909 4667 5209 4962 5047 4622 5038 5055 4715 4437 4369 5287 4879 4665 4873 5350 4932 4803 4999 5178 4812 4795 4924 4619 4467 5172 4838 4938 5227 4989 4681 4368 4872 4589 4568 5111 5120 4701 4950 4661 4613 4871 4969 4855 5023 5041 5015 4793 4964 4637 4873 4895 5096 4801 4808 4783 4867 4642 4876 4710 4478 5062 4992 4798 4780 5030 4510 4926
5439 5477 5532 5454 5849 5349 5427 5278 5339 5629 4979 5030 5407 5883 4894 5574 5506 5193 5287 5398 5374 5297 5403 5400 5209 5178 5237 5476 5380 5071 5137 5101 5667 5211 5343 5036 5401 5117 5436 5359 5159 5463 5077 5319 5134 5436 5236 5242 5109 5294 5460 5147 5027 5426 5460 5156 5751 5190 5503 4915 5307 5220 5337 5065 4862 5183 5514 5357 5426 5342 5349 5309 5753 5214 4907 5430 5183 4963 5337 5675 5154 5043 5186 5209 5641 5011 5632 4669 5350 5489 5528 5920 5411 5410 5515 5259 4987 5399 5568 4815 5385 5086 5233 5435 5231 5505 5266 5369 5483 4942 5367 5810 5760 5293 5095 5311 5114 4941 5152 4885 5614 5595 5632 5142 5244 5452 5248 5587 5537 5059 5029 5776 5114 5632 5529 5294 5658 5424 5334 4956 5327 5180 5128 4988 5086 5702 5364 5496 5131 5332 5115 5474 5434 5418 5287 4710 5542 5071 5270 5440 5335 5323 5374 5021 5070 5627 5201 5523 5673 5803 5533 5020 5508 5490 5342 5585 5695 5519 5161 5572 5275 5253 5354 5216 5189 5507 5338 5458 5472 5105 5612 5063 5709 5117 5393 5600 5460 4753 4733 5440 5280 5182 5485 5705 5364 5267 5527 5629 5193 5009 5129 5247 4883 5664 4915 5466 5490 5551 5213 5131 5215 5039 4917 5718 5546 5394 5073 5339 4933 5877 5284 5342 5491 5549 5600 5451 5414 4910 5458 5324 5676 5382 5467 5448 5378 5067 4996 5031 4852 5150 5389 5469 5066 5318 5127 5545
5803 5719 5745 5835 5998 5922 5694 5954 5627 5814 5423 5345 5259 5908 5534 5986 5925 5539 5457 5596 5564 5658 5677 5672 5778 5537 5779 5219 5880 5725 5458 5607 5699 5825 5898 5614 5379 5266 5690 5741 5505 5724 5243 5600 5410 5688 5436 5357 5510 5623 5551 5531 5454 5819 5548 5618 6062 5497 5581 5240 5612 5463 5748 5493 5388 5460 5899 5734 5657 5841 5812 5698 6095 5580 5052 5646 5481 5678 5492 6087 5565 5083 5172 5440 5891 5212 5943 5141 5859 5702 5782 6127 5908 5501 5719 5557 5343 5615 5602 5094 5898 5618 5436 5965 5167 5828 5496 5476 5588 5482 5740 5859 5898 5426 5426 5537 5566 5330 5570 4972 5805 5952 5734 5308 5417 5799 5444 6065 5704 5690 5588 5956 5022 5743 5585 5232 6077 5527 5586 5138 5754 5644 5572 5390 5192 5740 5590 5589 5429 5898 5734 5794 5513 5873 5916 5546 5962 5419 5886 5470 5453 5403 5653 5283 5641 6076 5374 5843 5607 5867 6042 5198 6098 5517 5620 5641 6069 5893 5118 5801 5399 5495 5697 5766 5565 6048 5196 5934 5507 5346 5959 5288 5896 5380 5711 6032 5871 5373 5244 5890 5546 5325 5719 6076 5500 5291 5765 6020 5670 5382 5224 5446 5357 6020 5507 5862 5742 5612 5578 5421 5709 5418 5373 6165 5720 5729 5684 5612 5473 5790 5571 5445 5836 5876 5482 6049 5796 5378 5672 5657 6052 5554 5980 5375 5811 5356 5307 5128 5012 5622 5820 5510 5486 5576 5458 5869
5060 5063 5169 5034 5401 5314 5022 5270 4988 5112 4668 4745 5092 5266 5081 5282 5248 4846 5033 5014 4804 4948 5234 4974 4950 4839 4934 4841 4808 5208 5059 5024 4919 5009 5073 4961 4973 4881 4979 4553 4876 5178 4469 4885 4803 5248 4849 4861 4723 5211 5127 4872 4948 5115 4768 4886 5492 4891 5035 4618 4978 4970 5007 4996 4661 4870 4887 5066 4787 5083 4945 5276 5441 4820 4662 5271 4791 4821 4986 5665 4985 4641 4716 5127 5240 4981 5190 4711 5256 5083 5336 5574 5201 5069 5169 5146 4650 5042 5019 4702 5268 5251 4885 5040 4602 5383 4878 4899 4936 4953 5397 5074 5152 4411 4904 4800 5036 4704 4878 4828 5003 5422 5226 4925 4726 5012 4937 5144 4982 4721 4904 5213 4804 5083 5007 4762 5362 4927 4632 4616 4928 5011 4898 4907 4504 5161 5176 5188 4772 5181 5190 5232 4713 5176 4992 4922 5201 5147 5009 5119 4872 4985 5005 4982 4781 5536 4571 5179 5405 5499 5387 4531 5239 5146 4969 4805 5423 5106 4813 5111 4955 4866 4930 4795 4943 5232 4831 4908 4974 4745 5308 5275 5052 4529 5075 5535 5116 4664 4489 5177 4880 4789 5283 5456 4953 4849 4997 5196 4829 4611 4799 4702 4675 5287 4915 5220 5091 5136 5040 4693 5033 4765 4676 5302 5380 4862 5372 4997 4729 5058 5068 4936 5047 5010 5095 5176 5065 4527 5149 5132 5027 4809 4870 4739 4865 5019 5034 4990 4624 5261 5092 4836 4976 4823 4920 5178
5085 4993 4967 4977 5069 5109 5025 5052 4776 4914 4694 4598 5058 5173 4607 5149 5236 4691 5142 4807 4907 4992 5013 4776 4955 4964 4783 4786 4874 5017 4947 4811 5396 4898 5125 4915 4835 4510 5023 4872 4636 5095 4545 4973 4639 4975 4717 4897 4987 5060 5218 4954 4831 5191 4781 4957 5310 4809 4988 4677 4967 5029 5175 4916 4817 4999 4892 5229 5085 4939 5025 5181 5068 4935 4521 5202 4720 4721 4959 5157 5049 4852 4783 4916 4925 4915 5081 4867 5230 4923 4908 5275 4968 5032 5002 5159 4653 4930 4877 4584 4925 4735 4795 5021 4682 4959 4654 4988 5147 4875 5094 5023 5173 4686 4704 4819 4898 4850 4618 4648 4951 5385 4960 5022 4808 4974 4728 4987 5109 4821 4739 4867 4743 5306 5115 4897 5471 4860 4924 4425 4751 4995 4792 4978 4752 5233 5260 4783 4672 4947 4851 4993 4651 5136 5313 4818 4997 4737 4924 4888 5124 4846 5166 4634 4847 5284 4911 4976 5133 5154 5454 4421 5423 5057 5128 4924 5139 5057 4540 4819 4687 4951 5130 5281 4991 5329 4999 5099 4665 4836 5018 4767 5143 4646 5025 5295 5292 4409 4542 5154 4815 4820 5094 5336 4916 4806 4855 5224 4915 4598 4755 4629 4452 5347 4783 5136 5181 5111 4867 4619 4802 4717 5005 5365 4993 5230 4957 4816 4600 5222 4900 4899 5025 4926 4979 5086 5140 4486 4975 4831 5277 4806 4797 4992 4911 4922 4996 4472 4495 5274 5130 4960 4736 4917 4725 4844
5408 5160 5265 5259 5610 5488 5385 5295 5173 5555 4751 4804 5196 5753 4961 5519 5440 4757 5385 5435 5163 5361 5225 5423 5172 4840 5402 5118 5029 5536 4881 5026 5483 5288 5369 5146 5291 4809 5382 5010 4861 5189 4760 5246 5022 5286 5098 5455 5004 5081 5427 5311 5086 5441 5284 5188 5654 5179 5180 4770 5364 5263 5282 5358 5150 5582 5169 5290 5173 5448 5411 5440 5743 5299 4787 5417 5164 5089 5172 5302 5073 4526 5080 5052 5562 4866 5609 4883 5333 5003 5436 5639 5358 5491 5351 5209 4989 5327 5302 4724 5359 5296 4991 5269 5056 5552 5109 5366 5296 5058 5208 5329 5555 5105 4844 5166 5090 4812 5169 4951 5549 5616 4941 5172 5165 5451 5192 5570 5245 5076 5021 5493 5067 5356 5252 5082 5457 5332 5427 4592 5249 5105 5020 5172 5077 5275 5311 5231 4988 5376 5565 5530 5157 5425 5432 4754 5241 5235 5249 5466 5203 5248 5176 4960 5396 5797 5090 5485 5502 5528 5622 4830 5402 5153 5300 5282 5666 5333 4926 5240 4910 5088 5321 5071 5375 5405 5065 5274 5025 5048 5448 4975 5263 5142 5277 5490 5375 4711 4809 5423 5079 4850 4908 5674 5189 5165 5275 5555 5350 4951 5159 5039 4969 5726 5351 5606 5329 5385 5106 4930 5291 4827 4867 5528 5508 5293 5340 5086 5049 5392 5093 5174 5194 5369 5379 5519 5323 5016 5527 5341 5375 5225 5308 5320 5347 5177 5127 4842 5097 5168 5416 4928 5009 5245 5151 5328
4811 4708 4683 4966 5132 5043 4625 4799 4693 4749 4161 4606 4775 4935 4400 4703 4886 4649 4909 4539 4755 4638 4909 4678 4671 4580 4985 4586 4403 4817 4504 4737 4839 4793 4959 4909 4536 4635 4966 4510 4534 4675 4191 4710 4618 4641 4451 4435 4584 4550 4760 4570 4471 5046 4696 4673 4840 4644 4661 4463 4598 4617 4991 4500 4508 4694 4567 4994 4777 4652 4765 4948 5083 4760 4214 4650 4559 4720 4815 5084 4530 4472 4500 4656 4852 4401 4866 4314 4924 4568 4792 5136 4548 4521 4852 4873 4323 4923 4696 4158 4875 4622 4575 4791 4406 4781 4695 4806 4577 4486 4876 4998 4955 4440 4346 4655 4879 4922 4481 4336 4674 4893 4778 4639 4446 4911 4365 4908 4658 4634 4711 5045 4419 4637 4702 4180 4901 4875 4642 4485 4818 4586 4569 4569 4390 4728 4531 4794 4339 4780 4816 4967 4547 5138 4711 4523 4718 4760 4720 4709 4672 4506 4623 4491 4710 5114 4390 4849 4834 4998 5050 4636 5019 4721 4631 4525 5023 4998 4405 4583 4489 4567 4875 4571 4768 4946 4766 4764 4719 4421 5066 4757 4903 4277 4798 5009 4716 4424 4296 4956 4516 4358 4963 5054 5108 4728 4822 5020 4724 4646 4676 4628 4563 5052 4664 4999 4694 4980 4510 4653 4711 4350 4310 4972 4953 4704 4882 4812 4584 4693 4625 4723 4764 4923 4922 4865 4691 4424 4499 4698 4771 4646 4555 4686 4811 4783 4556 4675 4276 4935 4884 4578 4914 4611 4456 4896
5528 5446 5809 5580 5618 5481 5463 5340 5544 5695 5069 5211 5212 5610 5103 5819 5533 5075 5366 5423 5495 5390 5689 5514 5409 5395 5433 5053 5095 5782 5239 5228 5586 5299 5561 5513 5354 5140 5465 5101 5182 5185 4813 5504 4837 5533 4973 5386 4979 5159 5445 5373 5433 5416 5176 5442 5523 5142 5449 4820 5390 5454 5470 5133 5037 5329 5384 5562 5219 5453 5514 5383 5941 5281 4768 5373 5006 5334 5240 5857 5145 5131 5312 5415 5676 5538 5665 5114 5430 5309 5616 5711 5507 5280 5585 5450 4903 5328 5204 4870 5400 5258 5335 5326 5015 5793 5362 5231 5045 5351 5634 5521 5427 4902 4963 5361 5416 5157 4807 4981 5539 5945 5503 5166 5011 5436 5009 5818 5512 5169 5309 5435 5068 5437 5756 5089 5552 5482 5068 5154 5437 5245 5331 5173 5160 5874 5211 5366 5112 5462 5250 5460 4897 5215 5369 5250 5361 5304 5625 5106 5231 5501 5161 5042 5270 5655 5024 5635 5641 5632 5902 5292 5610 5383 5068 5155 5680 5615 5101 5390 5093 5371 5404 5207 5291 5418 5207 5597 5663 4936 5599 5597 5487 4847 5370 5873 5517 5069 4893 5613 5164 5246 5507 5759 5501 5413 5491 5875 5401 5348 5265 5007 4988 5796 5541 5474 5744 5580 5228 5165 5455 5387 4851 5850 5529 5254 5622 5558 5332 5656 5456 5289 5498 5662 5430 5492 5330 5188 5352 5580 5626 5498 5010 5221 5161 5636 5230 5153 5053 5365 5609 5374 5347 5277 5098 5648
4851 5238 5185 5060 5148 4767 4790 5066 4982 4956 4586 4622 4868 5324 4639 5321 5193 4683 4915 4765 4589 5101 4930 4966 5138 4642 4958 4469 4786 5053 4582 4567 5182 4774 4916 4905 4740 4429 5033 4699 4785 4854 4511 5002 4816 5119 4803 4998 4462 4980 5323 4682 4822 5208 4837 4916 5326 4803 4678 4389 4852 4694 4922 4739 4793 5013 5061 4900 4834 5081 4972 5058 5672 5010 4397 5089 4500 4980 4874 5256 5120 4302 4662 5004 5126 4566 5136 4666 4999 4846 5113 4984 5066 5015 5024 5018 4416 4951 4892 4554 5334 5086 4793 5128 4791 4863 4832 4928 4546 4905 5202 5068 5252 4327 4467 5068 5001 4925 4733 4550 5126 5280 4995 5106 4780 5233 4804 5107 5179 4608 4508 5133 4436 5078 5122 4834 5370 4985 4912 4692 5101 4823 4757 4924 4617 5049 4998 4769 4792 5131 4937 5323 4729 5133 4874 4597 4921 5022 4717 4839 4832 4791 5036 4666 4670 5347 4492 5012 5183 5179 5442 4535 5210 4796 4794 5092 5265 5026 4698 4891 4579 4663 5176 4923 4729 5318 5003 5081 5021 4787 5118 4994 5111 4834 5135 5174 5064 4497 4602 4876 4986 4917 4913 5441 4768 4875 4793 5364 5104 4787 5051 4867 4620 5310 4823 4988 5159 4902 4894 4495 4969 4859 4844 5385 5111 4747 4966 4961 4798 5169 4839 4706 4901 5041 5103 5034 4848 4837 4926 5010 5408 4904 4911 4713 5116 4636 4702 4752 4784 5017 4804 4958 4910 4866 4645 5088
5886 5840 5679 6073 6052 5928 5917 5790 6031 5975 5417 5481 5732 6188 5535 6019 5910 5248 5989 5912 5514 5733 5928 5888 5779 5604 5787 5594 5521 6184 5558 5612 5968 5820 5893 5902 5679 5227 5652 5780 5537 5715 5277 5740 5625 5646 5657 5536 5245 5644 5899 5631 5720 5715 5665 5735 6063 5630 5865 5342 5740 5525 5764 5668 5294 5826 5865 5681 5761 6053 5837 5978 6106 5540 5190 5747 5588 5669 5729 6127 5764 5436 5327 5365 6055 5672 5528 5503 5888 5634 5968 6151 5827 5619 5755 5800 5265 5723 5798 5286 5904 5870 5391 5944 5481 6080 5457 5757 5574 5456 5969 5570 5900 5510 5333 5824 5424 5220 5850 5281 5718 6136 5508 5690 5535 5826 5648 6178 5904 5543 5534 5857 5544 6128 5943 5232 6058 5603 5779 5114 5768 5474 5767 5529 5471 5885 5876 5774 5449 5730 5750 5808 5531 6006 5747 5476 5946 5653 6001 5567 5582 5744 5745 5255 5822 6227 5309 6190 5772 6338 6131 5338 6084 6093 5337 5653 6164 5857 5640 5742 5626 5456 5616 5578 5650 6199 5400 5994 5779 5448 6377 5649 5956 5313 5877 6186 5872 5347 5491 6046 5788 5413 5947 6053 5774 5707 6013 5811 5807 5875 5599 5850 5282 6005 5618 5765 5826 5716 5533 5290 5807 5298 5221 6129 5973 5859 5790 5663 5171 6018 5433 5702 6021 6248 5679 6050 5719 5455 6036 5652 6134 5569 5700 5578 5865 5545 5365 5223 5491 5875 5902 5505 5793 5761 5702 5992
5147 5092 5001 5034 5370 4923 5313 4998 5031 5145 4666 4912 4851 5241 4719 5402 5383 4818 5414 5289 4964 5125 5350 5220 5066 5040 5381 4900 5062 5249 5306 4968 5344 5193 5275 5209 5053 4529 5306 4810 5055 5391 4790 4874 4878 5273 5054 5024 4639 5263 5584 4883 5135 5129 5104 5238 5454 4842 4957 4848 5172 4940 5098 5121 4773 5308 4933 5322 5070 5376 5244 5057 5537 5147 4544 5108 4692 4923 4974 5272 5169 4599 5039 5088 5382 4950 5335 4559 5406 4968 5414 5668 5092 4877 5293 5394 4891 5034 4918 4744 5187 5095 4830 5197 5125 5301 4850 5403 5039 5063 5246 5335 5108 4690 4853 4819 5003 4867 4843 4678 5207 5648 4936 5169 5047 5356 4972 5352 5283 4981 4852 5307 4727 5448 5182 4891 5298 5196 5005 4586 5154 5016 5054 4949 4826 5336 4967 4839 4749 5255 5133 5253 4829 5581 5208 5007 5258 5227 5365 5231 5004 5093 5352 4769 5029 5685 4791 5451 5497 5378 5661 4672 5465 5215 4997 5005 5331 5238 5012 5256 4908 5022 5153 4959 5052 5532 4848 5246 5100 4771 5523 5000 5181 4952 5542 5402 5277 4657 4598 5346 5021 4792 5207 5341 5179 5183 5096 5231 5310 4708 5210 5029 4675 5427 5070 5342 5234 5199 4998 4753 4830 4913 4648 5445 5271 5187 5296 5126 4802 5352 4964 5077 5157 5285 5115 5097 5391 4834 5191 4944 5273 5343 5019 4992 5000 4943 4963 4689 4702 5244 5177 5002 5342 5138 4643 5263
5521 5223 5542 5387 5772 5603 5492 5414 5269 5424 4854 4850 5115 5685 4954 5625 5546 4966 5358 5489 5109 5222 5327 5326 5199 5156 5391 5137 4923 5600 5079 4897 5349 5113 5408 5610 5288 4949 5375 5270 5250 5059 4833 5460 4896 5514 5043 5216 5094 5377 5336 5018 5203 5521 5282 5228 5707 5153 5465 5087 5438 5103 5180 5270 5018 5209 5401 5772 5466 5425 5523 5236 5660 5364 4885 5338 5156 5189 5350 5584 5172 5085 5301 5126 5545 5427 5438 5065 5203 5350 5366 5675 5300 5369 5558 5243 5137 5221 5309 4909 5522 5338 5267 5399 4792 5584 5186 5464 5139 4907 5514 5627 5456 5025 4806 4882 5140 5063 5196 5093 5426 5739 5403 5285 5251 5527 5344 5409 5328 5285 5262 5458 5058 5540 5230 5245 5595 5139 5090 4884 5222 5167 5265 5082 5042 5425 5374 5293 4876 5350 5254 5341 5013 5636 5348 4957 5406 5143 5218 5297 5091 5327 5184 5200 5610 5703 4902 5162 5390 5742 5800 5067 5439 5373 5021 5261 5559 5302 4921 5313 5250 5181 5516 5370 4860 5784 5195 5141 5292 5042 5818 5311 5374 4688 5420 5631 5274 4949 4762 5580 5002 5121 5346 5713 5504 5252 5526 5591 5047 5254 4992 4919 4755 5730 5023 5629 5301 5438 5027 5042 5280 5338 5064 5437 5383 5245 5315 5313 5207 5222 5076 5462 5511 5496 5277 5450 5185 5147 5290 5219 5514 5102 5405 5144 5251 5024 5289 5004 5099 5221 5569 5084 5348 5096 5012 5408
5729 5565 5663 5620 5911 6018 5635 5714 5349 5802 5273 5561 5506 5888 5252 6052 5787 5136 5835 5756 5619 5783 5600 5570 5511 5649 5424 5561 5267 5849 5570 5339 5772 5693 5810 5685 5470 5209 5844 5495 5379 5686 5237 5727 5353 5792 5640 5313 5290 5648 5728 5493 5363 5633 5443 5494 5978 5652 5659 5333 5833 5672 5475 5537 5205 5702 5466 5888 5900 5752 5582 5621 6009 5591 5150 5842 5321 5481 5427 5843 5478 5256 5547 5525 5630 5485 6113 5348 5679 5538 5990 6097 5572 5968 5626 5505 5327 5548 5464 5107 5691 5494 5377 5600 5313 5670 5447 5618 5394 5352 5888 5598 5767 5139 5231 5663 5368 5448 5494 5024 5684 5901 5481 5838 5255 5824 5460 5875 5622 5560 5235 5636 5146 5856 5802 5477 5720 5412 5831 5043 5668 5555 5412 5454 5301 5920 5631 5450 5427 5636 5578 5900 5113 5712 5696 5243 5818 5472 5744 5632 5553 5582 5664 5604 5430 6057 5422 5731 5823 5908 6107 5100 5659 5738 5238 5323 5920 5483 5214 5775 5335 5501 5662 5423 5733 5881 5597 5624 5624 5180 5855 5696 6148 5459 5593 6076 5689 5389 5157 5705 5673 5346 5821 5758 5507 5691 5716 5798 5772 5401 5629 5605 5011 5718 5767 5704 5650 5829 5480 5380 5494 5221 5194 5932 5935 5566 5704 5464 5265 5778 5579 5849 5978 5681 5695 5688 5759 5273 5603 5375 5796 5570 5502 5502 5568 5594 5498 5358 5308 5868 5666 5403 5925 5592 5533 5874
5337 5175 5461 5349 5600 5311 5073 5272 4919 5377 4896 4871 5138 5417 4929 5501 5296 4891 4993 5153 4960 5074 5273 5283 5057 4971 5225 5083 5024 5178 4832 4718 5256 5345 5201 4891 4997 4939 5401 5119 4936 5355 4875 5180 4846 5229 4921 5254 5001 5111 5410 4969 5137 5336 5042 5156 5470 4931 5338 4983 5322 4986 5137 5001 4913 5071 5222 5288 5165 5417 5232 5081 5557 5050 4717 5198 5000 5063 5112 5399 4863 4740 4918 5082 5215 4805 5279 4864 5465 5176 5177 5693 5266 5234 5195 5292 4860 5157 4979 4701 5267 4965 4840 5283 4743 5244 4957 5116 5070 4812 5413 5424 5485 4798 4664 4955 5186 4884 5057 4554 4957 5698 5007 5134 4987 5166 4900 5243 5269 5245 4993 5071 4889 5408 5371 4769 5504 5428 5202 4730 5089 5084 5055 4795 4801 5556 5284 5174 4890 5333 5187 5292 4738 5450 5456 5119 5172 4989 5009 5185 5207 5057 5235 4993 5072 5582 4826 5312 5575 5722 5595 4857 5412 5198 4967 5225 5434 5147 4838 5157 4935 4903 5229 5400 5146 5193 5038 5250 5016 4778 5247 4958 5452 4865 5144 5508 5169 4757 5053 5296 5150 5085 5214 5621 5032 4957 5088 5380 4858 4970 4876 4773 4652 5492 5191 5346 5251 5093 5103 4752 5200 4689 4970 5649 5478 4850 4938 5058 5136 5101 4975 5286 5546 5382 5298 5115 5284 4943 5439 5304 5497 5048 5041 5145 5084 5052 5249 4896 4931 5129 5475 5120 5089 5242 4865 5136
5543 5477 5611 5560 5666 5751 5384 5534 5372 5674 5273 5349 5544 5928 5187 5795 5757 5285 5736 5594 5484 5555 5578 5670 5395 5397 5421 5345 5320 5815 5285 5338 5798 5298 5638 5430 5385 5482 5522 5322 5026 5613 4930 5625 5256 5471 5228 5407 5259 5407 5555 5485 5323 5622 5386 5503 5947 5325 5497 4987 5706 5609 5917 5356 5276 5699 5621 5901 5358 5706 5575 5657 5987 5622 4957 5601 5180 5479 5372 5782 5393 5087 5059 5494 5651 5189 5602 5213 5809 5377 5846 5840 5560 5647 5528 5472 4866 5419 5434 4932 5617 5599 4984 5576 5138 5599 5114 5402 5345 5343 5694 5779 5787 5202 5185 5517 5511 5409 5241 5101 5530 5902 5353 5280 5494 5482 5381 5742 5667 5299 5369 5785 5085 5706 5674 5306 5855 5475 5346 5053 5319 5429 5205 5324 4948 5777 5493 5530 5094 5780 5380 5817 5200 5744 5626 5439 5534 5525 5707 5640 5261 5427 5415 5480 5618 5778 5012 5682 5637 5858 5980 4981 5577 5487 5347 5388 5728 5551 5131 5641 5239 5339 5498 5357 5761 5713 5549 5784 5516 5188 5802 5448 5632 5366 5740 5930 5712 5041 4944 5571 5511 5654 5667 5861 5567 5502 5636 5825 5575 5442 5337 5144 5190 5760 5229 5586 5647 5678 5217 5169 5454 5418 5118 5820 5641 5391 5913 5578 5280 5522 5417 5382 5635 5756 5796 5620 5539 5032 5489 5443 5811 5197 5476 5037 5509 5267 5508 5237 5277 5619 5718 5557 5438 5374 5191 5414
5304 5149 5075 5100 5489 5271 5228 5231 5176 5249 4866 4976 5177 5425 4944 5381 5234 5025 4998 5282 5144 5091 5076 5114 4970 4843 5112 4755 4993 5266 4775 4670 5377 5413 5486 5268 4986 4826 5313 4855 4744 5334 4780 5325 4867 5359 4981 4772 4919 5040 4959 5065 4760 5296 5090 5374 5582 5041 4981 4770 5312 5040 5249 5026 4705 4962 5107 5493 5294 5223 5069 5431 5208 5154 4473 5300 4637 5191 5147 5283 4923 4941 4805 5189 5198 4645 5361 4815 5596 4819 5410 5420 5155 5078 5166 5107 4842 5161 5098 4791 5209 4968 5116 5110 4940 5346 4918 4877 5158 4760 5267 5164 5231 4667 4888 5178 4833 4970 5059 4755 5289 5387 5243 5307 4968 5260 5081 5454 5102 4971 5120 5389 4999 5155 5090 4871 5316 5095 5134 4824 5336 5211 5075 5072 4675 5199 5119 5035 4846 5540 5297 5664 4643 5368 5282 4915 5356 4772 5175 5227 5138 5031 5521 4984 5136 5470 4823 5198 5447 5531 5368 4701 5415 5206 5054 5207 5231 5263 4934 4982 4751 5137 5548 5142 5125 5500 5009 4906 4987 4840 5212 5133 5301 4986 5254 5570 5451 4843 4725 5361 5270 4954 5193 5339 5384 5071 5241 5487 4858 5257 4991 4932 4838 5431 5046 5095 5313 5175 4915 5016 5175 5009 4599 5617 5478 4979 5313 5103 5005 5056 5028 5289 4883 5456 5342 5335 5378 4932 5274 4896 5112 4887 5275 5016 5209 5047 4925 4859 4707 5185 5066 4995 5409 4835 4953 5345
5211 5642 5481 5277 5668 5339 5232 5377 5209 5430 5180 5012 5135 5362 4890 5435 5393 5064 5288 5172 5075 5406 5302 5357 5187 4919 5138 5107 5184 5421 5013 4991 5361 5423 5115 5078 5073 4841 5154 5173 5016 5160 4981 5124 4898 5483 5014 5208 5155 5103 5453 5301 4911 5514 5061 5047 5685 5353 5227 4829 5029 4912 5295 5062 5060 5456 5084 5292 5361 5575 5331 5491 5946 5322 4494 5263 5082 5088 5298 5484 5049 4960 5265 5189 5134 5239 5750 4886 5483 5116 5258 5658 5080 5396 5383 5304 4899 5334 5149 4495 5230 5148 5022 5454 5080 5229 5073 5224 5135 5299 5559 5309 5439 4889 5205 5217 5234 5160 5227 4720 5324 5741 5054 5312 5165 5326 5039 5387 5412 5065 5211 5376 4949 5551 5235 5155 5690 5182 5281 5012 5097 5372 5135 5195 4830 5392 5077 5215 5043 5470 5348 5459 4867 5438 5323 4903 5440 5135 5347 5156 4999 5168 5310 5066 5187 5648 4906 5622 5516 5693 5961 4648 5449 5251 4852 5139 5349 5508 4779 5336 5091 5209 5337 5256 5192 5870 5034 5401 5276 5239 5572 5277 5403 4823 5267 5506 5555 4510 4789 5307 4905 4964 5330 5529 5259 5133 5098 5763 5354 5093 5175 5215 4746 5456 5229 5579 5425 5393 4941 4986 5399 5092 4772 5613 5504 5328 5371 5323 5044 5471 5061 5199 5359 5344 5424 5226 5107 4729 5321 5208 5517 5119 5073 5338 5032 4974 5371 4819 4664 5390 5484 5233 5303 5253 5117 5482
5263 5078 5158 5165 5487 5073 5506 5146 5127 5009 5043 4731 5023 5546 5008 5313 5479 4981 5039 5300 5247 5309 5182 5228 5201 4856 5112 4960 5154 5161 4947 5192 5294 5108 5306 5067 5215 4772 5265 4880 4939 5627 4827 5270 4944 5398 5099 5135 4956 5204 5170 5077 4944 5373 5138 5127 5367 5174 4802 4839 5199 5130 5133 5187 4901 5037 4634 5446 5070 5259 5176 5093 5456 5061 4749 5395 4660 5106 5125 5508 5021 4834 5106 5060 5477 4857 5431 4574 5344 4867 5391 5647 5181 5308 5247 5300 5020 5051 5085 4891 5146 5092 4874 5175 4915 5313 4924 4935 5267 4981 5261 5644 5437 4808 4965 5156 4902 4756 4959 4581 5394 5436 4950 5220 5340 5208 4994 5094 5051 4772 4800 5313 4650 5175 5013 4964 5357 5159 5494 4892 5104 4977 5059 5010 4843 5419 5118 5062 4903 5213 5308 5475 4771 5400 5276 4684 5254 5005 4941 5018 4993 4792 5248 4792 5034 5560 4668 5302 5400 5451 5344 4874 5429 5282 4865 5144 5329 5226 4678 5057 4490 5236 5151 5439 5322 5233 4985 5319 5050 4882 5193 4929 5225 4969 5284 5410 5518 4792 4594 5395 5410 4954 5195 5417 5293 4844 5107 5589 5346 4958 5056 5008 4809 5427 5049 4956 5270 5388 4790 4946 5089 5047 4883 5418 5518 5091 5095 5163 4754 5264 5048 5253 5208 5254 5264 5106 5288 4865 5233 5026 5298 5155 5161 5026 4976 5113 5134 4601 4748 5274 5241 4991 5402 4886 4903 5159
5297 5104 5419 5374 5436 5366 5225 5311 5399 5421 4678 5014 5062 5709 4701 5435 5732 4826 5408 5049 5310 5353 5342 5142 5297 5065 5167 4932 4812 5339 5053 5022 5424 5323 5246 5192 5216 5014 5364 4990 4788 4988 4696 5470 5237 5265 4977 5079 5144 5289 5160 4921 5078 5422 5059 5494 5483 5194 5408 4961 5254 5158 5326 4929 4843 5280 5374 5368 5387 5330 5001 5483 5693 5358 4861 5389 5072 5282 5298 5549 5009 5042 4971 5143 5392 4973 5457 4824 5565 5131 5433 5556 5591 5244 5474 5068 4832 5433 5135 4869 5345 5239 4965 5368 5006 5493 5063 5184 4869 4877 5500 5351 5357 4980 4749 5314 5279 5060 5272 4891 5328 5510 5240 5166 5023 5243 4828 5383 5429 5215 5151 5569 5005 5448 5409 5047 5655 5184 5248 4685 5350 5138 5315 4969 4868 5506 5410 5267 4998 5243 5148 5475 4911 5398 5409 4966 5171 5190 5113 5039 5148 5278 5067 5052 5102 5645 5068 5298 5527 5704 5418 5163 5371 5425 5351 4970 5846 5291 4819 5282 4878 5074 5323 5006 5257 5734 5296 5340 5184 5158 5472 5087 5340 4858 5208 5713 5349 4955 5081 5250 5256 5002 5283 5552 5263 5172 5335 5555 5368 5198 5280 5159 4818 5465 5199 5272 5385 5265 5077 4850 5345 4942 5050 5832 5480 5247 5241 5154 5128 5304 5028 5417 5136 5248 5230 5617 5322 5077 5237 5000 5640 5124 5120 4996 5482 4995 5031 4876 4861 5262 5306 5334 5178 5173 5179 5452
5266 5503 5457 5329 5686 5552 5781 5485 5301 5571 5261 5168 5059 5435 5315 5657 5509 4997 5667 5125 5231 5188 5412 5202 5092 5091 5283 4865 5328 5391 5113 5233 5296 5211 5456 5373 5364 5059 5544 5039 4972 5416 4595 5370 4886 5400 5225 5397 5174 5355 5435 5228 4994 5518 5465 5309 5725 5037 5236 5068 5268 5173 5079 5068 5207 5443 4979 5623 5218 5250 5240 5395 5954 5321 4807 5450 5162 5097 5165 5691 5260 4666 5359 5093 5304 5155 5598 4925 5702 5101 5412 5810 5352 5271 5610 5470 4883 4997 4982 4961 5687 5174 5251 5310 4797 5428 5332 5376 5070 5230 5720 5511 5171 5003 4928 5344 4823 5144 5236 4986 5217 5799 4953 5277 5217 5296 5167 5418 5409 5123 5085 5329 5090 5673 5480 5093 5841 5281 5089 4612 4975 5411 5141 5232 5032 5340 5258 5204 5245 5266 5417 5624 5086 5502 5284 5306 5428 5098 5166 5609 5072 5232 5175 5106 5487 5757 5125 5756 5546 5670 5619 4822 5524 5509 5174 5129 5591 5423 4902 5408 5118 5215 5648 5368 5443 5665 5186 5372 5229 5100 5347 5033 5429 4747 5087 5571 5541 4974 4925 5612 5133 5210 5383 5519 5246 5226 5411 5404 5451 4942 5137 5076 4873 5757 5119 5542 5308 5598 5452 5326 4991 5123 5107 5838 5460 5241 5610 5443 4974 5645 5075 5315 5180 5261 5481 5455 5487 4933 5334 5223 5647 5063 5450 5195 5357 5089 5186 5094 4956 5602 5488 4957 5312 5402 5156 5465
5462 5286 5350 5522 5308 5209 5221 4981 5226 5381 4977 4894 5115 5748 5174 5314 5469 4980 5153 5277 5136 5279 5371 5212 5020 5164 5278 5023 5036 5458 5055 4764 5433 5322 5447 5219 4991 4689 5337 4988 5049 5285 4871 5324 4764 5407 4970 5149 4846 5319 5217 5137 4973 5310 5227 5321 5656 5087 5023 4795 4963 4973 5151 5147 4875 5226 4999 5376 5132 5419 5310 5293 5578 5295 4686 5014 4871 5097 5122 5619 5062 4963 4956 5151 5572 4871 5412 4659 5361 4930 5452 5565 5452 4891 5265 5465 4970 5240 5228 4692 5297 5048 4948 5109 5165 5228 5171 5347 5093 4998 5502 5597 5143 4605 4625 5075 5047 4954 5054 4938 5589 5757 4918 5117 5143 5398 5044 5399 5226 5095 5007 5321 4846 5408 5200 5140 5432 5315 5396 4555 5013 5064 5099 5049 5069 5359 5152 4915 5002 5292 5283 5711 4753 5669 5560 4851 5300 5083 5384 5349 5222 5091 5209 4714 5383 5795 4965 5377 5461 5517 5841 4880 5374 5242 4963 5074 5515 5403 4760 5165 5198 5166 5270 5137 5251 5510 4892 5091 4864 5045 5442 4947 5310 4852 5130 5615 5239 4843 4865 5755 5212 4846 5345 5357 5059 5007 5183 5471 5069 4986 5395 5000 4810 5424 5041 5397 5361 5375 5184 5061 5127 4948 4865 5676 5313 5451 5461 5045 5068 5544 4881 5114 5207 5411 5125 5502 5136 4924 5108 5255 5528 5237 5325 5118 5152 5174 5013 4760 4881 5249 5348 5054 5129 5113 4965 5343
5676 5430 5356 5560 6037 5628 5455 5544 5334 5539 5186 5139 5585 5730 5114 5627 5401 5106 5415 5700 5388 5373 5495 5779 5381 5223 5677 5324 5220 5760 5207 5131 5704 5545 5604 5372 5375 5281 5500 5367 5052 5440 5099 5740 5222 5688 5379 5350 5415 5368 5629 5505 5312 5400 5203 5489 5945 5529 5349 5304 5340 5448 5569 5589 5213 5412 5425 5730 5325 5660 5334 5874 5802 5223 5150 5612 5321 5424 5493 5631 5335 5165 5432 5442 5628 5200 5757 5049 5623 5387 5507 5757 5472 5517 5525 5808 5414 5619 5390 4975 5360 5407 5424 5474 5187 5636 4999 5519 5482 5186 5616 5490 5769 5115 5077 5575 5334 5227 5464 4922 5538 5897 5391 5406 5377 5611 5325 5719 5302 5410 5179 5465 5210 5696 5518 5482 5747 5052 5536 4816 5460 5339 5400 5262 5029 5673 5769 5452 5230 5542 5715 5642 5364 5852 5734 5133 5572 5556 5523 5679 5272 5637 5627 5327 5349 5875 5380 5416 5880 5764 5847 5144 5688 5464 5474 5652 5938 5373 5124 5494 5073 5418 5633 5424 5394 5830 5127 5263 5316 5289 5807 5339 5601 5239 5379 5559 5555 5185 5095 5742 5603 5283 5368 6078 5554 5306 5657 5777 5475 5492 5409 5275 5119 5901 5065 5610 5598 5439 5514 5171 5438 5243 5125 5652 5721 5517 5526 5337 5360 5369 5207 5657 5583 5519 5461 5692 5529 5198 5552 5723 5352 5327 5557 5199 5626 5296 5413 5119 5097 5591 5726 5276 5786 5292 5172 5280
5403 5267 5256 5796 5753 5333 5404 5555 5094 5426 4961 5146 5039 5689 5149 5383 5459 4868 5275 5375 5276 5558 5684 5314 5620 5013 5202 5130 5065 5336 4904 5079 5353 5377 5403 5229 5389 4950 5487 5059 4984 5276 4839 5316 5113 5542 5482 5087 5231 5156 5460 5446 5142 5363 5392 5345 5617 5479 5245 5039 5118 5279 5541 5133 5082 5389 5332 5474 5155 5293 5168 5361 5854 5121 4897 5369 4963 5357 5157 5332 5089 4905 5246 5234 5579 5164 5417 4968 5469 4949 5510 5583 5414 5409 5609 5311 5205 5453 5273 4829 5370 5157 4969 5263 4984 5477 5191 5279 5239 4992 5602 5419 5454 5349 5031 5392 5356 5258 5253 4860 5482 5379 5218 5254 5089 5691 5067 5372 5178 5220 5071 5429 5151 5400 5467 5080 5607 4893 5571 4997 5214 5157 5118 5321 4817 5462 5252 5170 5090 5529 5321 5495 4940 5559 5416 5039 5470 5296 5188 5288 5353 5302 5331 4982 4962 5631 5025 5699 5449 5618 5658 4928 5686 5220 5152 5237 5774 5159 4780 5195 5134 5383 5428 5004 5277 5686 4909 5240 5083 5222 5446 4971 5507 5023 5402 5736 5294 4836 4898 5600 5371 5088 5125 5433 5226 5055 5307 5427 5480 5238 5291 5151 4919 5544 5144 5280 5508 5520 5243 5155 5551 5083 4904 5803 5385 5053 5288 5248 5009 5202 4962 5243 5178 5437 5568 5465 5143 4974 5262 5380 5366 5082 5440 5093 5261 5282 5074 4863 4817 5494 5504 5358 5438 5209 4925 5124
